/*******************************************************************************
 * Size: 12 px
 * Bpp: 1
 * Opts: --font /tmp/fusion/fusion-pixel-12px-proportional-zh_hans.ttf --symbols  !"#$%&'()*+,-./0123456789:;<=>?@ABCDEFGHIJKLMNOPQRSTUVWXYZ[\]^_`abcdefghijklmnopqrstuvwxyz{|}~、。〃〈〉《》「」『』【】〔〕・ー～…—‘’“”！？：；，．（）％＋－×÷　°·啊阿埃挨哎唉哀皑癌蔼矮艾碍爱隘鞍氨安俺按暗岸胺案肮昂盎凹敖熬翱袄傲奥懊澳芭捌扒叭吧笆八疤巴拔跋靶把耙坝霸罢爸白柏百摆佰败拜稗斑班搬扳般颁板版扮拌伴瓣半办绊邦帮梆榜膀绑棒磅蚌镑傍谤苞胞包褒剥薄雹保堡饱宝抱报暴豹鲍爆杯碑悲卑北辈背贝钡倍狈备惫焙被奔苯本笨崩绷甭泵蹦迸逼鼻比鄙笔彼碧蓖蔽毕毙毖币庇痹闭敝弊必辟壁臂避陛鞭边编贬扁便变卞辨辩辫遍标彪膘表鳖憋别瘪彬斌濒滨宾摈兵冰柄丙秉饼炳病并玻菠播拨钵波博勃搏铂箔伯帛舶脖膊渤泊驳捕卜哺补埠不布步簿部怖擦猜裁材才财睬踩采彩菜蔡餐参蚕残惭惨灿苍舱仓沧藏操糙槽曹草厕策侧册测层蹭插叉茬茶查碴搽察岔差诧拆柴豺搀掺蝉馋谗缠铲产阐颤昌猖场尝常长偿肠厂敞畅唱倡超抄钞朝嘲潮巢吵炒车扯撤掣彻澈郴臣辰尘晨忱沉陈趁衬撑称城橙成呈乘程惩澄诚承逞骋秤吃痴持匙池迟弛驰耻齿侈尺赤翅斥炽充冲虫崇宠抽酬畴踌稠愁筹仇绸瞅丑臭初出橱厨躇锄雏滁除楚础储矗搐触处揣川穿椽传船喘串疮窗幢床闯创吹炊捶锤垂春椿醇唇淳纯蠢戳绰疵茨磁雌辞慈瓷词此刺赐次聪葱囱匆从丛凑粗醋簇促蹿篡窜摧崔催脆瘁粹淬翠村存寸磋撮搓措挫错搭达答瘩打大呆歹傣戴带殆代贷袋待逮怠耽担丹单郸掸胆旦氮但惮淡诞弹蛋当挡党荡档刀捣蹈倒岛祷导到稻悼道盗德得的蹬灯登等瞪凳邓堤低滴迪敌笛狄涤翟嫡抵底地蒂第帝弟递缔颠掂滇碘点典靛垫电佃甸店惦奠淀殿碉叼雕凋刁掉吊钓调跌爹碟蝶迭谍叠丁盯叮钉顶鼎锭定订丢东冬董懂动栋侗恫冻洞兜抖斗陡豆逗痘都督毒犊独读堵睹赌杜镀肚度渡妒端短锻段断缎堆兑队对墩吨蹲敦顿囤钝盾遁掇哆多夺垛躲朵跺舵剁惰堕蛾峨鹅俄额讹娥恶厄扼遏鄂饿恩而儿耳尔饵洱二贰发罚筏伐乏阀法珐藩帆番翻樊矾钒繁凡烦反返范贩犯饭泛坊芳方肪房防妨仿访纺放菲非啡飞肥匪诽吠肺废沸费芬酚吩氛分纷坟焚汾粉奋份忿愤粪丰封枫蜂峰锋风疯烽逢冯缝讽奉凤佛否夫敷肤孵扶拂辐幅氟符伏俘服浮涪福袱弗甫抚辅俯釜斧脯腑府腐赴副覆赋复傅付阜父腹负富讣附妇缚咐噶嘎该改概钙盖溉干甘杆柑竿肝赶感秆敢赣冈刚钢缸肛纲岗港杠篙皋高膏羔糕搞镐稿告哥歌搁戈鸽胳疙割革葛格蛤阁隔铬个各给根跟耕更庚羹埂耿梗工攻功恭龚供躬公宫弓巩汞拱贡共钩勾沟苟狗垢构购够辜菇咕箍估沽孤姑鼓古蛊骨谷股故顾固雇刮瓜剐寡挂褂乖拐怪棺关官冠观管馆罐惯灌贯光广逛瑰规圭硅归龟闺轨鬼诡癸桂柜跪贵刽辊滚棍锅郭国果裹过哈骸孩海氦亥害骇酣憨邯韩含涵寒函喊罕翰撼捍旱憾悍焊汗汉夯杭航壕嚎豪毫郝好耗号浩呵喝荷菏核禾和何合盒貉阂河涸赫褐鹤贺嘿黑痕很狠恨哼亨横衡恒轰哄烘虹鸿洪宏弘红喉侯猴吼厚候后呼乎忽瑚壶葫胡蝴狐糊湖弧虎唬护互沪户花哗华猾滑画划化话槐徊怀淮坏欢环桓还缓换患唤痪豢焕涣宦幻荒慌黄磺蝗簧皇凰惶煌晃幌恍谎灰挥辉徽恢蛔回毁悔慧卉惠晦贿秽会烩汇讳诲绘荤昏婚魂浑混豁活伙火获或惑霍货祸击圾基机畸稽积箕肌饥迹激讥鸡姬绩缉吉极棘辑籍集及急疾汲即嫉级挤几脊己蓟技冀季伎祭剂悸济寄寂计记既忌际妓继纪嘉枷夹佳家加荚颊贾甲钾假稼价架驾嫁歼监坚尖笺间煎兼肩艰奸缄茧检柬碱硷拣捡简俭剪减荐槛鉴践贱见键箭件健舰剑饯渐溅涧建僵姜将浆江疆蒋桨奖讲匠酱降蕉椒礁焦胶交郊浇骄娇嚼搅铰矫侥脚狡角饺缴绞剿教酵轿较叫窖揭接皆秸街阶截劫节桔杰捷睫竭洁结解姐戒藉芥界借介疥诫届巾筋斤金今津襟紧锦仅谨进靳晋禁近烬浸尽劲荆兢茎睛晶鲸京惊精粳经井警景颈静境敬镜径痉靖竟竞净炯窘揪究纠玖韭久灸九酒厩救旧臼舅咎就疚鞠拘狙疽居驹菊局咀矩举沮聚拒据巨具距踞锯俱句惧炬剧捐鹃娟倦眷卷绢撅攫抉掘倔爵觉决诀绝均菌钧军君峻俊竣浚郡骏喀咖卡咯开揩楷凯慨刊堪勘坎砍看康慷糠扛抗亢炕考拷烤靠坷苛柯棵磕颗科壳咳可渴克刻客课肯啃垦恳坑吭空恐孔控抠口扣寇枯哭窟苦酷库裤夸垮挎跨胯块筷侩快宽款匡筐狂框矿眶旷况亏盔岿窥葵奎魁傀馈愧溃坤昆捆困括扩廓阔垃拉喇蜡腊辣啦莱来赖蓝婪栏拦篮阑兰澜谰揽览懒缆烂滥琅榔狼廊郎朗浪捞劳牢老佬姥酪烙涝勒乐雷镭蕾磊累儡垒擂肋类泪棱楞冷厘梨犁黎篱狸离漓理李里鲤礼莉荔吏栗丽厉励砾历利傈例俐痢立粒沥隶力璃哩俩联莲连镰廉怜涟帘敛脸链恋炼练粮凉梁粱良两辆量晾亮谅撩聊僚疗燎寥辽潦了撂镣廖料列裂烈劣猎琳林磷霖临邻鳞淋凛赁吝拎玲菱零龄铃伶羚凌灵陵岭领另令溜琉榴硫馏留刘瘤流柳六龙聋咙笼窿隆垄拢陇楼娄搂篓漏陋芦卢颅庐炉掳卤虏鲁麓碌露路赂鹿潞禄录陆戮驴吕铝侣旅履屡缕虑氯律率滤绿峦挛孪滦卵乱掠略抡轮伦仑沦纶论萝螺罗逻锣箩骡裸落洛骆络妈麻玛码蚂马骂嘛吗埋买麦卖迈脉瞒馒蛮满蔓曼慢漫谩芒茫盲氓忙莽猫茅锚毛矛铆卯茂冒帽貌贸么玫枚梅酶霉煤没眉媒镁每美昧寐妹媚门闷们萌蒙檬盟锰猛梦孟眯醚靡糜迷谜弥米秘觅泌蜜密幂棉眠绵冕免勉娩缅面苗描瞄藐秒渺庙妙蔑灭民抿皿敏悯闽明螟鸣铭名命谬摸摹蘑模膜磨摩魔抹末莫墨默沫漠寞陌谋牟某拇牡亩姆母墓暮幕募慕木目睦牧穆拿哪呐钠那娜纳氖乃奶耐奈南男难囊挠脑恼闹淖呢馁内嫩能妮霓倪泥尼拟你匿腻逆溺蔫拈年碾撵捻念娘酿鸟尿捏聂孽啮镊镍涅您柠狞凝宁拧泞牛扭钮纽脓浓农弄奴努怒女暖虐疟挪懦糯诺哦欧鸥殴藕呕偶沤啪趴爬帕怕琶拍排牌徘湃派攀潘盘磐盼畔判叛乓庞旁耪胖抛咆刨炮袍跑泡呸胚培裴赔陪配佩沛喷盆砰抨烹澎彭蓬棚硼篷膨朋鹏捧碰坯砒霹批披劈琵毗啤脾疲皮匹痞僻屁譬篇偏片骗飘漂瓢票撇瞥拼频贫品聘乒坪苹萍平凭瓶评屏坡泼颇婆破魄迫粕剖扑铺仆莆葡菩蒲埔朴圃普浦谱曝瀑期欺栖戚妻七凄漆柒沏其棋奇歧畦崎脐齐旗祈祁骑起岂乞企启契砌器气迄弃汽泣讫掐恰洽牵扦钎铅千迁签仟谦乾黔钱钳前潜遣浅谴堑嵌欠歉枪呛腔羌墙蔷强抢橇锹敲悄桥瞧乔侨巧鞘撬翘峭俏窍切茄且怯窃钦侵亲秦琴勤芹擒禽寝沁青轻氢倾卿清擎晴氰情顷请庆琼穷秋丘邱球求囚酋泅趋区蛆曲躯屈驱渠取娶龋趣去圈颧权醛泉全痊拳犬券劝缺炔瘸却鹊榷确雀裙群然燃冉染瓤壤攘嚷让饶扰绕惹热壬仁人忍韧任认刃妊纫扔仍日戎茸蓉荣融熔溶容绒冗揉柔肉茹蠕儒孺如辱乳汝入褥软阮蕊瑞锐闰润若弱撒洒萨腮鳃塞赛三叁伞散桑嗓丧搔骚扫嫂瑟色涩森僧莎砂杀刹沙纱傻啥煞筛晒珊苫杉山删煽衫闪陕擅赡膳善汕扇缮墒伤商赏晌上尚裳梢捎稍烧芍勺韶少哨邵绍奢赊蛇舌舍赦摄射慑涉社设砷申呻伸身深娠绅神沈审婶甚肾慎渗声生甥牲升绳省盛剩胜圣师失狮施湿诗尸虱十石拾时什食蚀实识史矢使屎驶始式示士世柿事拭誓逝势是嗜噬适仕侍释饰氏市恃室视试收手首守寿授售受瘦兽蔬枢梳殊抒输叔舒淑疏书赎孰熟薯暑曙署蜀黍鼠属术述树束戍竖墅庶数漱恕刷耍摔衰甩帅栓拴霜双爽谁水睡税吮瞬顺舜说硕朔烁斯撕嘶思私司丝死肆寺嗣四伺似饲巳松耸怂颂送宋讼诵搜艘擞嗽苏酥俗素速粟僳塑溯宿诉肃酸蒜算虽隋随绥髓碎岁穗遂隧祟孙损笋蓑梭唆缩琐索锁所塌他它她塔獭挞蹋踏胎苔抬台泰酞太态汰坍摊贪瘫滩坛檀痰潭谭谈坦毯袒碳探叹炭汤塘搪堂棠膛唐糖倘躺淌趟烫掏涛滔绦萄桃逃淘陶讨套特藤腾疼誊梯剔踢锑提题蹄啼体替嚏惕涕剃屉天添填田甜恬舔腆挑条迢眺跳贴铁帖厅听烃汀廷停亭庭挺艇通桐酮瞳同铜彤童桶捅筒统痛偷投头透凸秃突图徒途涂屠土吐兔湍团推颓腿蜕褪退吞屯臀拖托脱鸵陀驮驼椭妥拓唾挖哇蛙洼娃瓦袜歪外豌弯湾玩顽丸烷完碗挽晚皖惋宛婉万腕汪王亡枉网往旺望忘妄威巍微危韦违桅围唯惟为潍维苇萎委伟伪尾纬未蔚味畏胃喂魏位渭谓尉慰卫瘟温蚊文闻纹吻稳紊问嗡翁瓮挝蜗涡窝我斡卧握沃巫呜钨乌污诬屋无芜梧吾吴毋武五捂午舞伍侮坞戊雾晤物勿务悟误昔熙析西硒矽晰嘻吸锡牺稀息希悉膝夕惜熄烯溪汐犀檄袭席习媳喜铣洗系隙戏细瞎虾匣霞辖暇峡侠狭下厦夏吓掀锨先仙鲜纤咸贤衔舷闲涎弦嫌显险现献县腺馅羡宪陷限线相厢镶香箱襄湘乡翔祥详想响享项巷橡像向象萧硝霄削哮嚣销消宵淆晓小孝校肖啸笑效楔些歇蝎鞋协挟携邪斜胁谐写械卸蟹懈泄泻谢屑薪芯锌欣辛新忻心信衅星腥猩惺兴刑型形邢行醒幸杏性姓兄凶胸匈汹雄熊休修羞朽嗅锈秀袖绣墟戌需虚嘘须徐许蓄酗叙旭序畜恤絮婿绪续轩喧宣悬旋玄选癣眩绚靴薛学穴雪血勋熏循旬询寻驯巡殉汛训讯逊迅压押鸦鸭呀丫芽牙蚜崖衙涯雅哑亚讶焉咽阉烟淹盐严研蜒岩延言颜阎炎沿奄掩眼衍演艳堰燕厌砚雁唁彦焰宴谚验殃央鸯秧杨扬佯疡羊洋阳氧仰痒养样漾邀腰妖瑶摇尧遥窑谣姚咬舀药要耀椰噎耶爷野冶也页掖业叶曳腋夜液一壹医揖铱依伊衣颐夷遗移仪胰疑沂宜姨彝椅蚁倚已乙矣以艺抑易邑屹亿役臆逸肄疫亦裔意毅忆义益溢诣议谊译异翼翌绎茵荫因殷音阴姻吟银淫寅饮尹引隐印英樱婴鹰应缨莹萤营荧蝇迎赢盈影颖硬映哟拥佣臃痈庸雍踊蛹咏泳涌永恿勇用幽优悠忧尤由邮铀犹油游酉有友右佑釉诱又幼迂淤于盂榆虞愚舆余俞逾鱼愉渝渔隅予娱雨与屿禹宇语羽玉域芋郁吁遇喻峪御愈欲狱育誉浴寓裕预豫驭鸳渊冤元垣袁原援辕园员圆猿源缘远苑愿怨院曰约越跃钥岳粤月悦阅耘云郧匀陨允运蕴酝晕韵孕匝砸杂栽哉灾宰载再在咱攒暂赞赃脏葬遭糟凿藻枣早澡蚤躁噪造皂灶燥责择则泽贼怎增憎曾赠扎喳渣札轧铡闸眨栅榨咋乍炸诈摘斋宅窄债寨瞻毡詹粘沾盏斩辗崭展蘸栈占战站湛绽樟章彰漳张掌涨杖丈帐账仗胀瘴障招昭找沼赵照罩兆肇召遮折哲蛰辙者锗蔗这浙珍斟真甄砧臻贞针侦枕疹诊震振镇阵蒸挣睁征狰争怔整拯正政帧症郑证芝枝支吱蜘知肢脂汁之织职直植殖执值侄址指止趾只旨纸志挚掷至致置帜峙制智秩稚质炙痔滞治窒中盅忠钟衷终种肿重仲众舟周州洲诌粥轴肘帚咒皱宙昼骤珠株蛛朱猪诸诛逐竹烛煮拄瞩嘱主著柱助蛀贮铸筑住注祝驻抓爪拽专砖转撰赚篆桩庄装妆撞壮状椎锥追赘坠缀谆准捉拙卓桌琢茁酌啄着灼浊兹咨资姿滋淄孜紫仔籽滓子自渍字鬃棕踪宗综总纵邹走奏揍租足卒族祖诅阻组钻纂嘴醉最罪尊遵昨左佐柞做作坐座 --size 12 --bpp 1 --format lvgl --no-compress --lv-font-name love_font_12 --lv-include lvgl.h --output /Users/yu/WorkBuddy/Ai-Passport/assets/fonts/love_font_12.c
 ******************************************************************************/

#ifdef LV_LVGL_H_INCLUDE_SIMPLE
#include "lvgl.h"
#else
#include "lvgl.h"
#endif

#ifndef LOVE_FONT_12
#define LOVE_FONT_12 1
#endif

#if LOVE_FONT_12

/*-----------------
 *    BITMAPS
 *----------------*/

/*Store the image of the glyphs*/
static LV_ATTRIBUTE_LARGE_CONST const uint8_t glyph_bitmap[] = {
    /* U+0020 " " */
    0x0,

    /* U+0021 "!" */
    0xfe, 0x80,

    /* U+0022 "\"" */
    0xb6, 0x80,

    /* U+0023 "#" */
    0x49, 0x2f, 0xd2, 0x49, 0x2f, 0xd2, 0x48,

    /* U+0024 "$" */
    0x23, 0xab, 0x4a, 0x38, 0xa5, 0xab, 0x88,

    /* U+0025 "%" */
    0x45, 0x49, 0x20, 0x41, 0x4, 0x9, 0x25, 0x44,

    /* U+0026 "&" */
    0x31, 0x24, 0x8c, 0x66, 0x58, 0xa2, 0x74,

    /* U+0027 "'" */
    0xe0,

    /* U+0028 "(" */
    0x29, 0x49, 0x24, 0x48, 0x80,

    /* U+0029 ")" */
    0x89, 0x12, 0x49, 0x4a, 0x0,

    /* U+002A "*" */
    0x25, 0x5d, 0x52, 0x0,

    /* U+002B "+" */
    0x21, 0x3e, 0x42, 0x0,

    /* U+002C "," */
    0x58,

    /* U+002D "-" */
    0xf8,

    /* U+002E "." */
    0x80,

    /* U+002F "/" */
    0x8, 0x44, 0x22, 0x10, 0x88, 0x44, 0x20,

    /* U+0030 "0" */
    0x74, 0x63, 0x3a, 0xe6, 0x31, 0x70,

    /* U+0031 "1" */
    0x59, 0x24, 0x92, 0xe0,

    /* U+0032 "2" */
    0x74, 0x42, 0x11, 0x11, 0x10, 0xf8,

    /* U+0033 "3" */
    0x74, 0x42, 0x13, 0x4, 0x31, 0x70,

    /* U+0034 "4" */
    0x11, 0x8c, 0xa5, 0x4b, 0xe2, 0x10,

    /* U+0035 "5" */
    0xfc, 0x21, 0xf, 0x4, 0x31, 0x70,

    /* U+0036 "6" */
    0x74, 0x61, 0xf, 0x46, 0x31, 0x70,

    /* U+0037 "7" */
    0xf8, 0x42, 0x21, 0x10, 0x84, 0x20,

    /* U+0038 "8" */
    0x74, 0x63, 0x17, 0x46, 0x31, 0x70,

    /* U+0039 "9" */
    0x74, 0x63, 0x17, 0x84, 0x31, 0x70,

    /* U+003A ":" */
    0x84,

    /* U+003B ";" */
    0x40, 0x16,

    /* U+003C "<" */
    0x12, 0x48, 0x42, 0x10,

    /* U+003D "=" */
    0xf8, 0x3e,

    /* U+003E ">" */
    0x84, 0x21, 0x24, 0x80,

    /* U+003F "?" */
    0x74, 0x42, 0x11, 0x10, 0x80, 0x20,

    /* U+0040 "@" */
    0x38, 0x8a, 0x6d, 0x5a, 0xb5, 0x6a, 0xdb, 0x40,
    0x78,

    /* U+0041 "A" */
    0x10, 0x20, 0xa1, 0x44, 0x4f, 0x91, 0x41, 0x82,

    /* U+0042 "B" */
    0xfa, 0x18, 0x61, 0xfa, 0x18, 0x61, 0xf8,

    /* U+0043 "C" */
    0x39, 0x18, 0x20, 0x82, 0x8, 0x11, 0x38,

    /* U+0044 "D" */
    0xf2, 0x28, 0x61, 0x86, 0x18, 0x62, 0xf0,

    /* U+0045 "E" */
    0xfe, 0x8, 0x20, 0xfa, 0x8, 0x20, 0xfc,

    /* U+0046 "F" */
    0xfe, 0x8, 0x20, 0xfa, 0x8, 0x20, 0x80,

    /* U+0047 "G" */
    0x39, 0x18, 0x20, 0x82, 0x38, 0x51, 0x3c,

    /* U+0048 "H" */
    0x86, 0x18, 0x61, 0xfe, 0x18, 0x61, 0x84,

    /* U+0049 "I" */
    0xe9, 0x24, 0x92, 0xe0,

    /* U+004A "J" */
    0x8, 0x42, 0x10, 0x86, 0x31, 0x70,

    /* U+004B "K" */
    0x86, 0x29, 0x28, 0xc2, 0x89, 0x22, 0x84,

    /* U+004C "L" */
    0x84, 0x21, 0x8, 0x42, 0x10, 0xf8,

    /* U+004D "M" */
    0x83, 0x7, 0x1e, 0x3a, 0xb5, 0x64, 0xc9, 0x92,

    /* U+004E "N" */
    0x87, 0x1a, 0x69, 0x96, 0x58, 0xe3, 0x84,

    /* U+004F "O" */
    0x38, 0x8a, 0xc, 0x18, 0x30, 0x60, 0xa2, 0x38,

    /* U+0050 "P" */
    0xfa, 0x18, 0x61, 0xfa, 0x8, 0x20, 0x80,

    /* U+0051 "Q" */
    0x38, 0x8a, 0xc, 0x18, 0x30, 0x62, 0xa2, 0x3a,

    /* U+0052 "R" */
    0xfa, 0x18, 0x61, 0xfa, 0x48, 0xa2, 0x84,

    /* U+0053 "S" */
    0x7a, 0x18, 0x10, 0x30, 0x20, 0x61, 0x78,

    /* U+0054 "T" */
    0xfe, 0x20, 0x40, 0x81, 0x2, 0x4, 0x8, 0x10,

    /* U+0055 "U" */
    0x86, 0x18, 0x61, 0x86, 0x18, 0x61, 0x78,

    /* U+0056 "V" */
    0x83, 0x5, 0x12, 0x24, 0x45, 0xa, 0x8, 0x10,

    /* U+0057 "W" */
    0x88, 0xc4, 0x62, 0x2a, 0xa5, 0x52, 0xa8, 0x88,
    0x44, 0x22, 0x0,

    /* U+0058 "X" */
    0x82, 0x89, 0x11, 0x41, 0x5, 0x11, 0x22, 0x82,

    /* U+0059 "Y" */
    0x82, 0x89, 0x11, 0x42, 0x82, 0x4, 0x8, 0x10,

    /* U+005A "Z" */
    0xfc, 0x10, 0x84, 0x20, 0x84, 0x20, 0xfc,

    /* U+005B "[" */
    0xf2, 0x49, 0x24, 0x93, 0x80,

    /* U+005C "\\" */
    0x84, 0x10, 0x82, 0x10, 0x82, 0x10, 0x42,

    /* U+005D "]" */
    0xe4, 0x92, 0x49, 0x27, 0x80,

    /* U+005E "^" */
    0x22, 0xa2,

    /* U+005F "_" */
    0xf8,

    /* U+0060 "`" */
    0x90,

    /* U+0061 "a" */
    0x70, 0x5f, 0x18, 0xbc,

    /* U+0062 "b" */
    0x84, 0x21, 0xe8, 0xc6, 0x31, 0xf0,

    /* U+0063 "c" */
    0x74, 0x61, 0x8, 0xb8,

    /* U+0064 "d" */
    0x8, 0x42, 0xf8, 0xc6, 0x31, 0x78,

    /* U+0065 "e" */
    0x74, 0x7f, 0x8, 0xb8,

    /* U+0066 "f" */
    0x34, 0x4f, 0x44, 0x44, 0x40,

    /* U+0067 "g" */
    0x7c, 0x63, 0x18, 0xbc, 0x2e,

    /* U+0068 "h" */
    0x84, 0x21, 0x6c, 0xc6, 0x31, 0x88,

    /* U+0069 "i" */
    0x40, 0x64, 0x92, 0xe0,

    /* U+006A "j" */
    0x20, 0x72, 0x49, 0x27, 0x0,

    /* U+006B "k" */
    0x84, 0x21, 0x1b, 0x62, 0x92, 0x88,

    /* U+006C "l" */
    0xc9, 0x24, 0x92, 0x60,

    /* U+006D "m" */
    0xed, 0x26, 0x4c, 0x99, 0x32, 0x40,

    /* U+006E "n" */
    0xb6, 0x63, 0x18, 0xc4,

    /* U+006F "o" */
    0x74, 0x63, 0x18, 0xb8,

    /* U+0070 "p" */
    0xf4, 0x63, 0x18, 0xfa, 0x10,

    /* U+0071 "q" */
    0x7c, 0x63, 0x18, 0xbc, 0x21,

    /* U+0072 "r" */
    0xbc, 0x88, 0x88,

    /* U+0073 "s" */
    0x74, 0x58, 0x28, 0xb8,

    /* U+0074 "t" */
    0x44, 0x4f, 0x44, 0x44, 0x30,

    /* U+0075 "u" */
    0x8c, 0x63, 0x19, 0xb4,

    /* U+0076 "v" */
    0x8c, 0x54, 0xa2, 0x10,

    /* U+0077 "w" */
    0x93, 0x26, 0xad, 0x54, 0x48, 0x80,

    /* U+0078 "x" */
    0x8a, 0x88, 0x45, 0x44,

    /* U+0079 "y" */
    0x8c, 0x62, 0xa5, 0x10, 0x98,

    /* U+007A "z" */
    0xf8, 0x88, 0x88, 0x7c,

    /* U+007B "{" */
    0x34, 0x44, 0x48, 0x44, 0x44, 0x30,

    /* U+007C "|" */
    0xff, 0xe0,

    /* U+007D "}" */
    0xc2, 0x22, 0x21, 0x22, 0x22, 0xc0,

    /* U+007E "~" */
    0x45, 0x44,

    /* U+00B0 "°" */
    0x69, 0x96,

    /* U+00B7 "·" */
    0xf0,

    /* U+00D7 "×" */
    0x8a, 0x88, 0xa8, 0x80,

    /* U+00F7 "÷" */
    0x20, 0x3e, 0x2, 0x0,

    /* U+2014 "—" */
    0xff, 0xe0,

    /* U+2018 "‘" */
    0x6f,

    /* U+2019 "’" */
    0xf6,

    /* U+201C "“" */
    0x4c, 0xb7, 0xb0,

    /* U+201D "”" */
    0xde, 0xd3, 0x20,

    /* U+2026 "…" */
    0xcc, 0xf3, 0x30,

    /* U+3000 "　" */
    0x0,

    /* U+3001 "、" */
    0x8c, 0x80,

    /* U+3002 "。" */
    0x69, 0x96,

    /* U+3003 "〃" */
    0x4a, 0x53, 0x29, 0x48,

    /* U+3008 "〈" */
    0x25, 0x29, 0x22, 0x44, 0x80,

    /* U+3009 "〉" */
    0x91, 0x22, 0x4a, 0x52, 0x0,

    /* U+300A "《" */
    0x24, 0x94, 0x92, 0x92, 0x49, 0x12, 0x48, 0x92,
    0x40,

    /* U+300B "》" */
    0x92, 0x44, 0x92, 0x24, 0x92, 0x52, 0x4a, 0x49,
    0x0,

    /* U+300C "「" */
    0xf8, 0x88, 0x88, 0x88,

    /* U+300D "」" */
    0x11, 0x11, 0x11, 0x1f,

    /* U+300E "『" */
    0xfc, 0x6f, 0x4a, 0x52, 0x9c,

    /* U+300F "』" */
    0x39, 0x4a, 0x52, 0xf6, 0x3f,

    /* U+3010 "【" */
    0xff, 0xb9, 0xcc, 0x63, 0x1c, 0xe7, 0xbe,

    /* U+3011 "】" */
    0xfb, 0xce, 0x71, 0x8c, 0x67, 0x3b, 0xfe,

    /* U+3014 "〔" */
    0x2a, 0x49, 0x24, 0x88, 0x80,

    /* U+3015 "〕" */
    0x88, 0x92, 0x49, 0x2a, 0x0,

    /* U+30FB "・" */
    0xf0,

    /* U+30FC "ー" */
    0xff, 0x80,

    /* U+4E00 "一" */
    0xff, 0xe0,

    /* U+4E01 "丁" */
    0xff, 0xe0, 0x80, 0x10, 0x2, 0x0, 0x40, 0x8,
    0x1, 0x0, 0x20, 0x4, 0x0, 0x80, 0x70, 0x0,

    /* U+4E03 "七" */
    0x8, 0x1, 0x0, 0x20, 0x4, 0x70, 0xf1, 0xf0,
    0x2, 0x0, 0x40, 0x8, 0x21, 0x4, 0x1f, 0x80,

    /* U+4E07 "万" */
    0xff, 0xe1, 0x0, 0x20, 0x4, 0x0, 0xfc, 0x10,
    0x82, 0x10, 0x82, 0x10, 0x44, 0xb, 0x6, 0x0,

    /* U+4E08 "丈" */
    0x1, 0x0, 0x23, 0xff, 0x80, 0x82, 0x10, 0x42,
    0x4, 0x80, 0x50, 0x4, 0x3, 0x63, 0x83, 0x80,

    /* U+4E09 "三" */
    0x7f, 0xc0, 0x0, 0x0, 0x0, 0x0, 0x0, 0x7f,
    0x0, 0x0, 0x0, 0x0, 0x0, 0x3, 0xff, 0x80,

    /* U+4E0A "上" */
    0x4, 0x0, 0x80, 0x10, 0x2, 0x0, 0x7c, 0x8,
    0x1, 0x0, 0x20, 0x4, 0x0, 0x83, 0xff, 0x80,

    /* U+4E0B "下" */
    0xff, 0xe0, 0x80, 0x10, 0x2, 0x0, 0x50, 0x9,
    0x1, 0x10, 0x20, 0x4, 0x0, 0x80, 0x10, 0x0,

    /* U+4E0D "不" */
    0xff, 0xe0, 0x40, 0x10, 0x6, 0x1, 0x50, 0x49,
    0x31, 0x10, 0x21, 0x4, 0x0, 0x80, 0x10, 0x0,

    /* U+4E0E "与" */
    0x10, 0x3, 0xfc, 0x40, 0x10, 0x3, 0xfe, 0x0,
    0x40, 0xf, 0xf9, 0x0, 0x20, 0x4, 0x7, 0x0,

    /* U+4E11 "丑" */
    0x7f, 0x81, 0x10, 0x22, 0x4, 0x40, 0x88, 0xff,
    0x4, 0x20, 0x84, 0x10, 0x82, 0x13, 0xff, 0x80,

    /* U+4E13 "专" */
    0x4, 0xf, 0xf8, 0x20, 0x4, 0xf, 0xfe, 0x20,
    0xf, 0xf0, 0x4, 0x19, 0x0, 0xc0, 0x6, 0x0,

    /* U+4E14 "且" */
    0x3f, 0x84, 0x10, 0x82, 0x1f, 0xc2, 0x8, 0x41,
    0xf, 0xe1, 0x4, 0x20, 0x84, 0x13, 0xff, 0x80,

    /* U+4E16 "世" */
    0x24, 0x84, 0x90, 0x92, 0x7f, 0xf2, 0x48, 0x49,
    0x9, 0x21, 0x3c, 0x20, 0x4, 0x0, 0xff, 0x80,

    /* U+4E18 "丘" */
    0x1, 0x87, 0xc0, 0x80, 0x10, 0x3, 0xfc, 0x42,
    0x8, 0x41, 0x8, 0x21, 0x4, 0x23, 0xff, 0x80,

    /* U+4E19 "丙" */
    0xff, 0xe0, 0x80, 0x10, 0x7f, 0xf8, 0x43, 0x14,
    0x64, 0x4d, 0x5, 0x80, 0x30, 0x6, 0x3, 0x80,

    /* U+4E1A "业" */
    0x11, 0x2, 0x20, 0x44, 0x48, 0x99, 0x12, 0xa2,
    0x94, 0x50, 0x88, 0x11, 0x2, 0x23, 0xff, 0x80,

    /* U+4E1B "丛" */
    0x11, 0x2, 0x20, 0x44, 0x8, 0x82, 0xa8, 0x55,
    0x11, 0x12, 0x22, 0x88, 0x20, 0x3, 0xff, 0x80,

    /* U+4E1C "东" */
    0x8, 0x1f, 0xfc, 0x40, 0x12, 0x4, 0x40, 0xff,
    0x81, 0x1, 0x24, 0x44, 0x50, 0x84, 0x70, 0x0,

    /* U+4E1D "丝" */
    0x10, 0x42, 0x8, 0x82, 0x10, 0x44, 0x93, 0xe7,
    0x88, 0x22, 0x8, 0xfb, 0xe0, 0x3, 0xff, 0x80,

    /* U+4E22 "丢" */
    0x3, 0xcf, 0x80, 0x10, 0x3f, 0xe0, 0x40, 0x8,
    0x3f, 0xf8, 0x40, 0x11, 0x4, 0x11, 0xfd, 0x0,

    /* U+4E24 "两" */
    0xff, 0xe2, 0x20, 0x44, 0x7f, 0xf9, 0x13, 0x22,
    0x6a, 0xae, 0x23, 0x80, 0x30, 0x6, 0x3, 0x80,

    /* U+4E25 "严" */
    0x7f, 0xe1, 0x21, 0x24, 0x94, 0xa0, 0x90, 0xff,
    0xd0, 0x2, 0x0, 0x40, 0x8, 0x2, 0x0, 0x0,

    /* U+4E27 "丧" */
    0x4, 0xf, 0xf8, 0x10, 0x12, 0x41, 0x51, 0xff,
    0xc9, 0x1, 0x11, 0x21, 0x45, 0x90, 0xc1, 0x80,

    /* U+4E2A "个" */
    0x4, 0x1, 0x40, 0x44, 0x10, 0x4c, 0x46, 0x8,
    0x1, 0x0, 0x20, 0x4, 0x0, 0x80, 0x10, 0x0,

    /* U+4E2B "丫" */
    0x80, 0xa0, 0x88, 0x82, 0x80, 0x80, 0x40, 0x20,
    0x10, 0x8, 0x4, 0x2, 0x0,

    /* U+4E2D "中" */
    0x4, 0x0, 0x83, 0xff, 0xc2, 0x18, 0x43, 0x8,
    0x7f, 0xf8, 0x20, 0x4, 0x0, 0x80, 0x10, 0x0,

    /* U+4E30 "丰" */
    0x4, 0x0, 0x83, 0xff, 0x82, 0x0, 0x40, 0xff,
    0x81, 0x0, 0x20, 0xff, 0xe0, 0x80, 0x10, 0x0,

    /* U+4E32 "串" */
    0x4, 0xf, 0xf9, 0x11, 0x22, 0x27, 0xfc, 0x8,
    0x3f, 0xfc, 0x21, 0x84, 0x3f, 0xfc, 0x10, 0x0,

    /* U+4E34 "临" */
    0x22, 0x4, 0x42, 0x8f, 0xd2, 0x8a, 0x89, 0x40,
    0x2b, 0xfd, 0x49, 0xa9, 0x25, 0x24, 0xbf, 0x80,

    /* U+4E38 "丸" */
    0x10, 0x2, 0x3, 0xfc, 0x8, 0x85, 0x10, 0x62,
    0x4, 0x41, 0x48, 0x25, 0x28, 0x26, 0x7, 0x80,

    /* U+4E39 "丹" */
    0x3f, 0xc4, 0x8, 0x91, 0x11, 0x22, 0x5, 0xff,
    0xc8, 0x11, 0x2, 0x40, 0x48, 0xa, 0x7, 0x0,

    /* U+4E3A "为" */
    0x44, 0x4, 0x80, 0x10, 0x7f, 0xf0, 0x42, 0xa,
    0x42, 0x28, 0x45, 0x10, 0x24, 0x7, 0x3, 0x0,

    /* U+4E3B "主" */
    0x8, 0x0, 0x83, 0xff, 0x82, 0x0, 0x40, 0x8,
    0x1f, 0xf0, 0x20, 0x4, 0x0, 0x83, 0xff, 0x80,

    /* U+4E3D "丽" */
    0xff, 0xe0, 0x3, 0xef, 0xc5, 0x18, 0xa3, 0x96,
    0x6a, 0xac, 0x51, 0x8a, 0x31, 0x46, 0x69, 0x80,

    /* U+4E3E "举" */
    0x48, 0x44, 0x93, 0xff, 0x88, 0x82, 0x49, 0x88,
    0xcf, 0xe0, 0x20, 0x7f, 0xc0, 0x80, 0x10, 0x0,

    /* U+4E43 "乃" */
    0x7f, 0x82, 0x10, 0x42, 0x8, 0x81, 0x1e, 0x20,
    0x44, 0x9, 0x1, 0x20, 0x28, 0x6, 0x7, 0x0,

    /* U+4E45 "久" */
    0x10, 0x2, 0x0, 0x7c, 0x10, 0x84, 0x11, 0x4,
    0x1, 0x0, 0x50, 0x11, 0x4, 0x13, 0x1, 0x80,

    /* U+4E48 "么" */
    0x8, 0x1, 0x0, 0x44, 0x8, 0x82, 0x20, 0x84,
    0x21, 0x0, 0x42, 0x10, 0x44, 0x35, 0xf8, 0x80,

    /* U+4E49 "义" */
    0x8, 0x8, 0x89, 0x11, 0x10, 0x42, 0x8, 0x22,
    0x2, 0x80, 0x20, 0xa, 0x6, 0x33, 0x1, 0x80,

    /* U+4E4B "之" */
    0x8, 0x0, 0x83, 0xff, 0x0, 0x40, 0x10, 0x4,
    0x1, 0x0, 0x40, 0x30, 0x9, 0x82, 0xf, 0x80,

    /* U+4E4C "乌" */
    0x8, 0x7, 0xf0, 0x82, 0x10, 0x42, 0x18, 0x40,
    0xf, 0xf8, 0x1, 0xff, 0x20, 0x4, 0x7, 0x0,

    /* U+4E4D "乍" */
    0x20, 0x4, 0x0, 0xff, 0xa4, 0x8, 0x80, 0x1f,
    0x82, 0x0, 0x40, 0xf, 0xc1, 0x0, 0x20, 0x0,

    /* U+4E4E "乎" */
    0x3, 0xcf, 0x80, 0x10, 0x22, 0x22, 0x48, 0x8,
    0x3f, 0xf8, 0x20, 0x4, 0x0, 0x80, 0x70, 0x0,

    /* U+4E4F "乏" */
    0x1, 0xdf, 0xc0, 0x20, 0x2, 0xf, 0xfc, 0x1,
    0x0, 0x40, 0x30, 0x18, 0xc, 0x2, 0x7f, 0x80,

    /* U+4E50 "乐" */
    0x1, 0xcf, 0xc1, 0x0, 0x22, 0x8, 0x41, 0xff,
    0xc1, 0x1, 0x24, 0x44, 0x50, 0x84, 0x70, 0x0,

    /* U+4E52 "乒" */
    0x1, 0x87, 0xc0, 0x80, 0x1f, 0xe2, 0x10, 0x42,
    0x8, 0x47, 0xff, 0x0, 0x4, 0x3, 0x0, 0x0,

    /* U+4E53 "乓" */
    0x1, 0x87, 0xc0, 0x80, 0x1f, 0xe2, 0x10, 0x42,
    0x8, 0x47, 0xff, 0x0, 0x0, 0x10, 0x1, 0x80,

    /* U+4E54 "乔" */
    0x3, 0xcf, 0x80, 0x20, 0x7f, 0xf1, 0x10, 0x41,
    0x34, 0x58, 0x88, 0x11, 0x4, 0x21, 0x4, 0x0,

    /* U+4E56 "乖" */
    0x3, 0xcf, 0x80, 0x10, 0x7f, 0xf0, 0x40, 0x2a,
    0x7d, 0x70, 0xa8, 0x35, 0x3a, 0x9c, 0x10, 0x0,

    /* U+4E58 "乘" */
    0x3, 0xcf, 0x80, 0x10, 0x7f, 0xf1, 0x55, 0xeb,
    0x5, 0x4f, 0xa7, 0xe, 0x6, 0xb3, 0x11, 0x80,

    /* U+4E59 "乙" */
    0xff, 0x80, 0x20, 0x8, 0x2, 0x0, 0x80, 0x20,
    0x8, 0x2, 0x0, 0x80, 0x30, 0x5, 0xff, 0x80,

    /* U+4E5D "九" */
    0x10, 0x2, 0x0, 0x40, 0x7f, 0x81, 0x10, 0x22,
    0x4, 0x41, 0x8, 0x21, 0x28, 0x26, 0x7, 0x80,

    /* U+4E5E "乞" */
    0x20, 0x7, 0xf9, 0x0, 0x40, 0x7, 0xf8, 0x2,
    0x1, 0x80, 0xc0, 0x20, 0x8, 0x4, 0xff, 0x80,

    /* U+4E5F "也" */
    0x4, 0x4, 0x80, 0x93, 0x13, 0xa3, 0xc5, 0xc8,
    0x89, 0x31, 0x20, 0x20, 0x24, 0x4, 0x7f, 0x80,

    /* U+4E60 "习" */
    0xff, 0xc0, 0x12, 0x4, 0x41, 0x8, 0x40, 0x10,
    0x34, 0x31, 0x30, 0x70, 0x10, 0x18,

    /* U+4E61 "乡" */
    0x4, 0x1, 0x0, 0x44, 0x1f, 0x0, 0x40, 0x10,
    0x4f, 0xf0, 0x4, 0x1, 0x0, 0xc3, 0xe0, 0x0,

    /* U+4E66 "书" */
    0x8, 0x81, 0x9, 0xfe, 0x4, 0x40, 0x89, 0xff,
    0xc2, 0x8, 0x41, 0x8, 0x21, 0x18, 0x20, 0x0,

    /* U+4E70 "买" */
    0xff, 0xe0, 0x4, 0x89, 0x9, 0x4, 0x20, 0x44,
    0x3f, 0xf8, 0x20, 0x9, 0x6, 0x13, 0x1, 0x80,

    /* U+4E71 "乱" */
    0xd, 0xe, 0x20, 0x44, 0x8, 0x8f, 0xd0, 0x22,
    0x4, 0x43, 0xe8, 0x45, 0x28, 0xa5, 0xf3, 0x80,

    /* U+4E73 "乳" */
    0xd, 0x1e, 0x22, 0x8c, 0x2a, 0x8f, 0xd0, 0x12,
    0x4, 0x40, 0xe8, 0xf1, 0x22, 0x25, 0xc3, 0x80,

    /* U+4E7E "乾" */
    0x22, 0x1f, 0x7c, 0x88, 0x7e, 0x8, 0xbd, 0xf0,
    0xa2, 0x27, 0xc8, 0x22, 0x1f, 0x44, 0x87, 0x80,

    /* U+4E86 "了" */
    0xff, 0x80, 0x40, 0x40, 0x40, 0x40, 0x20, 0x10,
    0x8, 0x4, 0x2, 0x7, 0x0,

    /* U+4E88 "予" */
    0x7f, 0xc0, 0x10, 0x64, 0x3, 0xf, 0xfe, 0x8,
    0x41, 0x10, 0x24, 0x4, 0x0, 0x80, 0x70, 0x0,

    /* U+4E89 "争" */
    0x20, 0x7, 0xe1, 0x4, 0x3f, 0xe0, 0x45, 0xff,
    0xc1, 0x13, 0xfe, 0x4, 0x0, 0x80, 0x70, 0x0,

    /* U+4E8B "事" */
    0x4, 0x1f, 0xfc, 0x92, 0x12, 0x47, 0xfc, 0x8,
    0xbf, 0xf8, 0x22, 0x7f, 0xc0, 0x80, 0x70, 0x0,

    /* U+4E8C "二" */
    0x7f, 0xc0, 0x0, 0x0, 0x0, 0x0, 0x0, 0x0,
    0x0, 0x0, 0x0, 0xff, 0xe0,

    /* U+4E8E "于" */
    0x7f, 0xc0, 0x80, 0x10, 0x2, 0x0, 0x41, 0xff,
    0xc1, 0x0, 0x20, 0x4, 0x0, 0x80, 0x70, 0x0,

    /* U+4E8F "亏" */
    0x7f, 0xc0, 0x0, 0x0, 0x7f, 0xf1, 0x0, 0x40,
    0xf, 0xf0, 0x2, 0x0, 0x40, 0x8, 0xe, 0x0,

    /* U+4E91 "云" */
    0x7f, 0xc0, 0x0, 0x0, 0x0, 0xf, 0xfe, 0x10,
    0x2, 0x0, 0x84, 0x10, 0x84, 0x69, 0xf1, 0x0,

    /* U+4E92 "互" */
    0xff, 0xe2, 0x0, 0x40, 0xf, 0xe2, 0x4, 0x41,
    0x10, 0x23, 0xf8, 0x1, 0x0, 0x23, 0xff, 0x80,

    /* U+4E94 "五" */
    0x7f, 0xc1, 0x0, 0x20, 0x4, 0x7, 0xf8, 0x21,
    0x4, 0x20, 0x84, 0x20, 0x84, 0x13, 0xff, 0x80,

    /* U+4E95 "井" */
    0x11, 0x2, 0x23, 0xff, 0x88, 0x81, 0x10, 0x22,
    0x3f, 0xf8, 0x88, 0x11, 0x4, 0x23, 0x4, 0x0,

    /* U+4E9A "亚" */
    0xff, 0xe2, 0x20, 0x44, 0x8, 0x89, 0x13, 0x22,
    0x54, 0x52, 0x8a, 0x11, 0x2, 0x23, 0xff, 0x80,

    /* U+4E9B "些" */
    0x11, 0xa, 0x25, 0x75, 0x28, 0xc5, 0x12, 0xba,
    0x78, 0x38, 0x0, 0x3f, 0x80, 0x3, 0xff, 0x80,

    /* U+4EA1 "亡" */
    0x8, 0x0, 0x83, 0xff, 0x90, 0x2, 0x0, 0x40,
    0x8, 0x1, 0x0, 0x20, 0x4, 0x0, 0xff, 0x0,

    /* U+4EA2 "亢" */
    0x8, 0x0, 0x83, 0xff, 0x80, 0x1, 0xf0, 0x22,
    0x4, 0x40, 0x88, 0x11, 0x24, 0x27, 0x7, 0x80,

    /* U+4EA4 "交" */
    0x4, 0x1f, 0xfc, 0x0, 0x8, 0x82, 0x9, 0xa2,
    0xc2, 0x80, 0x20, 0xa, 0x6, 0x33, 0x1, 0x80,

    /* U+4EA5 "亥" */
    0x4, 0x1f, 0xfc, 0x40, 0x10, 0x87, 0xe0, 0x8,
    0x86, 0x27, 0x8, 0x6, 0x3, 0x33, 0x81, 0x80,

    /* U+4EA6 "亦" */
    0x8, 0x0, 0x83, 0xff, 0x88, 0x81, 0x10, 0xa2,
    0x94, 0x4c, 0x89, 0x21, 0x4, 0x21, 0x1c, 0x0,

    /* U+4EA7 "产" */
    0x2, 0xf, 0xfc, 0x41, 0x4, 0x47, 0xfe, 0x80,
    0x10, 0x2, 0x0, 0x40, 0x8, 0x2, 0x0, 0x0,

    /* U+4EA8 "亨" */
    0x4, 0x1f, 0xfc, 0x82, 0x10, 0x43, 0xf8, 0x0,
    0x1f, 0xe0, 0x8, 0x6, 0x0, 0x80, 0x70, 0x0,

    /* U+4EA9 "亩" */
    0x8, 0x0, 0x83, 0xff, 0x80, 0x7, 0xfc, 0x88,
    0x91, 0x13, 0xfe, 0x44, 0x48, 0x89, 0xff, 0x0,

    /* U+4EAB "享" */
    0x4, 0x1f, 0xfc, 0x82, 0x1f, 0xc0, 0x0, 0xff,
    0x0, 0x40, 0x30, 0xff, 0xe0, 0x80, 0x70, 0x0,

    /* U+4EAC "京" */
    0x4, 0x1f, 0xfc, 0x0, 0x3f, 0xe4, 0x4, 0x80,
    0x9f, 0xf0, 0x20, 0x24, 0x98, 0x8c, 0x70, 0x0,

    /* U+4EAD "亭" */
    0x4, 0x1f, 0xfc, 0x82, 0x1f, 0xc0, 0x1, 0xff,
    0xe0, 0xd, 0xfd, 0x4, 0x0, 0x80, 0x70, 0x0,

    /* U+4EAE "亮" */
    0x4, 0x1f, 0xfc, 0x82, 0x1f, 0xc0, 0x1, 0xff,
    0xe0, 0x8, 0xf8, 0x11, 0x4, 0x27, 0x7, 0x80,

    /* U+4EB2 "亲" */
    0x4, 0xf, 0xf8, 0x82, 0x8, 0x8f, 0xfe, 0x8,
    0x3f, 0xf8, 0x20, 0x24, 0x98, 0x8c, 0x30, 0x0,

    /* U+4EBA "人" */
    0x4, 0x0, 0x80, 0x10, 0x2, 0x0, 0xa0, 0x14,
    0x4, 0x40, 0x88, 0x20, 0x88, 0xa, 0x0, 0x80,

    /* U+4EBF "亿" */
    0x2f, 0xc4, 0x9, 0x2, 0x20, 0x8c, 0x20, 0x84,
    0x11, 0x2, 0x20, 0x48, 0x29, 0x5, 0x1f, 0x80,

    /* U+4EC0 "什" */
    0x11, 0x2, 0x20, 0x84, 0x10, 0x86, 0xff, 0x42,
    0x8, 0x41, 0x8, 0x21, 0x4, 0x20, 0x84, 0x0,

    /* U+4EC1 "仁" */
    0x20, 0x5, 0xf9, 0x0, 0x20, 0xc, 0x0, 0x80,
    0x10, 0x2, 0x0, 0x40, 0xb, 0xfd, 0x0, 0x0,

    /* U+4EC5 "仅" */
    0x2f, 0xe5, 0x5, 0x20, 0xa4, 0x1c, 0x44, 0x88,
    0x91, 0x12, 0x14, 0x41, 0x8, 0x51, 0x31, 0x80,

    /* U+4EC6 "仆" */
    0x11, 0x2, 0x20, 0x84, 0x10, 0x86, 0x19, 0x42,
    0x88, 0x49, 0x8, 0x21, 0x4, 0x20, 0x84, 0x0,

    /* U+4EC7 "仇" */
    0x24, 0x4, 0x81, 0x10, 0x2f, 0xcc, 0x48, 0x89,
    0x11, 0x22, 0x24, 0x48, 0xa9, 0x15, 0x43, 0x80,

    /* U+4ECA "今" */
    0x4, 0x1, 0x40, 0xc6, 0x60, 0x30, 0x40, 0x4,
    0x1f, 0xf0, 0x4, 0x1, 0x0, 0x40, 0x10, 0x0,

    /* U+4ECB "介" */
    0x4, 0x1, 0x40, 0x44, 0x10, 0x4d, 0x16, 0x22,
    0x4, 0x40, 0x88, 0x21, 0x4, 0x21, 0x4, 0x0,

    /* U+4ECD "仍" */
    0x2f, 0xc4, 0x89, 0x11, 0x22, 0x4c, 0x4e, 0x88,
    0x51, 0xa, 0x21, 0x48, 0x29, 0x5, 0x43, 0x0,

    /* U+4ECE "从" */
    0x11, 0x2, 0x20, 0x44, 0x8, 0x81, 0x10, 0x55,
    0xa, 0xa1, 0x54, 0x44, 0x48, 0x8a, 0x20, 0x80,

    /* U+4ED1 "仑" */
    0x4, 0x1, 0x40, 0xc6, 0x60, 0x32, 0x0, 0x41,
    0x8, 0xc1, 0xe0, 0x20, 0x44, 0x8, 0x7f, 0x0,

    /* U+4ED3 "仓" */
    0x4, 0x1, 0x40, 0xc6, 0x60, 0x33, 0xf8, 0x41,
    0x8, 0x21, 0x1c, 0x20, 0x4, 0x4, 0x7f, 0x80,

    /* U+4ED4 "仔" */
    0x2f, 0xc4, 0x9, 0x2, 0x20, 0x8c, 0x10, 0x9f,
    0xd0, 0x42, 0x8, 0x41, 0x8, 0x21, 0x1c, 0x0,

    /* U+4ED5 "仕" */
    0x21, 0x4, 0x21, 0x4, 0x20, 0x8d, 0xfe, 0x82,
    0x10, 0x42, 0x8, 0x41, 0x8, 0x21, 0x3f, 0x0,

    /* U+4ED6 "他" */
    0x21, 0x5, 0x21, 0x25, 0xa5, 0xdd, 0xd2, 0x92,
    0x52, 0x5a, 0x48, 0x48, 0x29, 0x5, 0x1f, 0x80,

    /* U+4ED7 "仗" */
    0x20, 0x84, 0x11, 0x7f, 0xa0, 0x4c, 0x88, 0x91,
    0x11, 0x42, 0x28, 0x42, 0x8, 0xa1, 0x63, 0x80,

    /* U+4ED8 "付" */
    0x20, 0x84, 0x11, 0x3f, 0xa0, 0x4c, 0x8, 0x91,
    0x11, 0x22, 0x24, 0x40, 0x88, 0x11, 0xe, 0x0,

    /* U+4ED9 "仙" */
    0x21, 0x4, 0x21, 0x4, 0x24, 0x9c, 0x92, 0x92,
    0x52, 0x4a, 0x49, 0x49, 0x29, 0x25, 0x3f, 0x80,

    /* U+4EDF "仟" */
    0x10, 0xc2, 0xe0, 0x84, 0x10, 0x86, 0x11, 0x5f,
    0xc8, 0x41, 0x8, 0x21, 0x4, 0x20, 0x84, 0x0,

    /* U+4EE3 "代" */
    0x22, 0x84, 0x49, 0x8, 0x21, 0xfd, 0xe0, 0x84,
    0x10, 0x82, 0x8, 0x41, 0x28, 0x15, 0x1, 0x80,

    /* U+4EE4 "令" */
    0x4, 0x1, 0x40, 0xc6, 0x60, 0x30, 0x40, 0x4,
    0x1f, 0xf0, 0x4, 0x19, 0x0, 0xc0, 0x6, 0x0,

    /* U+4EE5 "以" */
    0x1, 0x24, 0x48, 0x92, 0x24, 0x81, 0x20, 0x49,
    0x22, 0x88, 0xc5, 0x22, 0x23, 0x4,

    /* U+4EEA "仪" */
    0x22, 0x5, 0x25, 0x24, 0xa4, 0x1c, 0x44, 0x88,
    0x91, 0x12, 0x14, 0x41, 0x8, 0x51, 0x31, 0x80,

    /* U+4EEC "们" */
    0x29, 0xe4, 0x85, 0x0, 0xa4, 0x1c, 0x82, 0x90,
    0x52, 0xa, 0x41, 0x48, 0x29, 0x5, 0x23, 0x80,

    /* U+4EF0 "仰" */
    0x24, 0x7, 0x3d, 0x44, 0xa8, 0x9d, 0x12, 0xa2,
    0x54, 0x4a, 0xa9, 0x59, 0x68, 0x21, 0x4, 0x0,

    /* U+4EF2 "仲" */
    0x21, 0x4, 0x21, 0x3f, 0xa4, 0x9c, 0x92, 0x92,
    0x53, 0xfa, 0x8, 0x41, 0x8, 0x21, 0x4, 0x0,

    /* U+4EF6 "件" */
    0x29, 0x5, 0x21, 0x3f, 0xa8, 0x8c, 0x10, 0x82,
    0x17, 0xfa, 0x8, 0x41, 0x8, 0x21, 0x4, 0x0,

    /* U+4EF7 "价" */
    0x21, 0x4, 0x51, 0x11, 0x2c, 0x1c, 0x44, 0x88,
    0x91, 0x12, 0x22, 0x44, 0x48, 0x89, 0x21, 0x0,

    /* U+4EFB "任" */
    0x20, 0xc5, 0xe1, 0x4, 0x20, 0x8c, 0x10, 0xbf,
    0xd0, 0x42, 0x8, 0x41, 0x8, 0x21, 0x3f, 0x0,

    /* U+4EFD "份" */
    0x24, 0x84, 0x91, 0x21, 0x24, 0x2d, 0x2, 0x9f,
    0x91, 0x12, 0x22, 0x48, 0x49, 0x9, 0x46, 0x0,

    /* U+4EFF "仿" */
    0x22, 0x4, 0x21, 0x7f, 0xa2, 0xc, 0x40, 0x8f,
    0x91, 0x12, 0x22, 0x48, 0x49, 0x9, 0x46, 0x0,

    /* U+4F01 "企" */
    0x4, 0x1, 0x40, 0xc6, 0x60, 0x30, 0x40, 0x48,
    0x9, 0xf1, 0x20, 0x24, 0x4, 0x83, 0xff, 0x80,

    /* U+4F0A "伊" */
    0x2f, 0xc4, 0x49, 0x9, 0x2f, 0xfc, 0x24, 0x84,
    0x93, 0xf2, 0x10, 0x42, 0x8, 0x81, 0x60, 0x0,

    /* U+4F0D "伍" */
    0x2f, 0xc4, 0x41, 0x8, 0x21, 0xc, 0xfc, 0x84,
    0x90, 0x92, 0x22, 0x44, 0x48, 0x89, 0x7f, 0x80,

    /* U+4F0E "伎" */
    0x21, 0x4, 0x21, 0x7f, 0xa0, 0x8c, 0x10, 0x9f,
    0x92, 0x12, 0x42, 0x44, 0x88, 0x61, 0x73, 0x80,

    /* U+4F0F "伏" */
    0x11, 0x42, 0x24, 0x84, 0x17, 0xf6, 0x11, 0x45,
    0x8, 0xa1, 0x14, 0x24, 0x44, 0x88, 0xa0, 0x80,

    /* U+4F10 "伐" */
    0x22, 0x84, 0x49, 0x8, 0x21, 0xfd, 0xe0, 0x84,
    0x90, 0xa2, 0x8, 0x41, 0x28, 0xd5, 0x61, 0x80,

    /* U+4F11 "休" */
    0x22, 0x4, 0x41, 0x7f, 0xa1, 0xc, 0x70, 0x8e,
    0x12, 0xa2, 0x54, 0x52, 0x4c, 0x45, 0x8, 0x0,

    /* U+4F17 "众" */
    0x4, 0x1, 0x40, 0xc6, 0x60, 0x31, 0x10, 0x22,
    0x4, 0x41, 0x54, 0x2a, 0x88, 0x8a, 0x20, 0x80,

    /* U+4F18 "优" */
    0x22, 0x84, 0x49, 0x8, 0x2f, 0xfc, 0x20, 0x8a,
    0x11, 0x42, 0x28, 0x49, 0x29, 0x25, 0x47, 0x80,

    /* U+4F19 "伙" */
    0x21, 0x4, 0x21, 0x24, 0xa4, 0x9d, 0x14, 0x82,
    0x10, 0x42, 0x14, 0x42, 0x88, 0x89, 0x60, 0x80,

    /* U+4F1A "会" */
    0x4, 0x1, 0x40, 0xc6, 0x60, 0x33, 0xf8, 0x0,
    0x0, 0x7, 0xff, 0x10, 0x4, 0x11, 0xfd, 0x0,

    /* U+4F1E "伞" */
    0x4, 0x1, 0x40, 0xc6, 0x62, 0x30, 0x40, 0x49,
    0x5, 0x47, 0xff, 0x4, 0x0, 0x80, 0x10, 0x0,

    /* U+4F1F "伟" */
    0x22, 0x4, 0x41, 0x7f, 0xa1, 0xc, 0xfc, 0x84,
    0x17, 0xfa, 0x11, 0x42, 0x28, 0x59, 0x8, 0x0,

    /* U+4F20 "传" */
    0x21, 0x5, 0xf9, 0x8, 0x21, 0xd, 0xfe, 0x88,
    0x13, 0xf2, 0x2, 0x44, 0x88, 0x61, 0x2, 0x0,

    /* U+4F24 "伤" */
    0x24, 0x4, 0xfd, 0x20, 0x29, 0xc, 0x20, 0x9f,
    0xd0, 0x8a, 0x11, 0x44, 0x28, 0x85, 0x23, 0x0,

    /* U+4F26 "伦" */
    0x21, 0x4, 0x51, 0x11, 0x2c, 0x1c, 0x40, 0x88,
    0x91, 0x22, 0x38, 0x44, 0x28, 0x85, 0xf, 0x80,

    /* U+4F2A "伪" */
    0x29, 0x4, 0xa1, 0x4, 0x2f, 0xfc, 0x22, 0x86,
    0x50, 0xaa, 0x25, 0x44, 0x29, 0x5, 0x43, 0x0,

    /* U+4F2F "伯" */
    0x21, 0x4, 0x41, 0x3f, 0xa4, 0x1c, 0x82, 0x90,
    0x53, 0xfa, 0x41, 0x48, 0x29, 0x5, 0x3f, 0x80,

    /* U+4F30 "估" */
    0x21, 0x4, 0x21, 0x7f, 0xa0, 0x8c, 0x10, 0x82,
    0x13, 0xf2, 0x42, 0x48, 0x49, 0x9, 0x3f, 0x0,

    /* U+4F34 "伴" */
    0x21, 0x5, 0x25, 0x15, 0x20, 0x8c, 0xfe, 0x82,
    0x10, 0x42, 0xff, 0x41, 0x8, 0x21, 0x4, 0x0,

    /* U+4F36 "伶" */
    0x21, 0x4, 0x51, 0x11, 0x2c, 0x1c, 0x10, 0x81,
    0x13, 0xfa, 0x2, 0x44, 0x88, 0x61, 0x3, 0x0,

    /* U+4F38 "伸" */
    0x21, 0x4, 0x21, 0x3f, 0xa4, 0x9c, 0x92, 0x9f,
    0xd2, 0x4a, 0x49, 0x4f, 0xe8, 0x21, 0x4, 0x0,

    /* U+4F3A "伺" */
    0x2f, 0xe4, 0x5, 0x3e, 0xa0, 0x1c, 0xfa, 0x91,
    0x52, 0x2a, 0x45, 0x4f, 0xa8, 0x5, 0x3, 0x80,

    /* U+4F3C "似" */
    0x22, 0x45, 0x29, 0x25, 0x24, 0x2c, 0x84, 0x91,
    0x12, 0xa2, 0x6a, 0x49, 0x48, 0x45, 0x10, 0x80,

    /* U+4F43 "佃" */
    0x2f, 0xe5, 0x25, 0x24, 0xa4, 0x9c, 0x92, 0x9f,
    0xd2, 0x4a, 0x49, 0x49, 0x29, 0x25, 0x3f, 0x80,

    /* U+4F46 "但" */
    0x2f, 0xc5, 0x9, 0x21, 0x24, 0x2c, 0xfc, 0x90,
    0x92, 0x12, 0x42, 0x4f, 0xc8, 0x1, 0x7f, 0x80,

    /* U+4F4D "位" */
    0x22, 0x4, 0x21, 0x7f, 0xa0, 0xc, 0x84, 0x90,
    0x91, 0x12, 0x24, 0x44, 0x88, 0x21, 0x7f, 0x80,

    /* U+4F4E "低" */
    0x20, 0xc5, 0xe1, 0x24, 0x24, 0x8c, 0x90, 0x9f,
    0xd2, 0x42, 0x44, 0x48, 0xa9, 0x4d, 0x34, 0x80,

    /* U+4F4F "住" */
    0x22, 0x4, 0x21, 0x7f, 0xa0, 0x8c, 0x10, 0x82,
    0x13, 0xf2, 0x8, 0x41, 0x8, 0x21, 0x7f, 0x80,

    /* U+4F50 "佐" */
    0x22, 0x4, 0x41, 0x7f, 0xa2, 0xc, 0x40, 0x88,
    0x12, 0xfa, 0x44, 0x48, 0x8a, 0x11, 0x1f, 0x80,

    /* U+4F51 "佑" */
    0x21, 0x4, 0x21, 0x7f, 0xa1, 0xc, 0x20, 0x88,
    0x11, 0xfa, 0x61, 0x54, 0x28, 0x85, 0x1f, 0x80,

    /* U+4F53 "体" */
    0x22, 0x4, 0x41, 0x7f, 0xa1, 0xc, 0x70, 0x95,
    0x12, 0xa2, 0x92, 0x6f, 0xa8, 0x41, 0x8, 0x0,

    /* U+4F55 "何" */
    0x2f, 0xe4, 0x9, 0x1, 0x27, 0xac, 0x94, 0x92,
    0x92, 0x52, 0x7a, 0x40, 0x48, 0x9, 0x7, 0x0,

    /* U+4F59 "余" */
    0xe, 0x2, 0x20, 0x82, 0x6f, 0xb0, 0x40, 0x8,
    0x1f, 0xf0, 0x20, 0x24, 0x98, 0x8c, 0x30, 0x0,

    /* U+4F5B "佛" */
    0x24, 0x84, 0x91, 0x7f, 0xa2, 0x5d, 0xfe, 0xa9,
    0x17, 0xfa, 0x25, 0x44, 0xa9, 0x1d, 0x42, 0x0,

    /* U+4F5C "作" */
    0x24, 0x4, 0x81, 0x1f, 0xa5, 0xd, 0x20, 0x87,
    0xd0, 0x82, 0x10, 0x43, 0xe8, 0x41, 0x8, 0x0,

    /* U+4F60 "你" */
    0x28, 0x5, 0xfd, 0x20, 0xa8, 0x9c, 0x10, 0x8a,
    0x91, 0x52, 0x49, 0x51, 0x28, 0x21, 0xc, 0x0,

    /* U+4F63 "佣" */
    0x2f, 0xe5, 0x25, 0x24, 0xa7, 0xfc, 0x92, 0x92,
    0x53, 0xfa, 0x49, 0x49, 0x29, 0x25, 0x45, 0x80,

    /* U+4F69 "佩" */
    0x3f, 0xc6, 0x9, 0x7d, 0x2a, 0x2d, 0xf4, 0xaa,
    0x95, 0x52, 0xaa, 0x57, 0x4a, 0x8d, 0x90, 0x80,

    /* U+4F6C "佬" */
    0x22, 0x5, 0xf5, 0x9, 0x21, 0x4d, 0xfe, 0x84,
    0x13, 0xa, 0xa6, 0x47, 0x8, 0x85, 0xf, 0x80,

    /* U+4F6F "佯" */
    0x24, 0x44, 0x51, 0x3f, 0xa0, 0x8c, 0x10, 0x8f,
    0x90, 0x42, 0x8, 0x4f, 0xe8, 0x21, 0x4, 0x0,

    /* U+4F70 "佰" */
    0x2f, 0xe4, 0x21, 0x8, 0x27, 0xfc, 0x82, 0x90,
    0x53, 0xfa, 0x41, 0x48, 0x29, 0x5, 0x3f, 0x80,

    /* U+4F73 "佳" */
    0x21, 0x5, 0xf9, 0x4, 0x20, 0x8d, 0xfe, 0x80,
    0x10, 0x42, 0x7e, 0x41, 0x8, 0x21, 0x7f, 0x80,

    /* U+4F7F "使" */
    0x21, 0x5, 0xfd, 0x4, 0x27, 0xfc, 0x92, 0x92,
    0x53, 0xfa, 0x28, 0x42, 0x8, 0xa1, 0x63, 0x80,

    /* U+4F84 "侄" */
    0x2f, 0xe4, 0x21, 0x8, 0x22, 0x2c, 0xfa, 0x82,
    0x10, 0x42, 0x7f, 0x41, 0x8, 0x21, 0x7f, 0x80,

    /* U+4F88 "侈" */
    0x21, 0x4, 0x7d, 0x30, 0xa1, 0x2c, 0x18, 0x9c,
    0x10, 0xfa, 0x61, 0x42, 0x48, 0x31, 0x38, 0x0,

    /* U+4F8B "例" */
    0x3e, 0x25, 0x15, 0x22, 0xa7, 0x5d, 0x2a, 0xa5,
    0x52, 0xaa, 0x25, 0x44, 0x29, 0x5, 0x43, 0x80,

    /* U+4F8D "侍" */
    0x21, 0x4, 0xf9, 0x4, 0x20, 0x8c, 0xfe, 0x80,
    0x93, 0xfa, 0x22, 0x42, 0x48, 0x9, 0x7, 0x0,

    /* U+4F97 "侗" */
    0x2f, 0xe5, 0x5, 0x2e, 0xa4, 0x1c, 0xba, 0x95,
    0x52, 0xaa, 0x55, 0x4b, 0xa9, 0x5, 0x21, 0x80,

    /* U+4F9B "供" */
    0x24, 0x84, 0x91, 0x7f, 0xa2, 0x4c, 0x48, 0x89,
    0x17, 0xfa, 0x0, 0x44, 0x89, 0x9, 0x40, 0x80,

    /* U+4F9D "依" */
    0x22, 0x4, 0x21, 0x7f, 0xa1, 0xc, 0x50, 0x92,
    0x56, 0x52, 0x44, 0x48, 0x89, 0x49, 0x30, 0x80,

    /* U+4FA0 "侠" */
    0x21, 0x5, 0xfd, 0x4, 0x24, 0x9c, 0x54, 0x82,
    0x17, 0xfa, 0x8, 0x42, 0x88, 0x89, 0x60, 0x80,

    /* U+4FA3 "侣" */
    0x2f, 0xc5, 0x9, 0x21, 0x24, 0x2c, 0xfc, 0x80,
    0x17, 0xfa, 0x81, 0x50, 0x2a, 0x5, 0x7f, 0x80,

    /* U+4FA5 "侥" */
    0x22, 0x4, 0x4d, 0x3e, 0x21, 0x2c, 0x1a, 0x9c,
    0xd0, 0x2, 0x7f, 0x42, 0x88, 0x95, 0x63, 0x80,

    /* U+4FA6 "侦" */
    0x21, 0x4, 0x3d, 0x4, 0x27, 0xfc, 0x82, 0x92,
    0x52, 0x4a, 0x49, 0x42, 0x88, 0x89, 0x20, 0x80,

    /* U+4FA7 "侧" */
    0x7e, 0x34, 0x56, 0xaa, 0xd5, 0x5a, 0xab, 0x55,
    0x6a, 0xad, 0x55, 0x88, 0x32, 0x86, 0x8b, 0x80,

    /* U+4FA8 "侨" */
    0x21, 0xc5, 0xc1, 0x8, 0x2f, 0xfc, 0x48, 0x90,
    0x95, 0x2a, 0x24, 0x44, 0x89, 0x11, 0x42, 0x0,

    /* U+4FA9 "侩" */
    0x21, 0x4, 0x51, 0x11, 0x2c, 0x1c, 0x7c, 0x80,
    0x10, 0x2, 0x7f, 0x42, 0x8, 0x89, 0x3e, 0x80,

    /* U+4FAE "侮" */
    0x28, 0x5, 0xfd, 0x40, 0x27, 0xec, 0xa4, 0x92,
    0x97, 0xfa, 0x52, 0x49, 0x49, 0xfd, 0x1, 0x0,

    /* U+4FAF "侯" */
    0x27, 0xc4, 0x9, 0x7f, 0xa4, 0xc, 0xfe, 0xa2,
    0x10, 0x42, 0xff, 0x42, 0x88, 0x89, 0x60, 0x80,

    /* U+4FB5 "侵" */
    0x2f, 0xc4, 0x9, 0x3f, 0x20, 0x2d, 0xfe, 0xa0,
    0x53, 0xf2, 0x42, 0x44, 0x88, 0x61, 0x73, 0x80,

    /* U+4FBF "便" */
    0x2f, 0xe4, 0x21, 0x3f, 0xa4, 0x9c, 0xfe, 0x92,
    0x53, 0xfa, 0x28, 0x42, 0x8, 0xa1, 0x63, 0x80,

    /* U+4FC3 "促" */
    0x2f, 0xe5, 0x5, 0x20, 0xa4, 0x1c, 0xfe, 0x82,
    0x12, 0x42, 0x4f, 0x49, 0xa, 0xe1, 0x43, 0x80,

    /* U+4FC4 "俄" */
    0x22, 0xc5, 0x95, 0x12, 0x2f, 0xfc, 0x48, 0x89,
    0x51, 0xaa, 0xe2, 0x44, 0x48, 0x95, 0x34, 0x80,

    /* U+4FCA "俊" */
    0x22, 0x44, 0x89, 0x7f, 0xa1, 0x4c, 0x4a, 0xb0,
    0xd0, 0xf2, 0x62, 0x44, 0x88, 0x71, 0x71, 0x80,

    /* U+4FCF "俏" */
    0x29, 0x24, 0xa9, 0x4, 0x27, 0xfc, 0x82, 0x9f,
    0xd2, 0xa, 0x7f, 0x48, 0x29, 0x5, 0x21, 0x80,

    /* U+4FD0 "俐" */
    0x23, 0x27, 0x85, 0x12, 0xa2, 0x5d, 0xfa, 0x89,
    0x53, 0x2a, 0x75, 0x55, 0x28, 0x85, 0x13, 0x80,

    /* U+4FD7 "俗" */
    0x24, 0x85, 0x9, 0x4c, 0xa2, 0x4c, 0x84, 0xa0,
    0x53, 0xf2, 0x42, 0x48, 0x49, 0x9, 0x3f, 0x0,

    /* U+4FD8 "俘" */
    0x20, 0xc5, 0xe1, 0x28, 0xa2, 0xac, 0xfc, 0x81,
    0x10, 0x42, 0xff, 0x41, 0x8, 0x21, 0x1c, 0x0,

    /* U+4FDD "保" */
    0x2f, 0xc5, 0x9, 0x21, 0x27, 0xec, 0x10, 0x82,
    0x17, 0xfa, 0x1c, 0x45, 0x4b, 0x25, 0x4, 0x0,

    /* U+4FDE "俞" */
    0x4, 0x1, 0x40, 0xc6, 0x6f, 0xb0, 0x0, 0xfa,
    0x91, 0x53, 0xea, 0x45, 0x4f, 0x89, 0x13, 0x0,

    /* U+4FE1 "信" */
    0x22, 0x4, 0x21, 0x7f, 0xa0, 0xc, 0xfc, 0x80,
    0x13, 0xf2, 0x0, 0x4f, 0xc9, 0x9, 0x3f, 0x0,

    /* U+4FE9 "俩" */
    0x2f, 0xe4, 0x51, 0xa, 0x27, 0xfc, 0xaa, 0x95,
    0x52, 0xaa, 0x6b, 0x48, 0x29, 0x5, 0x21, 0x80,

    /* U+4FED "俭" */
    0x21, 0x4, 0x51, 0x11, 0x2c, 0x1c, 0x7c, 0x80,
    0x12, 0x8a, 0x2a, 0x45, 0x48, 0x11, 0x7f, 0x80,

    /* U+4FEE "修" */
    0x24, 0x4, 0xf9, 0x32, 0x29, 0x8d, 0xce, 0xa2,
    0x15, 0x92, 0x8c, 0x56, 0x48, 0x31, 0x38, 0x0,

    /* U+4FEF "俯" */
    0x21, 0x7, 0xfd, 0x40, 0x29, 0x2d, 0x24, 0xab,
    0xd7, 0x12, 0xaa, 0x54, 0xca, 0x89, 0x93, 0x0,

    /* U+4FF1 "俱" */
    0x2f, 0xc5, 0x9, 0x3f, 0x24, 0x2c, 0xfc, 0x90,
    0x93, 0xf2, 0x42, 0x5f, 0xe9, 0x9, 0x40, 0x80,

    /* U+4FFA "俺" */
    0x22, 0x7, 0xf9, 0x22, 0x29, 0x2f, 0xfe, 0xa4,
    0x97, 0xf2, 0x92, 0x5f, 0xc8, 0x45, 0x7, 0x80,

    /* U+500D "倍" */
    0x21, 0x5, 0xf9, 0x0, 0x24, 0x2c, 0x48, 0xbf,
    0xd0, 0x2, 0x7e, 0x48, 0x49, 0x9, 0x3f, 0x0,

    /* U+5012 "倒" */
    0x3f, 0x24, 0x95, 0x22, 0xa9, 0x5d, 0xda, 0x89,
    0x51, 0x2a, 0xf9, 0x44, 0x28, 0xe5, 0x63, 0x80,

    /* U+5014 "倔" */
    0x2f, 0xe5, 0x5, 0x3f, 0xa4, 0x4c, 0xaa, 0x95,
    0x52, 0xfa, 0x44, 0x4a, 0xa9, 0x55, 0x4f, 0x80,

    /* U+5018 "倘" */
    0x29, 0x24, 0xa9, 0x4, 0x27, 0xfc, 0x82, 0x97,
    0x52, 0xaa, 0x55, 0x4b, 0xa9, 0x5, 0x21, 0x80,

    /* U+5019 "候" */
    0x27, 0xc4, 0x9, 0x7f, 0xaa, 0xd, 0x7e, 0xb2,
    0x14, 0x42, 0xff, 0x52, 0x88, 0x89, 0x20, 0x80,

    /* U+501A "倚" */
    0x21, 0x5, 0xfd, 0x4, 0x21, 0x4c, 0x44, 0xbf,
    0xd0, 0x12, 0x7a, 0x49, 0x49, 0xe9, 0x3, 0x0,

    /* U+501F "借" */
    0x24, 0x85, 0xf9, 0x12, 0x22, 0x4d, 0xfe, 0x80,
    0x13, 0xf2, 0x42, 0x4f, 0xc9, 0x9, 0x3f, 0x0,

    /* U+5021 "倡" */
    0x2f, 0xc5, 0x9, 0x3f, 0x24, 0x2c, 0xfc, 0x80,
    0x17, 0xfa, 0x81, 0x5f, 0xea, 0x5, 0x7f, 0x80,

    /* U+5026 "倦" */
    0x29, 0x24, 0xa9, 0x3f, 0xa1, 0xd, 0xfe, 0x88,
    0x93, 0xea, 0xa4, 0x45, 0x88, 0x85, 0xf, 0x80,

    /* U+502A "倪" */
    0x22, 0x5, 0x9d, 0x20, 0xa7, 0x7c, 0x82, 0x90,
    0x53, 0xfa, 0x14, 0x42, 0xa8, 0x95, 0x63, 0x80,

    /* U+503A "债" */
    0x21, 0x7, 0xfd, 0x4, 0x27, 0xec, 0x10, 0xbf,
    0xd2, 0x12, 0x4a, 0x49, 0x48, 0x51, 0x71, 0x80,

    /* U+503C "值" */
    0x21, 0x5, 0xfd, 0x4, 0x27, 0xec, 0x84, 0x9f,
    0x92, 0x12, 0x7e, 0x48, 0x49, 0x9, 0x7f, 0x80,

    /* U+503E "倾" */
    0x23, 0xe4, 0x11, 0x4f, 0xa9, 0x1d, 0xea, 0xa5,
    0x54, 0xaa, 0xb5, 0x58, 0x88, 0x29, 0x8, 0x80,

    /* U+5047 "假" */
    0x2e, 0xe5, 0x45, 0x28, 0xa7, 0x7c, 0x80, 0x9d,
    0xd2, 0x2a, 0x45, 0x4e, 0x49, 0x15, 0x24, 0x80,

    /* U+504F "偏" */
    0x21, 0x5, 0xfd, 0x20, 0xa7, 0xfc, 0x80, 0x9f,
    0xd2, 0xaa, 0x55, 0x4f, 0xe9, 0x55, 0x4a, 0x80,

    /* U+505A "做" */
    0x29, 0x5, 0x21, 0x77, 0xa5, 0x2c, 0x94, 0x92,
    0x97, 0x52, 0xaa, 0x54, 0x8a, 0xa9, 0x78, 0x80,

    /* U+505C "停" */
    0x22, 0x7, 0xfd, 0x21, 0x27, 0xec, 0x0, 0xbf,
    0xd4, 0xa, 0x7e, 0x41, 0x8, 0x21, 0x1c, 0x0,

    /* U+5065 "健" */
    0x20, 0x87, 0x7d, 0x22, 0xa7, 0xfd, 0xa, 0xb7,
    0xd2, 0x22, 0x5f, 0x58, 0x89, 0x91, 0x4f, 0x80,

    /* U+5076 "偶" */
    0x2f, 0xe5, 0x25, 0x3f, 0xa4, 0x9c, 0xfe, 0x82,
    0x17, 0xfa, 0x89, 0x51, 0x6a, 0xf5, 0x41, 0x80,

    /* U+5077 "偷" */
    0x23, 0x4, 0x91, 0x21, 0x2b, 0xdc, 0x0, 0xbd,
    0x54, 0xaa, 0xf5, 0x52, 0xab, 0xc5, 0x49, 0x80,

    /* U+507F "偿" */
    0x29, 0x24, 0xa9, 0x3f, 0xa4, 0x1c, 0x7c, 0x80,
    0x13, 0xfa, 0x10, 0x42, 0x48, 0x89, 0x3e, 0x80,

    /* U+5080 "傀" */
    0x24, 0x7, 0xf9, 0x49, 0x2f, 0xed, 0x24, 0xbf,
    0x90, 0xa2, 0x2a, 0x45, 0xc9, 0x25, 0x47, 0x80,

    /* U+5085 "傅" */
    0x21, 0x45, 0xfd, 0x4, 0x27, 0xfc, 0x92, 0x9f,
    0xd2, 0x4a, 0x2, 0x5f, 0xe8, 0x89, 0xb, 0x0,

    /* U+5088 "傈" */
    0x2f, 0xe4, 0x51, 0x3f, 0xa5, 0x5c, 0xaa, 0x9f,
    0xd0, 0x42, 0xff, 0x43, 0x88, 0xa9, 0x64, 0x80,

    /* U+508D "傍" */
    0x21, 0x5, 0xfd, 0x11, 0x27, 0xfc, 0x82, 0x82,
    0x13, 0xfa, 0x10, 0x43, 0xe8, 0x85, 0x63, 0x0,

    /* U+50A3 "傣" */
    0x21, 0x5, 0xf9, 0x8, 0x27, 0xec, 0x40, 0xbf,
    0xd2, 0x52, 0xa9, 0x43, 0x88, 0xa9, 0x6c, 0x80,

    /* U+50A8 "储" */
    0x20, 0x86, 0x7d, 0x22, 0xa0, 0x6c, 0x3e, 0xb1,
    0x12, 0x7a, 0x59, 0x49, 0xe9, 0xa5, 0x27, 0x80,

    /* U+50AC "催" */
    0x29, 0x25, 0x25, 0x3f, 0xa2, 0x4c, 0xfe, 0xb1,
    0x13, 0xfa, 0x44, 0x4f, 0xe9, 0x11, 0x3f, 0x80,

    /* U+50B2 "傲" */
    0x24, 0x85, 0xd1, 0x13, 0xaf, 0x9c, 0x4a, 0xbd,
    0x52, 0x2a, 0x75, 0x4a, 0x49, 0x55, 0x5c, 0x80,

    /* U+50BB "傻" */
    0x21, 0x5, 0xfd, 0x2a, 0xa4, 0x9c, 0xfe, 0x88,
    0x92, 0x8a, 0x1e, 0x4c, 0x48, 0x71, 0x31, 0x80,

    /* U+50CF "像" */
    0x27, 0x85, 0x11, 0x7f, 0xa4, 0x9c, 0xfe, 0x8e,
    0x16, 0x6a, 0x36, 0x59, 0xa8, 0xd5, 0x66, 0x0,

    /* U+50DA "僚" */
    0x21, 0x7, 0xfd, 0x2a, 0xa3, 0xec, 0xc6, 0xaf,
    0x91, 0x12, 0x3e, 0x41, 0x9, 0x29, 0x4c, 0x80,

    /* U+50E7 "僧" */
    0x24, 0x47, 0xfd, 0x44, 0xaa, 0xbd, 0xfe, 0x80,
    0x13, 0xf2, 0x42, 0x4f, 0xc9, 0x9, 0x3f, 0x0,

    /* U+50F3 "僳" */
    0x2f, 0xe4, 0x51, 0x3f, 0xa5, 0x5c, 0xfe, 0x92,
    0x51, 0x52, 0xff, 0x43, 0x88, 0xa9, 0x64, 0x80,

    /* U+50F5 "僵" */
    0x3f, 0xe5, 0x29, 0x3f, 0x24, 0xac, 0xfc, 0x80,
    0x17, 0xfa, 0x4a, 0x4f, 0xc9, 0x29, 0x7f, 0x80,

    /* U+50FB "僻" */
    0x3c, 0x86, 0x91, 0x5f, 0xaa, 0xad, 0xd4, 0xa7,
    0xd7, 0x22, 0xa4, 0x77, 0xea, 0x91, 0x72, 0x0,

    /* U+5112 "儒" */
    0x2f, 0xe4, 0x21, 0x3f, 0xa4, 0x9c, 0x54, 0x80,
    0x13, 0xfa, 0x8, 0x4f, 0xe9, 0x55, 0x2a, 0x80,

    /* U+5121 "儡" */
    0x2f, 0xc5, 0x29, 0x3f, 0x24, 0xac, 0xfc, 0x80,
    0x17, 0xfa, 0xa5, 0x5f, 0xea, 0x95, 0x7f, 0x80,

    /* U+513F "儿" */
    0x11, 0x2, 0x20, 0x44, 0x8, 0x81, 0x10, 0x22,
    0x4, 0x41, 0x8, 0x21, 0x28, 0x26, 0x7, 0x80,

    /* U+5141 "允" */
    0x4, 0x1, 0x0, 0x44, 0x10, 0x47, 0xfc, 0x22,
    0x84, 0x40, 0x88, 0x11, 0x24, 0x27, 0x7, 0x80,

    /* U+5143 "元" */
    0x7f, 0xc0, 0x0, 0x0, 0x0, 0xf, 0xfe, 0x22,
    0x4, 0x40, 0x88, 0x11, 0x24, 0x27, 0x7, 0x80,

    /* U+5144 "兄" */
    0x7f, 0xc8, 0x9, 0x1, 0x20, 0x24, 0x4, 0xff,
    0x84, 0x40, 0x88, 0x11, 0x24, 0x27, 0x7, 0x80,

    /* U+5145 "充" */
    0x4, 0x1f, 0xfc, 0x20, 0x8, 0x82, 0x8, 0xff,
    0x84, 0x50, 0x88, 0x11, 0x4, 0x27, 0x7, 0x80,

    /* U+5146 "兆" */
    0x12, 0x12, 0x49, 0x4a, 0x19, 0x81, 0x20, 0x66,
    0x14, 0xa4, 0x92, 0x12, 0x4, 0x47, 0xf, 0x80,

    /* U+5148 "先" */
    0x24, 0x4, 0x80, 0xff, 0x22, 0x0, 0x41, 0xff,
    0xc4, 0x40, 0x88, 0x11, 0x24, 0x27, 0x7, 0x80,

    /* U+5149 "光" */
    0x4, 0x8, 0x88, 0x92, 0xa, 0x80, 0x41, 0xff,
    0xc4, 0x40, 0x88, 0x11, 0x24, 0x27, 0x7, 0x80,

    /* U+514B "克" */
    0x4, 0x1f, 0xfc, 0x10, 0x3f, 0xe4, 0x4, 0x80,
    0x9f, 0xf0, 0x88, 0x11, 0x24, 0x27, 0x7, 0x80,

    /* U+514D "免" */
    0x20, 0x7, 0xe1, 0x4, 0x7f, 0xe4, 0x44, 0x88,
    0x9f, 0xf0, 0x50, 0xa, 0x22, 0x47, 0x8f, 0x80,

    /* U+5151 "兑" */
    0x20, 0x82, 0x21, 0xff, 0x20, 0x24, 0x4, 0x80,
    0x9f, 0xf0, 0x88, 0x11, 0x24, 0x27, 0x7, 0x80,

    /* U+5154 "兔" */
    0x20, 0x7, 0xe1, 0x4, 0x7f, 0xe4, 0x44, 0x88,
    0x9f, 0xf0, 0x50, 0xb, 0x22, 0x57, 0x8f, 0x80,

    /* U+515A "党" */
    0x44, 0x44, 0x93, 0xff, 0xc0, 0x1b, 0xfa, 0x41,
    0x8, 0x21, 0xfc, 0x11, 0x24, 0x27, 0x7, 0x80,

    /* U+515C "兜" */
    0x4, 0xb, 0xee, 0x44, 0xcf, 0x99, 0x13, 0xbe,
    0xc0, 0x0, 0x88, 0x11, 0x24, 0x27, 0x7, 0x80,

    /* U+5162 "兢" */
    0x20, 0x9f, 0x7c, 0x82, 0x7d, 0xf8, 0xa3, 0x14,
    0x7e, 0xfa, 0x8a, 0x55, 0x4b, 0x2a, 0x49, 0x80,

    /* U+5165 "入" */
    0x10, 0x1, 0x0, 0x10, 0x2, 0x0, 0xa0, 0x14,
    0x4, 0x40, 0x88, 0x20, 0x88, 0xa, 0x0, 0x80,

    /* U+5168 "全" */
    0x4, 0x1, 0x40, 0xc6, 0x60, 0x33, 0xf8, 0x8,
    0x1, 0x3, 0xfe, 0x4, 0x0, 0x83, 0xff, 0x80,

    /* U+516B "八" */
    0x11, 0x2, 0x20, 0x44, 0x8, 0x81, 0x10, 0x41,
    0x8, 0x21, 0x4, 0x40, 0x48, 0xa, 0x0, 0x80,

    /* U+516C "公" */
    0x11, 0x2, 0x20, 0x82, 0x10, 0x44, 0x5, 0x10,
    0x42, 0x0, 0x84, 0x10, 0x84, 0x69, 0xf1, 0x0,

    /* U+516D "六" */
    0x8, 0x0, 0x80, 0x0, 0x7f, 0xf0, 0x0, 0x0,
    0x8, 0x21, 0x2, 0x40, 0x48, 0x6, 0x0, 0x80,

    /* U+5170 "兰" */
    0x20, 0x82, 0x21, 0xff, 0x0, 0x0, 0x0, 0x0,
    0xf, 0xe0, 0x0, 0x0, 0x0, 0x3, 0xff, 0x80,

    /* U+5171 "共" */
    0x11, 0x2, 0x21, 0xff, 0x8, 0x81, 0x10, 0x22,
    0x3f, 0xf8, 0x0, 0x11, 0x4, 0x13, 0x1, 0x80,

    /* U+5173 "关" */
    0x20, 0x82, 0x21, 0xff, 0x2, 0x0, 0x40, 0x8,
    0x3f, 0xf8, 0x50, 0x11, 0x4, 0x13, 0x1, 0x80,

    /* U+5174 "兴" */
    0x8, 0x48, 0x88, 0x92, 0x10, 0x40, 0x10, 0x0,
    0x3f, 0xf8, 0x0, 0x11, 0x4, 0x13, 0x1, 0x80,

    /* U+5175 "兵" */
    0x1, 0x87, 0xc0, 0x80, 0x1f, 0xe2, 0x10, 0x42,
    0x8, 0x47, 0xff, 0x0, 0x4, 0x13, 0x1, 0x80,

    /* U+5176 "其" */
    0x20, 0x9f, 0xfc, 0x82, 0x1f, 0xc2, 0x8, 0x7f,
    0x8, 0x27, 0xff, 0x0, 0x4, 0x13, 0x1, 0x80,

    /* U+5177 "具" */
    0x3f, 0x84, 0x10, 0xfe, 0x10, 0x43, 0xf8, 0x41,
    0xf, 0xe1, 0x4, 0xff, 0xe4, 0x13, 0x1, 0x80,

    /* U+5178 "典" */
    0xa, 0xf, 0xf9, 0x29, 0x25, 0x27, 0xfc, 0x94,
    0x92, 0x97, 0xff, 0x0, 0x4, 0x13, 0x1, 0x80,

    /* U+5179 "兹" */
    0x20, 0x82, 0x23, 0xff, 0x90, 0x42, 0x8, 0x92,
    0x7c, 0xf1, 0x4, 0x49, 0x33, 0x4f, 0xae, 0x80,

    /* U+517B "养" */
    0x11, 0x1f, 0xfc, 0x10, 0x3f, 0xe0, 0x81, 0xff,
    0xc8, 0x22, 0x8a, 0x91, 0x22, 0x20, 0x84, 0x0,

    /* U+517C "兼" */
    0x11, 0x1f, 0xfc, 0x28, 0x3f, 0xe0, 0xa5, 0xff,
    0xc2, 0x93, 0xfe, 0x1b, 0x5, 0x53, 0x29, 0x80,

    /* U+517D "兽" */
    0x20, 0x82, 0x21, 0xff, 0x22, 0x27, 0xfc, 0x88,
    0xbf, 0xf8, 0x0, 0x7f, 0xc8, 0x9, 0xff, 0x0,

    /* U+5180 "冀" */
    0x12, 0x7e, 0x70, 0x48, 0xff, 0xf2, 0x48, 0x7f,
    0x9, 0x23, 0xfe, 0x11, 0x1f, 0xfc, 0x82, 0x0,

    /* U+5185 "内" */
    0x4, 0x0, 0x83, 0xff, 0xc2, 0x18, 0x43, 0x14,
    0x64, 0x4d, 0x5, 0x80, 0x30, 0x6, 0x3, 0x80,

    /* U+5188 "冈" */
    0xff, 0xf0, 0x6, 0x82, 0xc8, 0x98, 0xa3, 0x8,
    0x62, 0x8c, 0x89, 0xa0, 0xb0, 0x6, 0x3, 0x80,

    /* U+5189 "冉" */
    0x4, 0xf, 0xf9, 0x11, 0x22, 0x27, 0xfc, 0x88,
    0x91, 0x17, 0xff, 0x40, 0x48, 0x9, 0x7, 0x0,

    /* U+518C "册" */
    0x7b, 0xc9, 0x49, 0x29, 0x25, 0x24, 0xa5, 0xff,
    0xd2, 0x92, 0x52, 0x4a, 0x49, 0x4a, 0x73, 0x0,

    /* U+518D "再" */
    0xff, 0xe0, 0x81, 0xff, 0x22, 0x27, 0xfc, 0x88,
    0x91, 0x17, 0xff, 0x40, 0x48, 0x9, 0x7, 0x0,

    /* U+5192 "冒" */
    0xff, 0xf0, 0x6, 0xfe, 0xc0, 0x1b, 0xfa, 0x41,
    0xf, 0xe1, 0x4, 0x3f, 0x84, 0x10, 0xfe, 0x0,

    /* U+5195 "冕" */
    0x7f, 0xc8, 0x9, 0x7d, 0x20, 0x25, 0xf4, 0x42,
    0x3f, 0xf2, 0x22, 0x7f, 0xc2, 0x47, 0x8f, 0x80,

    /* U+5197 "冗" */
    0xff, 0xf0, 0x6, 0x0, 0x8f, 0x81, 0x10, 0x22,
    0x4, 0x40, 0x88, 0x11, 0x24, 0x27, 0x7, 0x80,

    /* U+5199 "写" */
    0xff, 0xf0, 0x6, 0x40, 0x8f, 0xc2, 0x0, 0x7f,
    0x80, 0x10, 0x2, 0xff, 0x40, 0x8, 0xe, 0x0,

    /* U+519B "军" */
    0xff, 0xf0, 0x6, 0x20, 0xbf, 0xe1, 0x0, 0x48,
    0x1f, 0xf0, 0x20, 0xff, 0xe0, 0x80, 0x10, 0x0,

    /* U+519C "农" */
    0x4, 0x1f, 0xfe, 0x10, 0xc4, 0x11, 0x40, 0x48,
    0x98, 0xa5, 0x8, 0x24, 0x85, 0x8, 0xc0, 0x80,

    /* U+51A0 "冠" */
    0xff, 0xf0, 0x5, 0xc1, 0x1, 0xf0, 0x5, 0xf4,
    0x94, 0x52, 0x82, 0x50, 0xca, 0x6, 0x7f, 0x80,

    /* U+51A4 "冤" */
    0xff, 0xf4, 0x4, 0xfc, 0x20, 0x8f, 0xfc, 0x88,
    0x91, 0x13, 0xfe, 0xb, 0x2, 0x57, 0x8f, 0x80,

    /* U+51AC "冬" */
    0x10, 0x3, 0xf0, 0x82, 0x68, 0x80, 0xe0, 0x63,
    0x33, 0x18, 0x18, 0x30, 0x1, 0x80, 0xe, 0x0,

    /* U+51AF "冯" */
    0x9f, 0x88, 0x11, 0x22, 0x4, 0x40, 0x88, 0x1f,
    0xd0, 0xa, 0x1, 0x5f, 0xb0, 0x6, 0x7, 0x0,

    /* U+51B0 "冰" */
    0x82, 0x8, 0x41, 0x8, 0x9d, 0xa0, 0xb4, 0x15,
    0x12, 0xa2, 0x92, 0x52, 0x54, 0x46, 0x18, 0x0,

    /* U+51B2 "冲" */
    0x81, 0x8, 0x21, 0x7f, 0x88, 0x91, 0x12, 0x22,
    0x57, 0xfa, 0x8, 0x41, 0x10, 0x22, 0x4, 0x0,

    /* U+51B3 "决" */
    0x82, 0x8, 0x41, 0x3f, 0x1, 0x20, 0x24, 0x4,
    0x97, 0xfa, 0x10, 0x45, 0x11, 0x12, 0xc1, 0x80,

    /* U+51B5 "况" */
    0x8f, 0xc9, 0x9, 0x21, 0x4, 0x20, 0x84, 0x1f,
    0x91, 0x22, 0x24, 0x44, 0xb1, 0x16, 0x43, 0x80,

    /* U+51B6 "冶" */
    0x82, 0x8, 0x41, 0x12, 0x4, 0x21, 0xfa, 0x0,
    0x53, 0xf2, 0x42, 0x48, 0x51, 0xa, 0x3f, 0x0,

    /* U+51B7 "冷" */
    0x81, 0x8, 0x51, 0x11, 0xc, 0x10, 0x10, 0x1,
    0x13, 0xfa, 0x2, 0x44, 0x90, 0x62, 0x3, 0x0,

    /* U+51BB "冻" */
    0x82, 0xb, 0xfd, 0x10, 0x4, 0x81, 0x10, 0x3f,
    0xd0, 0x42, 0x4a, 0x49, 0x32, 0x26, 0xc, 0x0,

    /* U+51C0 "净" */
    0x88, 0x9, 0xf1, 0x42, 0xf, 0xe0, 0x24, 0x7f,
    0xd0, 0x92, 0xfe, 0x42, 0x10, 0x42, 0x38, 0x0,

    /* U+51C4 "凄" */
    0x82, 0xb, 0xfd, 0x9, 0xf, 0xf0, 0x24, 0x1f,
    0x91, 0x2, 0xff, 0x44, 0x90, 0xe2, 0x63, 0x80,

    /* U+51C6 "准" */
    0x85, 0x8, 0x91, 0x3f, 0x8c, 0x40, 0xfe, 0x11,
    0x12, 0x22, 0x7f, 0x48, 0x91, 0x12, 0x3f, 0x80,

    /* U+51C9 "凉" */
    0x81, 0xb, 0xfd, 0x0, 0x7, 0xe0, 0x84, 0x10,
    0x93, 0xf2, 0x8, 0x49, 0x52, 0x26, 0xc, 0x0,

    /* U+51CB "凋" */
    0x8f, 0xe9, 0x25, 0x2e, 0x84, 0x90, 0xba, 0x10,
    0x52, 0xea, 0x55, 0x4b, 0xb1, 0x6, 0x41, 0x80,

    /* U+51CC "凌" */
    0x81, 0x9, 0xf9, 0x4, 0xf, 0xf0, 0x84, 0x28,
    0x51, 0xf2, 0x42, 0x54, 0x90, 0x62, 0x73, 0x80,

    /* U+51CF "减" */
    0x80, 0xa8, 0x15, 0x3f, 0x84, 0x40, 0xea, 0x11,
    0x53, 0xaa, 0x52, 0x4e, 0x51, 0x16, 0x4c, 0x80,

    /* U+51D1 "凑" */
    0x82, 0x9, 0xf9, 0x8, 0x7, 0xe0, 0x40, 0x3f,
    0xd2, 0x92, 0x91, 0x4f, 0xd0, 0xa2, 0x63, 0x0,

    /* U+51DB "凛" */
    0x81, 0xb, 0xfd, 0x2a, 0x85, 0xd0, 0x82, 0x1f,
    0xd0, 0x2, 0xff, 0x41, 0x11, 0x2a, 0x4c, 0x80,

    /* U+51DD "凝" */
    0x93, 0xeb, 0x85, 0x45, 0xe, 0x40, 0x3e, 0x39,
    0x4a, 0x22, 0xf7, 0x4a, 0x92, 0xb2, 0x91, 0x80,

    /* U+51E0 "几" */
    0x3f, 0x4, 0x20, 0x84, 0x10, 0x82, 0x10, 0x42,
    0x8, 0x41, 0x8, 0x41, 0x28, 0x26, 0x7, 0x80,

    /* U+51E1 "凡" */
    0x3f, 0x4, 0x20, 0x84, 0x10, 0x82, 0x90, 0x4a,
    0x9, 0x41, 0x8, 0x41, 0x28, 0x26, 0x7, 0x80,

    /* U+51E4 "凤" */
    0x7f, 0xc8, 0x9, 0x7d, 0x20, 0xa5, 0x14, 0x94,
    0x92, 0x92, 0x22, 0x4a, 0x4a, 0x2e, 0x0, 0x80,

    /* U+51ED "凭" */
    0x20, 0xc5, 0xe1, 0x4, 0x6f, 0xf4, 0x10, 0x9f,
    0x80, 0x1, 0xf8, 0x21, 0x4, 0x27, 0x7, 0x80,

    /* U+51EF "凯" */
    0xab, 0xd5, 0x4b, 0xe9, 0x1, 0x2f, 0xa4, 0x14,
    0x82, 0x97, 0xd2, 0x82, 0x53, 0x4b, 0x91, 0x80,

    /* U+51F0 "凰" */
    0x7f, 0xc8, 0x89, 0x7d, 0x28, 0xa5, 0xf4, 0xa2,
    0x97, 0xd2, 0x22, 0x5f, 0x48, 0x8e, 0xfe, 0x80,

    /* U+51F3 "凳" */
    0x79, 0x41, 0x12, 0xfe, 0xb0, 0x6b, 0xfa, 0x22,
    0x3f, 0xf8, 0x0, 0x1f, 0x2, 0x27, 0x87, 0x80,

    /* U+51F6 "凶" */
    0x20, 0x82, 0x22, 0x44, 0xc5, 0x18, 0x43, 0x14,
    0x64, 0x4c, 0x89, 0xa0, 0xb0, 0x7, 0xff, 0x80,

    /* U+51F8 "凸" */
    0x1f, 0x2, 0x20, 0x44, 0x8, 0x8f, 0x1f, 0x0,
    0x60, 0xc, 0x1, 0x80, 0x30, 0x7, 0xff, 0x80,

    /* U+51F9 "凹" */
    0xf1, 0xf2, 0x26, 0x44, 0xc8, 0x99, 0x13, 0x3e,
    0x60, 0xc, 0x1, 0x80, 0x30, 0x7, 0xff, 0x80,

    /* U+51FA "出" */
    0x4, 0x8, 0x89, 0x11, 0x22, 0x27, 0xfc, 0x8,
    0x1, 0x4, 0x21, 0x84, 0x30, 0x87, 0xff, 0x80,

    /* U+51FB "击" */
    0x4, 0x0, 0x81, 0xff, 0x2, 0x0, 0x41, 0xff,
    0xc1, 0x2, 0x22, 0x44, 0x48, 0x89, 0xff, 0x0,

    /* U+51FD "函" */
    0x3f, 0x80, 0x20, 0x8, 0x42, 0x1a, 0x4b, 0x2a,
    0x61, 0xc, 0xa9, 0xa4, 0xb1, 0x87, 0xff, 0x80,

    /* U+51FF "凿" */
    0xa, 0x9, 0x48, 0xaa, 0x7f, 0xf1, 0x10, 0x94,
    0x97, 0xd2, 0x22, 0x5f, 0x48, 0x89, 0xff, 0x0,

    /* U+5200 "刀" */
    0x7f, 0xe1, 0x4, 0x20, 0x84, 0x10, 0x82, 0x10,
    0x42, 0x8, 0x81, 0x10, 0x24, 0x7, 0x7, 0x0,

    /* U+5201 "刁" */
    0xff, 0xc0, 0x10, 0x4, 0x9, 0x4, 0x42, 0x13,
    0x7, 0x1, 0x0, 0x40, 0x10, 0x18,

    /* U+5203 "刃" */
    0x7f, 0xe0, 0x84, 0x10, 0x92, 0x12, 0x42, 0x48,
    0x52, 0x8, 0x41, 0x10, 0x24, 0x7, 0x7, 0x0,

    /* U+5206 "分" */
    0x11, 0x2, 0x20, 0x82, 0x10, 0x44, 0x5, 0x7f,
    0x42, 0x20, 0x44, 0x10, 0x84, 0x13, 0xc, 0x0,

    /* U+5207 "切" */
    0x4f, 0xe8, 0x45, 0x8, 0xb9, 0x1c, 0x22, 0x84,
    0x50, 0x8a, 0x91, 0x64, 0x28, 0x84, 0x23, 0x0,

    /* U+520A "刊" */
    0x7c, 0x22, 0x24, 0x44, 0x88, 0x91, 0x13, 0xfe,
    0x44, 0x48, 0x89, 0x10, 0x22, 0x4, 0x43, 0x80,

    /* U+5211 "刑" */
    0xfe, 0x24, 0x94, 0x92, 0x92, 0x52, 0x4b, 0xfd,
    0x49, 0x29, 0x25, 0x44, 0x28, 0x86, 0x13, 0x80,

    /* U+5212 "划" */
    0x28, 0x24, 0x94, 0x82, 0x9f, 0x5e, 0xa, 0x49,
    0x4a, 0x28, 0x85, 0x12, 0x25, 0x47, 0x1b, 0x80,

    /* U+5217 "列" */
    0xfc, 0x24, 0x24, 0x84, 0x9e, 0x94, 0x52, 0xca,
    0x65, 0x48, 0x49, 0x8, 0x22, 0x5, 0x83, 0x80,

    /* U+5218 "刘" */
    0x20, 0x22, 0x17, 0xfa, 0x82, 0x54, 0x4a, 0x91,
    0x4a, 0x28, 0x85, 0x28, 0x28, 0x86, 0x3, 0x80,

    /* U+5219 "则" */
    0xfe, 0x30, 0x56, 0x4a, 0xc9, 0x59, 0x2b, 0x25,
    0x64, 0xac, 0x95, 0x28, 0x28, 0x86, 0xb, 0x80,

    /* U+521A "刚" */
    0xfe, 0x30, 0x56, 0xa, 0xe3, 0x5a, 0xab, 0x25,
    0x6a, 0xae, 0x35, 0x82, 0x30, 0x46, 0x1b, 0x80,

    /* U+521B "创" */
    0x10, 0x25, 0x15, 0x12, 0xc1, 0x57, 0xca, 0x89,
    0x51, 0x2a, 0xe5, 0x40, 0x28, 0x44, 0xfb, 0x80,

    /* U+521D "初" */
    0x4f, 0xe4, 0x47, 0xc8, 0x89, 0x12, 0x22, 0x54,
    0x5c, 0x8d, 0x51, 0x24, 0x24, 0x84, 0xa3, 0x0,

    /* U+5220 "删" */
    0xee, 0x35, 0x56, 0xaa, 0xd5, 0x5a, 0xab, 0xff,
    0x6a, 0xad, 0x55, 0xaa, 0x35, 0x45, 0xdb, 0x80,

    /* U+5224 "判" */
    0x92, 0x2a, 0x94, 0x42, 0xff, 0x51, 0xa, 0x21,
    0x7f, 0xa8, 0x85, 0x10, 0x24, 0x7, 0x3, 0x80,

    /* U+5228 "刨" */
    0x40, 0x2f, 0xd6, 0xa, 0xbd, 0x54, 0xaa, 0x95,
    0x5e, 0xaa, 0x35, 0x40, 0x28, 0x44, 0xfb, 0x80,

    /* U+5229 "利" */
    0xc, 0x2e, 0x4, 0x44, 0x88, 0x9f, 0xd2, 0x22,
    0x4c, 0x49, 0xc9, 0x54, 0x32, 0x4, 0x43, 0x80,

    /* U+522B "别" */
    0xfc, 0x30, 0xa6, 0x14, 0xfe, 0x92, 0x13, 0xfa,
    0x49, 0x49, 0x29, 0x44, 0x28, 0x86, 0x63, 0x80,

    /* U+522E "刮" */
    0xc, 0x2e, 0x14, 0x42, 0x88, 0x5f, 0xea, 0x21,
    0x44, 0x2b, 0xe5, 0x44, 0x28, 0x85, 0xf3, 0x80,

    /* U+5230 "到" */
    0xfe, 0x22, 0x14, 0x82, 0xa2, 0x5f, 0xaa, 0x21,
    0x44, 0x2f, 0xf5, 0x10, 0x23, 0xc7, 0x83, 0x80,

    /* U+5236 "制" */
    0x50, 0x2f, 0xd6, 0x42, 0x88, 0x5f, 0xea, 0x21,
    0x7f, 0xac, 0x95, 0x92, 0x32, 0xc4, 0x43, 0x80,

    /* U+5237 "刷" */
    0x7e, 0x28, 0x55, 0xfa, 0xa4, 0x54, 0x8a, 0xfd,
    0x5a, 0xab, 0x55, 0xaa, 0x35, 0xc6, 0x23, 0x80,

    /* U+5238 "券" */
    0x24, 0x44, 0x91, 0xff, 0x4, 0x8f, 0xfe, 0x21,
    0xf, 0xf6, 0x45, 0x8, 0x82, 0x11, 0x8c, 0x0,

    /* U+5239 "刹" */
    0x44, 0x25, 0x24, 0x44, 0x94, 0x9c, 0x52, 0x22,
    0x7f, 0x49, 0x89, 0x58, 0x32, 0x84, 0x41, 0x80,

    /* U+523A "刺" */
    0x10, 0x3f, 0xd4, 0x42, 0xff, 0x59, 0x2b, 0x25,
    0x65, 0xa9, 0xc5, 0x54, 0x32, 0x44, 0x43, 0x80,

    /* U+523B "刻" */
    0x10, 0x3f, 0xd4, 0x82, 0xa2, 0x5f, 0x8a, 0x21,
    0x48, 0xae, 0x25, 0x8, 0x26, 0x87, 0xb, 0x80,

    /* U+523D "刽" */
    0x10, 0x25, 0x15, 0x12, 0xc1, 0xd7, 0xca, 0x1,
    0x40, 0x2f, 0xf5, 0x20, 0x28, 0x87, 0xeb, 0x80,

    /* U+5241 "剁" */
    0x78, 0x29, 0x15, 0x22, 0xa4, 0x58, 0xea, 0x21,
    0x44, 0x2f, 0xf5, 0x38, 0x2a, 0x86, 0x4b, 0x80,

    /* U+5242 "剂" */
    0x10, 0x3f, 0xd5, 0x12, 0x94, 0x51, 0xa, 0x51,
    0x71, 0xaa, 0x25, 0x44, 0x28, 0x86, 0x13, 0x80,

    /* U+5243 "剃" */
    0x44, 0x25, 0x17, 0xfa, 0x89, 0x5f, 0xeb, 0x21,
    0x7f, 0xa9, 0x95, 0x52, 0x32, 0xc4, 0x43, 0x80,

    /* U+524A "削" */
    0x92, 0x2a, 0x94, 0x42, 0xff, 0x58, 0x2b, 0xfd,
    0x60, 0xaf, 0xf5, 0x82, 0x30, 0x46, 0x1b, 0x80,

    /* U+524D "前" */
    0x20, 0x82, 0x23, 0xff, 0x80, 0x7, 0xd4, 0x8a,
    0x9f, 0x52, 0x2a, 0x7d, 0x48, 0x89, 0x33, 0x0,

    /* U+5250 "剐" */
    0x7c, 0x28, 0x95, 0x12, 0xbe, 0x51, 0xb, 0xfd,
    0x64, 0xad, 0x55, 0xc6, 0x30, 0x46, 0x1b, 0x80,

    /* U+5251 "剑" */
    0x10, 0x25, 0x15, 0x12, 0xc1, 0x57, 0xca, 0x5,
    0x68, 0xaa, 0xa5, 0x54, 0x21, 0xc7, 0xc3, 0x80,

    /* U+5254 "剔" */
    0x7e, 0x28, 0x55, 0xfa, 0xa1, 0x57, 0xea, 0x41,
    0x5f, 0xad, 0x55, 0x4a, 0x32, 0x44, 0x9b, 0x80,

    /* U+5256 "剖" */
    0x10, 0x2f, 0xd4, 0x2, 0xa1, 0x52, 0x4b, 0xff,
    0x40, 0x2b, 0xf5, 0x42, 0x28, 0x45, 0xfb, 0x80,

    /* U+5265 "剥" */
    0x7c, 0x20, 0x95, 0xf2, 0x82, 0x5f, 0xea, 0x21,
    0x64, 0xaa, 0xa5, 0x38, 0x2a, 0x86, 0xcb, 0x80,

    /* U+5267 "剧" */
    0x7e, 0x28, 0x55, 0xa, 0xbf, 0x54, 0x8a, 0xfd,
    0x52, 0x2b, 0xf5, 0x62, 0x34, 0x46, 0xfb, 0x80,

    /* U+5269 "剩" */
    0xc, 0x2e, 0x14, 0x42, 0xff, 0x55, 0x4b, 0xad,
    0x55, 0x2e, 0xb5, 0x38, 0x2a, 0x86, 0x4b, 0x80,

    /* U+526A "剪" */
    0x11, 0x1f, 0xfc, 0x0, 0x3e, 0xa4, 0x54, 0xfa,
    0x91, 0x30, 0x0, 0xff, 0xc2, 0xb, 0x86, 0x0,

    /* U+526F "副" */
    0xfe, 0x20, 0x15, 0xf2, 0xa2, 0x57, 0xca, 0x1,
    0x7f, 0xac, 0x95, 0xfe, 0x32, 0x47, 0xfb, 0x80,

    /* U+5272 "割" */
    0x10, 0x3f, 0xd6, 0x4a, 0xbe, 0x51, 0xa, 0xf9,
    0x44, 0x2f, 0xf5, 0x44, 0x28, 0x85, 0xf3, 0x80,

    /* U+527F "剿" */
    0x54, 0x35, 0x15, 0x52, 0xbe, 0x55, 0x4a, 0xf9,
    0x55, 0x2f, 0xf5, 0x38, 0x2a, 0x86, 0x4b, 0x80,

    /* U+5288 "劈" */
    0x78, 0x89, 0x7d, 0xe5, 0x23, 0xf7, 0x89, 0x57,
    0xce, 0x20, 0x0, 0x7f, 0xe1, 0x7, 0xc3, 0x80,

    /* U+529B "力" */
    0x4, 0x0, 0x81, 0xff, 0x82, 0x10, 0x42, 0x8,
    0x42, 0x8, 0x41, 0x10, 0x24, 0x7, 0x7, 0x0,

    /* U+529D "劝" */
    0x2, 0x1e, 0x40, 0x7f, 0xc9, 0x15, 0x22, 0xa4,
    0x48, 0x89, 0x11, 0x54, 0x2a, 0x86, 0x23, 0x0,

    /* U+529E "办" */
    0x8, 0x1, 0x1, 0xfe, 0x4, 0x44, 0x8c, 0x91,
    0x62, 0x28, 0x84, 0x10, 0x84, 0x13, 0xc, 0x0,

    /* U+529F "功" */
    0x2, 0x1e, 0x40, 0xbf, 0x91, 0x12, 0x22, 0x44,
    0x48, 0x89, 0x91, 0xc4, 0x20, 0x84, 0x23, 0x0,

    /* U+52A0 "加" */
    0x20, 0x4, 0x3f, 0xf4, 0x92, 0x92, 0x52, 0x4a,
    0x49, 0x49, 0x29, 0x45, 0x28, 0xa6, 0x67, 0x80,

    /* U+52A1 "务" */
    0x10, 0x3, 0xf0, 0x82, 0x68, 0x80, 0xe1, 0xe3,
    0xc2, 0x3, 0xfe, 0x8, 0x42, 0xb, 0x86, 0x0,

    /* U+52A3 "劣" */
    0x4, 0x4, 0x91, 0x11, 0x42, 0x50, 0x30, 0x38,
    0x39, 0x3, 0xff, 0x8, 0x26, 0x7, 0x7, 0x0,

    /* U+52A8 "动" */
    0x1, 0xf, 0x20, 0x1f, 0x80, 0x9f, 0x92, 0x42,
    0x50, 0x4a, 0x49, 0x9a, 0x3d, 0x44, 0x13, 0x0,

    /* U+52A9 "助" */
    0x79, 0x9, 0x21, 0x3f, 0xbc, 0x94, 0x92, 0x92,
    0x5e, 0x4a, 0x49, 0x4e, 0x3e, 0x44, 0x13, 0x0,

    /* U+52AA "努" */
    0x20, 0x1f, 0x7c, 0xa8, 0xa4, 0xa3, 0x9, 0x96,
    0xc1, 0x7, 0xff, 0x8, 0x26, 0x7, 0x7, 0x0,

    /* U+52AB "劫" */
    0x21, 0x4, 0x23, 0xef, 0x90, 0x92, 0x13, 0xfa,
    0x48, 0x4a, 0x49, 0x4a, 0x33, 0x47, 0x93, 0x0,

    /* U+52B1 "励" */
    0xfd, 0x10, 0x23, 0xef, 0xd0, 0x9a, 0x13, 0x7a,
    0x69, 0x4d, 0x29, 0xa5, 0x34, 0xc5, 0x33, 0x0,

    /* U+52B2 "劲" */
    0xf9, 0x1, 0x20, 0x5f, 0x90, 0x9d, 0x92, 0x2,
    0x7e, 0x49, 0x9, 0x22, 0x27, 0x47, 0x13, 0x0,

    /* U+52B3 "劳" */
    0x11, 0x1f, 0xfc, 0x44, 0x7f, 0xf8, 0x2, 0x10,
    0x1f, 0xf0, 0x42, 0x10, 0x44, 0xb, 0x6, 0x0,

    /* U+52BF "势" */
    0x21, 0x1f, 0x78, 0x85, 0x1a, 0xae, 0x24, 0x4a,
    0x51, 0xf, 0xfe, 0x8, 0x42, 0x9, 0x86, 0x0,

    /* U+52C3 "勃" */
    0x10, 0x9f, 0xd0, 0x47, 0xff, 0x58, 0x2a, 0xf9,
    0x42, 0x28, 0xf5, 0xf1, 0x22, 0x24, 0xc9, 0x80,

    /* U+52C7 "勇" */
    0x7f, 0x81, 0x21, 0xff, 0x22, 0x27, 0xfc, 0x88,
    0x91, 0x17, 0xff, 0x8, 0x26, 0x7, 0x7, 0x0,

    /* U+52C9 "勉" */
    0x20, 0x87, 0x11, 0x2f, 0xfe, 0x55, 0x4a, 0xa9,
    0x5f, 0x49, 0x49, 0x2a, 0x69, 0x2, 0x3f, 0x80,

    /* U+52CB "勋" */
    0xf9, 0x11, 0x23, 0xff, 0x80, 0x9f, 0x93, 0x12,
    0x6a, 0x4d, 0x49, 0x22, 0x2a, 0x46, 0x33, 0x0,

    /* U+52D2 "勒" */
    0x51, 0x1f, 0x21, 0x5f, 0xb8, 0x92, 0x13, 0xf2,
    0x6a, 0x4f, 0xc9, 0x22, 0x3f, 0x44, 0x93, 0x0,

    /* U+52D8 "勘" */
    0x49, 0x1f, 0xa1, 0x2f, 0xbc, 0x94, 0x92, 0xf2,
    0x52, 0x4f, 0xe9, 0x92, 0x35, 0x47, 0xf3, 0x0,

    /* U+52DF "募" */
    0x11, 0x1f, 0xfc, 0x44, 0x3f, 0xe4, 0x5, 0xff,
    0xc8, 0x22, 0x22, 0xbf, 0xa1, 0x11, 0xcc, 0x0,

    /* U+52E4 "勤" */
    0x49, 0x1f, 0xa1, 0x2f, 0xfe, 0x99, 0x53, 0xfa,
    0x44, 0x4f, 0xe9, 0x11, 0x23, 0xa7, 0x89, 0x80,

    /* U+52FA "勺" */
    0x20, 0x4, 0x0, 0xff, 0xa0, 0x18, 0x82, 0x8,
    0x40, 0x88, 0x11, 0x0, 0x20, 0x4, 0x3, 0x0,

    /* U+52FE "勾" */
    0x20, 0x7, 0xfc, 0x80, 0xa4, 0x18, 0x82, 0x20,
    0x44, 0x49, 0x9, 0x7e, 0xa0, 0x4, 0x3, 0x0,

    /* U+52FF "勿" */
    0x20, 0x4, 0x0, 0xff, 0xa4, 0x98, 0x92, 0x12,
    0x44, 0x48, 0x91, 0x22, 0x28, 0x84, 0x23, 0x0,

    /* U+5300 "匀" */
    0x20, 0x7, 0xfc, 0x80, 0xa0, 0x19, 0x82, 0xc,
    0x40, 0x8, 0x5, 0x7, 0x27, 0x4, 0x3, 0x0,

    /* U+5305 "包" */
    0x20, 0x7, 0xf9, 0x1, 0x5f, 0x22, 0x24, 0x44,
    0x8f, 0x91, 0xe, 0x20, 0x4, 0x4, 0x7f, 0x80,

    /* U+5306 "匆" */
    0x20, 0x4, 0x0, 0xff, 0xa4, 0x98, 0x92, 0x72,
    0x45, 0xc8, 0x95, 0x22, 0x28, 0x84, 0x23, 0x0,

    /* U+5308 "匈" */
    0x20, 0x7, 0xfd, 0x0, 0xd1, 0x15, 0x4a, 0x91,
    0x55, 0x2b, 0x15, 0x7f, 0xa0, 0x4, 0x3, 0x0,

    /* U+5316 "化" */
    0x22, 0x4, 0x41, 0x9, 0x21, 0x4c, 0x30, 0x8c,
    0x16, 0x82, 0x10, 0x42, 0x28, 0x45, 0x7, 0x80,

    /* U+5317 "北" */
    0x12, 0x2, 0x40, 0x48, 0xf9, 0x21, 0x38, 0x24,
    0x4, 0x81, 0x90, 0xd2, 0x22, 0x44, 0x47, 0x80,

    /* U+5319 "匙" */
    0xfa, 0x11, 0x43, 0xe8, 0xc5, 0x2f, 0xb8, 0x4,
    0x3e, 0x89, 0x11, 0xb9, 0xfc, 0x2, 0x7f, 0x80,

    /* U+531D "匝" */
    0xff, 0xf0, 0x42, 0x8, 0x4f, 0xe9, 0x25, 0x24,
    0xa4, 0x94, 0x96, 0x82, 0x10, 0x43, 0xff, 0x80,

    /* U+5320 "匠" */
    0xff, 0xf0, 0x2, 0x6, 0x4f, 0x9, 0x1, 0x20,
    0x27, 0xf4, 0x88, 0x91, 0x14, 0x23, 0xff, 0x80,

    /* U+5321 "匡" */
    0xff, 0xf0, 0x2, 0xff, 0xc1, 0x8, 0x21, 0x3f,
    0xa0, 0x84, 0x10, 0xbf, 0xf0, 0x3, 0xff, 0x80,

    /* U+5323 "匣" */
    0xff, 0xf0, 0x2, 0xff, 0x51, 0x2b, 0xfd, 0x44,
    0xa8, 0x95, 0xfe, 0x82, 0x10, 0x43, 0xff, 0x80,

    /* U+532A "匪" */
    0xff, 0xf0, 0x2, 0x24, 0x5c, 0xe8, 0x91, 0x73,
    0xa2, 0x44, 0x48, 0xb9, 0xd1, 0x23, 0xff, 0x80,

    /* U+5339 "匹" */
    0xff, 0xf1, 0x22, 0x24, 0x44, 0x88, 0x91, 0x22,
    0x64, 0x4d, 0xf, 0x80, 0x10, 0x3, 0xff, 0x80,

    /* U+533A "区" */
    0xff, 0xf0, 0x2, 0x41, 0x44, 0x48, 0x51, 0x4,
    0x21, 0x44, 0x44, 0x90, 0x50, 0x3, 0xff, 0x80,

    /* U+533B "医" */
    0xff, 0xf2, 0x2, 0x7f, 0x51, 0x8, 0x21, 0x7f,
    0xe1, 0x44, 0x44, 0xb0, 0x70, 0x3, 0xff, 0x80,

    /* U+533F "匿" */
    0xff, 0xf1, 0x12, 0xff, 0xc4, 0x48, 0x41, 0x7f,
    0xe2, 0x4, 0xfe, 0xa8, 0x51, 0xb, 0xff, 0x80,

    /* U+5341 "十" */
    0x4, 0x0, 0x80, 0x10, 0x2, 0xf, 0xfe, 0x8,
    0x1, 0x0, 0x20, 0x4, 0x0, 0x80, 0x10, 0x0,

    /* U+5343 "千" */
    0x3, 0xcf, 0x80, 0x10, 0x2, 0x0, 0x41, 0xff,
    0xc1, 0x0, 0x20, 0x4, 0x0, 0x80, 0x10, 0x0,

    /* U+5347 "升" */
    0xc, 0x8e, 0x10, 0x42, 0x8, 0x41, 0x9, 0xff,
    0xc4, 0x20, 0x84, 0x10, 0x84, 0x13, 0x2, 0x0,

    /* U+5348 "午" */
    0x40, 0xf, 0xf9, 0x10, 0x42, 0x0, 0x41, 0xff,
    0xc1, 0x0, 0x20, 0x4, 0x0, 0x80, 0x10, 0x0,

    /* U+5349 "卉" */
    0x4, 0x0, 0x81, 0xff, 0x2, 0x2, 0x48, 0x41,
    0x3f, 0xf9, 0x4, 0x20, 0x88, 0x12, 0x2, 0x0,

    /* U+534A "半" */
    0x4, 0x8, 0x88, 0x92, 0x2, 0x7, 0xfc, 0x8,
    0x1, 0x7, 0xff, 0x4, 0x0, 0x80, 0x10, 0x0,

    /* U+534E "华" */
    0x12, 0x4, 0x4d, 0x8e, 0x57, 0x2, 0x22, 0x43,
    0xc1, 0x7, 0xff, 0x4, 0x0, 0x80, 0x10, 0x0,

    /* U+534F "协" */
    0x44, 0x8, 0x81, 0x7e, 0x72, 0x44, 0x48, 0x99,
    0x95, 0x2a, 0x25, 0x48, 0x89, 0x11, 0x4c, 0x0,

    /* U+5351 "卑" */
    0x8, 0xf, 0xf9, 0x11, 0x3f, 0xe4, 0x44, 0xff,
    0x84, 0x81, 0x10, 0xff, 0xe0, 0x40, 0x8, 0x0,

    /* U+5352 "卒" */
    0x4, 0x1f, 0xfc, 0x44, 0x8, 0x82, 0xa8, 0x88,
    0x81, 0x7, 0xff, 0x4, 0x0, 0x80, 0x10, 0x0,

    /* U+5353 "卓" */
    0x4, 0x0, 0xfc, 0x10, 0x3f, 0xe4, 0x4, 0xff,
    0x90, 0x13, 0xfe, 0x4, 0x1f, 0xfc, 0x10, 0x0,

    /* U+5355 "单" */
    0x20, 0x82, 0x21, 0xff, 0x22, 0x27, 0xfc, 0x88,
    0x9f, 0xf0, 0x20, 0xff, 0xe0, 0x80, 0x10, 0x0,

    /* U+5356 "卖" */
    0x4, 0xf, 0xf8, 0x10, 0x7f, 0xf1, 0x22, 0x94,
    0x88, 0x87, 0xff, 0x5, 0x3, 0x13, 0x81, 0x80,

    /* U+5357 "南" */
    0x4, 0x1f, 0xfc, 0x10, 0x7f, 0xf9, 0x13, 0x14,
    0x6f, 0xec, 0x21, 0xbf, 0xb0, 0x86, 0x13, 0x80,

    /* U+535A "博" */
    0x41, 0x49, 0xfd, 0x4, 0x77, 0xf4, 0x92, 0x9f,
    0xd2, 0x4a, 0x2, 0x4f, 0xe8, 0x89, 0xb, 0x0,

    /* U+535C "卜" */
    0x82, 0x8, 0x20, 0xc2, 0xc8, 0xe0, 0x82, 0x8,
    0x0,

    /* U+535E "卞" */
    0x8, 0x0, 0x83, 0xff, 0x82, 0x0, 0x40, 0xa,
    0x1, 0x20, 0x22, 0x4, 0x0, 0x80, 0x10, 0x0,

    /* U+5360 "占" */
    0x8, 0x2, 0x0, 0xfc, 0x20, 0x8, 0x2, 0xf,
    0xfa, 0x2, 0x80, 0xa0, 0x2f, 0xf8,

    /* U+5361 "卡" */
    0x4, 0x0, 0x80, 0x1f, 0x2, 0x0, 0x41, 0xff,
    0xc1, 0x0, 0x28, 0x4, 0x80, 0x88, 0x10, 0x0,

    /* U+5362 "卢" */
    0x4, 0x0, 0xfc, 0x10, 0x3f, 0xe4, 0x4, 0x80,
    0x9f, 0xf2, 0x0, 0x40, 0x8, 0x2, 0x0, 0x0,

    /* U+5364 "卤" */
    0x8, 0x3, 0xf0, 0x83, 0xfe, 0x80, 0xa8, 0xa9,
    0x4a, 0x22, 0x94, 0xa8, 0xaf, 0xf8,

    /* U+5367 "卧" */
    0xfd, 0x12, 0x22, 0x44, 0x7e, 0x88, 0x59, 0xa,
    0xa1, 0x4f, 0xe8, 0x91, 0x12, 0x23, 0xf4, 0x0,

    /* U+536B "卫" */
    0x7f, 0xc1, 0x8, 0x21, 0x4, 0x20, 0x84, 0x10,
    0x82, 0x70, 0x40, 0x8, 0x1, 0x3, 0xff, 0x80,

    /* U+536F "卯" */
    0x18, 0x1c, 0x3e, 0x24, 0xc4, 0x98, 0x93, 0x12,
    0x62, 0x4c, 0xc9, 0xe9, 0x62, 0x21, 0x84, 0x0,

    /* U+5370 "印" */
    0x18, 0x1c, 0x7e, 0x8, 0xc1, 0x1f, 0xa3, 0x4,
    0x60, 0x8c, 0xd1, 0xe2, 0xe0, 0x40, 0x8, 0x0,

    /* U+5371 "危" */
    0x10, 0x3, 0xe0, 0x84, 0x3f, 0xfa, 0x0, 0x5f,
    0xa, 0x21, 0x4c, 0x48, 0x9, 0x6, 0x1f, 0x80,

    /* U+5373 "即" */
    0xfb, 0xf1, 0x46, 0x28, 0xfd, 0x18, 0xa3, 0x14,
    0x7e, 0x8c, 0x91, 0x92, 0x35, 0x5f, 0x28, 0x0,

    /* U+5374 "却" */
    0x10, 0x2, 0x3d, 0xf4, 0x88, 0x91, 0x13, 0xfa,
    0x48, 0x4a, 0x49, 0x49, 0x72, 0xa3, 0x94, 0x0,

    /* U+5375 "卵" */
    0x18, 0x1c, 0x3e, 0x24, 0xc4, 0x9a, 0x9b, 0x32,
    0xe2, 0x4c, 0xc9, 0xe9, 0x62, 0x21, 0x84, 0x0,

    /* U+5377 "卷" */
    0x24, 0x82, 0xa1, 0xff, 0x4, 0xf, 0xfe, 0x22,
    0xf, 0xe7, 0xb, 0x27, 0x4, 0x8, 0x7f, 0x0,

    /* U+5378 "卸" */
    0x40, 0xf, 0xbe, 0x44, 0x88, 0x9f, 0xd2, 0x22,
    0x57, 0x4a, 0x89, 0x51, 0x6b, 0xa3, 0x84, 0x0,

    /* U+537F "卿" */
    0x2e, 0xf9, 0x56, 0x3a, 0xd5, 0x5a, 0xab, 0x5d,
    0x6a, 0x2f, 0x55, 0x2a, 0xe9, 0xb2, 0x22, 0x0,

    /* U+5382 "厂" */
    0x3f, 0xe4, 0x0, 0x80, 0x10, 0x2, 0x0, 0x40,
    0x8, 0x1, 0x0, 0x40, 0x8, 0x2, 0x0, 0x0,

    /* U+5384 "厄" */
    0x7f, 0xe8, 0x1, 0x0, 0x27, 0xe4, 0x84, 0x90,
    0x92, 0x72, 0x40, 0x48, 0x29, 0x6, 0x1f, 0x80,

    /* U+5385 "厅" */
    0x7f, 0xe8, 0x1, 0x0, 0x2f, 0xf4, 0x10, 0x82,
    0x10, 0x42, 0x8, 0x41, 0x8, 0x22, 0x1c, 0x0,

    /* U+5386 "历" */
    0x7f, 0xe8, 0x1, 0x8, 0x21, 0x5, 0xfe, 0x84,
    0x50, 0x8a, 0x21, 0x44, 0x29, 0x6, 0xc3, 0x0,

    /* U+5389 "厉" */
    0x7f, 0xe8, 0x1, 0xff, 0xa4, 0x4, 0x80, 0x9f,
    0x92, 0x12, 0x42, 0x50, 0x4a, 0xa, 0x86, 0x0,

    /* U+538B "压" */
    0x7f, 0xe8, 0x1, 0x8, 0x21, 0x4, 0x20, 0xbf,
    0x90, 0x82, 0x14, 0x42, 0x48, 0x42, 0xff, 0x80,

    /* U+538C "厌" */
    0x7f, 0xe8, 0x1, 0xa, 0x21, 0x24, 0x20, 0xff,
    0xd0, 0x82, 0x28, 0x45, 0x9, 0x12, 0xc1, 0x80,

    /* U+5395 "厕" */
    0xff, 0xf0, 0x2, 0xf8, 0xd1, 0x5a, 0xab, 0x55,
    0x6a, 0xad, 0x55, 0x88, 0x32, 0x86, 0x8b, 0x80,

    /* U+5398 "厘" */
    0x7f, 0xe8, 0x1, 0x7f, 0x29, 0x25, 0xfc, 0xa4,
    0x97, 0xf2, 0x10, 0x5f, 0xc8, 0x42, 0xff, 0x80,

    /* U+539A "厚" */
    0x7f, 0xea, 0x9, 0x7f, 0x28, 0x25, 0xfc, 0x80,
    0x17, 0xf2, 0x4, 0x7f, 0xe8, 0x22, 0x1c, 0x0,

    /* U+539F "原" */
    0x7f, 0xe8, 0x41, 0x7f, 0x28, 0x25, 0xfc, 0xa0,
    0x97, 0xf2, 0x10, 0x52, 0x4a, 0x46, 0x98, 0x80,

    /* U+53A2 "厢" */
    0x7f, 0xe8, 0x1, 0x27, 0xa4, 0x97, 0xf2, 0x93,
    0xd7, 0x4a, 0xdf, 0x69, 0x29, 0x26, 0x27, 0x80,

    /* U+53A6 "厦" */
    0x7f, 0xe8, 0x1, 0xff, 0xa8, 0x25, 0xfc, 0xa0,
    0x97, 0xf2, 0x42, 0x74, 0x88, 0x62, 0xf3, 0x80,

    /* U+53A8 "厨" */
    0x7f, 0xe8, 0x1, 0xf9, 0x20, 0x25, 0xde, 0xa8,
    0x97, 0x52, 0x6, 0x54, 0x4a, 0xca, 0xe3, 0x0,

    /* U+53A9 "厩" */
    0x7f, 0xe8, 0x1, 0x77, 0xaa, 0x25, 0xd4, 0xaa,
    0x97, 0x7a, 0x82, 0x58, 0xca, 0xaa, 0x69, 0x80,

    /* U+53BB "去" */
    0x4, 0x0, 0x81, 0xff, 0x2, 0x0, 0x41, 0xff,
    0xc2, 0x0, 0x84, 0x10, 0x84, 0x69, 0xf1, 0x0,

    /* U+53BF "县" */
    0x3f, 0x84, 0x10, 0xfe, 0x10, 0x43, 0xf8, 0x41,
    0x8, 0x27, 0xff, 0x10, 0x4, 0x11, 0xfd, 0x0,

    /* U+53C1 "叁" */
    0x10, 0x4, 0x11, 0xfd, 0x4, 0xf, 0xfe, 0x22,
    0xf, 0xe6, 0x3, 0x3f, 0x80, 0x1, 0xff, 0x0,

    /* U+53C2 "参" */
    0x10, 0x4, 0x11, 0xfd, 0x4, 0xf, 0xfe, 0x22,
    0xb, 0x26, 0x1b, 0x3c, 0x0, 0x31, 0xf8, 0x0,

    /* U+53C8 "又" */
    0x7f, 0xc8, 0x9, 0x1, 0x10, 0x42, 0x8, 0x22,
    0x2, 0x80, 0x20, 0xa, 0x6, 0x33, 0x1, 0x80,

    /* U+53C9 "叉" */
    0x7f, 0xc8, 0x9, 0x21, 0x12, 0x42, 0x8, 0x22,
    0x2, 0x80, 0x20, 0xa, 0x6, 0x33, 0x1, 0x80,

    /* U+53CA "及" */
    0xff, 0x84, 0x10, 0x84, 0x11, 0x2, 0x3c, 0x60,
    0x8a, 0x21, 0x28, 0x42, 0x9, 0xb2, 0xc1, 0x80,

    /* U+53CB "友" */
    0x8, 0x1, 0x3, 0xff, 0x88, 0x1, 0x0, 0x3f,
    0x8a, 0x11, 0x24, 0x43, 0x9, 0x92, 0xc1, 0x80,

    /* U+53CC "双" */
    0xfb, 0xe1, 0x46, 0x28, 0xc5, 0x18, 0xa3, 0x14,
    0x54, 0x52, 0x8a, 0x20, 0x8a, 0x2a, 0x28, 0x80,

    /* U+53CD "反" */
    0x3, 0xcf, 0x81, 0x0, 0x20, 0x7, 0xfc, 0xa0,
    0x92, 0x22, 0x28, 0x42, 0x9, 0xb2, 0xc1, 0x80,

    /* U+53D1 "发" */
    0x49, 0x9, 0x12, 0x20, 0x7f, 0xf1, 0x0, 0x3f,
    0xa, 0x21, 0x28, 0x42, 0x9, 0xb2, 0xc1, 0x80,

    /* U+53D4 "叔" */
    0x20, 0x4, 0x7c, 0xe8, 0x91, 0x12, 0x23, 0xf4,
    0x48, 0x53, 0x4a, 0xa4, 0x84, 0x29, 0x98, 0x80,

    /* U+53D6 "取" */
    0xfc, 0x9, 0x7d, 0xe8, 0xa5, 0x14, 0xa2, 0xf4,
    0x52, 0x52, 0x4a, 0x5c, 0x9d, 0x28, 0x28, 0x80,

    /* U+53D7 "受" */
    0x1, 0xcf, 0xc0, 0x91, 0x9, 0x4f, 0xff, 0x0,
    0x6f, 0xe9, 0x4, 0x11, 0x1, 0xc3, 0xc7, 0x80,

    /* U+53D8 "变" */
    0x4, 0x1f, 0xfc, 0x44, 0x28, 0xa9, 0x12, 0x22,
    0x1f, 0xf1, 0x4, 0x11, 0x1, 0xc3, 0xc7, 0x80,

    /* U+53D9 "叙" */
    0x33, 0xe9, 0x46, 0x18, 0xbd, 0x11, 0x22, 0x24,
    0x7f, 0x50, 0x8a, 0x58, 0x92, 0xa8, 0xc8, 0x80,

    /* U+53DB "叛" */
    0xa8, 0x6e, 0x70, 0x88, 0x7d, 0x2, 0x3e, 0x44,
    0x7e, 0x89, 0x1a, 0x22, 0x88, 0xaa, 0x18, 0x80,

    /* U+53E0 "叠" */
    0x3f, 0x82, 0x20, 0x38, 0x7d, 0xf5, 0x14, 0x41,
    0x3f, 0xfd, 0x5, 0x3f, 0x84, 0x13, 0xff, 0x80,

    /* U+53E3 "口" */
    0xff, 0xc0, 0x60, 0x30, 0x18, 0xc, 0x6, 0x3,
    0x1, 0xff, 0x80,

    /* U+53E4 "古" */
    0x4, 0x0, 0x83, 0xff, 0x82, 0x0, 0x40, 0x8,
    0x1f, 0xf2, 0x2, 0x40, 0x48, 0x9, 0xff, 0x0,

    /* U+53E5 "句" */
    0x20, 0x7, 0xfc, 0x80, 0xa0, 0x1b, 0xf2, 0x42,
    0x48, 0x49, 0x9, 0x3f, 0x20, 0x4, 0x3, 0x0,

    /* U+53E6 "另" */
    0x7f, 0xc8, 0x9, 0x1, 0x3f, 0xe0, 0x81, 0xff,
    0xc2, 0x8, 0x41, 0x10, 0x24, 0x7, 0x7, 0x0,

    /* U+53EA "只" */
    0x7f, 0xc8, 0x9, 0x1, 0x20, 0x24, 0x4, 0xff,
    0x80, 0x0, 0x0, 0x20, 0x88, 0xa, 0x0, 0x80,

    /* U+53EB "叫" */
    0x0, 0x3e, 0x46, 0x48, 0xc9, 0x19, 0x23, 0x24,
    0x64, 0x8c, 0x97, 0xf3, 0x20, 0x4, 0x0, 0x80,

    /* U+53EC "召" */
    0xff, 0xe0, 0x84, 0x20, 0x98, 0x1c, 0x1c, 0x0,
    0x1f, 0xf2, 0x2, 0x40, 0x48, 0x9, 0xff, 0x0,

    /* U+53ED "叭" */
    0x4, 0x9c, 0x92, 0x92, 0x52, 0x4a, 0x49, 0x49,
    0x29, 0x25, 0x42, 0xe8, 0x41, 0x8, 0x40, 0x80,

    /* U+53EE "叮" */
    0x7, 0xfe, 0x12, 0x42, 0x48, 0x49, 0x9, 0x21,
    0x24, 0x24, 0x84, 0xf0, 0x80, 0x10, 0xe, 0x0,

    /* U+53EF "可" */
    0xff, 0xe0, 0x8, 0x1, 0x1f, 0x22, 0x24, 0x44,
    0x88, 0x91, 0xf2, 0x0, 0x40, 0x8, 0x7, 0x0,

    /* U+53F0 "台" */
    0x8, 0x2, 0x0, 0x82, 0x20, 0x2f, 0xfa, 0x0,
    0x5f, 0xf2, 0x2, 0x40, 0x48, 0x9, 0xff, 0x0,

    /* U+53F2 "史" */
    0x4, 0xf, 0xf9, 0x11, 0x22, 0x24, 0x44, 0xff,
    0x81, 0x1, 0x40, 0x18, 0x4, 0xc3, 0x7, 0x80,

    /* U+53F3 "右" */
    0x8, 0x1, 0x3, 0xff, 0x88, 0x1, 0x0, 0x40,
    0xf, 0xf3, 0x2, 0xa0, 0x44, 0x8, 0xff, 0x0,

    /* U+53F6 "叶" */
    0x1, 0x1e, 0x22, 0x44, 0x48, 0x89, 0xff, 0x22,
    0x24, 0x44, 0x88, 0xf1, 0x0, 0x20, 0x4, 0x0,

    /* U+53F7 "号" */
    0x3f, 0x84, 0x10, 0x82, 0x1f, 0xc0, 0x1, 0xff,
    0xc4, 0x0, 0xfc, 0x0, 0x80, 0x10, 0x1c, 0x0,

    /* U+53F8 "司" */
    0xff, 0xe0, 0x7, 0xfe, 0x80, 0x17, 0xf2, 0x82,
    0x50, 0x4a, 0x9, 0x7f, 0x20, 0x4, 0x3, 0x80,

    /* U+53F9 "叹" */
    0xf, 0xfd, 0x6, 0xa0, 0xd4, 0x1a, 0x45, 0x48,
    0xa9, 0x15, 0x14, 0xe1, 0x0, 0x50, 0x31, 0x80,

    /* U+53FC "叼" */
    0xf, 0xfc, 0x6, 0x80, 0xd0, 0x5a, 0x13, 0x44,
    0x69, 0xd, 0xc1, 0xe0, 0x20, 0x4, 0x3, 0x0,

    /* U+5401 "吁" */
    0x7, 0xdc, 0x22, 0x84, 0x50, 0x8a, 0x11, 0x5f,
    0xe8, 0x45, 0x8, 0xe1, 0x0, 0x20, 0x1c, 0x0,

    /* U+5403 "吃" */
    0x4, 0x1c, 0xfe, 0xa0, 0x58, 0xa, 0xfd, 0x41,
    0x28, 0x45, 0x10, 0xe4, 0x1, 0x4, 0x1f, 0x80,

    /* U+5404 "各" */
    0x10, 0x3, 0xf0, 0x82, 0x28, 0x80, 0xe0, 0x63,
    0x30, 0x19, 0xfc, 0x20, 0x84, 0x10, 0xfe, 0x0,

    /* U+5408 "合" */
    0x4, 0x1, 0x40, 0xc6, 0x60, 0x33, 0xf8, 0x0,
    0x1f, 0xf2, 0x2, 0x40, 0x48, 0x9, 0xff, 0x0,

    /* U+5409 "吉" */
    0x4, 0x0, 0x83, 0xff, 0x82, 0x0, 0x40, 0xff,
    0x80, 0x3, 0xfe, 0x40, 0x48, 0x9, 0xff, 0x0,

    /* U+540A "吊" */
    0x7f, 0xc8, 0x9, 0x1, 0x3f, 0xe0, 0x41, 0xff,
    0xe1, 0xc, 0x21, 0x84, 0x30, 0x8c, 0x10, 0x0,

    /* U+540C "同" */
    0xff, 0xf0, 0x6, 0xfe, 0xc0, 0x19, 0xf3, 0x22,
    0x64, 0x4c, 0x89, 0x9f, 0x30, 0x6, 0x3, 0x80,

    /* U+540D "名" */
    0x8, 0x1, 0xf8, 0x41, 0x34, 0x40, 0x50, 0x4,
    0x7, 0xff, 0x81, 0x10, 0x22, 0x4, 0x7f, 0x80,

    /* U+540E "后" */
    0x3, 0xcf, 0x81, 0x0, 0x20, 0x7, 0xfe, 0x80,
    0x17, 0xf2, 0x82, 0x50, 0x4a, 0xa, 0x7f, 0x0,

    /* U+540F "吏" */
    0x4, 0x1f, 0xfc, 0x10, 0x3f, 0xe4, 0x44, 0x88,
    0x9f, 0xf2, 0x20, 0x24, 0x3, 0x3, 0x9f, 0x80,

    /* U+5410 "吐" */
    0x1, 0x1e, 0x22, 0x44, 0x48, 0x89, 0x7d, 0x22,
    0x24, 0x44, 0x88, 0xf1, 0x0, 0x20, 0x3f, 0x80,

    /* U+5411 "向" */
    0x8, 0x2, 0x3, 0xff, 0xc0, 0x19, 0xf3, 0x22,
    0x64, 0x4c, 0x89, 0x9f, 0x30, 0x6, 0x3, 0x80,

    /* U+5413 "吓" */
    0xf, 0xfe, 0x22, 0x44, 0x48, 0x89, 0x19, 0x22,
    0xa4, 0x4c, 0x88, 0xf1, 0x0, 0x20, 0x4, 0x0,

    /* U+5415 "吕" */
    0x7f, 0x20, 0x90, 0x48, 0x27, 0xf0, 0x3, 0xff,
    0x1, 0x80, 0xc0, 0x7f, 0xe0,

    /* U+5417 "吗" */
    0xf, 0xdc, 0xa, 0x91, 0x52, 0x2a, 0x45, 0x4f,
    0xe8, 0xd, 0x1, 0xef, 0xa0, 0x4, 0x7, 0x0,

    /* U+541B "君" */
    0x7f, 0xc0, 0x8b, 0xff, 0x84, 0x27, 0xfc, 0x20,
    0x8, 0x3, 0xfe, 0xa0, 0x44, 0x8, 0xff, 0x0,

    /* U+541D "吝" */
    0x4, 0x1f, 0xfc, 0x82, 0x8, 0x80, 0xe0, 0x63,
    0x30, 0x19, 0xfc, 0x20, 0x84, 0x10, 0xfe, 0x0,

    /* U+541E "吞" */
    0x7f, 0xc0, 0x80, 0x10, 0x7f, 0xf1, 0x10, 0x41,
    0x1f, 0xf5, 0x5, 0x20, 0x84, 0x10, 0xfe, 0x0,

    /* U+541F "吟" */
    0x1, 0x1c, 0x52, 0x91, 0x5c, 0x1a, 0x11, 0x41,
    0x2b, 0xfd, 0x1, 0xe0, 0x40, 0x10, 0x4, 0x0,

    /* U+5420 "吠" */
    0x1, 0x5c, 0x26, 0x84, 0x57, 0xfa, 0x11, 0x45,
    0x28, 0xa5, 0x14, 0xe4, 0x40, 0x88, 0x20, 0x80,

    /* U+5426 "否" */
    0xff, 0xe0, 0x40, 0x30, 0x1a, 0xcc, 0x46, 0x8,
    0x0, 0x3, 0xfe, 0x40, 0x48, 0x9, 0xff, 0x0,

    /* U+5427 "吧" */
    0xf, 0xfd, 0x26, 0xa4, 0xd4, 0x9a, 0x93, 0x5f,
    0xea, 0x5, 0x40, 0xe8, 0x21, 0x4, 0x1f, 0x80,

    /* U+5428 "吨" */
    0x1, 0x1d, 0xfe, 0x84, 0x54, 0x9a, 0x93, 0x52,
    0x6b, 0xfd, 0x8, 0xe1, 0x0, 0x24, 0x3, 0x80,

    /* U+5429 "吩" */
    0x4, 0x9c, 0x92, 0xa1, 0x54, 0x2b, 0x3, 0x5f,
    0xa9, 0x15, 0x22, 0xe8, 0x41, 0x8, 0x46, 0x0,

    /* U+542B "含" */
    0xe, 0x6, 0x33, 0x11, 0x81, 0x7, 0xfc, 0x1,
    0x0, 0x43, 0xfe, 0x40, 0x48, 0x9, 0xff, 0x0,

    /* U+542C "听" */
    0x0, 0xdd, 0xe2, 0xa0, 0x54, 0xa, 0xff, 0x51,
    0x2a, 0x25, 0x44, 0xe8, 0x81, 0x10, 0x42, 0x0,

    /* U+542D "吭" */
    0x2, 0x1c, 0x22, 0xff, 0xd0, 0xa, 0x79, 0x49,
    0x29, 0x25, 0x24, 0xe4, 0xa1, 0x14, 0x43, 0x80,

    /* U+542E "吮" */
    0x2, 0x1c, 0x42, 0x91, 0x54, 0x2b, 0xfb, 0x49,
    0x29, 0x25, 0x24, 0xe4, 0xa1, 0x14, 0x43, 0x80,

    /* U+542F "启" */
    0x2, 0x7, 0xfc, 0x80, 0x90, 0x13, 0xfe, 0x40,
    0xf, 0xf9, 0x81, 0x50, 0x2a, 0x6, 0x7f, 0x80,

    /* U+5431 "吱" */
    0x1, 0x1c, 0x22, 0xff, 0xd0, 0x8a, 0x11, 0x5f,
    0xaa, 0x15, 0x42, 0xe4, 0x80, 0x60, 0x73, 0x80,

    /* U+5434 "吴" */
    0x7f, 0xc8, 0x9, 0x1, 0x3f, 0xe0, 0x0, 0xff,
    0x81, 0x7, 0xff, 0xa, 0x6, 0x33, 0x1, 0x80,

    /* U+5435 "吵" */
    0x1, 0x1c, 0x22, 0xa5, 0x54, 0x9a, 0x93, 0x62,
    0x28, 0x4d, 0x2, 0xe0, 0x80, 0x60, 0x30, 0x0,

    /* U+5438 "吸" */
    0xf, 0xdc, 0x8a, 0x91, 0x52, 0x4a, 0x4f, 0x48,
    0x69, 0x8d, 0x2a, 0xe8, 0x81, 0x28, 0x58, 0x80,

    /* U+5439 "吹" */
    0x4, 0x1c, 0x82, 0x9f, 0xd4, 0x1b, 0x15, 0x42,
    0x28, 0x45, 0x14, 0xe2, 0x80, 0x88, 0x60, 0x80,

    /* U+543B "吻" */
    0x4, 0x1c, 0x82, 0x9f, 0xd5, 0x5b, 0x2b, 0x45,
    0x69, 0x2d, 0x29, 0xe9, 0x20, 0x44, 0x13, 0x0,

    /* U+543C "吼" */
    0x1e, 0x9c, 0x52, 0x92, 0x52, 0x4a, 0x49, 0x4d,
    0x2f, 0x25, 0x24, 0xe4, 0xa0, 0x94, 0x73, 0x80,

    /* U+543E "吾" */
    0x7f, 0xc1, 0x1, 0xfe, 0x8, 0x41, 0x9, 0xff,
    0xc0, 0x3, 0xfe, 0x40, 0x48, 0x9, 0xff, 0x0,

    /* U+5440 "呀" */
    0xf, 0xfc, 0x8a, 0x91, 0x54, 0x2a, 0xff, 0x42,
    0xa8, 0x55, 0x12, 0xe4, 0x43, 0x8, 0x3, 0x0,

    /* U+5446 "呆" */
    0x7f, 0xc8, 0x9, 0x1, 0x3f, 0xe0, 0x40, 0x8,
    0x3f, 0xf8, 0xa8, 0x24, 0x98, 0x8c, 0x10, 0x0,

    /* U+5448 "呈" */
    0x7f, 0xc8, 0x9, 0x1, 0x3f, 0xe0, 0x1, 0xff,
    0xc1, 0x3, 0xfe, 0x4, 0x0, 0x83, 0xff, 0x80,

    /* U+544A "告" */
    0x44, 0xf, 0xfa, 0x10, 0x2, 0xf, 0xfe, 0x0,
    0x1f, 0xf2, 0x2, 0x40, 0x48, 0x9, 0xff, 0x0,

    /* U+5450 "呐" */
    0x1, 0x1c, 0x22, 0xbf, 0xd4, 0x9a, 0x93, 0x55,
    0x6a, 0xad, 0x63, 0xe8, 0x21, 0x4, 0x21, 0x80,

    /* U+5455 "呕" */
    0xf, 0xfd, 0x2, 0xa9, 0x54, 0xaa, 0x95, 0x51,
    0x2a, 0x25, 0x4a, 0xea, 0x41, 0x0, 0x3f, 0x80,

    /* U+5458 "员" */
    0x3f, 0x84, 0x10, 0xfe, 0x0, 0x7, 0xfc, 0x80,
    0x91, 0x12, 0x22, 0xa, 0x6, 0x33, 0x1, 0x80,

    /* U+545B "呛" */
    0x1, 0x1c, 0x52, 0x91, 0x5c, 0x1a, 0x7d, 0x48,
    0xa9, 0x15, 0x2e, 0xe4, 0x0, 0x84, 0xf, 0x80,

    /* U+545C "呜" */
    0x1, 0x1e, 0xfa, 0x51, 0x4a, 0x29, 0x4d, 0x28,
    0x25, 0xfc, 0x81, 0xf7, 0xa0, 0x4, 0x7, 0x0,

    /* U+5462 "呢" */
    0xf, 0xfd, 0x6, 0xa0, 0xd7, 0xfa, 0x81, 0x54,
    0x2a, 0x9d, 0x5c, 0xea, 0x1, 0x44, 0x47, 0x80,

    /* U+5468 "周" */
    0x3f, 0xe4, 0x44, 0xbe, 0x91, 0x12, 0xfa, 0x40,
    0x4b, 0xe9, 0x45, 0x4f, 0xa8, 0x6, 0x3, 0x80,

    /* U+5473 "味" */
    0x1, 0x1c, 0x22, 0xbf, 0x50, 0x8a, 0x11, 0x7f,
    0xe8, 0x45, 0x1c, 0xe5, 0x43, 0x24, 0x4, 0x0,

    /* U+5475 "呵" */
    0x1f, 0xfc, 0xa, 0x81, 0x57, 0xaa, 0x95, 0x52,
    0xaa, 0x55, 0x7a, 0xe0, 0x40, 0x8, 0x7, 0x0,

    /* U+5478 "呸" */
    0xf, 0xfc, 0x12, 0x84, 0x50, 0x8a, 0x35, 0x4a,
    0x6a, 0x4d, 0x8, 0xe1, 0x0, 0x0, 0x3f, 0x80,

    /* U+547B "呻" */
    0x1, 0x1c, 0x22, 0xbf, 0xd4, 0x9a, 0x93, 0x5f,
    0xea, 0x4d, 0x49, 0xef, 0xe0, 0x20, 0x4, 0x0,

    /* U+547C "呼" */
    0x0, 0xfd, 0xe2, 0x84, 0x54, 0x9a, 0x55, 0x42,
    0x2b, 0xfd, 0x8, 0xe1, 0x0, 0x20, 0x1c, 0x0,

    /* U+547D "命" */
    0x4, 0x1, 0x40, 0xc6, 0x6f, 0xb0, 0x0, 0xf7,
    0x92, 0x92, 0x52, 0x4a, 0x4f, 0x58, 0x8, 0x0,

    /* U+5480 "咀" */
    0xf, 0xdd, 0xa, 0xa1, 0x57, 0xea, 0x85, 0x50,
    0xab, 0xf5, 0x42, 0xe8, 0x41, 0x8, 0x7f, 0x80,

    /* U+5486 "咆" */
    0x8, 0x1d, 0xfa, 0xc1, 0x57, 0xaa, 0x95, 0x52,
    0xab, 0xd5, 0x46, 0xe8, 0x1, 0x4, 0x1f, 0x80,

    /* U+548B "咋" */
    0x4, 0x1c, 0x82, 0x9f, 0xd5, 0xb, 0x21, 0x47,
    0xe8, 0x85, 0x10, 0xe3, 0xe0, 0x40, 0x8, 0x0,

    /* U+548C "和" */
    0xc, 0xe, 0x3c, 0x44, 0x88, 0x9f, 0xd2, 0x22,
    0x4c, 0x4a, 0xc9, 0x95, 0x22, 0x3c, 0x40, 0x0,

    /* U+548E "咎" */
    0x20, 0x87, 0x91, 0x13, 0x54, 0x51, 0x8, 0x5f,
    0xf0, 0x3, 0xfe, 0x40, 0x48, 0x9, 0xff, 0x0,

    /* U+548F "咏" */
    0x3, 0x1c, 0x12, 0xbc, 0x50, 0x9b, 0xdb, 0x4b,
    0x69, 0x55, 0x4a, 0xe9, 0x22, 0x24, 0xc, 0x0,

    /* U+5490 "咐" */
    0x4, 0x5c, 0x8a, 0xaf, 0xd4, 0x2b, 0x85, 0x54,
    0xaa, 0x55, 0x4a, 0xe8, 0x41, 0x8, 0x23, 0x0,

    /* U+5492 "咒" */
    0x7b, 0xc9, 0x49, 0x29, 0x3d, 0xe0, 0x0, 0x3e,
    0x4, 0x40, 0x88, 0x11, 0x24, 0x27, 0x7, 0x80,

    /* U+5495 "咕" */
    0x1, 0x1c, 0x22, 0xff, 0xd0, 0x8a, 0x11, 0x42,
    0x2b, 0xf5, 0x42, 0xe8, 0x41, 0x8, 0x3f, 0x0,

    /* U+5496 "咖" */
    0x8, 0x1d, 0x1e, 0xfa, 0xd5, 0x5a, 0xab, 0x55,
    0x6a, 0xad, 0x55, 0xea, 0xa1, 0x54, 0x5b, 0x80,

    /* U+5499 "咙" */
    0x4, 0x9c, 0x8a, 0xff, 0xd2, 0x8a, 0x51, 0x4a,
    0x69, 0x55, 0x2c, 0xe9, 0x21, 0x64, 0x53, 0x80,

    /* U+54A8 "咨" */
    0x4, 0x1c, 0xfc, 0x24, 0x84, 0xa2, 0x30, 0x89,
    0x22, 0x19, 0xfc, 0x20, 0x84, 0x10, 0xfe, 0x0,

    /* U+54AC "咬" */
    0x1, 0x1d, 0xfe, 0x80, 0x52, 0x2a, 0x83, 0x68,
    0xa9, 0x15, 0x14, 0xe1, 0x0, 0x50, 0x31, 0x80,

    /* U+54AF "咯" */
    0x4, 0x1c, 0xfa, 0xa1, 0x5a, 0x4a, 0x31, 0x49,
    0x2e, 0x1d, 0x7e, 0xe8, 0x41, 0x8, 0x3f, 0x0,

    /* U+54B1 "咱" */
    0x1, 0x1c, 0x42, 0xbf, 0xd4, 0x1a, 0xff, 0x50,
    0x6a, 0xd, 0x7f, 0xe8, 0x21, 0x4, 0x3f, 0x80,

    /* U+54B3 "咳" */
    0x1, 0x1d, 0xfe, 0x88, 0x52, 0x2a, 0xf9, 0x42,
    0x28, 0x8d, 0x62, 0xe0, 0x80, 0x68, 0x30, 0x80,

    /* U+54B8 "咸" */
    0x1, 0x40, 0x25, 0xff, 0xa0, 0x85, 0xd2, 0x82,
    0x57, 0x52, 0xa4, 0x5c, 0xa8, 0x2e, 0x18, 0x80,

    /* U+54BD "咽" */
    0xf, 0xfd, 0x6, 0xa4, 0xd4, 0x9a, 0xff, 0x52,
    0x6a, 0xad, 0x55, 0xec, 0x61, 0x4, 0x3f, 0x80,

    /* U+54C0 "哀" */
    0x4, 0x1f, 0xfc, 0x0, 0x1f, 0xc2, 0x8, 0x41,
    0xf, 0xe0, 0x91, 0xe1, 0x45, 0x90, 0xc1, 0x80,

    /* U+54C1 "品" */
    0x3f, 0x84, 0x10, 0x82, 0x10, 0x43, 0xf8, 0x0,
    0x3e, 0xfc, 0x51, 0x8a, 0x31, 0x47, 0xef, 0x80,

    /* U+54C4 "哄" */
    0x4, 0x9c, 0x92, 0xff, 0xd2, 0x4a, 0x49, 0x49,
    0x2f, 0xfd, 0x0, 0xe4, 0x81, 0x8, 0x40, 0x80,

    /* U+54C6 "哆" */
    0x1, 0x1c, 0x7e, 0xb0, 0xd1, 0x2a, 0x19, 0x5c,
    0x28, 0xfd, 0x61, 0xe2, 0x40, 0x30, 0x38, 0x0,

    /* U+54C7 "哇" */
    0x1, 0x1c, 0xfa, 0x84, 0x50, 0x8a, 0xff, 0x40,
    0x28, 0x45, 0x3e, 0xe1, 0x0, 0x20, 0x3f, 0x80,

    /* U+54C8 "哈" */
    0x1, 0x1c, 0x52, 0x91, 0x5c, 0x1a, 0x7d, 0x40,
    0x2b, 0xfd, 0x41, 0xe8, 0x21, 0x4, 0x3f, 0x80,

    /* U+54C9 "哉" */
    0x11, 0xf, 0xa8, 0x44, 0x88, 0x8f, 0xfe, 0x2,
    0x1f, 0x52, 0x24, 0x44, 0xaf, 0xac, 0x8, 0x80,

    /* U+54CD "响" */
    0x1, 0x1c, 0x42, 0xbf, 0xd4, 0x1a, 0xbb, 0x55,
    0x6a, 0xad, 0x55, 0xeb, 0xa1, 0x4, 0x21, 0x80,

    /* U+54CE "哎" */
    0x4, 0x5d, 0xfe, 0x91, 0x50, 0xa, 0x45, 0x48,
    0xa8, 0xa5, 0x14, 0xe1, 0x0, 0x50, 0x31, 0x80,

    /* U+54D1 "哑" */
    0xf, 0xfc, 0x52, 0x8a, 0x51, 0x4a, 0x29, 0x55,
    0x69, 0xb5, 0x14, 0xe2, 0x80, 0x50, 0x3f, 0x80,

    /* U+54D7 "哗" */
    0x2, 0x9c, 0x56, 0x93, 0x56, 0xca, 0x4b, 0x49,
    0xe8, 0x45, 0x7f, 0xe1, 0x0, 0x20, 0x4, 0x0,

    /* U+54DF "哟" */
    0x5, 0x1c, 0xa2, 0xa7, 0xd5, 0x1a, 0xc3, 0x4a,
    0x6a, 0x2d, 0x75, 0xe0, 0x20, 0x44, 0x33, 0x0,

    /* U+54E5 "哥" */
    0xff, 0xe4, 0x48, 0x89, 0x1f, 0x20, 0x5, 0xff,
    0xc8, 0x91, 0x12, 0x3e, 0x40, 0x8, 0x7, 0x0,

    /* U+54E6 "哦" */
    0x2, 0xdd, 0x96, 0x92, 0x5f, 0xfa, 0x49, 0x49,
    0x69, 0xad, 0xe2, 0xe4, 0x40, 0x94, 0x34, 0x80,

    /* U+54E8 "哨" */
    0x9, 0x3c, 0xaa, 0x84, 0x57, 0xfa, 0x83, 0x5f,
    0xea, 0xd, 0x7f, 0xe8, 0x21, 0x4, 0x21, 0x80,

    /* U+54E9 "哩" */
    0xf, 0xfd, 0x26, 0xa4, 0xd7, 0xfa, 0x93, 0x52,
    0x6b, 0xfd, 0x8, 0xef, 0xe0, 0x20, 0x7f, 0x80,

    /* U+54EA "哪" */
    0x1e, 0xfd, 0x56, 0xaa, 0xdf, 0x5a, 0xad, 0x55,
    0x6f, 0xad, 0x55, 0xea, 0xe2, 0x50, 0x9a, 0x0,

    /* U+54ED "哭" */
    0x7b, 0xc9, 0x49, 0x29, 0x3d, 0xe0, 0x48, 0x8,
    0xbf, 0xf8, 0x20, 0xa, 0x6, 0x33, 0x1, 0x80,

    /* U+54EE "哮" */
    0x2, 0x3d, 0xea, 0x8a, 0x5f, 0xfa, 0x21, 0x4f,
    0x2e, 0x25, 0x8, 0xef, 0xe0, 0x20, 0xc, 0x0,

    /* U+54F2 "哲" */
    0x20, 0xde, 0xe0, 0x90, 0x7b, 0xf2, 0x48, 0xd1,
    0x0, 0x3, 0xfe, 0x40, 0x48, 0x9, 0xff, 0x0,

    /* U+54FA "哺" */
    0x1, 0x5d, 0xfe, 0x84, 0x57, 0xfa, 0x93, 0x5f,
    0xea, 0x4d, 0x7f, 0xe9, 0x21, 0x24, 0x25, 0x80,

    /* U+54FC "哼" */
    0x1, 0x1d, 0xfe, 0x91, 0x52, 0x2a, 0x7d, 0x40,
    0x29, 0xf5, 0x4, 0xe1, 0x0, 0x20, 0xc, 0x0,

    /* U+5501 "唁" */
    0x2, 0x1c, 0x22, 0xff, 0xd0, 0xa, 0xfd, 0x40,
    0x2b, 0xf5, 0x0, 0xef, 0xc1, 0x8, 0x3f, 0x0,

    /* U+5506 "唆" */
    0x2, 0x5c, 0x8a, 0xff, 0xd1, 0x4a, 0x2b, 0x58,
    0xe8, 0xf5, 0x62, 0xa4, 0x9c, 0x70, 0x71, 0x80,

    /* U+5507 "唇" */
    0x7f, 0xe8, 0x1, 0x7f, 0x20, 0x7, 0xfe, 0xa2,
    0x95, 0x22, 0xc3, 0x5f, 0xca, 0xa, 0x7f, 0x0,

    /* U+5509 "唉" */
    0x2, 0x1c, 0x8a, 0xbe, 0xd2, 0xa, 0x7d, 0x52,
    0x28, 0x45, 0x7f, 0xe2, 0x80, 0x88, 0x20, 0x80,

    /* U+5510 "唐" */
    0x2, 0xf, 0xfd, 0x8, 0x2f, 0xe4, 0x24, 0xff,
    0xd0, 0x92, 0xfe, 0x50, 0x4a, 0xa, 0x7f, 0x0,

    /* U+5524 "唤" */
    0x2, 0x1c, 0x72, 0x92, 0x57, 0xea, 0x95, 0x52,
    0xaa, 0x55, 0xff, 0xe2, 0x80, 0x88, 0x60, 0x80,

    /* U+552C "唬" */
    0x1, 0xdc, 0x22, 0xbf, 0xd4, 0x9a, 0x9d, 0x5e,
    0x6a, 0x7d, 0x40, 0xeb, 0x81, 0x54, 0x53, 0x80,

    /* U+552E "售" */
    0x22, 0xf, 0xff, 0x8, 0x3f, 0xe4, 0x20, 0xff,
    0x90, 0x83, 0xff, 0x40, 0x48, 0x9, 0xff, 0x0,

    /* U+552F "唯" */
    0x5, 0x1c, 0x92, 0xbf, 0xdc, 0x4a, 0xff, 0x51,
    0x2a, 0x25, 0x7f, 0xe8, 0x81, 0x10, 0x3f, 0x80,

    /* U+5531 "唱" */
    0x7, 0xdc, 0x8a, 0x9f, 0x52, 0x2a, 0x7d, 0x40,
    0x2b, 0xfd, 0x41, 0xef, 0xe1, 0x4, 0x3f, 0x80,

    /* U+553E "唾" */
    0x0, 0xdc, 0xe2, 0x84, 0x57, 0xfa, 0x55, 0x5f,
    0xe9, 0x55, 0x2a, 0xef, 0xe0, 0x20, 0x1f, 0x0,

    /* U+5543 "啃" */
    0x1, 0x1d, 0x3a, 0xa4, 0x5f, 0xfa, 0x1, 0x5f,
    0xaa, 0x15, 0x7e, 0xe8, 0x41, 0xf8, 0x21, 0x0,

    /* U+5544 "啄" */
    0xf, 0xfc, 0x22, 0x98, 0xdc, 0xaa, 0x99, 0x4d,
    0x2f, 0x35, 0x2d, 0xe6, 0xa3, 0x10, 0xc, 0x0,

    /* U+5546 "商" */
    0x4, 0x1f, 0xfc, 0x82, 0x8, 0x8f, 0xff, 0x22,
    0x68, 0x2e, 0xfb, 0x91, 0x33, 0xe6, 0x1, 0x80,

    /* U+554A "啊" */
    0xe, 0xfd, 0x46, 0xa8, 0xd5, 0x7a, 0xcb, 0x55,
    0x6a, 0xad, 0x57, 0xee, 0x21, 0x4, 0x21, 0x80,

    /* U+5561 "啡" */
    0x2, 0x9c, 0x52, 0xbb, 0xd1, 0x4a, 0x29, 0x5d,
    0xe8, 0xa5, 0x14, 0xee, 0xe0, 0x50, 0xa, 0x0,

    /* U+5564 "啤" */
    0x2, 0x1d, 0xfe, 0xa4, 0xd7, 0xfa, 0x93, 0x5f,
    0xe8, 0xa5, 0x24, 0xef, 0xe0, 0x10, 0x2, 0x0,

    /* U+5565 "啥" */
    0x3, 0x1c, 0x92, 0xe1, 0xd3, 0xca, 0x11, 0x7f,
    0xe8, 0x45, 0x7e, 0xe8, 0x41, 0x8, 0x3f, 0x0,

    /* U+5566 "啦" */
    0x9, 0x1d, 0x12, 0xff, 0xd4, 0xa, 0xa3, 0x5a,
    0x6e, 0x4d, 0x49, 0xe9, 0x41, 0x8, 0x6f, 0x80,

    /* U+556A "啪" */
    0x4, 0x5c, 0x92, 0xff, 0xd2, 0x9a, 0x53, 0x4a,
    0x69, 0xfd, 0xe9, 0xa5, 0x3c, 0xa4, 0x37, 0x80,

    /* U+556E "啮" */
    0x1, 0x1d, 0x3e, 0xa4, 0x54, 0x8b, 0xff, 0x40,
    0x2a, 0x4d, 0x49, 0xea, 0xa1, 0x8c, 0x3f, 0x80,

    /* U+5578 "啸" */
    0x1, 0x1d, 0xfe, 0x84, 0xdf, 0xfa, 0x13, 0x5f,
    0xe8, 0x45, 0x5d, 0xed, 0x61, 0x24, 0x44, 0x80,

    /* U+557C "啼" */
    0x1, 0x1d, 0xfe, 0x91, 0x51, 0x4a, 0xff, 0x52,
    0x69, 0xf5, 0x2a, 0xe5, 0x40, 0xb8, 0x4, 0x0,

    /* U+5580 "喀" */
    0x1, 0x1d, 0xfe, 0xa8, 0xd1, 0xea, 0xc5, 0x47,
    0x2f, 0x1d, 0x3e, 0xe4, 0x40, 0x88, 0x1f, 0x0,

    /* U+5582 "喂" */
    0xf, 0xfd, 0x26, 0xbf, 0xd4, 0x9a, 0xff, 0x40,
    0x2f, 0xfd, 0x48, 0xe8, 0xa1, 0x48, 0x30, 0x80,

    /* U+5584 "善" */
    0x11, 0x1f, 0xfc, 0x10, 0x3f, 0xe0, 0x41, 0xff,
    0xc9, 0x27, 0xff, 0x40, 0x48, 0x9, 0xff, 0x0,

    /* U+5587 "喇" */
    0x8, 0x3f, 0xd6, 0xa2, 0xdf, 0x5a, 0xab, 0x55,
    0x6f, 0xad, 0x45, 0xfc, 0x25, 0x44, 0x23, 0x80,

    /* U+5589 "喉" */
    0x5, 0xdc, 0x8a, 0xaf, 0xd4, 0x8b, 0x9f, 0x55,
    0x2a, 0x25, 0x5f, 0xe8, 0x81, 0x28, 0x28, 0x80,

    /* U+558A "喊" */
    0x0, 0xbc, 0x16, 0xbf, 0xd4, 0x4a, 0xeb, 0x51,
    0x6b, 0xad, 0x52, 0xee, 0x41, 0x14, 0x4c, 0x80,

    /* U+5598 "喘" */
    0x9, 0x3d, 0x26, 0xbf, 0xd0, 0xa, 0xff, 0x42,
    0x2b, 0xfd, 0x55, 0xea, 0xa1, 0x54, 0x21, 0x80,

    /* U+559C "喜" */
    0x4, 0x1f, 0xfc, 0x10, 0x3f, 0xe2, 0x8, 0x7f,
    0x4, 0x47, 0xff, 0x20, 0x84, 0x10, 0xfe, 0x0,

    /* U+559D "喝" */
    0xf, 0xdd, 0xa, 0xbf, 0x54, 0x2a, 0xfd, 0x48,
    0x2b, 0xfd, 0x89, 0xea, 0xa1, 0xf4, 0x1, 0x80,

    /* U+55A7 "喧" */
    0x1, 0x1d, 0xfe, 0xa0, 0xd3, 0xea, 0x1, 0x4f,
    0xa9, 0x15, 0x3a, 0xe5, 0xc0, 0x0, 0x3f, 0x80,

    /* U+55B3 "喳" */
    0x1, 0x1d, 0xfe, 0x95, 0x54, 0x9a, 0x7d, 0x48,
    0xa9, 0xf5, 0x22, 0xe7, 0xc0, 0x0, 0x3f, 0x80,

    /* U+55B7 "喷" */
    0x1, 0x1d, 0xfe, 0x95, 0x57, 0xfa, 0x45, 0x5f,
    0xea, 0xd, 0x49, 0xe9, 0x20, 0x50, 0x31, 0x80,

    /* U+55BB "喻" */
    0x3, 0x1c, 0x92, 0xa1, 0x5b, 0xda, 0x1, 0x5d,
    0x6a, 0xad, 0x75, 0xea, 0xa1, 0xc4, 0x29, 0x80,

    /* U+55C5 "嗅" */
    0x2, 0x1d, 0xfe, 0xa0, 0xd7, 0xfa, 0x83, 0x5f,
    0xe8, 0x55, 0x7f, 0xe1, 0x0, 0x50, 0x31, 0x80,

    /* U+55D3 "嗓" */
    0x7, 0xdc, 0x8a, 0x8a, 0x57, 0xfa, 0xab, 0x48,
    0xaa, 0xad, 0x8, 0xef, 0xe0, 0xa8, 0x24, 0x80,

    /* U+55DC "嗜" */
    0x2, 0x1d, 0xf6, 0x89, 0x5f, 0xfa, 0xc9, 0x6a,
    0x6b, 0xfd, 0x42, 0xef, 0xc1, 0x8, 0x3f, 0x0,

    /* U+55E1 "嗡" */
    0xb, 0xdd, 0xa, 0xc8, 0xd2, 0x5a, 0xf9, 0x40,
    0x2f, 0xfd, 0x55, 0xe6, 0x61, 0x54, 0x5d, 0x80,

    /* U+55E3 "嗣" */
    0xfb, 0xf1, 0x7, 0xee, 0x80, 0x1f, 0xbb, 0x55,
    0x6a, 0xaf, 0xd5, 0xab, 0xb5, 0x6, 0xa3, 0x80,

    /* U+55FD "嗽" */
    0x9, 0x1f, 0xe2, 0xa7, 0xdf, 0x9a, 0xab, 0x55,
    0x2f, 0xa5, 0x44, 0xfd, 0x45, 0x28, 0x28, 0x80,

    /* U+5609 "嘉" */
    0xff, 0xe0, 0x81, 0xff, 0x10, 0x43, 0xf8, 0x22,
    0x3f, 0xf9, 0x0, 0xfb, 0xe9, 0x46, 0x6f, 0x80,

    /* U+560E "嘎" */
    0x1f, 0xfc, 0x42, 0xbf, 0x54, 0x2a, 0xfd, 0x50,
    0xaa, 0x15, 0xff, 0xa8, 0x9c, 0xe4, 0x63, 0x80,

    /* U+5618 "嘘" */
    0x1, 0xdc, 0x22, 0xbf, 0xd4, 0x9a, 0x9d, 0x5e,
    0x6a, 0x7d, 0x54, 0xee, 0xa1, 0x58, 0x5f, 0x80,

    /* U+561B "嘛" */
    0x1, 0x1d, 0xfe, 0xa9, 0x55, 0x2a, 0xff, 0x54,
    0xab, 0xb5, 0x77, 0xeb, 0x41, 0x48, 0x49, 0x0,

    /* U+5631 "嘱" */
    0xf, 0xfd, 0x6, 0xbf, 0xd4, 0x4a, 0xbf, 0x55,
    0x6a, 0xfd, 0x44, 0xef, 0xe2, 0x94, 0x57, 0x80,

    /* U+5632 "嘲" */
    0x4, 0xfd, 0xd6, 0x92, 0xd7, 0x7a, 0xab, 0x5d,
    0x6a, 0xbd, 0x75, 0xe4, 0xa1, 0xd4, 0x15, 0x80,

    /* U+5634 "嘴" */
    0x2, 0x5d, 0x6e, 0xa9, 0x5f, 0xfa, 0x49, 0x5f,
    0xee, 0x4d, 0x7f, 0xe9, 0x21, 0xfc, 0x44, 0x80,

    /* U+5636 "嘶" */
    0xa, 0x3f, 0xfa, 0xaa, 0x57, 0x4a, 0xaf, 0x5d,
    0x6a, 0xad, 0xfd, 0xe0, 0xa1, 0x54, 0x44, 0x80,

    /* U+563B "嘻" */
    0x1, 0x1d, 0xfe, 0x84, 0x57, 0xea, 0x85, 0x5f,
    0xa9, 0x25, 0xff, 0xe8, 0x41, 0x8, 0x3f, 0x0,

    /* U+563F "嘿" */
    0xf, 0xfd, 0x26, 0xb5, 0xd4, 0x9a, 0xff, 0x42,
    0x2b, 0xfd, 0x8, 0xef, 0xe0, 0x0, 0x2a, 0x80,

    /* U+564E "噎" */
    0x1, 0x1d, 0xfe, 0x84, 0x57, 0xfa, 0x83, 0x4f,
    0xa9, 0x15, 0x3e, 0xe4, 0x40, 0x50, 0x3f, 0x80,

    /* U+5668 "器" */
    0x7b, 0xc9, 0x49, 0x29, 0x3d, 0xe0, 0x51, 0xff,
    0xc8, 0x27, 0xdf, 0x4a, 0x49, 0x49, 0xef, 0x0,

    /* U+566A "噪" */
    0x7, 0xdc, 0x8a, 0x9f, 0x57, 0x7a, 0xab, 0x5d,
    0xe8, 0x45, 0x7f, 0xe3, 0x80, 0xa8, 0x24, 0x80,

    /* U+566C "噬" */
    0x8, 0x9d, 0xde, 0xd5, 0x50, 0xa, 0xff, 0x42,
    0x29, 0x55, 0x2a, 0xeb, 0xa0, 0x20, 0x3f, 0x80,

    /* U+5676 "噶" */
    0x4, 0x9d, 0xfe, 0x92, 0x57, 0xea, 0x85, 0x5f,
    0xaa, 0x15, 0x7f, 0xf1, 0x21, 0x54, 0x3f, 0x0,

    /* U+568E "嚎" */
    0x1, 0x1d, 0xfe, 0x91, 0x53, 0xea, 0x1, 0x5f,
    0xea, 0x4d, 0x14, 0xed, 0xa0, 0x58, 0x36, 0x80,

    /* U+568F "嚏" */
    0xf, 0xdc, 0x22, 0xff, 0xda, 0xba, 0x7d, 0x4a,
    0xab, 0xfd, 0x9, 0xe5, 0xc0, 0xe0, 0x63, 0x80,

    /* U+56A3 "嚣" */
    0x7b, 0xc9, 0x4b, 0xff, 0x82, 0x7, 0xfc, 0x88,
    0x86, 0xc7, 0x7, 0x7b, 0xc9, 0x49, 0xef, 0x0,

    /* U+56B7 "嚷" */
    0x1, 0x1f, 0xfe, 0xaa, 0xd7, 0x7a, 0x45, 0x5f,
    0xe9, 0x15, 0x7f, 0xe2, 0xa1, 0xa8, 0x18, 0x80,

    /* U+56BC "嚼" */
    0x0, 0xfd, 0xe2, 0x95, 0x57, 0xfa, 0xab, 0x5f,
    0xea, 0x95, 0x77, 0xe9, 0x41, 0x48, 0x3b, 0x0,

    /* U+56CA "囊" */
    0x4, 0x1f, 0xfd, 0x11, 0x7f, 0xfa, 0xaa, 0xf7,
    0x84, 0x47, 0xff, 0x11, 0x5d, 0x90, 0xc1, 0x80,

    /* U+56DA "囚" */
    0xff, 0xf0, 0x6, 0x10, 0xc2, 0x18, 0x43, 0x14,
    0x62, 0x8c, 0x89, 0xa0, 0xb0, 0x7, 0xff, 0x80,

    /* U+56DB "四" */
    0xff, 0xf2, 0x26, 0x44, 0xc8, 0x99, 0x13, 0x22,
    0x68, 0x7e, 0x1, 0x80, 0x30, 0x7, 0xff, 0x80,

    /* U+56DE "回" */
    0xff, 0xf0, 0x6, 0x0, 0xcf, 0x99, 0x13, 0x22,
    0x64, 0x4c, 0xf9, 0x80, 0x30, 0x7, 0xff, 0x80,

    /* U+56E0 "因" */
    0xff, 0xf0, 0x6, 0x10, 0xc2, 0x1b, 0xfb, 0x8,
    0x62, 0x8c, 0x89, 0xa0, 0xb0, 0x7, 0xff, 0x80,

    /* U+56E2 "团" */
    0xff, 0xf0, 0x6, 0x8, 0xdf, 0xd8, 0x63, 0x14,
    0x64, 0x8d, 0x11, 0x86, 0x30, 0x7, 0xff, 0x80,

    /* U+56E4 "囤" */
    0xff, 0xf0, 0x86, 0xfe, 0xc2, 0x1a, 0x4b, 0x49,
    0x6f, 0xec, 0x21, 0x84, 0xb0, 0x77, 0xff, 0x80,

    /* U+56ED "园" */
    0xff, 0xf0, 0x6, 0x7c, 0xc0, 0x1b, 0xfb, 0x14,
    0x62, 0x8c, 0x95, 0xa3, 0xb0, 0x7, 0xff, 0x80,

    /* U+56F0 "困" */
    0xff, 0xf0, 0x6, 0x10, 0xc2, 0x1b, 0xfb, 0x1c,
    0x65, 0x4d, 0x25, 0x84, 0x30, 0x7, 0xff, 0x80,

    /* U+56F1 "囱" */
    0x10, 0x7f, 0xe4, 0x33, 0xda, 0x2e, 0x16, 0x53,
    0x11, 0x90, 0xff, 0xe0, 0x20,

    /* U+56F4 "围" */
    0xff, 0xf0, 0x86, 0xfe, 0xc2, 0x19, 0xf3, 0x8,
    0x6f, 0xec, 0x25, 0x85, 0xb0, 0x87, 0xff, 0x80,

    /* U+56FA "固" */
    0xff, 0xf0, 0x86, 0x10, 0xdf, 0xd8, 0x43, 0x3e,
    0x64, 0x4c, 0x89, 0x9f, 0x30, 0x7, 0xff, 0x80,

    /* U+56FD "国" */
    0xff, 0xf0, 0x6, 0xfe, 0xc2, 0x18, 0x43, 0x3e,
    0x61, 0xc, 0x29, 0xbf, 0xb0, 0x7, 0xff, 0x80,

    /* U+56FE "图" */
    0xff, 0xf1, 0x6, 0x3c, 0xd8, 0x98, 0xe3, 0xe3,
    0xe3, 0xc, 0x19, 0x98, 0x30, 0xc7, 0xff, 0x80,

    /* U+5703 "圃" */
    0xff, 0xf0, 0xa6, 0xfe, 0xc2, 0x1b, 0xfb, 0x49,
    0x6f, 0xed, 0x25, 0xbf, 0xb4, 0x97, 0xff, 0x80,

    /* U+5706 "圆" */
    0xff, 0xf2, 0x26, 0x44, 0xcf, 0x98, 0x3, 0x7f,
    0x69, 0x2d, 0x25, 0x8a, 0x36, 0x37, 0xff, 0x80,

    /* U+5708 "圈" */
    0xff, 0xf2, 0xa6, 0xfe, 0xc4, 0x1f, 0xff, 0x22,
    0x6f, 0xae, 0x93, 0x96, 0x32, 0x17, 0xff, 0x80,

    /* U+571F "土" */
    0x4, 0x0, 0x80, 0x10, 0x2, 0x7, 0xfc, 0x8,
    0x1, 0x0, 0x20, 0x4, 0x0, 0x83, 0xff, 0x80,

    /* U+5723 "圣" */
    0x7f, 0xc4, 0x10, 0x44, 0x7, 0x3, 0x19, 0x88,
    0xc1, 0x3, 0xfe, 0x4, 0x0, 0x83, 0xff, 0x80,

    /* U+5728 "在" */
    0x8, 0x1, 0x3, 0xff, 0x88, 0x1, 0x10, 0x42,
    0x1b, 0xfd, 0x8, 0x21, 0x4, 0x20, 0xbf, 0x80,

    /* U+572D "圭" */
    0x4, 0xf, 0xf8, 0x10, 0x2, 0xf, 0xfe, 0x0,
    0x1, 0x3, 0xfe, 0x4, 0x0, 0x83, 0xff, 0x80,

    /* U+5730 "地" */
    0x41, 0x9, 0x21, 0x25, 0xf5, 0xd5, 0xd2, 0x92,
    0x52, 0x5b, 0x48, 0xc8, 0x21, 0x4, 0x1f, 0x80,

    /* U+573A "场" */
    0x4f, 0xc8, 0x11, 0x4, 0x71, 0x4, 0xfe, 0x85,
    0x51, 0x2b, 0x49, 0xc1, 0x20, 0x44, 0x13, 0x0,

    /* U+573E "圾" */
    0x4f, 0xc8, 0x89, 0x11, 0x72, 0x44, 0x4e, 0x88,
    0x51, 0x8b, 0x2a, 0xc8, 0x81, 0x28, 0x58, 0x80,

    /* U+5740 "址" */
    0x41, 0x8, 0x21, 0x4, 0x74, 0x84, 0x9e, 0x92,
    0x12, 0x43, 0x48, 0xc9, 0x1, 0x20, 0x7f, 0x80,

    /* U+5747 "均" */
    0x44, 0x8, 0xfd, 0x20, 0xf8, 0x14, 0x62, 0x82,
    0x50, 0xb, 0x5, 0xc3, 0x21, 0x84, 0x3, 0x0,

    /* U+574A "坊" */
    0x42, 0x8, 0x21, 0x7f, 0xf2, 0x4, 0x40, 0x8f,
    0x91, 0x13, 0x22, 0xc8, 0x41, 0x8, 0x46, 0x0,

    /* U+574D "坍" */
    0x4f, 0xc9, 0x9, 0x29, 0x74, 0xa4, 0x84, 0xbf,
    0xd2, 0x13, 0x42, 0xc8, 0x42, 0x8, 0x83, 0x0,

    /* U+574E "坎" */
    0x24, 0x4, 0x80, 0x9f, 0xfa, 0x12, 0x94, 0x42,
    0x8, 0x41, 0x94, 0xc2, 0x80, 0x88, 0x60, 0x80,

    /* U+574F "坏" */
    0x2f, 0xe4, 0x10, 0x84, 0x78, 0x82, 0x34, 0x4a,
    0x4a, 0x49, 0x88, 0xc1, 0x0, 0x20, 0x4, 0x0,

    /* U+5750 "坐" */
    0x4, 0x4, 0x90, 0x92, 0x12, 0x45, 0x55, 0x1c,
    0x41, 0x3, 0xfe, 0x4, 0x0, 0x83, 0xff, 0x80,

    /* U+5751 "坑" */
    0x42, 0x8, 0x21, 0x7f, 0xf0, 0x4, 0x78, 0x89,
    0x11, 0x23, 0x24, 0xc4, 0xa1, 0x14, 0x43, 0x80,

    /* U+5757 "块" */
    0x42, 0x8, 0x41, 0x3f, 0x71, 0x24, 0x24, 0x84,
    0x97, 0xfb, 0x10, 0xc5, 0x1, 0x10, 0xc1, 0x80,

    /* U+575A "坚" */
    0x17, 0xf2, 0x86, 0x49, 0x48, 0xc9, 0x66, 0x20,
    0x1, 0x3, 0xfe, 0x4, 0x0, 0x83, 0xff, 0x80,

    /* U+575B "坛" */
    0x27, 0xc4, 0x0, 0x80, 0x78, 0x2, 0xfe, 0x44,
    0x8, 0x81, 0xa2, 0xc4, 0x41, 0x34, 0x38, 0x80,

    /* U+575D "坝" */
    0x4f, 0xe9, 0x5, 0x24, 0xf4, 0x94, 0x92, 0x92,
    0x52, 0x4b, 0x49, 0xc2, 0x80, 0x88, 0x20, 0x80,

    /* U+575E "坞" */
    0x21, 0x4, 0xf8, 0x91, 0x7a, 0x22, 0x4c, 0x48,
    0x9, 0xf9, 0x81, 0xcf, 0xa0, 0x4, 0x7, 0x0,

    /* U+575F "坟" */
    0x22, 0x4, 0x20, 0xbf, 0xfa, 0x22, 0x44, 0x48,
    0x88, 0xa1, 0x94, 0xc1, 0x0, 0x50, 0x31, 0x80,

    /* U+5760 "坠" */
    0xf1, 0x12, 0x22, 0x84, 0x49, 0x49, 0x29, 0xc8,
    0xa2, 0x8, 0x20, 0x7f, 0xc0, 0x83, 0xff, 0x80,

    /* U+5761 "坡" */
    0x41, 0x9, 0xfd, 0x24, 0xf4, 0x84, 0xfe, 0x98,
    0x52, 0x8b, 0x4a, 0xc8, 0x81, 0x28, 0x58, 0x80,

    /* U+5764 "坤" */
    0x41, 0x8, 0x21, 0x3f, 0xf4, 0x94, 0x92, 0x9f,
    0xd2, 0x4b, 0x49, 0xcf, 0xe0, 0x20, 0x4, 0x0,

    /* U+5766 "坦" */
    0x4f, 0xc9, 0x9, 0x21, 0x74, 0x24, 0xfc, 0x90,
    0x92, 0x13, 0x42, 0xcf, 0xc0, 0x0, 0x7f, 0x80,

    /* U+576A "坪" */
    0x4f, 0xe8, 0x21, 0x24, 0xf2, 0xa4, 0x10, 0x9f,
    0xd0, 0x43, 0x8, 0xc1, 0x0, 0x20, 0x4, 0x0,

    /* U+576F "坯" */
    0x2f, 0xe4, 0x10, 0x84, 0x78, 0x82, 0x34, 0x4a,
    0x4a, 0x49, 0x88, 0xc1, 0x0, 0x0, 0x3f, 0x80,

    /* U+5777 "坷" */
    0x5f, 0xe8, 0x9, 0x1, 0x77, 0xa4, 0x94, 0x92,
    0x92, 0x53, 0x7a, 0xc0, 0x40, 0x8, 0x7, 0x0,

    /* U+5782 "垂" */
    0x3, 0xcf, 0x80, 0x10, 0x7f, 0xf2, 0x49, 0xff,
    0xc9, 0x21, 0x24, 0xff, 0xe0, 0x81, 0xff, 0x0,

    /* U+5783 "垃" */
    0x42, 0x8, 0x21, 0x3f, 0xf0, 0x4, 0x44, 0x88,
    0x90, 0x93, 0x12, 0xc2, 0x80, 0x10, 0x3f, 0x80,

    /* U+5784 "垄" */
    0x8, 0x9f, 0xfc, 0x2a, 0x9, 0x82, 0x63, 0x93,
    0xc1, 0x3, 0xfe, 0x4, 0x0, 0x83, 0xff, 0x80,

    /* U+578B "型" */
    0xfe, 0x24, 0x94, 0x92, 0xff, 0x52, 0x4a, 0x88,
    0x60, 0x18, 0x20, 0x7f, 0xc0, 0x83, 0xff, 0x80,

    /* U+5792 "垒" */
    0x8, 0x2, 0x20, 0x82, 0x3f, 0xa2, 0x8, 0x92,
    0x7e, 0xf8, 0x20, 0x7f, 0xc0, 0x83, 0xff, 0x80,

    /* U+579B "垛" */
    0x47, 0x88, 0x91, 0x12, 0x72, 0x45, 0x8e, 0x82,
    0x10, 0x43, 0x7f, 0xc3, 0x80, 0xa8, 0x64, 0x80,

    /* U+57A2 "垢" */
    0x40, 0xe9, 0xe1, 0x20, 0x74, 0x4, 0xfe, 0x90,
    0x12, 0xfb, 0x51, 0xca, 0x21, 0x44, 0x4f, 0x80,

    /* U+57A3 "垣" */
    0x5f, 0xe8, 0x1, 0x3f, 0x74, 0x24, 0x84, 0x9f,
    0x92, 0x13, 0x42, 0xcf, 0xc0, 0x0, 0x7f, 0x80,

    /* U+57A6 "垦" */
    0x7f, 0xc8, 0x9, 0xff, 0x20, 0x27, 0xfc, 0x89,
    0x38, 0xc0, 0x27, 0x3f, 0x80, 0x83, 0xff, 0x80,

    /* U+57AB "垫" */
    0x21, 0x1e, 0xf8, 0x85, 0x1a, 0xae, 0x24, 0x4a,
    0x58, 0x28, 0x20, 0x7f, 0xc0, 0x83, 0xff, 0x80,

    /* U+57AE "垮" */
    0x42, 0xb, 0xfd, 0x12, 0x74, 0x25, 0x7a, 0x80,
    0x17, 0xfb, 0x20, 0xc7, 0xc0, 0x8, 0x6, 0x0,

    /* U+57C2 "埂" */
    0x4f, 0xe8, 0x21, 0x3f, 0xf4, 0x94, 0xfe, 0x92,
    0x53, 0xfb, 0x28, 0xc2, 0x0, 0xa0, 0x63, 0x80,

    /* U+57C3 "埃" */
    0x42, 0x8, 0x89, 0x3e, 0xf2, 0x4, 0x7c, 0x92,
    0x10, 0x43, 0x7f, 0xc2, 0x80, 0x88, 0x20, 0x80,

    /* U+57CB "埋" */
    0x4f, 0xe9, 0x25, 0x24, 0xf7, 0xf4, 0x92, 0x92,
    0x53, 0xfb, 0x8, 0xcf, 0xe0, 0x20, 0x7f, 0x80,

    /* U+57CE "城" */
    0x40, 0xa8, 0x15, 0x3f, 0xf4, 0x44, 0xea, 0x95,
    0x52, 0xab, 0x52, 0xce, 0x41, 0x14, 0x4c, 0x80,

    /* U+57D4 "埔" */
    0x41, 0x49, 0xfd, 0x4, 0x77, 0xf4, 0x92, 0x9f,
    0xd2, 0x4b, 0x7f, 0xc9, 0x21, 0x24, 0x25, 0x80,

    /* U+57DF "域" */
    0x40, 0xa8, 0x15, 0x7f, 0xf0, 0x44, 0xea, 0x95,
    0x52, 0xab, 0x72, 0xc0, 0x40, 0xd4, 0x64, 0x80,

    /* U+57E0 "埠" */
    0x42, 0x9, 0xfd, 0x20, 0xf7, 0xf4, 0x80, 0x9f,
    0xd2, 0xb, 0x7f, 0xc1, 0x3, 0xfc, 0x4, 0x0,

    /* U+57F9 "培" */
    0x41, 0x9, 0xf9, 0x0, 0x74, 0x24, 0x48, 0xbf,
    0xd0, 0x3, 0x7e, 0xc8, 0x41, 0x8, 0x3f, 0x0,

    /* U+57FA "基" */
    0x20, 0x9f, 0xfc, 0x82, 0x1f, 0xc2, 0x9, 0xff,
    0xc8, 0x22, 0x22, 0xbf, 0xa0, 0x81, 0xff, 0x0,

    /* U+5802 "堂" */
    0x44, 0x44, 0x93, 0xff, 0xc0, 0x1b, 0xfa, 0x41,
    0xf, 0xe0, 0x20, 0x7f, 0xc0, 0x83, 0xff, 0x80,

    /* U+5806 "堆" */
    0x45, 0x8, 0x91, 0x3f, 0xf4, 0x45, 0xfe, 0x91,
    0x12, 0x23, 0x7f, 0xc8, 0x81, 0x10, 0x3f, 0x80,

    /* U+5811 "堑" */
    0x40, 0x7f, 0x72, 0x88, 0x7d, 0xf2, 0x25, 0xf4,
    0x89, 0x10, 0x20, 0x7f, 0xc0, 0x83, 0xff, 0x80,

    /* U+5815 "堕" */
    0xf1, 0x12, 0xfe, 0x88, 0x4b, 0xf9, 0xa3, 0xe7,
    0xe0, 0x88, 0x20, 0x7f, 0xc0, 0x83, 0xff, 0x80,

    /* U+5821 "堡" */
    0x2f, 0xc5, 0x9, 0x3f, 0x60, 0x85, 0xfe, 0x8a,
    0x96, 0x48, 0x20, 0x7f, 0xc0, 0x83, 0xff, 0x80,

    /* U+5824 "堤" */
    0x4f, 0xc9, 0x9, 0x3f, 0x74, 0x24, 0xfc, 0x80,
    0x17, 0xfb, 0x28, 0xc5, 0xe1, 0x60, 0x43, 0x80,

    /* U+582A "堪" */
    0x24, 0x45, 0xfc, 0x91, 0x7b, 0xe2, 0x44, 0x4f,
    0x89, 0x11, 0xff, 0xca, 0x81, 0x88, 0x3f, 0x80,

    /* U+5830 "堰" */
    0x4f, 0xe9, 0x49, 0x2f, 0x75, 0x24, 0xbc, 0x92,
    0x13, 0xfb, 0x4a, 0xc9, 0x81, 0x48, 0x3f, 0x80,

    /* U+5835 "堵" */
    0x42, 0x9, 0xf5, 0x9, 0x71, 0x45, 0xfe, 0x84,
    0x11, 0xf3, 0x62, 0xd7, 0xc0, 0x88, 0x1f, 0x0,

    /* U+584C "塌" */
    0x4f, 0xc9, 0x9, 0x3f, 0x74, 0x24, 0xfc, 0x80,
    0x17, 0xbb, 0x55, 0xc6, 0x61, 0x54, 0x59, 0x80,

    /* U+5851 "塑" */
    0x53, 0xff, 0x44, 0x8f, 0xd5, 0x1f, 0xbe, 0x44,
    0x51, 0x18, 0x20, 0x3f, 0x80, 0x83, 0xff, 0x80,

    /* U+5854 "塔" */
    0x44, 0x4b, 0xfd, 0x11, 0x71, 0xc4, 0x44, 0xb7,
    0x50, 0x3, 0x7f, 0xc8, 0x21, 0x4, 0x3f, 0x80,

    /* U+5858 "塘" */
    0x41, 0x9, 0xfd, 0x22, 0x75, 0xf4, 0x8a, 0x9f,
    0xd2, 0x2b, 0x5f, 0xca, 0x21, 0x44, 0x4f, 0x80,

    /* U+585E "塞" */
    0x4, 0x1f, 0xfe, 0x44, 0xbf, 0xe1, 0x11, 0xff,
    0xc8, 0x22, 0x22, 0xbf, 0xa0, 0x83, 0xff, 0x80,

    /* U+586B "填" */
    0x21, 0x5, 0xfc, 0x84, 0x7b, 0xe2, 0x44, 0x4f,
    0x89, 0x11, 0xa2, 0xcf, 0xe0, 0x88, 0x20, 0x80,

    /* U+5883 "境" */
    0x41, 0x9, 0xf9, 0x12, 0x7f, 0xf4, 0x84, 0x9f,
    0x92, 0x13, 0x7e, 0xc4, 0x81, 0x14, 0xc3, 0x80,

    /* U+5885 "墅" */
    0xfb, 0xf5, 0x2b, 0xe2, 0x55, 0xff, 0x8a, 0x41,
    0xbe, 0x60, 0x20, 0x7f, 0xc0, 0x83, 0xff, 0x80,

    /* U+5892 "墒" */
    0x41, 0x9, 0xfd, 0x11, 0x71, 0x44, 0xfe, 0x95,
    0x53, 0x1b, 0x5d, 0xca, 0xa1, 0x74, 0x21, 0x80,

    /* U+5893 "墓" */
    0x11, 0x1f, 0xfc, 0x44, 0x3f, 0xe4, 0x5, 0xff,
    0xc4, 0x41, 0x24, 0xdf, 0x60, 0x81, 0xff, 0x0,

    /* U+5899 "墙" */
    0x41, 0x9, 0xfd, 0x15, 0x70, 0x85, 0xfe, 0x80,
    0x13, 0xfb, 0x41, 0xcb, 0xa1, 0x54, 0x3f, 0x80,

    /* U+589E "增" */
    0x44, 0x4b, 0xfd, 0x44, 0xfa, 0xb5, 0xfe, 0x80,
    0x13, 0xf3, 0x42, 0xcf, 0xc1, 0x8, 0x3f, 0x0,

    /* U+589F "墟" */
    0x41, 0xc8, 0x21, 0x3f, 0xf4, 0x94, 0x9c, 0x9e,
    0x52, 0x7b, 0x54, 0xce, 0xa1, 0x58, 0x5f, 0x80,

    /* U+58A8 "墨" */
    0x7f, 0xc8, 0x89, 0x55, 0x22, 0x27, 0xfc, 0x8,
    0x3f, 0xfa, 0xaa, 0x3f, 0x80, 0x83, 0xff, 0x80,

    /* U+58A9 "墩" */
    0x44, 0x8b, 0xf1, 0x2b, 0xf7, 0x54, 0x12, 0x9d,
    0x50, 0xab, 0x3d, 0xdc, 0x40, 0x94, 0x34, 0x80,

    /* U+58C1 "壁" */
    0x78, 0x89, 0x7d, 0xe5, 0x23, 0xf7, 0x89, 0x57,
    0xce, 0x20, 0x20, 0x7f, 0xc0, 0x83, 0xff, 0x80,

    /* U+58D5 "壕" */
    0x41, 0x9, 0xfd, 0x11, 0x73, 0xe4, 0x0, 0x9f,
    0xd2, 0x4b, 0x14, 0xcd, 0xa0, 0x58, 0x36, 0x80,

    /* U+58E4 "壤" */
    0x41, 0xb, 0xfd, 0x2a, 0xf7, 0x74, 0x44, 0x9f,
    0xd1, 0x13, 0x7f, 0xc2, 0xa1, 0xa8, 0x18, 0x80,

    /* U+58EB "士" */
    0x4, 0x0, 0x80, 0x10, 0x2, 0xf, 0xfe, 0x8,
    0x1, 0x0, 0x20, 0x4, 0x0, 0x81, 0xff, 0x0,

    /* U+58EC "壬" */
    0x3, 0xcf, 0x80, 0x10, 0x2, 0x0, 0x41, 0xff,
    0xc1, 0x0, 0x20, 0x4, 0x0, 0x81, 0xff, 0x0,

    /* U+58EE "壮" */
    0x21, 0x4, 0x22, 0x84, 0x37, 0xf2, 0x10, 0x42,
    0x8, 0x43, 0x8, 0xa1, 0x4, 0x20, 0x9f, 0x0,

    /* U+58F0 "声" */
    0x4, 0x1f, 0xfc, 0x10, 0x3f, 0xe0, 0x0, 0xff,
    0x91, 0x13, 0xfe, 0x40, 0x8, 0x2, 0x0, 0x0,

    /* U+58F3 "壳" */
    0x4, 0x1f, 0xfc, 0x10, 0x3f, 0xe0, 0x1, 0xff,
    0xe0, 0x8, 0xf8, 0x11, 0x4, 0x27, 0x7, 0x80,

    /* U+58F6 "壶" */
    0x4, 0x1f, 0xfc, 0x10, 0x3f, 0xe0, 0x1, 0xff,
    0xe4, 0x4a, 0x8a, 0x31, 0x82, 0x23, 0xff, 0x80,

    /* U+58F9 "壹" */
    0x4, 0x1f, 0xfc, 0x10, 0x7f, 0xf8, 0x2, 0xff,
    0x90, 0x13, 0xfe, 0x20, 0x82, 0x23, 0xff, 0x80,

    /* U+5904 "处" */
    0x20, 0x84, 0x10, 0xf2, 0x22, 0x44, 0x4d, 0x49,
    0x4a, 0x21, 0x44, 0x10, 0x85, 0x83, 0xf, 0x80,

    /* U+5907 "备" */
    0x10, 0x7, 0xf3, 0x44, 0x7, 0x3, 0x19, 0x80,
    0xdf, 0xf2, 0x22, 0x7f, 0xc8, 0x89, 0xff, 0x0,

    /* U+590D "复" */
    0x40, 0xf, 0xfe, 0x81, 0x1f, 0xe2, 0x4, 0x7f,
    0x82, 0x0, 0xfe, 0x70, 0x81, 0xe3, 0xc3, 0x80,

    /* U+590F "夏" */
    0xff, 0xe0, 0x81, 0xff, 0x20, 0x27, 0xfc, 0x80,
    0x9f, 0xf1, 0x4, 0xd1, 0x1, 0xc3, 0xc7, 0x80,

    /* U+5915 "夕" */
    0x10, 0x4, 0x1, 0xfc, 0x81, 0x50, 0x63, 0x20,
    0x28, 0x4, 0x2, 0x3, 0x7, 0x0,

    /* U+5916 "外" */
    0x21, 0x4, 0x20, 0xe4, 0x24, 0x84, 0x99, 0x52,
    0x84, 0x48, 0x88, 0x21, 0x8, 0x22, 0x4, 0x0,

    /* U+591A "多" */
    0x4, 0x1, 0xf1, 0xc2, 0x4, 0x80, 0x68, 0x33,
    0xf8, 0x88, 0xe1, 0x2, 0x40, 0x30, 0xf8, 0x0,

    /* U+591C "夜" */
    0x4, 0x1f, 0xfc, 0x88, 0x11, 0xe4, 0x44, 0x92,
    0xb5, 0x22, 0x14, 0x41, 0x8, 0xd1, 0x61, 0x80,

    /* U+591F "够" */
    0x21, 0x7, 0xbd, 0x18, 0xc2, 0xa7, 0x48, 0xae,
    0x15, 0x7a, 0xb1, 0x75, 0x40, 0x90, 0x6c, 0x0,

    /* U+5927 "大" */
    0x4, 0x0, 0x80, 0x10, 0x7f, 0xf0, 0x40, 0x14,
    0x2, 0x80, 0x88, 0x11, 0x4, 0x13, 0x1, 0x80,

    /* U+5929 "天" */
    0x7f, 0xc0, 0x80, 0x10, 0x2, 0xf, 0xfe, 0x8,
    0x2, 0x80, 0x50, 0x11, 0x4, 0x13, 0x1, 0x80,

    /* U+592A "太" */
    0x4, 0x0, 0x80, 0x10, 0x7f, 0xf0, 0x40, 0x14,
    0x2, 0x80, 0x88, 0x11, 0x5, 0x13, 0x11, 0x80,

    /* U+592B "夫" */
    0x4, 0x0, 0x81, 0xff, 0x2, 0x0, 0x41, 0xff,
    0xc1, 0x0, 0x50, 0x11, 0x4, 0x13, 0x1, 0x80,

    /* U+592E "央" */
    0x4, 0x0, 0x81, 0xff, 0x22, 0x24, 0x44, 0x88,
    0xbf, 0xf8, 0x50, 0x11, 0x4, 0x13, 0x1, 0x80,

    /* U+592F "夯" */
    0x8, 0x1f, 0xfc, 0x44, 0x10, 0x4c, 0x46, 0x8,
    0x1f, 0xf0, 0x42, 0x8, 0x42, 0x9, 0x86, 0x0,

    /* U+5931 "失" */
    0x24, 0x4, 0x80, 0xff, 0x22, 0x8, 0x40, 0x8,
    0x3f, 0xf8, 0x50, 0x11, 0x4, 0x13, 0x1, 0x80,

    /* U+5934 "头" */
    0x22, 0x2, 0x41, 0x8, 0x11, 0x0, 0x21, 0xff,
    0xc1, 0x0, 0x28, 0x8, 0x86, 0xb, 0x0, 0x80,

    /* U+5937 "夷" */
    0x4, 0x1f, 0xfc, 0x10, 0x3f, 0xe0, 0x44, 0xff,
    0x91, 0x3, 0xff, 0xa, 0x26, 0x33, 0x1, 0x80,

    /* U+5938 "夸" */
    0x8, 0x1f, 0xfc, 0x44, 0x10, 0x4d, 0xf6, 0x0,
    0x1f, 0xf0, 0x80, 0x1f, 0x80, 0x10, 0x1c, 0x0,

    /* U+5939 "夹" */
    0x4, 0xf, 0xf8, 0x10, 0x12, 0x41, 0x50, 0x8,
    0x3f, 0xf8, 0x50, 0x11, 0x4, 0x13, 0x1, 0x80,

    /* U+593A "夺" */
    0x8, 0x1f, 0xfc, 0x44, 0x10, 0x4c, 0x16, 0x2,
    0x3f, 0xf9, 0x8, 0x11, 0x0, 0x20, 0x1c, 0x0,

    /* U+5944 "奄" */
    0x8, 0x1f, 0xfc, 0x44, 0x12, 0x4f, 0xfe, 0x88,
    0x9f, 0xf2, 0x22, 0x7f, 0xc0, 0x84, 0xf, 0x80,

    /* U+5947 "奇" */
    0x4, 0x1f, 0xfc, 0x28, 0x8, 0x82, 0x9, 0xff,
    0xc0, 0x11, 0xf2, 0x22, 0x47, 0xc8, 0x7, 0x0,

    /* U+5948 "奈" */
    0x4, 0x1f, 0xfc, 0x44, 0x10, 0x4d, 0xf6, 0x0,
    0x1f, 0xf0, 0x20, 0x24, 0x98, 0x8c, 0x30, 0x0,

    /* U+5949 "奉" */
    0x4, 0xf, 0xf8, 0x20, 0x3f, 0xe1, 0x1, 0xff,
    0xc9, 0x22, 0xfa, 0x84, 0x2f, 0xf8, 0x10, 0x0,

    /* U+594B "奋" */
    0x4, 0x0, 0x83, 0xff, 0x85, 0x3, 0x19, 0x80,
    0xdf, 0xf2, 0x22, 0x7f, 0xc8, 0x89, 0xff, 0x0,

    /* U+594E "奎" */
    0x8, 0x1f, 0xfc, 0x44, 0x12, 0x4d, 0xf6, 0x8,
    0x1f, 0xf0, 0x20, 0x3f, 0x80, 0x83, 0xff, 0x80,

    /* U+594F "奏" */
    0x4, 0xf, 0xf8, 0x20, 0x3f, 0xe1, 0x1, 0xff,
    0xcb, 0xa2, 0x22, 0xbf, 0xa1, 0x40, 0xc6, 0x0,

    /* U+5951 "契" */
    0x23, 0xff, 0x24, 0x84, 0xfc, 0x92, 0x23, 0xf4,
    0xc1, 0x7, 0xff, 0xa, 0x6, 0x33, 0x1, 0x80,

    /* U+5954 "奔" */
    0x8, 0x1f, 0xfc, 0x44, 0x10, 0x4c, 0x46, 0x7f,
    0x1, 0x1, 0x4, 0xff, 0xe4, 0x13, 0x2, 0x0,

    /* U+5956 "奖" */
    0x12, 0x12, 0x7d, 0x48, 0x8a, 0x93, 0xd, 0xae,
    0x1, 0x7, 0xff, 0xa, 0x6, 0x33, 0x1, 0x80,

    /* U+5957 "套" */
    0x8, 0x1f, 0xfc, 0x82, 0x3f, 0xea, 0x2, 0x7f,
    0x8, 0x7, 0xff, 0x10, 0x4, 0x11, 0xfd, 0x0,

    /* U+5960 "奠" */
    0x11, 0x1f, 0xfc, 0x28, 0x3f, 0xe4, 0xa4, 0xa4,
    0x9b, 0xf2, 0x2, 0xff, 0xe2, 0x23, 0x83, 0x80,

    /* U+5962 "奢" */
    0x8, 0x1f, 0xfc, 0x44, 0x74, 0x73, 0xf4, 0x11,
    0x3f, 0xf9, 0x2, 0x7f, 0xd4, 0x8, 0xff, 0x0,

    /* U+5965 "奥" */
    0x8, 0xf, 0xf9, 0x55, 0x27, 0x27, 0xfc, 0xaa,
    0x99, 0x37, 0xff, 0xa, 0x6, 0x33, 0x1, 0x80,

    /* U+5973 "女" */
    0x8, 0x1, 0x0, 0x20, 0x7f, 0xf1, 0x8, 0x21,
    0x8, 0x40, 0xc8, 0x6, 0x3, 0x33, 0x81, 0x80,

    /* U+5974 "奴" */
    0x20, 0x4, 0x7f, 0xe8, 0xa5, 0x14, 0xa3, 0x14,
    0x64, 0x52, 0x8a, 0x20, 0x8a, 0x2a, 0x28, 0x80,

    /* U+5976 "奶" */
    0x27, 0xc4, 0x4b, 0xc9, 0x29, 0x45, 0x2e, 0xa4,
    0x64, 0x8a, 0x91, 0x24, 0x2a, 0x86, 0x23, 0x0,

    /* U+5978 "奸" */
    0x27, 0xc4, 0x23, 0xc4, 0x28, 0x85, 0x10, 0xbf,
    0xe4, 0x42, 0x88, 0x21, 0xa, 0x22, 0x4, 0x0,

    /* U+5979 "她" */
    0x21, 0x4, 0xa3, 0xd5, 0xab, 0xd5, 0xd2, 0xaa,
    0x65, 0x5a, 0xa8, 0x24, 0x2a, 0x86, 0xf, 0x80,

    /* U+597D "好" */
    0x27, 0xc4, 0xb, 0xc2, 0x28, 0x85, 0x10, 0xbf,
    0xe4, 0x42, 0x88, 0x21, 0xa, 0x22, 0x1c, 0x0,

    /* U+5982 "如" */
    0x20, 0x4, 0x7f, 0xe8, 0xa5, 0x14, 0xa3, 0x14,
    0x64, 0x8a, 0x91, 0x22, 0x2a, 0x7e, 0x20, 0x0,

    /* U+5984 "妄" */
    0x4, 0x1f, 0xfc, 0x80, 0x10, 0x3, 0xfc, 0x10,
    0x3f, 0xf8, 0x84, 0x31, 0x1, 0xc3, 0xc7, 0x80,

    /* U+5986 "妆" */
    0x22, 0x4, 0x42, 0x88, 0x37, 0xf2, 0x44, 0x48,
    0x9a, 0x25, 0x34, 0x21, 0x4, 0x50, 0xb1, 0x80,

    /* U+5987 "妇" */
    0x27, 0xe4, 0x7, 0xc0, 0xa8, 0x15, 0x2, 0xaf,
    0xe4, 0xa, 0x81, 0x20, 0x2a, 0x6, 0x1f, 0x80,

    /* U+5988 "妈" */
    0x2f, 0xc4, 0xb, 0xd1, 0x2a, 0x25, 0x44, 0xaf,
    0xe4, 0xa, 0x81, 0x2f, 0xaa, 0x6, 0x7, 0x0,

    /* U+598A "妊" */
    0x20, 0xc4, 0xe3, 0xc4, 0x28, 0x85, 0x10, 0xbf,
    0xe4, 0x42, 0x88, 0x21, 0xa, 0x22, 0x1f, 0x0,

    /* U+5992 "妒" */
    0x21, 0x4, 0x13, 0xdf, 0xaa, 0x15, 0x42, 0xaf,
    0xe5, 0x2, 0xa0, 0x24, 0xa, 0x82, 0x20, 0x0,

    /* U+5993 "妓" */
    0x20, 0x84, 0x13, 0xdf, 0xa8, 0x45, 0x8, 0xaf,
    0xd5, 0xa, 0xa1, 0x22, 0x4a, 0x32, 0x39, 0x80,

    /* U+5996 "妖" */
    0x20, 0xc4, 0xe3, 0xc4, 0x28, 0x85, 0x10, 0xbf,
    0xe4, 0x42, 0x94, 0x22, 0x8a, 0x8a, 0x20, 0x80,

    /* U+5999 "妙" */
    0x21, 0x4, 0x23, 0xd5, 0x2a, 0x95, 0x52, 0xb2,
    0x24, 0x4a, 0x82, 0x20, 0x8a, 0x62, 0x30, 0x0,

    /* U+59A5 "妥" */
    0x1, 0xcf, 0xc1, 0x21, 0x12, 0x22, 0x48, 0x10,
    0x3f, 0xf8, 0x84, 0x31, 0x1, 0xc3, 0xc7, 0x80,

    /* U+59A8 "妨" */
    0x22, 0x4, 0x23, 0xff, 0xa9, 0x5, 0x20, 0xa7,
    0xe4, 0x8a, 0x91, 0x24, 0x2a, 0x86, 0x23, 0x0,

    /* U+59AE "妮" */
    0x27, 0xe4, 0x87, 0xd0, 0xab, 0xf5, 0x40, 0xaa,
    0x25, 0x4a, 0xae, 0x25, 0xa, 0xa6, 0x23, 0x80,

    /* U+59B9 "妹" */
    0x21, 0x4, 0x23, 0xdf, 0x28, 0x85, 0x10, 0xbf,
    0xe4, 0x42, 0x9c, 0x25, 0x4b, 0x26, 0x4, 0x0,

    /* U+59BB "妻" */
    0x4, 0x1f, 0xfc, 0x11, 0x7f, 0xf0, 0x44, 0xff,
    0x82, 0x7, 0xff, 0x10, 0x83, 0xe3, 0x83, 0x80,

    /* U+59C6 "姆" */
    0x27, 0xc4, 0x8b, 0xd5, 0x2a, 0x65, 0xfe, 0xa8,
    0xa5, 0x52, 0xa6, 0x27, 0xea, 0xa, 0x6, 0x0,

    /* U+59CB "始" */
    0x21, 0x4, 0x23, 0xc9, 0x2a, 0x25, 0xfa, 0xa0,
    0x25, 0xfa, 0xa1, 0x24, 0x2a, 0x86, 0x1f, 0x80,

    /* U+59D0 "姐" */
    0x27, 0xc4, 0x8b, 0xd1, 0x2b, 0xe5, 0x44, 0xa8,
    0xa5, 0xf2, 0xa2, 0x24, 0x4a, 0x8a, 0x3f, 0x80,

    /* U+59D1 "姑" */
    0x21, 0x4, 0x23, 0xdf, 0xa8, 0x85, 0x10, 0xa2,
    0x25, 0xf2, 0xa2, 0x24, 0x4a, 0x8a, 0x1f, 0x0,

    /* U+59D3 "姓" */
    0x24, 0x84, 0x93, 0xdf, 0xaa, 0x45, 0x88, 0xa1,
    0x25, 0xfa, 0x84, 0x20, 0x8a, 0x12, 0x3f, 0x80,

    /* U+59D4 "委" */
    0x3, 0xcf, 0x80, 0x10, 0x7f, 0xf2, 0x49, 0x88,
    0xc2, 0x7, 0xff, 0x10, 0x83, 0xe3, 0x83, 0x80,

    /* U+59DA "姚" */
    0x22, 0x84, 0x53, 0xea, 0xab, 0x65, 0x28, 0xa5,
    0x25, 0xb2, 0xd5, 0x22, 0x8a, 0x96, 0x23, 0x80,

    /* U+59DC "姜" */
    0x11, 0x1f, 0xfc, 0x10, 0x3f, 0xe0, 0x41, 0xff,
    0xc2, 0x7, 0xff, 0x10, 0x83, 0xe3, 0x83, 0x80,

    /* U+59E5 "姥" */
    0x22, 0x5, 0xf7, 0xc9, 0x29, 0x45, 0xfe, 0xa4,
    0x27, 0xa, 0xa6, 0x27, 0xa, 0x86, 0xf, 0x80,

    /* U+59E8 "姨" */
    0x41, 0x9, 0xff, 0x84, 0x57, 0xfa, 0x13, 0x5f,
    0xea, 0x45, 0x7f, 0x41, 0x34, 0x52, 0x31, 0x80,

    /* U+59EC "姬" */
    0x27, 0xe4, 0x93, 0xd2, 0x2a, 0xf5, 0x52, 0xaa,
    0x65, 0x4a, 0xaf, 0x24, 0x8a, 0x92, 0x1f, 0x80,

    /* U+59FB "姻" */
    0x4f, 0xe9, 0x7, 0xa4, 0xd4, 0x9a, 0xff, 0x52,
    0x6a, 0xad, 0x55, 0x4c, 0x75, 0x6, 0x3f, 0x80,

    /* U+59FF "姿" */
    0x4, 0x1c, 0xfc, 0x24, 0x91, 0x4c, 0x46, 0x10,
    0x3f, 0xf8, 0x84, 0x31, 0x3, 0xe3, 0x83, 0x80,

    /* U+5A01 "威" */
    0x1, 0x40, 0x25, 0xff, 0xa0, 0x87, 0xf2, 0x92,
    0x5f, 0x52, 0xa4, 0x54, 0xa9, 0x2e, 0xd8, 0x80,

    /* U+5A03 "娃" */
    0x21, 0x4, 0xfb, 0xc4, 0x28, 0x85, 0xfe, 0xa0,
    0x24, 0x42, 0xbe, 0x21, 0xa, 0x22, 0x3f, 0x80,

    /* U+5A04 "娄" */
    0x44, 0x44, 0x93, 0xff, 0x8a, 0x82, 0x49, 0x88,
    0xc2, 0x7, 0xff, 0x10, 0x83, 0xe3, 0x83, 0x80,

    /* U+5A07 "娇" */
    0x41, 0xc9, 0xc3, 0x88, 0x5f, 0xfa, 0x49, 0x50,
    0xad, 0x2d, 0x24, 0x44, 0x95, 0x12, 0x42, 0x0,

    /* U+5A18 "娘" */
    0x21, 0x4, 0xff, 0xd0, 0xab, 0xf5, 0x42, 0xaf,
    0xe5, 0x22, 0xa5, 0x24, 0x4a, 0xaa, 0x18, 0x80,

    /* U+5A1C "娜" */
    0x5e, 0xe9, 0x57, 0xaa, 0xdf, 0x5a, 0xad, 0x55,
    0x6f, 0xad, 0x55, 0x4a, 0xf5, 0x52, 0x5a, 0x0,

    /* U+5A1F "娟" */
    0x23, 0xc4, 0x4b, 0xcf, 0x28, 0x5, 0x7e, 0xa8,
    0x65, 0xfa, 0xa1, 0x27, 0xea, 0x86, 0x11, 0x80,

    /* U+5A20 "娠" */
    0x4f, 0xe9, 0x3, 0xaf, 0x54, 0xa, 0xff, 0x55,
    0x2a, 0xa5, 0x55, 0x4a, 0x55, 0x6a, 0x48, 0x80,

    /* U+5A25 "娥" */
    0x22, 0xc5, 0x97, 0xd2, 0x2f, 0xf5, 0x48, 0xa9,
    0x65, 0xaa, 0xe2, 0x24, 0x4a, 0x96, 0x34, 0x80,

    /* U+5A29 "娩" */
    0x22, 0x4, 0x73, 0xd2, 0x2f, 0xf5, 0x52, 0xaa,
    0x65, 0xfa, 0x94, 0x22, 0xaa, 0x96, 0x23, 0x80,

    /* U+5A31 "娱" */
    0x27, 0xc4, 0x8b, 0xd1, 0x2b, 0xe5, 0x0, 0xaf,
    0xa4, 0x42, 0xff, 0x21, 0xa, 0x52, 0x31, 0x80,

    /* U+5A36 "娶" */
    0xfc, 0x9, 0x7d, 0xe8, 0xa4, 0xa7, 0xc9, 0x96,
    0xc1, 0x7, 0xff, 0x10, 0x83, 0xe3, 0x83, 0x80,

    /* U+5A46 "婆" */
    0x41, 0x5, 0xfe, 0x24, 0xa7, 0xe0, 0xa4, 0x53,
    0x15, 0x97, 0xff, 0x10, 0x83, 0xe3, 0x83, 0x80,

    /* U+5A49 "婉" */
    0x21, 0x5, 0xff, 0xe0, 0xaa, 0x5, 0x6e, 0xb5,
    0x66, 0xaa, 0xb7, 0x22, 0x8a, 0x96, 0x23, 0x80,

    /* U+5A5A "婚" */
    0x27, 0xe4, 0x93, 0xdf, 0xaa, 0x25, 0x72, 0xa0,
    0x25, 0xfa, 0xa1, 0x27, 0xea, 0x86, 0x1f, 0x80,

    /* U+5A6A "婪" */
    0x20, 0x9f, 0x7c, 0x82, 0x38, 0xea, 0xaa, 0x41,
    0x2, 0x7, 0xff, 0x10, 0x83, 0xe3, 0x83, 0x80,

    /* U+5A74 "婴" */
    0xfb, 0xf1, 0x46, 0xaa, 0xd5, 0x55, 0x15, 0x14,
    0x44, 0x7, 0xff, 0x10, 0x83, 0xe3, 0x83, 0x80,

    /* U+5A76 "婶" */
    0x41, 0x9, 0xff, 0xa0, 0xd0, 0x8a, 0xff, 0x52,
    0x6b, 0xfd, 0x49, 0x4f, 0xf4, 0x22, 0x4, 0x0,

    /* U+5A7F "婿" */
    0x2f, 0xe4, 0x27, 0xd7, 0x2a, 0x85, 0xbe, 0xa8,
    0xa5, 0xf2, 0xa2, 0x27, 0xca, 0x8a, 0x13, 0x0,

    /* U+5A92 "媒" */
    0x24, 0x45, 0xff, 0xd1, 0x2b, 0xe5, 0x44, 0xaf,
    0xa4, 0x42, 0xff, 0x23, 0x8a, 0xaa, 0x24, 0x80,

    /* U+5A9A "媚" */
    0x4f, 0xe9, 0x27, 0xbf, 0xd4, 0xa, 0xbf, 0x54,
    0x6a, 0xfd, 0x51, 0x4b, 0xf5, 0x46, 0x4f, 0x80,

    /* U+5AB3 "媳" */
    0x21, 0x4, 0xfb, 0xd1, 0x2b, 0xe5, 0x44, 0xaf,
    0xa5, 0x12, 0xbe, 0x22, 0x8a, 0xca, 0x2e, 0x80,

    /* U+5AC1 "嫁" */
    0x21, 0x5, 0xff, 0xe0, 0xab, 0xe5, 0x10, 0xa5,
    0x67, 0x72, 0x94, 0x2d, 0xca, 0x56, 0x36, 0x0,

    /* U+5AC2 "嫂" */
    0x45, 0x9, 0x2f, 0xa4, 0xd6, 0xba, 0x93, 0x5f,
    0xe8, 0x45, 0x7f, 0x44, 0x54, 0x72, 0x31, 0x80,

    /* U+5AC9 "嫉" */
    0x20, 0x84, 0xff, 0xd0, 0x2e, 0x85, 0x5e, 0xad,
    0x27, 0x22, 0xbf, 0x24, 0x8a, 0xaa, 0x28, 0x80,

    /* U+5ACC "嫌" */
    0x24, 0x45, 0xff, 0xca, 0x2f, 0xf5, 0x2a, 0xbf,
    0xe4, 0xaa, 0xff, 0x22, 0x8a, 0xda, 0x2a, 0x80,

    /* U+5AE1 "嫡" */
    0x41, 0x9, 0xff, 0x91, 0x57, 0xfa, 0x93, 0x57,
    0x6a, 0x4d, 0x5d, 0x4a, 0xb5, 0x76, 0x21, 0x80,

    /* U+5AE9 "嫩" */
    0x48, 0x8b, 0xd3, 0xa3, 0xdf, 0x9a, 0xab, 0x55,
    0x6f, 0xad, 0x45, 0x5c, 0x55, 0x56, 0x24, 0x80,

    /* U+5B50 "子" */
    0x7f, 0x80, 0x10, 0x4, 0x1, 0x0, 0x41, 0xff,
    0xc1, 0x0, 0x20, 0x4, 0x0, 0x80, 0x70, 0x0,

    /* U+5B54 "孔" */
    0xfa, 0x1, 0x40, 0x48, 0x11, 0x2, 0x20, 0x74,
    0x38, 0x81, 0x10, 0x22, 0x24, 0x47, 0x87, 0x80,

    /* U+5B55 "孕" */
    0x7f, 0x82, 0x10, 0x43, 0x90, 0x15, 0xf3, 0x5,
    0x81, 0x7, 0xff, 0x4, 0x0, 0x80, 0x70, 0x0,

    /* U+5B57 "字" */
    0x4, 0x1f, 0xfe, 0x0, 0xdf, 0xd0, 0x10, 0x4,
    0x1, 0x7, 0xff, 0x4, 0x0, 0x80, 0x70, 0x0,

    /* U+5B58 "存" */
    0x8, 0x1f, 0xfc, 0x40, 0x13, 0xe2, 0x8, 0xc2,
    0x28, 0x41, 0x7f, 0x21, 0x4, 0x20, 0x8c, 0x0,

    /* U+5B59 "孙" */
    0xf9, 0x1, 0x20, 0x44, 0x12, 0xa2, 0x54, 0x6a,
    0x7a, 0x49, 0x49, 0x21, 0x4, 0x23, 0x9c, 0x0,

    /* U+5B5C "孜" */
    0xfa, 0x1, 0x40, 0x4f, 0x91, 0x22, 0x44, 0x74,
    0xb8, 0xa1, 0x14, 0x21, 0x4, 0x53, 0xb1, 0x80,

    /* U+5B5D "孝" */
    0x8, 0x4f, 0xd0, 0x24, 0x7f, 0xf0, 0x40, 0x3f,
    0x38, 0x40, 0x10, 0x3f, 0xe0, 0x40, 0x38, 0x0,

    /* U+5B5F "孟" */
    0x7f, 0x80, 0x20, 0x18, 0x7f, 0xf0, 0x40, 0x38,
    0x0, 0x3, 0xfe, 0x4a, 0x49, 0x4b, 0xff, 0x80,

    /* U+5B63 "季" */
    0x3, 0xcf, 0x80, 0x10, 0x7f, 0xf1, 0x50, 0x49,
    0x37, 0xd8, 0x10, 0xff, 0xe0, 0x80, 0x70, 0x0,

    /* U+5B64 "孤" */
    0xe0, 0xe5, 0xe9, 0x25, 0x24, 0xa4, 0x94, 0xd2,
    0xb2, 0x52, 0x4a, 0x4a, 0x49, 0x57, 0x5d, 0x80,

    /* U+5B66 "学" */
    0x48, 0x44, 0x93, 0xff, 0xc0, 0x1b, 0xfa, 0x2,
    0x1, 0x87, 0xff, 0x4, 0x0, 0x80, 0x70, 0x0,

    /* U+5B69 "孩" */
    0xe1, 0x5, 0xfd, 0x8, 0x22, 0x24, 0xf8, 0xc2,
    0x30, 0x8a, 0x62, 0x40, 0x88, 0x6b, 0x30, 0x80,

    /* U+5B6A "孪" */
    0x4, 0x1f, 0xfc, 0x24, 0x24, 0xa9, 0x12, 0x7f,
    0x0, 0x80, 0x20, 0xff, 0xe0, 0x80, 0x70, 0x0,

    /* U+5B70 "孰" */
    0x21, 0x1f, 0xa1, 0x2f, 0x3c, 0xa0, 0x14, 0xf2,
    0x84, 0xd1, 0xca, 0xe2, 0xc4, 0x4d, 0x90, 0x80,

    /* U+5B75 "孵" */
    0x20, 0x79, 0xf2, 0xaa, 0xd5, 0x2e, 0xef, 0x54,
    0x6a, 0x97, 0x5f, 0xae, 0x49, 0xa, 0x23, 0x0,

    /* U+5B7A "孺" */
    0xef, 0xe4, 0x21, 0x3f, 0xa4, 0x94, 0x54, 0xc0,
    0x33, 0xfa, 0x8, 0x4f, 0xe9, 0x57, 0x2a, 0x80,

    /* U+5B7D "孽" */
    0x11, 0x1f, 0xfe, 0x49, 0x7f, 0xf8, 0x91, 0x1f,
    0xfe, 0x40, 0x10, 0xff, 0xe0, 0x80, 0x70, 0x0,

    /* U+5B81 "宁" */
    0x4, 0x1f, 0xfe, 0x0, 0x80, 0xf, 0xfe, 0x8,
    0x1, 0x0, 0x20, 0x4, 0x0, 0x80, 0x70, 0x0,

    /* U+5B83 "它" */
    0x4, 0x1f, 0xfe, 0x0, 0xd0, 0x12, 0x8, 0x46,
    0xf, 0x1, 0x0, 0x20, 0x24, 0x4, 0x7f, 0x80,

    /* U+5B85 "宅" */
    0x4, 0x1f, 0xfe, 0x0, 0xc3, 0xd7, 0x80, 0x10,
    0x3, 0xff, 0xc0, 0x8, 0x1, 0x4, 0x1f, 0x80,

    /* U+5B87 "宇" */
    0x4, 0x1f, 0xfe, 0x0, 0xdf, 0xd0, 0x40, 0x8,
    0x3f, 0xf8, 0x20, 0x4, 0x0, 0x80, 0x70, 0x0,

    /* U+5B88 "守" */
    0x4, 0x1f, 0xfe, 0x0, 0xc0, 0x90, 0x11, 0xff,
    0xc0, 0x41, 0x8, 0x11, 0x0, 0x20, 0x1c, 0x0,

    /* U+5B89 "安" */
    0x4, 0x1f, 0xfe, 0x0, 0x84, 0x0, 0x81, 0xff,
    0xc4, 0x21, 0x4, 0x11, 0x1, 0xc3, 0xc7, 0x80,

    /* U+5B8B "宋" */
    0x4, 0x1f, 0xfe, 0x0, 0xc2, 0x10, 0x41, 0xff,
    0xc3, 0x80, 0xa8, 0x24, 0x98, 0x8c, 0x10, 0x0,

    /* U+5B8C "完" */
    0x4, 0x1f, 0xfe, 0x0, 0xdf, 0xd0, 0x0, 0x0,
    0x3f, 0xf8, 0x88, 0x11, 0x4, 0x27, 0x7, 0x80,

    /* U+5B8F "宏" */
    0x4, 0x1f, 0xfe, 0x0, 0x84, 0xf, 0xfe, 0x10,
    0x4, 0x80, 0x90, 0x24, 0x49, 0xa, 0x7e, 0x80,

    /* U+5B97 "宗" */
    0x4, 0x1f, 0xfe, 0x0, 0xc0, 0x13, 0xf8, 0x0,
    0x3f, 0xf8, 0x20, 0x24, 0x98, 0x8c, 0x30, 0x0,

    /* U+5B98 "官" */
    0x4, 0x1f, 0xfe, 0x0, 0xdf, 0xd2, 0x8, 0x7f,
    0x8, 0x1, 0xfe, 0x20, 0x44, 0x8, 0xff, 0x0,

    /* U+5B99 "宙" */
    0x4, 0x1f, 0xfe, 0x0, 0x82, 0x7, 0xfc, 0x88,
    0x91, 0x13, 0xfe, 0x44, 0x48, 0x89, 0xff, 0x0,

    /* U+5B9A "定" */
    0x4, 0x1f, 0xfe, 0x0, 0x80, 0x7, 0xfc, 0x8,
    0x9, 0x1, 0x3e, 0x24, 0xb, 0x82, 0xf, 0x80,

    /* U+5B9B "宛" */
    0x4, 0x1f, 0xfe, 0x0, 0xd0, 0x13, 0xbc, 0x94,
    0x92, 0x95, 0x96, 0x12, 0x4, 0x47, 0x7, 0x80,

    /* U+5B9C "宜" */
    0x4, 0x1f, 0xfe, 0x0, 0xdf, 0xd2, 0x8, 0x7f,
    0x8, 0x21, 0xfc, 0x20, 0x84, 0x13, 0xff, 0x80,

    /* U+5B9D "宝" */
    0x4, 0x1f, 0xfe, 0x0, 0xc0, 0x17, 0xfc, 0x8,
    0x1, 0x3, 0xfe, 0x4, 0x80, 0x8b, 0xff, 0x80,

    /* U+5B9E "实" */
    0x4, 0x1f, 0xfe, 0x0, 0xd1, 0x11, 0x20, 0x84,
    0x8, 0x87, 0xff, 0x5, 0x3, 0x13, 0x81, 0x80,

    /* U+5BA0 "宠" */
    0x4, 0x1f, 0xfe, 0x0, 0xc4, 0x90, 0x89, 0xff,
    0xc2, 0x80, 0x94, 0x13, 0x4, 0xc7, 0x2f, 0x80,

    /* U+5BA1 "审" */
    0x4, 0x1f, 0xfe, 0x0, 0x82, 0x7, 0xfc, 0x88,
    0x9f, 0xf2, 0x22, 0x7f, 0xc0, 0x80, 0x10, 0x0,

    /* U+5BA2 "客" */
    0x4, 0x1f, 0xfe, 0x20, 0xcf, 0x97, 0x10, 0x1c,
    0xc, 0x67, 0xff, 0x20, 0x84, 0x10, 0xfe, 0x0,

    /* U+5BA3 "宣" */
    0x4, 0x1f, 0xfe, 0x0, 0xdf, 0xd0, 0x0, 0x7f,
    0x8, 0x21, 0xe4, 0x27, 0x80, 0x3, 0xff, 0x80,

    /* U+5BA4 "室" */
    0x4, 0x1f, 0xfe, 0x0, 0xdf, 0xd0, 0x80, 0x21,
    0x1f, 0xd0, 0x20, 0x7f, 0xc0, 0x83, 0xff, 0x80,

    /* U+5BA6 "宦" */
    0x4, 0x1f, 0xfe, 0x0, 0xbf, 0xe4, 0x40, 0xff,
    0x10, 0x22, 0x4, 0x7f, 0x88, 0x81, 0xff, 0x0,

    /* U+5BAA "宪" */
    0x4, 0x1f, 0xfe, 0x0, 0x92, 0x3, 0xfc, 0x88,
    0x1, 0x7, 0xff, 0x11, 0x4, 0x27, 0x7, 0x80,

    /* U+5BAB "宫" */
    0x4, 0x1f, 0xfe, 0x0, 0xdf, 0xd2, 0x8, 0x7f,
    0x0, 0x3, 0xfe, 0x40, 0x48, 0x9, 0xff, 0x0,

    /* U+5BB0 "宰" */
    0x4, 0x1f, 0xfe, 0x10, 0xbf, 0xe2, 0x8, 0x22,
    0x3f, 0xf8, 0x20, 0x7f, 0xc0, 0x80, 0x10, 0x0,

    /* U+5BB3 "害" */
    0x4, 0x1f, 0xfe, 0x10, 0xdf, 0xd0, 0x40, 0xff,
    0x81, 0x7, 0xff, 0x40, 0x48, 0x9, 0xff, 0x0,

    /* U+5BB4 "宴" */
    0x4, 0x1f, 0xfe, 0x82, 0xdf, 0xd2, 0x8, 0x7f,
    0x2, 0x7, 0xff, 0x10, 0x83, 0xe3, 0x83, 0x80,

    /* U+5BB5 "宵" */
    0x4, 0x1f, 0xfe, 0x92, 0xca, 0x93, 0xf8, 0x41,
    0xf, 0xe1, 0x4, 0x3f, 0x84, 0x10, 0x86, 0x0,

    /* U+5BB6 "家" */
    0x4, 0x1f, 0xfe, 0x0, 0xdf, 0xd0, 0xc0, 0x64,
    0xb3, 0xa1, 0x98, 0xce, 0x86, 0x4f, 0x30, 0x0,

    /* U+5BB9 "容" */
    0x4, 0x1f, 0xfe, 0x44, 0xb2, 0x60, 0xa0, 0x63,
    0x30, 0x19, 0xfc, 0x20, 0x84, 0x10, 0xfe, 0x0,

    /* U+5BBD "宽" */
    0x4, 0x1f, 0xfe, 0x44, 0xbf, 0xe1, 0x10, 0x7f,
    0x8, 0x21, 0x24, 0x24, 0x81, 0x47, 0xcf, 0x80,

    /* U+5BBE "宾" */
    0x4, 0x1f, 0xfe, 0x4, 0xdf, 0x12, 0x0, 0x7f,
    0x88, 0x41, 0x8, 0xff, 0xe4, 0x13, 0x1, 0x80,

    /* U+5BBF "宿" */
    0x4, 0x1f, 0xfe, 0x0, 0x97, 0xe2, 0x10, 0x84,
    0x33, 0xf2, 0x42, 0x4f, 0xc9, 0x9, 0x3f, 0x0,

    /* U+5BC2 "寂" */
    0x4, 0x1f, 0xfe, 0x0, 0x90, 0x3, 0xbc, 0x44,
    0xbe, 0x91, 0x14, 0xb1, 0x15, 0x51, 0x91, 0x80,

    /* U+5BC4 "寄" */
    0x4, 0x1f, 0xfe, 0x10, 0xbf, 0xe1, 0x11, 0xff,
    0xc0, 0x11, 0xfa, 0x21, 0x47, 0xe8, 0x3, 0x0,

    /* U+5BC5 "寅" */
    0x4, 0x1f, 0xfe, 0x0, 0xbf, 0xe0, 0x40, 0xff,
    0x91, 0x13, 0xfe, 0x44, 0x4f, 0xfb, 0x1, 0x80,

    /* U+5BC6 "密" */
    0x4, 0x1f, 0xfe, 0x24, 0xa9, 0x29, 0xc2, 0x61,
    0x37, 0xe0, 0x0, 0x44, 0x48, 0x89, 0xff, 0x0,

    /* U+5BC7 "寇" */
    0x4, 0x1f, 0xfe, 0x0, 0xb8, 0x80, 0x1c, 0x2,
    0x3e, 0xf2, 0x92, 0x51, 0x8a, 0x4a, 0x7f, 0x80,

    /* U+5BCC "富" */
    0x4, 0x1f, 0xfe, 0x0, 0xdf, 0xd1, 0x10, 0x22,
    0x1f, 0xf2, 0x22, 0x7f, 0xc8, 0x89, 0xff, 0x0,

    /* U+5BD0 "寐" */
    0x4, 0x1f, 0xfe, 0x0, 0xa8, 0x85, 0x7c, 0xe2,
    0x7, 0xff, 0x9c, 0x55, 0x4b, 0x26, 0x44, 0x0,

    /* U+5BD2 "寒" */
    0x4, 0x1f, 0xfe, 0x44, 0xbf, 0xe1, 0x11, 0xff,
    0xc4, 0x41, 0x64, 0xc3, 0x63, 0x80, 0xc, 0x0,

    /* U+5BD3 "寓" */
    0x4, 0x1f, 0xfe, 0x0, 0xdf, 0xd2, 0x48, 0x7f,
    0x9, 0x27, 0xff, 0x85, 0x37, 0xf6, 0x1, 0x80,

    /* U+5BDD "寝" */
    0x4, 0x1f, 0xfe, 0x0, 0x93, 0xea, 0x4, 0xcf,
    0x88, 0x11, 0x7f, 0x6a, 0xb4, 0x30, 0xb9, 0x80,

    /* U+5BDE "寞" */
    0x4, 0x1f, 0xfe, 0x44, 0xbf, 0xe2, 0x8, 0x7f,
    0x8, 0x27, 0xff, 0xa, 0x6, 0x33, 0x1, 0x80,

    /* U+5BDF "察" */
    0x4, 0x1f, 0xfe, 0x80, 0x9d, 0xee, 0xa4, 0xa3,
    0x3b, 0xd8, 0x0, 0x7f, 0xc4, 0x93, 0x31, 0x80,

    /* U+5BE1 "寡" */
    0x4, 0x1f, 0xfe, 0x82, 0x9f, 0xc2, 0x9, 0xff,
    0xd0, 0x15, 0xfd, 0x8, 0x82, 0x11, 0x8c, 0x0,

    /* U+5BE5 "寥" */
    0x4, 0x1f, 0xfe, 0xaa, 0x8c, 0xc6, 0xa8, 0x1c,
    0xc, 0x66, 0x33, 0x38, 0x0, 0x31, 0xf8, 0x0,

    /* U+5BE8 "寨" */
    0x4, 0x1f, 0xfe, 0x44, 0xbf, 0xe1, 0x11, 0xff,
    0xc9, 0x22, 0xfa, 0x84, 0x24, 0x91, 0x31, 0x0,

    /* U+5BF8 "寸" */
    0x0, 0x80, 0x13, 0xff, 0x80, 0x40, 0x8, 0x41,
    0x4, 0x20, 0x84, 0x0, 0x80, 0x10, 0xe, 0x0,

    /* U+5BF9 "对" */
    0x0, 0x5e, 0x8, 0x5f, 0xc8, 0x25, 0x4, 0xa8,
    0x88, 0x91, 0x12, 0x50, 0x4a, 0xa, 0x7, 0x0,

    /* U+5BFA "寺" */
    0x4, 0xf, 0xf8, 0x10, 0x2, 0xf, 0xfe, 0x1,
    0x3f, 0xf9, 0x4, 0x10, 0x82, 0x10, 0xe, 0x0,

    /* U+5BFB "寻" */
    0x7f, 0xc0, 0x9, 0xff, 0x0, 0x27, 0xfc, 0x1,
    0x3f, 0xf8, 0x4, 0x20, 0x82, 0x10, 0xe, 0x0,

    /* U+5BFC "导" */
    0x7f, 0xc8, 0x9, 0xff, 0x20, 0x4, 0x2, 0x7f,
    0xc0, 0x27, 0xff, 0x20, 0x82, 0x10, 0xe, 0x0,

    /* U+5BFF "寿" */
    0x4, 0xf, 0xf8, 0x10, 0x3f, 0xe0, 0x81, 0xff,
    0xc4, 0x21, 0xff, 0x48, 0x90, 0x90, 0x6, 0x0,

    /* U+5C01 "封" */
    0x20, 0x5f, 0x8, 0x9f, 0x90, 0x2f, 0x84, 0x4,
    0x88, 0x57, 0xca, 0x20, 0x47, 0xb, 0x7, 0x0,

    /* U+5C04 "射" */
    0x20, 0x4f, 0x9, 0x2f, 0xbc, 0x24, 0x84, 0xf4,
    0x92, 0x57, 0xca, 0x28, 0x49, 0xa, 0x67, 0x0,

    /* U+5C06 "将" */
    0x21, 0xe5, 0xc6, 0x89, 0x30, 0xc2, 0xe0, 0x40,
    0x9b, 0xfd, 0x2, 0x24, 0x44, 0x48, 0x83, 0x0,

    /* U+5C09 "尉" */
    0xfc, 0x50, 0x8b, 0xf7, 0xc0, 0x2b, 0x85, 0x2,
    0xbf, 0x34, 0x82, 0xb4, 0x5a, 0x4a, 0xc3, 0x0,

    /* U+5C0A "尊" */
    0x11, 0x1f, 0xfc, 0x28, 0x3f, 0xe4, 0xa4, 0xa4,
    0x9b, 0xf2, 0x2, 0xff, 0xe4, 0x10, 0x4e, 0x0,

    /* U+5C0F "小" */
    0x4, 0x0, 0x80, 0x10, 0x12, 0x42, 0x44, 0x88,
    0x91, 0xc, 0x21, 0x4, 0x0, 0x80, 0x70, 0x0,

    /* U+5C11 "少" */
    0x4, 0x0, 0x80, 0x92, 0x12, 0x24, 0x43, 0x8,
    0x41, 0x20, 0x8, 0x6, 0x3, 0x3, 0x80, 0x0,

    /* U+5C14 "尔" */
    0x20, 0x7, 0xfd, 0x0, 0xc2, 0x20, 0x40, 0x49,
    0x9, 0x12, 0x21, 0x84, 0x20, 0x80, 0x70, 0x0,

    /* U+5C16 "尖" */
    0x4, 0x4, 0x91, 0x11, 0x42, 0x10, 0x40, 0x0,
    0x1, 0x7, 0xff, 0xa, 0x6, 0x33, 0x1, 0x80,

    /* U+5C18 "尘" */
    0x4, 0x4, 0x91, 0x11, 0x42, 0x10, 0x40, 0x0,
    0x1, 0x3, 0xfe, 0x4, 0x0, 0x83, 0xff, 0x80,

    /* U+5C1A "尚" */
    0x44, 0x44, 0x90, 0x10, 0x7f, 0xf8, 0x3, 0x3e,
    0x64, 0x4c, 0x89, 0x9f, 0x30, 0x6, 0x3, 0x80,

    /* U+5C1D "尝" */
    0x44, 0x44, 0x93, 0xff, 0xc0, 0x1b, 0xfa, 0x0,
    0x3f, 0xf8, 0x40, 0x11, 0x4, 0x11, 0xfd, 0x0,

    /* U+5C24 "尤" */
    0x9, 0x1, 0x10, 0x20, 0x7f, 0xf0, 0xa0, 0x14,
    0x4, 0x80, 0x90, 0x22, 0x28, 0x46, 0xf, 0x80,

    /* U+5C27 "尧" */
    0x20, 0x4, 0x7f, 0xf1, 0x8, 0xc0, 0xe3, 0xe3,
    0xc0, 0x7, 0xff, 0x11, 0x4, 0x27, 0x7, 0x80,

    /* U+5C31 "就" */
    0x21, 0x5f, 0x24, 0x4, 0x7f, 0xf8, 0x91, 0x15,
    0x3e, 0xa1, 0x14, 0xaa, 0xb5, 0x55, 0x93, 0x80,

    /* U+5C38 "尸" */
    0x3f, 0xe4, 0x4, 0x80, 0x90, 0x13, 0xfe, 0x40,
    0x8, 0x1, 0x0, 0x40, 0x8, 0x2, 0x0, 0x0,

    /* U+5C39 "尹" */
    0x7f, 0xc0, 0x88, 0x11, 0x7f, 0xf0, 0x44, 0x8,
    0x9f, 0xf0, 0x20, 0x8, 0x6, 0x3, 0x0, 0x0,

    /* U+5C3A "尺" */
    0x3f, 0xc4, 0x8, 0x81, 0x10, 0x23, 0xfc, 0x44,
    0x8, 0x81, 0x8, 0x41, 0x8, 0x12, 0x1, 0x80,

    /* U+5C3C "尼" */
    0x7f, 0xe8, 0x5, 0x0, 0xbf, 0xf4, 0x0, 0x90,
    0x12, 0x1a, 0x4c, 0x4e, 0x9, 0x6, 0x1f, 0x80,

    /* U+5C3D "尽" */
    0x3f, 0xc4, 0x8, 0x81, 0x1f, 0xe2, 0x8, 0x41,
    0x13, 0x14, 0x19, 0x0, 0x3, 0x0, 0x1c, 0x0,

    /* U+5C3E "尾" */
    0x7f, 0xe8, 0x5, 0xff, 0xa0, 0xc5, 0xe0, 0x87,
    0x97, 0x82, 0x1f, 0x5e, 0x8, 0x46, 0xf, 0x80,

    /* U+5C3F "尿" */
    0x7f, 0xe8, 0x5, 0x0, 0xbf, 0xf4, 0x20, 0x84,
    0x5e, 0xd2, 0x54, 0x52, 0x4c, 0x46, 0x18, 0x0,

    /* U+5C40 "局" */
    0x7f, 0xc8, 0x9, 0xff, 0x20, 0x7, 0xfe, 0x80,
    0x57, 0xca, 0x89, 0x51, 0x2b, 0xe6, 0x3, 0x0,

    /* U+5C41 "屁" */
    0x7f, 0xe8, 0x5, 0xff, 0xa0, 0x5, 0x10, 0xa2,
    0x57, 0x52, 0x8c, 0x51, 0xa, 0xa6, 0x63, 0x80,

    /* U+5C42 "层" */
    0x7f, 0xe8, 0x5, 0x0, 0xbf, 0xf4, 0x0, 0xbf,
    0x90, 0x3, 0xff, 0x48, 0xa, 0xa, 0xfe, 0x80,

    /* U+5C45 "居" */
    0x7f, 0xc8, 0x9, 0x1, 0x3f, 0xe4, 0x20, 0xff,
    0xd0, 0x82, 0xfe, 0x50, 0x4a, 0xa, 0x7f, 0x0,

    /* U+5C48 "屈" */
    0x7f, 0xe8, 0x5, 0xff, 0xa0, 0x85, 0x12, 0xa2,
    0x57, 0xfa, 0x8, 0x51, 0x2a, 0x26, 0x7f, 0x80,

    /* U+5C49 "屉" */
    0x7f, 0xe8, 0x5, 0xff, 0xa0, 0x4, 0xa4, 0x94,
    0x9f, 0xfa, 0x52, 0x4b, 0xc9, 0x2, 0x3f, 0x80,

    /* U+5C4A "届" */
    0x7f, 0xe8, 0x5, 0x0, 0xbf, 0xf4, 0x10, 0xbf,
    0xd4, 0x4a, 0xff, 0x51, 0x2a, 0x26, 0x7f, 0x80,

    /* U+5C4B "屋" */
    0x7f, 0xe8, 0x5, 0xff, 0xa0, 0x7, 0xfe, 0x91,
    0x17, 0xd2, 0x10, 0x5f, 0xc8, 0x42, 0xff, 0x80,

    /* U+5C4E "屎" */
    0x7f, 0xe8, 0x5, 0x0, 0xbf, 0xf5, 0x24, 0x95,
    0x1f, 0xfa, 0x38, 0x4a, 0x8e, 0x4e, 0x8, 0x0,

    /* U+5C4F "屏" */
    0x7f, 0xe8, 0x5, 0xff, 0xa4, 0x24, 0x48, 0xbf,
    0xd1, 0x22, 0x24, 0x5f, 0xe8, 0x92, 0x62, 0x0,

    /* U+5C51 "屑" */
    0x7f, 0xe8, 0x5, 0xff, 0xa9, 0x24, 0xa8, 0xbf,
    0x94, 0x12, 0xfe, 0x50, 0x4b, 0xfa, 0x41, 0x0,

    /* U+5C55 "展" */
    0x7f, 0xe8, 0x5, 0xff, 0xa4, 0x47, 0xfe, 0x91,
    0x1f, 0xfa, 0x88, 0x50, 0xaa, 0xca, 0x60, 0x80,

    /* U+5C5E "属" */
    0x7f, 0xe8, 0x5, 0xff, 0xa1, 0x5, 0xfc, 0xa4,
    0x97, 0xf2, 0x10, 0x7f, 0xf4, 0x56, 0xbd, 0x80,

    /* U+5C60 "屠" */
    0x7f, 0xe8, 0x5, 0xff, 0xa2, 0x15, 0xf4, 0x89,
    0x1f, 0xfa, 0x42, 0x5f, 0xcd, 0xa, 0x3f, 0x0,

    /* U+5C61 "屡" */
    0x7f, 0xe8, 0x5, 0xff, 0xa9, 0x27, 0xfe, 0x95,
    0x14, 0x93, 0xff, 0x48, 0x89, 0xe2, 0xc3, 0x80,

    /* U+5C65 "履" */
    0x7f, 0xe8, 0x5, 0xff, 0xa5, 0x5, 0x3e, 0xcc,
    0x92, 0x92, 0x9e, 0x76, 0x4a, 0x32, 0x59, 0x80,

    /* U+5C6F "屯" */
    0x4, 0x1f, 0xfc, 0x10, 0x22, 0x24, 0x44, 0x88,
    0x9f, 0xf0, 0x20, 0x4, 0x20, 0x84, 0xf, 0x80,

    /* U+5C71 "山" */
    0x4, 0x0, 0x80, 0x10, 0x42, 0x18, 0x43, 0x8,
    0x61, 0xc, 0x21, 0x84, 0x30, 0x87, 0xff, 0x80,

    /* U+5C79 "屹" */
    0x22, 0x4, 0x7e, 0xa8, 0x56, 0xa, 0xbd, 0x50,
    0xaa, 0x25, 0x48, 0xfa, 0x0, 0x44, 0x7, 0x80,

    /* U+5C7F "屿" */
    0x21, 0x4, 0x3e, 0xa4, 0x55, 0xa, 0xbf, 0x50,
    0x6a, 0xd, 0x7d, 0xf8, 0x20, 0x4, 0x3, 0x0,

    /* U+5C81 "岁" */
    0x84, 0x30, 0x87, 0xff, 0x84, 0x1, 0x0, 0x7f,
    0xb4, 0x10, 0x44, 0x5, 0x0, 0xc1, 0xe0, 0x0,

    /* U+5C82 "岂" */
    0x84, 0x30, 0x87, 0xff, 0x80, 0x7, 0xfc, 0x0,
    0x80, 0x13, 0xfe, 0x40, 0x8, 0x4, 0xff, 0x80,

    /* U+5C94 "岔" */
    0x11, 0x4, 0x13, 0x1, 0x9f, 0xc0, 0x88, 0x21,
    0x18, 0x60, 0x20, 0x44, 0x48, 0x89, 0xff, 0x0,

    /* U+5C97 "岗" */
    0x88, 0xc4, 0x7f, 0xe0, 0xf, 0xfd, 0x16, 0x53,
    0x11, 0x94, 0xd1, 0x60, 0x60,

    /* U+5C9B "岛" */
    0x10, 0x1f, 0xc4, 0x11, 0x44, 0x4b, 0x10, 0x7,
    0xfc, 0x41, 0x92, 0x7f, 0x90, 0x18,

    /* U+5CA9 "岩" */
    0x44, 0x48, 0x89, 0xff, 0x0, 0xf, 0xfe, 0x10,
    0x4, 0x1, 0xfe, 0x60, 0x54, 0x8, 0xff, 0x0,

    /* U+5CAD "岭" */
    0x20, 0x84, 0x12, 0xa5, 0x57, 0x1a, 0x89, 0x50,
    0xaa, 0xfd, 0x41, 0xf9, 0x40, 0x10, 0x1, 0x0,

    /* U+5CB3 "岳" */
    0x1, 0x87, 0xc0, 0x80, 0x1f, 0xe2, 0x10, 0x42,
    0x3f, 0xf8, 0x20, 0x44, 0x48, 0x89, 0xff, 0x0,

    /* U+5CB8 "岸" */
    0x44, 0x4f, 0xf8, 0x0, 0x3f, 0xf4, 0x0, 0xbf,
    0x90, 0x82, 0x10, 0x7f, 0xe8, 0x42, 0x8, 0x0,

    /* U+5CBF "岿" */
    0x84, 0x30, 0x87, 0xff, 0x80, 0x1, 0x7f, 0x20,
    0x64, 0xd, 0x3f, 0x20, 0x28, 0x6, 0x1f, 0x80,

    /* U+5CD9 "峙" */
    0x21, 0x4, 0xfa, 0xa4, 0x54, 0x8a, 0xff, 0x50,
    0xab, 0xfd, 0x52, 0xf9, 0x40, 0x8, 0x3, 0x0,

    /* U+5CE1 "峡" */
    0x21, 0x4, 0xfe, 0xa4, 0x56, 0x9a, 0xb5, 0x52,
    0x2b, 0xfd, 0x48, 0xfa, 0x80, 0x88, 0x20, 0x80,

    /* U+5CE6 "峦" */
    0x4, 0x1f, 0xfc, 0x24, 0x24, 0xa9, 0x12, 0x0,
    0x1, 0x2, 0x22, 0x44, 0x48, 0x89, 0xff, 0x0,

    /* U+5CE8 "峨" */
    0x22, 0xc5, 0x96, 0x92, 0x57, 0xfa, 0x49, 0x49,
    0x69, 0xad, 0x62, 0xf4, 0x40, 0x94, 0x34, 0x80,

    /* U+5CEA "峪" */
    0x21, 0x44, 0x46, 0xa2, 0x54, 0xaa, 0xa3, 0x58,
    0x2a, 0xfd, 0x51, 0xfa, 0x20, 0x44, 0xf, 0x80,

    /* U+5CED "峭" */
    0x29, 0x24, 0xaa, 0x84, 0x57, 0xfa, 0x83, 0x5f,
    0xea, 0xd, 0x7f, 0xf8, 0x21, 0x4, 0x21, 0x80,

    /* U+5CF0 "峰" */
    0x21, 0x4, 0x3e, 0xa8, 0xd4, 0xea, 0xeb, 0x57,
    0xaa, 0x25, 0x5f, 0xf8, 0x80, 0xfc, 0x2, 0x0,

    /* U+5CFB "峻" */
    0x22, 0x44, 0x88, 0xff, 0xd1, 0x4a, 0x2b, 0x58,
    0xe8, 0xf5, 0x62, 0xa4, 0x9c, 0x70, 0x71, 0x80,

    /* U+5D07 "崇" */
    0x44, 0x4f, 0xf8, 0x10, 0x7f, 0xf8, 0x2, 0x7f,
    0x0, 0x7, 0xff, 0x4, 0x4, 0x93, 0x31, 0x80,

    /* U+5D0E "崎" */
    0x20, 0x84, 0x7e, 0xa2, 0x54, 0xaa, 0xa3, 0x5f,
    0xea, 0xd, 0x5d, 0xfa, 0xa0, 0x74, 0x1, 0x80,

    /* U+5D14 "崔" */
    0x84, 0x30, 0x87, 0xff, 0x91, 0x7, 0xff, 0x84,
    0x1f, 0xf2, 0x10, 0x7f, 0xc8, 0x41, 0xff, 0x80,

    /* U+5D16 "崖" */
    0x44, 0x48, 0x89, 0xff, 0xa1, 0x5, 0xfc, 0x84,
    0x1f, 0xfa, 0x10, 0x5f, 0xc8, 0x42, 0xff, 0x80,

    /* U+5D29 "崩" */
    0x4, 0x8, 0x85, 0xff, 0x80, 0x7, 0x9e, 0x92,
    0x5e, 0x7a, 0x49, 0x79, 0xe9, 0x26, 0x69, 0x80,

    /* U+5D2D "崭" */
    0x44, 0x4f, 0xf8, 0x80, 0xfd, 0xe4, 0x21, 0x44,
    0x3e, 0xf9, 0x12, 0x3a, 0x5c, 0x48, 0x91, 0x0,

    /* U+5D4C "嵌" */
    0x84, 0x3f, 0xfc, 0x8, 0x49, 0xf, 0xbf, 0x25,
    0x65, 0x2f, 0xa4, 0x90, 0x92, 0x2b, 0xd8, 0x80,

    /* U+5DCD "巍" */
    0x84, 0x3f, 0xfd, 0xc8, 0x13, 0xef, 0xd4, 0xef,
    0xab, 0x57, 0xfe, 0x4a, 0xce, 0x56, 0x33, 0x80,

    /* U+5DDD "川" */
    0x20, 0x24, 0x44, 0x88, 0x91, 0x12, 0x22, 0x44,
    0x48, 0x89, 0x11, 0x42, 0x28, 0x46, 0x0, 0x80,

    /* U+5DDE "州" */
    0x22, 0x24, 0x44, 0x88, 0xb5, 0x56, 0x67, 0x4c,
    0xc8, 0x89, 0x11, 0x42, 0x28, 0x46, 0x8, 0x80,

    /* U+5DE1 "巡" */
    0x89, 0x29, 0x24, 0x24, 0x89, 0x2d, 0x24, 0xa4,
    0x92, 0x4a, 0x49, 0x49, 0x34, 0x2, 0x7f, 0x80,

    /* U+5DE2 "巢" */
    0x24, 0x89, 0x20, 0x92, 0x3f, 0xe4, 0x44, 0xff,
    0x91, 0x17, 0xff, 0x15, 0x4, 0x93, 0x11, 0x80,

    /* U+5DE5 "工" */
    0x7f, 0xc0, 0x80, 0x10, 0x2, 0x0, 0x40, 0x8,
    0x1, 0x0, 0x20, 0x4, 0x0, 0x83, 0xff, 0x80,

    /* U+5DE6 "左" */
    0x8, 0x1, 0x3, 0xff, 0x84, 0x1, 0x0, 0x20,
    0xb, 0xf9, 0x8, 0x41, 0x10, 0x20, 0x7f, 0x80,

    /* U+5DE7 "巧" */
    0xf, 0xfe, 0x40, 0x88, 0x12, 0x2, 0x7e, 0x40,
    0x48, 0x9, 0x81, 0xc0, 0x20, 0x4, 0x3, 0x0,

    /* U+5DE8 "巨" */
    0xff, 0xf0, 0x2, 0x0, 0x7f, 0xe8, 0x5, 0x0,
    0xa0, 0x17, 0xfe, 0x80, 0x10, 0x3, 0xff, 0x80,

    /* U+5DE9 "巩" */
    0xf, 0x9d, 0x11, 0x22, 0x24, 0x44, 0xc8, 0x95,
    0x12, 0x23, 0x44, 0xd0, 0xa2, 0x14, 0x83, 0x80,

    /* U+5DEB "巫" */
    0x7f, 0xc0, 0x80, 0x10, 0x12, 0x42, 0x48, 0x49,
    0x15, 0x54, 0x71, 0x4, 0x0, 0x83, 0xff, 0x80,

    /* U+5DEE "差" */
    0x11, 0x1f, 0xfc, 0x10, 0x3f, 0xe0, 0x81, 0xff,
    0xc4, 0x1, 0xfe, 0x42, 0x10, 0x40, 0xff, 0x80,

    /* U+5DF1 "己" */
    0xff, 0x80, 0x20, 0x8, 0x2, 0x0, 0xbf, 0xe8,
    0x2, 0x0, 0x80, 0x60, 0x17, 0xfc,

    /* U+5DF2 "已" */
    0xff, 0x80, 0x20, 0xa, 0x2, 0x80, 0xbf, 0xe8,
    0x2, 0x0, 0x80, 0x60, 0x17, 0xfc,

    /* U+5DF3 "巳" */
    0xff, 0xa0, 0x28, 0xa, 0x2, 0x80, 0xbf, 0xe8,
    0x2, 0x0, 0x80, 0x60, 0x17, 0xfc,

    /* U+5DF4 "巴" */
    0xff, 0xa2, 0x28, 0x8a, 0x22, 0x88, 0xbf, 0xe8,
    0x2, 0x0, 0x80, 0x60, 0x17, 0xfc,

    /* U+5DF7 "巷" */
    0x11, 0xf, 0xf8, 0x44, 0x7f, 0xf1, 0x10, 0x41,
    0x1f, 0xf5, 0x5, 0x3f, 0x84, 0x4, 0x7f, 0x80,

    /* U+5DFE "巾" */
    0x8, 0x4, 0x3f, 0xf1, 0x18, 0x8c, 0x46, 0x23,
    0x11, 0x89, 0x84, 0x2, 0x0,

    /* U+5E01 "币" */
    0x3, 0xff, 0x80, 0x10, 0x2, 0x7, 0xfc, 0x88,
    0x91, 0x12, 0x22, 0x44, 0xc0, 0x80, 0x10, 0x0,

    /* U+5E02 "市" */
    0x8, 0x0, 0x83, 0xff, 0x82, 0x7, 0xfc, 0x88,
    0x91, 0x12, 0x22, 0x44, 0xc0, 0x80, 0x10, 0x0,

    /* U+5E03 "布" */
    0x8, 0x1f, 0xfc, 0x40, 0x11, 0x4, 0x21, 0x7f,
    0x88, 0x91, 0x12, 0x22, 0x44, 0x58, 0x8, 0x0,

    /* U+5E05 "帅" */
    0x21, 0x14, 0x22, 0xbf, 0xd4, 0x9a, 0x93, 0x52,
    0x6a, 0x49, 0x49, 0x29, 0x68, 0x22, 0x4, 0x0,

    /* U+5E06 "帆" */
    0x23, 0xc4, 0x4b, 0xe9, 0x55, 0x2a, 0xb5, 0x55,
    0xaa, 0x95, 0x52, 0xba, 0x44, 0x88, 0xa1, 0x80,

    /* U+5E08 "师" */
    0x2f, 0xf4, 0x22, 0x84, 0x57, 0xfa, 0x93, 0x52,
    0x6a, 0x49, 0x49, 0x29, 0x68, 0x22, 0x4, 0x0,

    /* U+5E0C "希" */
    0x31, 0xc1, 0xc1, 0xc6, 0x8, 0x2f, 0xfe, 0x44,
    0x1f, 0xf5, 0x12, 0x22, 0x44, 0x58, 0x8, 0x0,

    /* U+5E10 "帐" */
    0x22, 0x44, 0x4b, 0xea, 0x55, 0x8a, 0xa1, 0x5f,
    0xea, 0xa5, 0x54, 0xba, 0x44, 0x48, 0x8c, 0x80,

    /* U+5E15 "帕" */
    0x20, 0x84, 0x23, 0xef, 0xd5, 0x1a, 0xa3, 0x54,
    0x6a, 0xfd, 0x51, 0xba, 0x24, 0x44, 0x8f, 0x80,

    /* U+5E16 "帖" */
    0x20, 0x84, 0x13, 0xe3, 0xd4, 0x4a, 0x89, 0x51,
    0x2a, 0xfd, 0x51, 0xba, 0x24, 0x44, 0x8f, 0x80,

    /* U+5E18 "帘" */
    0x4, 0x1f, 0xfe, 0x28, 0x89, 0x6, 0x3c, 0x8,
    0x1f, 0xf2, 0x22, 0x44, 0x48, 0x98, 0x10, 0x0,

    /* U+5E1A "帚" */
    0x7f, 0xc0, 0x9, 0xff, 0x0, 0x2f, 0xff, 0x8,
    0x5f, 0xf2, 0x22, 0x44, 0x48, 0x98, 0x10, 0x0,

    /* U+5E1B "帛" */
    0x8, 0xf, 0xf9, 0x1, 0x3f, 0xe4, 0x4, 0xff,
    0x81, 0x7, 0xff, 0x84, 0x30, 0x8c, 0x10, 0x0,

    /* U+5E1C "帜" */
    0x23, 0xe4, 0x47, 0xe8, 0xd5, 0x1a, 0xa3, 0x57,
    0xea, 0x5, 0x40, 0xba, 0x44, 0x44, 0x90, 0x80,

    /* U+5E1D "帝" */
    0x4, 0x1f, 0xfc, 0x82, 0x8, 0x8f, 0xff, 0x8,
    0x5f, 0xf2, 0x22, 0x44, 0x48, 0x98, 0x10, 0x0,

    /* U+5E26 "带" */
    0x24, 0x9f, 0xfc, 0x92, 0x0, 0xf, 0xff, 0x8,
    0x5f, 0xf2, 0x22, 0x44, 0x48, 0x98, 0x10, 0x0,

    /* U+5E27 "帧" */
    0x20, 0x84, 0x1f, 0xe2, 0x55, 0xfa, 0xa3, 0x55,
    0x6a, 0xad, 0x55, 0xb8, 0x84, 0x28, 0x88, 0x80,

    /* U+5E2D "席" */
    0x2, 0xf, 0xfd, 0x22, 0x3f, 0xf4, 0x88, 0x9f,
    0x10, 0x82, 0xfe, 0x52, 0x4a, 0x5a, 0x8, 0x0,

    /* U+5E2E "帮" */
    0x11, 0xff, 0xa4, 0x45, 0x7e, 0x91, 0x1e, 0x42,
    0x31, 0x3, 0xfe, 0x44, 0x48, 0x98, 0x10, 0x0,

    /* U+5E38 "常" */
    0x24, 0x9f, 0xfe, 0x0, 0xdf, 0xd2, 0x8, 0x7f,
    0x1, 0x3, 0xfe, 0x44, 0x48, 0x98, 0x10, 0x0,

    /* U+5E3D "帽" */
    0x27, 0xe4, 0x87, 0xf6, 0xd6, 0x1a, 0xdb, 0x50,
    0x2a, 0xfd, 0x51, 0xbb, 0xe4, 0x44, 0x8f, 0x80,

    /* U+5E42 "幂" */
    0xff, 0xf4, 0x14, 0xfe, 0x10, 0x43, 0xf8, 0x10,
    0x3f, 0xf9, 0x24, 0x7f, 0xd4, 0x94, 0x96, 0x0,

    /* U+5E45 "幅" */
    0x23, 0xe4, 0x3, 0xef, 0xd5, 0x1a, 0xbf, 0x50,
    0x2a, 0xfd, 0x55, 0xbb, 0xe4, 0x54, 0x8f, 0x80,

    /* U+5E4C "幌" */
    0x23, 0xc4, 0x4b, 0xef, 0x55, 0x2a, 0xbd, 0x5a,
    0x6a, 0xd5, 0x7f, 0xba, 0x84, 0x94, 0xa3, 0x80,

    /* U+5E55 "幕" */
    0x11, 0x1f, 0xfc, 0x44, 0x3f, 0xe4, 0x5, 0xff,
    0xc9, 0x23, 0xfe, 0xa4, 0xa4, 0xb0, 0x10, 0x0,

    /* U+5E62 "幢" */
    0x21, 0x4, 0xfb, 0xea, 0x57, 0xfa, 0x95, 0x5f,
    0xaa, 0x55, 0x4a, 0xbf, 0xe4, 0x20, 0xbf, 0x80,

    /* U+5E72 "干" */
    0x7f, 0xc0, 0x80, 0x10, 0x2, 0x0, 0x41, 0xff,
    0xc1, 0x0, 0x20, 0x4, 0x0, 0x80, 0x10, 0x0,

    /* U+5E73 "平" */
    0x7f, 0xc0, 0x81, 0x11, 0x12, 0x40, 0x41, 0xff,
    0xc1, 0x0, 0x20, 0x4, 0x0, 0x80, 0x10, 0x0,

    /* U+5E74 "年" */
    0x20, 0x7, 0xfd, 0x8, 0x41, 0x3, 0xfc, 0x44,
    0x8, 0x87, 0xff, 0x2, 0x0, 0x40, 0x8, 0x0,

    /* U+5E76 "并" */
    0x20, 0x82, 0x23, 0xff, 0x88, 0x81, 0x10, 0x22,
    0x3f, 0xf8, 0x88, 0x11, 0x4, 0x23, 0x4, 0x0,

    /* U+5E78 "幸" */
    0x4, 0xf, 0xf8, 0x10, 0x7f, 0xf2, 0x8, 0x22,
    0x1f, 0xf0, 0x20, 0xff, 0xe0, 0x80, 0x10, 0x0,

    /* U+5E7B "幻" */
    0x27, 0xe4, 0x5, 0x0, 0xa0, 0x19, 0x3, 0xc0,
    0x48, 0xa, 0x41, 0x48, 0x32, 0x87, 0x93, 0x0,

    /* U+5E7C "幼" */
    0x21, 0x4, 0x21, 0x1f, 0xa0, 0x99, 0x13, 0xc2,
    0x48, 0x4a, 0x49, 0x4a, 0x33, 0x47, 0x93, 0x0,

    /* U+5E7D "幽" */
    0x4, 0x14, 0x96, 0x92, 0xe2, 0x9d, 0x57, 0x49,
    0x69, 0x2e, 0xab, 0xf5, 0xf0, 0x87, 0xff, 0x80,

    /* U+5E7F "广" */
    0x2, 0x7, 0xfc, 0x80, 0x10, 0x2, 0x0, 0x40,
    0x8, 0x1, 0x0, 0x40, 0x8, 0x2, 0x0, 0x0,

    /* U+5E84 "庄" */
    0x2, 0xf, 0xfd, 0x0, 0x21, 0x4, 0x20, 0xbf,
    0x90, 0x82, 0x10, 0x42, 0x8, 0x42, 0xff, 0x80,

    /* U+5E86 "庆" */
    0x2, 0xf, 0xfd, 0x0, 0x21, 0x4, 0x20, 0xff,
    0xd0, 0x82, 0x28, 0x45, 0x9, 0x12, 0xc1, 0x80,

    /* U+5E87 "庇" */
    0x2, 0xf, 0xfd, 0x0, 0x28, 0x85, 0x12, 0xba,
    0x94, 0x62, 0x88, 0x51, 0xa, 0xa6, 0x63, 0x80,

    /* U+5E8A "床" */
    0x2, 0xf, 0xfd, 0x0, 0x21, 0x4, 0x20, 0xff,
    0xd0, 0x82, 0x38, 0x4a, 0x8a, 0x4a, 0x88, 0x80,

    /* U+5E8F "序" */
    0x2, 0xf, 0xfd, 0x0, 0x2f, 0xe4, 0x8, 0x8a,
    0x1f, 0xfa, 0x11, 0x42, 0x48, 0x42, 0x38, 0x0,

    /* U+5E90 "庐" */
    0x4, 0xf, 0xfd, 0x8, 0x2f, 0xe5, 0x4, 0xa0,
    0x97, 0xf2, 0x80, 0x50, 0xa, 0x2, 0x80, 0x0,

    /* U+5E93 "库" */
    0x2, 0xf, 0xfd, 0x10, 0x3f, 0xf4, 0x80, 0xa4,
    0x17, 0xf2, 0x10, 0x7f, 0xe8, 0x42, 0x8, 0x0,

    /* U+5E94 "应" */
    0x2, 0xf, 0xfd, 0x0, 0x22, 0x25, 0x44, 0xa4,
    0x92, 0x92, 0x44, 0x40, 0x88, 0x22, 0xff, 0x80,

    /* U+5E95 "底" */
    0x2, 0xf, 0xfd, 0x1, 0x2f, 0xc5, 0x10, 0xa2,
    0x17, 0xfa, 0x88, 0x50, 0x8a, 0x96, 0x69, 0x80,

    /* U+5E97 "店" */
    0x2, 0xf, 0xfd, 0x0, 0x21, 0x4, 0x3e, 0x84,
    0x10, 0x82, 0xfe, 0x50, 0x4a, 0xa, 0x7f, 0x0,

    /* U+5E99 "庙" */
    0x2, 0xf, 0xfd, 0x8, 0x21, 0x5, 0xfc, 0xa4,
    0x94, 0x92, 0xfe, 0x52, 0x4a, 0x4a, 0x7f, 0x0,

    /* U+5E9A "庚" */
    0x2, 0xf, 0xfd, 0x8, 0x2f, 0xe4, 0x24, 0xff,
    0xd0, 0x92, 0xfe, 0x45, 0x9, 0x12, 0xc1, 0x80,

    /* U+5E9C "府" */
    0x2, 0xf, 0xfd, 0x0, 0x24, 0x24, 0x84, 0xaf,
    0xdc, 0x12, 0x92, 0x51, 0x4a, 0xa, 0x43, 0x0,

    /* U+5E9E "庞" */
    0x2, 0xf, 0xfd, 0x22, 0x24, 0x27, 0xfe, 0x92,
    0x12, 0x52, 0x4c, 0x51, 0x2a, 0x66, 0x93, 0x80,

    /* U+5E9F "废" */
    0x2, 0xf, 0xfd, 0x52, 0x2a, 0x27, 0xfe, 0x90,
    0x13, 0xf2, 0x42, 0x54, 0x8a, 0x62, 0xb3, 0x80,

    /* U+5EA6 "度" */
    0x2, 0xf, 0xfd, 0x22, 0x3f, 0xf4, 0x88, 0x9f,
    0x10, 0x2, 0xfe, 0x48, 0x88, 0xe2, 0xe3, 0x80,

    /* U+5EA7 "座" */
    0x2, 0xf, 0xfd, 0x0, 0x21, 0x5, 0x24, 0xa4,
    0x9a, 0xaa, 0x10, 0x5f, 0xc8, 0x42, 0xff, 0x80,

    /* U+5EAD "庭" */
    0x2, 0xf, 0xfd, 0x0, 0x3c, 0x34, 0xb8, 0xa1,
    0x1e, 0xfa, 0x44, 0x6b, 0xea, 0x2, 0xbf, 0x80,

    /* U+5EB6 "庶" */
    0x2, 0xf, 0xfd, 0x0, 0x24, 0x47, 0xfe, 0x91,
    0x12, 0x22, 0x7c, 0x40, 0xa, 0xaa, 0x8a, 0x80,

    /* U+5EB7 "康" */
    0x2, 0xf, 0xfd, 0x8, 0x2f, 0xe4, 0x24, 0xff,
    0xd0, 0x92, 0xfe, 0x52, 0x49, 0x52, 0xd9, 0x80,

    /* U+5EB8 "庸" */
    0x2, 0xf, 0xfd, 0x9, 0x3f, 0xf4, 0x24, 0xbf,
    0x94, 0x92, 0xfe, 0x52, 0x4b, 0xfa, 0x49, 0x0,

    /* U+5EC9 "廉" */
    0x2, 0xf, 0xfd, 0x22, 0x3f, 0xf4, 0x54, 0xff,
    0xd1, 0x52, 0xfe, 0x4d, 0x8a, 0xaa, 0x94, 0x80,

    /* U+5ECA "廊" */
    0x4, 0x1f, 0xfe, 0x40, 0x5e, 0xfa, 0x53, 0x7a,
    0xa9, 0x55, 0xe9, 0xa9, 0x34, 0xba, 0xec, 0x0,

    /* U+5ED3 "廓" */
    0x2, 0xf, 0xfd, 0x10, 0x3f, 0xf5, 0x2a, 0xbd,
    0x51, 0x32, 0x45, 0x7e, 0xa9, 0x1e, 0x62, 0x0,

    /* U+5ED6 "廖" */
    0x2, 0xf, 0xfd, 0x55, 0x26, 0x67, 0x54, 0x8e,
    0x12, 0x23, 0x9b, 0x4c, 0x8, 0x32, 0x78, 0x0,

    /* U+5EF6 "延" */
    0xe0, 0xe5, 0xe1, 0x4, 0x40, 0x8e, 0x9e, 0x52,
    0x2a, 0x45, 0x48, 0x4f, 0xec, 0x2, 0x7f, 0x80,

    /* U+5EF7 "廷" */
    0xe0, 0xc5, 0xe1, 0x4, 0x40, 0x8e, 0xfe, 0x42,
    0x28, 0x45, 0x8, 0x4f, 0xec, 0x2, 0x7f, 0x80,

    /* U+5EFA "建" */
    0xe2, 0x5, 0xf9, 0x9, 0x4f, 0xfe, 0x24, 0x5f,
    0xa8, 0x85, 0x7e, 0x42, 0xc, 0x42, 0x7f, 0x80,

    /* U+5F00 "开" */
    0xff, 0xe4, 0x10, 0x82, 0x10, 0x42, 0x9, 0xff,
    0xc8, 0x21, 0x4, 0x40, 0x88, 0x12, 0x2, 0x0,

    /* U+5F02 "异" */
    0x7f, 0xc8, 0x9, 0xff, 0x20, 0x4, 0x2, 0x7f,
    0xc4, 0x27, 0xff, 0x10, 0x84, 0x13, 0x2, 0x0,

    /* U+5F03 "弃" */
    0x4, 0x1f, 0xfc, 0x40, 0x10, 0x47, 0xf4, 0x0,
    0x4, 0x47, 0xff, 0x11, 0x4, 0x23, 0x4, 0x0,

    /* U+5F04 "弄" */
    0xff, 0xe0, 0x81, 0xff, 0x2, 0xf, 0xfe, 0x0,
    0x8, 0x27, 0xff, 0x20, 0x88, 0x12, 0x2, 0x0,

    /* U+5F0A "弊" */
    0xaa, 0x4, 0x7f, 0xf1, 0x54, 0xaf, 0x99, 0x5c,
    0xc4, 0x40, 0x88, 0xff, 0xe2, 0x21, 0x84, 0x0,

    /* U+5F0F "式" */
    0x1, 0x40, 0x27, 0xff, 0x80, 0x80, 0x11, 0xfa,
    0x4, 0x40, 0x84, 0x10, 0xa3, 0x8f, 0x80, 0x80,

    /* U+5F13 "弓" */
    0xff, 0x80, 0x20, 0xb, 0xfe, 0x80, 0x20, 0xf,
    0xfc, 0x1, 0x0, 0x40, 0x10, 0x78,

    /* U+5F15 "引" */
    0xfc, 0x41, 0x10, 0x47, 0xf1, 0x80, 0x60, 0x1f,
    0xc4, 0x11, 0x4, 0x41, 0x13, 0x84,

    /* U+5F17 "弗" */
    0x12, 0x2, 0x43, 0xff, 0x9, 0x2f, 0xfd, 0x24,
    0x3f, 0xf8, 0x91, 0x12, 0x24, 0x5b, 0x8, 0x0,

    /* U+5F18 "弘" */
    0xf1, 0x2, 0x20, 0x44, 0x78, 0x88, 0x11, 0x4,
    0x3c, 0x90, 0x92, 0x14, 0x22, 0x9d, 0xbc, 0x80,

    /* U+5F1B "弛" */
    0xe1, 0x5, 0x20, 0xa5, 0xf5, 0xd9, 0xd3, 0x12,
    0x7a, 0x59, 0x48, 0x28, 0x25, 0x7, 0x1f, 0x80,

    /* U+5F1F "弟" */
    0x20, 0x82, 0x21, 0xff, 0x2, 0x27, 0xfc, 0x88,
    0x1f, 0xf8, 0x61, 0x34, 0x38, 0x98, 0x10, 0x0,

    /* U+5F20 "张" */
    0xe4, 0x44, 0x88, 0x92, 0x72, 0x88, 0x41, 0x3f,
    0xf9, 0x41, 0x24, 0x24, 0x84, 0xab, 0x18, 0x80,

    /* U+5F25 "弥" */
    0xe4, 0x4, 0xfc, 0x90, 0xf4, 0x98, 0x11, 0xa,
    0xb9, 0x51, 0x49, 0x29, 0x24, 0x23, 0xc, 0x0,

    /* U+5F26 "弦" */
    0xe2, 0x4, 0x20, 0xbf, 0xf0, 0x88, 0x21, 0x8,
    0xbb, 0xe1, 0x8, 0x22, 0x44, 0x8b, 0x3e, 0x80,

    /* U+5F27 "弧" */
    0xe0, 0xe5, 0xe8, 0xa5, 0x74, 0xa8, 0x95, 0x12,
    0xba, 0x51, 0x4a, 0x2a, 0x45, 0x57, 0x5d, 0x80,

    /* U+5F2F "弯" */
    0x4, 0x1f, 0xfd, 0x45, 0x48, 0x97, 0xfc, 0x0,
    0x9f, 0xf2, 0x0, 0x7f, 0xe0, 0x4, 0xf, 0x0,

    /* U+5F31 "弱" */
    0xfb, 0xe1, 0x4, 0x20, 0xfd, 0xf8, 0x21, 0xf7,
    0xe2, 0x8a, 0x49, 0x28, 0xa9, 0x26, 0x69, 0x80,

    /* U+5F39 "弹" */
    0xe4, 0x44, 0x50, 0xbf, 0xf4, 0x98, 0xff, 0x12,
    0x7b, 0xf9, 0x8, 0x2f, 0xe4, 0x23, 0x4, 0x0,

    /* U+5F3A "强" */
    0xe7, 0xc4, 0x88, 0x9f, 0x70, 0x88, 0xff, 0x12,
    0x7a, 0x49, 0x7f, 0x21, 0x4, 0x2b, 0x3e, 0x80,

    /* U+5F52 "归" */
    0x17, 0xf2, 0x6, 0x40, 0xc8, 0x19, 0x3, 0x2f,
    0xe4, 0x9, 0x1, 0x20, 0x28, 0x6, 0x1f, 0x80,

    /* U+5F53 "当" */
    0x8, 0x44, 0x52, 0x41, 0xf, 0xf8, 0x4, 0x3,
    0xff, 0x0, 0x80, 0x7f, 0xe0,

    /* U+5F55 "录" */
    0x7f, 0xc0, 0x9, 0xff, 0x0, 0x2f, 0xfe, 0x8,
    0x11, 0x11, 0x34, 0xd, 0x6, 0x93, 0x31, 0x80,

    /* U+5F5D "彝" */
    0x1f, 0xc4, 0x13, 0xff, 0xd4, 0xa7, 0x2b, 0x5f,
    0xc8, 0xa8, 0x88, 0xff, 0xe2, 0x21, 0x84, 0x0,

    /* U+5F62 "形" */
    0xff, 0x24, 0x88, 0x92, 0x12, 0x2, 0x43, 0xfe,
    0x89, 0x21, 0x20, 0x44, 0x28, 0x8a, 0x12, 0x0,

    /* U+5F64 "彤" */
    0x7c, 0x28, 0x89, 0x96, 0x2a, 0x4, 0x43, 0xfc,
    0x91, 0x62, 0x20, 0x44, 0x28, 0x8a, 0x36, 0x0,

    /* U+5F66 "彦" */
    0x2, 0xf, 0xfc, 0x41, 0x4, 0x47, 0xfe, 0x82,
    0x17, 0x92, 0xc, 0x5e, 0x28, 0x1a, 0x7c, 0x0,

    /* U+5F69 "彩" */
    0x6, 0x3f, 0x8, 0x8a, 0x49, 0x4, 0x42, 0x20,
    0xbf, 0xa1, 0xc0, 0x54, 0x32, 0x48, 0x42, 0x0,

    /* U+5F6A "彪" */
    0x1c, 0x22, 0x9, 0xfa, 0x29, 0x15, 0xc4, 0xe5,
    0x17, 0x8a, 0x2, 0x5c, 0x8a, 0x86, 0x9f, 0x80,

    /* U+5F6C "彬" */
    0x22, 0x24, 0x4b, 0xfe, 0x11, 0x2, 0x22, 0xce,
    0x9d, 0xa5, 0x50, 0x22, 0x24, 0x48, 0x8a, 0x0,

    /* U+5F6D "彭" */
    0x10, 0x3f, 0xc8, 0x46, 0x3e, 0x0, 0x2, 0xf8,
    0x91, 0x63, 0xe0, 0x48, 0x25, 0xcb, 0xc6, 0x0,

    /* U+5F70 "彰" */
    0x10, 0x2f, 0x88, 0xa6, 0x7f, 0x4, 0x42, 0xf8,
    0x91, 0x63, 0xe0, 0x10, 0x3f, 0xc8, 0x46, 0x0,

    /* U+5F71 "影" */
    0x7c, 0x28, 0x89, 0xf2, 0x22, 0x7, 0xc2, 0x20,
    0xbf, 0xa2, 0x20, 0x7c, 0x2a, 0x8a, 0xca, 0x0,

    /* U+5F79 "役" */
    0x27, 0x88, 0x92, 0x12, 0x12, 0x45, 0x8f, 0x80,
    0x13, 0xf2, 0x42, 0x44, 0x88, 0x61, 0x73, 0x80,

    /* U+5F7B "彻" */
    0x29, 0xe9, 0x16, 0x22, 0x97, 0x55, 0x8b, 0x91,
    0x52, 0x2a, 0x55, 0x4d, 0x29, 0x25, 0x9, 0x80,

    /* U+5F7C "彼" */
    0x21, 0x9, 0xfe, 0x24, 0x94, 0x84, 0xff, 0x98,
    0x52, 0x8a, 0x4a, 0x48, 0x89, 0x29, 0x58, 0x80,

    /* U+5F80 "往" */
    0x22, 0x8, 0x22, 0x7f, 0x90, 0x84, 0x11, 0x82,
    0x13, 0xf2, 0x8, 0x41, 0x8, 0x21, 0x7f, 0x80,

    /* U+5F81 "征" */
    0x2f, 0xe8, 0x22, 0x4, 0x10, 0x84, 0x91, 0x93,
    0xd2, 0x42, 0x48, 0x49, 0x9, 0x21, 0x7f, 0x80,

    /* U+5F84 "径" */
    0x2f, 0xc8, 0xa, 0x2, 0x10, 0x84, 0x69, 0xb0,
    0xd1, 0xf2, 0x8, 0x41, 0x8, 0x21, 0x3f, 0x80,

    /* U+5F85 "待" */
    0x21, 0x8, 0xfa, 0x4, 0x10, 0x84, 0xff, 0x80,
    0x93, 0xfa, 0x22, 0x42, 0x48, 0x9, 0x7, 0x0,

    /* U+5F88 "很" */
    0x2f, 0xc9, 0xa, 0x3f, 0x14, 0x24, 0x85, 0x9f,
    0x92, 0x4a, 0x4a, 0x48, 0x89, 0x49, 0x30, 0x80,

    /* U+5F8A "徊" */
    0x2f, 0xe9, 0x6, 0x20, 0x95, 0xd4, 0xab, 0x95,
    0x52, 0xaa, 0x5d, 0x48, 0x29, 0x5, 0x3f, 0x80,

    /* U+5F8B "律" */
    0x22, 0x9, 0xfa, 0x9, 0x17, 0xf4, 0x25, 0x9f,
    0x90, 0x82, 0x7e, 0x42, 0xb, 0xfd, 0x8, 0x0,

    /* U+5F90 "徐" */
    0x23, 0x88, 0x8a, 0x20, 0x93, 0xe4, 0x11, 0x82,
    0x17, 0xfa, 0x8, 0x49, 0x4a, 0x25, 0xc, 0x0,

    /* U+5F92 "徒" */
    0x21, 0x8, 0xfa, 0x4, 0x10, 0x84, 0xff, 0x82,
    0x11, 0x42, 0x2f, 0x45, 0x9, 0x61, 0x43, 0x80,

    /* U+5F97 "得" */
    0x2f, 0xc9, 0xa, 0x3f, 0x14, 0x24, 0xfd, 0x80,
    0x17, 0xfa, 0x4, 0x5f, 0xe9, 0x11, 0x16, 0x0,

    /* U+5F98 "徘" */
    0x24, 0x88, 0x92, 0x73, 0x92, 0x44, 0x49, 0xb9,
    0xd1, 0x22, 0x24, 0x5c, 0xe8, 0x91, 0x12, 0x0,

    /* U+5FA1 "御" */
    0x28, 0xb, 0xde, 0x12, 0x92, 0x55, 0xeb, 0x89,
    0x55, 0xaa, 0xa5, 0x54, 0xea, 0xd1, 0x62, 0x0,

    /* U+5FAA "循" */
    0x2f, 0xe9, 0x12, 0x3f, 0x94, 0x44, 0xbf, 0x94,
    0x52, 0xfa, 0x51, 0x4b, 0xe9, 0x45, 0x4f, 0x80,

    /* U+5FAE "微" */
    0x2a, 0x8d, 0x52, 0xfb, 0x90, 0x95, 0xeb, 0x81,
    0x57, 0x2a, 0xa5, 0x56, 0x4a, 0x95, 0x84, 0x80,

    /* U+5FB7 "德" */
    0x21, 0x9, 0xfe, 0x4, 0x17, 0xf4, 0xab, 0x9f,
    0xd0, 0x2, 0x7f, 0x45, 0x4a, 0x95, 0x8e, 0x80,

    /* U+5FBD "徽" */
    0x35, 0xb, 0xfe, 0x4, 0x8f, 0x92, 0xa2, 0xa9,
    0x72, 0xaa, 0xfa, 0x44, 0x4a, 0x95, 0x9c, 0x80,

    /* U+5FC3 "心" */
    0x8, 0x0, 0x80, 0x8, 0x9, 0x1, 0x0, 0xa0,
    0x94, 0xa, 0x81, 0x90, 0xa2, 0x10, 0x3e, 0x0,

    /* U+5FC5 "必" */
    0x8, 0x0, 0x90, 0x12, 0x8, 0x45, 0x10, 0xa2,
    0x94, 0x8c, 0xa1, 0x18, 0xa6, 0x13, 0x3e, 0x0,

    /* U+5FC6 "忆" */
    0x2f, 0xc4, 0xa, 0x82, 0x58, 0x8a, 0x21, 0x44,
    0x9, 0x1, 0x20, 0x28, 0x25, 0x4, 0x9f, 0x80,

    /* U+5FCC "忌" */
    0x7f, 0xc0, 0x8, 0x1, 0x3f, 0xe4, 0x0, 0x80,
    0x4f, 0xf8, 0x20, 0x52, 0x4a, 0x16, 0x3e, 0x80,

    /* U+5FCD "忍" */
    0x7f, 0xc0, 0x88, 0x91, 0x24, 0x21, 0x4, 0xc3,
    0x1, 0x2, 0x92, 0x52, 0x32, 0x14, 0x3e, 0x0,

    /* U+5FD7 "志" */
    0x4, 0x0, 0x83, 0xff, 0x82, 0x0, 0x40, 0xff,
    0x80, 0x2, 0xa2, 0x52, 0x32, 0x14, 0x3e, 0x0,

    /* U+5FD8 "忘" */
    0x4, 0x1f, 0xfc, 0x80, 0x10, 0x3, 0xfc, 0x0,
    0x1, 0x2, 0x92, 0x52, 0x32, 0x14, 0x3e, 0x0,

    /* U+5FD9 "忙" */
    0x22, 0x4, 0x22, 0xbf, 0xda, 0xa, 0x41, 0x48,
    0x9, 0x1, 0x20, 0x24, 0x4, 0x80, 0x9f, 0x80,

    /* U+5FE0 "忠" */
    0x4, 0xf, 0xf9, 0x11, 0x22, 0x27, 0xfc, 0x8,
    0x0, 0x2, 0xa2, 0x52, 0x32, 0x14, 0x3e, 0x0,

    /* U+5FE7 "忧" */
    0x21, 0x44, 0x26, 0xc4, 0x57, 0xfa, 0x11, 0x45,
    0x8, 0xa1, 0x14, 0x24, 0xa4, 0x94, 0xa3, 0x80,

    /* U+5FEB "快" */
    0x22, 0x4, 0x42, 0xbf, 0x59, 0x2a, 0x25, 0x44,
    0x8f, 0xf9, 0x10, 0x25, 0x5, 0x10, 0xc1, 0x80,

    /* U+5FF1 "忱" */
    0x21, 0x4, 0x22, 0xbf, 0xdc, 0x9a, 0x93, 0x42,
    0x8, 0xa1, 0x14, 0x24, 0xa4, 0x94, 0xa3, 0x80,

    /* U+5FF5 "念" */
    0x4, 0x1, 0x40, 0xc6, 0x62, 0x30, 0x20, 0xff,
    0x80, 0x20, 0x48, 0x54, 0x4a, 0x16, 0x3e, 0x80,

    /* U+5FFB "忻" */
    0x20, 0xc4, 0xe2, 0x90, 0x5a, 0xa, 0x7f, 0x49,
    0x9, 0x21, 0x24, 0x24, 0x84, 0x90, 0xa2, 0x0,

    /* U+5FFD "忽" */
    0x20, 0x7, 0xfd, 0x24, 0xc4, 0x91, 0x22, 0x49,
    0x80, 0x2, 0xa2, 0x52, 0x32, 0x14, 0x3e, 0x0,

    /* U+5FFF "忿" */
    0x11, 0x4, 0x13, 0x1, 0x9f, 0xc0, 0x88, 0x21,
    0x18, 0x60, 0x20, 0x52, 0x4a, 0x16, 0x3e, 0x80,

    /* U+6000 "怀" */
    0x2f, 0xe4, 0x12, 0x84, 0x58, 0x8a, 0x35, 0x4a,
    0x4a, 0x49, 0x8, 0x21, 0x4, 0x20, 0x84, 0x0,

    /* U+6001 "态" */
    0x4, 0x1f, 0xfc, 0x28, 0x8, 0x82, 0x89, 0x88,
    0xc0, 0x2, 0xa2, 0x52, 0x32, 0x14, 0x3e, 0x0,

    /* U+6002 "怂" */
    0x11, 0x2, 0x20, 0x44, 0x15, 0x42, 0xa8, 0x88,
    0xa2, 0x8, 0x20, 0x52, 0x4a, 0x16, 0x3e, 0x80,

    /* U+600E "怎" */
    0x20, 0x7, 0xfd, 0x20, 0x47, 0xe0, 0x80, 0x1f,
    0x82, 0x2, 0xa2, 0x52, 0x32, 0x14, 0x3e, 0x0,

    /* U+6012 "怒" */
    0x20, 0x1f, 0x7c, 0xa8, 0xa4, 0xa3, 0x9, 0x96,
    0xc0, 0x2, 0xa2, 0x52, 0x32, 0x14, 0x3e, 0x0,

    /* U+6014 "怔" */
    0x2f, 0xe4, 0x22, 0x84, 0x58, 0x8a, 0x51, 0x4b,
    0xc9, 0x41, 0x28, 0x25, 0x4, 0xa0, 0xbf, 0x80,

    /* U+6015 "怕" */
    0x20, 0x84, 0x22, 0x9f, 0xda, 0x1a, 0x43, 0x48,
    0x49, 0xf9, 0x21, 0x24, 0x24, 0x84, 0x9f, 0x80,

    /* U+6016 "怖" */
    0x22, 0x5, 0xfe, 0xc8, 0x52, 0x8b, 0x90, 0x5f,
    0xca, 0x49, 0x49, 0x29, 0x25, 0x2c, 0x84, 0x0,

    /* U+601C "怜" */
    0x21, 0x4, 0x52, 0xd1, 0x54, 0x1a, 0x11, 0x41,
    0xb, 0xf9, 0x2, 0x24, 0x84, 0x60, 0x83, 0x0,

    /* U+601D "思" */
    0x7f, 0xc8, 0x89, 0xff, 0x22, 0x24, 0x44, 0xff,
    0x80, 0x2, 0xa2, 0x52, 0x32, 0x14, 0x3e, 0x0,

    /* U+6020 "怠" */
    0x9, 0x2, 0x13, 0xff, 0x0, 0x13, 0xf8, 0x41,
    0xf, 0xe0, 0x20, 0x12, 0x4a, 0x6, 0x3e, 0x0,

    /* U+6025 "急" */
    0x1f, 0x4, 0x21, 0xff, 0x0, 0x27, 0xfc, 0x0,
    0x9f, 0xf0, 0x20, 0x52, 0x4a, 0x16, 0x3e, 0x80,

    /* U+6027 "性" */
    0x24, 0x84, 0x92, 0x9f, 0xda, 0x4a, 0x89, 0x41,
    0x9, 0xf9, 0x4, 0x20, 0x84, 0x10, 0xbf, 0x80,

    /* U+6028 "怨" */
    0x20, 0x7, 0x79, 0x29, 0x55, 0x61, 0x20, 0x44,
    0x70, 0x78, 0x20, 0x52, 0x4a, 0x16, 0x3e, 0x80,

    /* U+602A "怪" */
    0x27, 0xc4, 0x8a, 0x8a, 0x58, 0x8a, 0x29, 0x58,
    0xc8, 0x41, 0x3e, 0x21, 0x4, 0x20, 0xbf, 0x80,

    /* U+602F "怯" */
    0x21, 0x4, 0x22, 0x9f, 0x58, 0x8a, 0x11, 0x5f,
    0xc8, 0x81, 0x22, 0x24, 0x45, 0x34, 0xb8, 0x80,

    /* U+603B "总" */
    0x20, 0x82, 0x21, 0xff, 0x20, 0x24, 0x4, 0xff,
    0x80, 0x2, 0xa2, 0x52, 0x32, 0x14, 0x3e, 0x0,

    /* U+6043 "恃" */
    0x21, 0x4, 0xfa, 0x84, 0x58, 0x8a, 0xff, 0x40,
    0x8b, 0xf9, 0x22, 0x22, 0x44, 0x8, 0x87, 0x0,

    /* U+604B "恋" */
    0x4, 0x1f, 0xfc, 0x24, 0x24, 0xa8, 0x92, 0x22,
    0x8, 0x0, 0x20, 0x12, 0x4a, 0x6, 0x3e, 0x0,

    /* U+604D "恍" */
    0x21, 0x5, 0x26, 0x94, 0xda, 0xaa, 0x11, 0x5f,
    0xc8, 0xa1, 0x14, 0x22, 0xa4, 0x94, 0xa3, 0x80,

    /* U+6050 "恐" */
    0xf7, 0xc4, 0x48, 0x99, 0x11, 0xa3, 0x25, 0x80,
    0xc1, 0x0, 0x90, 0x10, 0x4a, 0x6, 0x3e, 0x0,

    /* U+6052 "恒" */
    0x2f, 0xe4, 0x2, 0x9f, 0x5a, 0x2a, 0x45, 0x4f,
    0x89, 0x11, 0x22, 0x27, 0xc4, 0x0, 0xbf, 0x80,

    /* U+6055 "恕" */
    0x20, 0x1f, 0x7c, 0xa8, 0xa5, 0x13, 0x23, 0x97,
    0xc0, 0x2, 0xa2, 0x52, 0x32, 0x14, 0x3e, 0x0,

    /* U+6062 "恢" */
    0x24, 0x5, 0xfe, 0x90, 0x5a, 0x4a, 0x4b, 0x4b,
    0x49, 0xb1, 0x24, 0x24, 0x85, 0x28, 0x98, 0x80,

    /* U+6064 "恤" */
    0x21, 0x4, 0x42, 0xbf, 0xdd, 0x5a, 0xab, 0x55,
    0x4a, 0xa9, 0x55, 0x2a, 0xa5, 0x54, 0xff, 0x80,

    /* U+6068 "恨" */
    0x27, 0xe4, 0x86, 0x9f, 0xda, 0x1a, 0x43, 0x4f,
    0xc9, 0x21, 0x25, 0x24, 0x44, 0xa8, 0x98, 0x80,

    /* U+6069 "恩" */
    0x7f, 0xc8, 0x89, 0x7d, 0x22, 0x24, 0xa4, 0xa2,
    0x9f, 0xf0, 0x20, 0x52, 0x4a, 0x16, 0x3e, 0x80,

    /* U+606B "恫" */
    0x2f, 0xe5, 0x6, 0xae, 0xdc, 0x1a, 0xbb, 0x55,
    0x4a, 0xa9, 0x55, 0x2b, 0xa5, 0x4, 0xa1, 0x80,

    /* U+606C "恬" */
    0x20, 0xc4, 0xe2, 0x84, 0x58, 0x8a, 0xff, 0x42,
    0x8, 0x41, 0x3e, 0x24, 0x44, 0x88, 0x9f, 0x0,

    /* U+606D "恭" */
    0x11, 0xf, 0xf8, 0x44, 0x7f, 0xf1, 0x10, 0x41,
    0x32, 0x19, 0x54, 0x29, 0x49, 0x28, 0x60, 0x0,

    /* U+606F "息" */
    0x8, 0x7, 0xf0, 0x82, 0x1f, 0xc2, 0x8, 0x7f,
    0x8, 0x21, 0xfc, 0x54, 0x4a, 0x56, 0x3e, 0x80,

    /* U+6070 "恰" */
    0x21, 0x4, 0x52, 0xd1, 0x54, 0x1a, 0x7d, 0x40,
    0xb, 0xf9, 0x41, 0x28, 0x25, 0x4, 0xbf, 0x80,

    /* U+6073 "恳" */
    0x7f, 0xc8, 0x9, 0xff, 0x20, 0x27, 0xfc, 0x89,
    0x3c, 0xc0, 0x27, 0x12, 0xa, 0xa, 0x3c, 0x80,

    /* U+6076 "恶" */
    0x7f, 0xc1, 0x41, 0x29, 0x15, 0x40, 0xa1, 0xff,
    0xc0, 0x2, 0xa2, 0x52, 0x32, 0x14, 0x3e, 0x0,

    /* U+607C "恼" */
    0x21, 0x5, 0xfe, 0xc0, 0x54, 0x1a, 0xc7, 0x55,
    0x4a, 0x49, 0x55, 0x2c, 0x65, 0x4, 0xbf, 0x80,

    /* U+607F "恿" */
    0x7f, 0x81, 0x21, 0xff, 0x22, 0x27, 0xfc, 0x88,
    0x9f, 0xf2, 0x22, 0x12, 0xa, 0x16, 0x3e, 0x80,

    /* U+6084 "悄" */
    0x29, 0x24, 0xaa, 0x84, 0x57, 0xfb, 0x83, 0x5f,
    0xca, 0x9, 0x7f, 0x28, 0x25, 0x4, 0xa1, 0x80,

    /* U+6089 "悉" */
    0x1, 0xcf, 0xc0, 0x92, 0xa, 0x8f, 0xfe, 0x49,
    0x31, 0x18, 0x0, 0x54, 0x4a, 0x56, 0x3e, 0x80,

    /* U+608D "悍" */
    0x27, 0xc4, 0x8a, 0x9f, 0x5a, 0x2a, 0x7d, 0x40,
    0x9, 0xf1, 0x8, 0x2f, 0xe4, 0x20, 0x84, 0x0,

    /* U+6094 "悔" */
    0x24, 0x4, 0xfe, 0xa0, 0x5b, 0xea, 0x55, 0x49,
    0x8b, 0xf9, 0x2a, 0x24, 0xc4, 0xfc, 0x81, 0x0,

    /* U+609F "悟" */
    0x27, 0xe4, 0x22, 0x9f, 0x59, 0x2a, 0x25, 0x5f,
    0xc8, 0x1, 0x3f, 0x24, 0x24, 0x84, 0x9f, 0x80,

    /* U+60A0 "悠" */
    0x24, 0x4, 0xfd, 0x21, 0x69, 0x25, 0x18, 0xa4,
    0x93, 0x8, 0x10, 0x11, 0x4a, 0x6, 0x3e, 0x0,

    /* U+60A3 "患" */
    0x4, 0x7, 0xf0, 0x92, 0x1f, 0xc0, 0x40, 0xff,
    0x91, 0x13, 0xfe, 0x14, 0xa, 0x56, 0x3e, 0x80,

    /* U+60A6 "悦" */
    0x28, 0x44, 0x92, 0xbf, 0x5c, 0x2a, 0x85, 0x50,
    0x8b, 0xf1, 0x24, 0x24, 0xa5, 0x14, 0xc3, 0x80,

    /* U+60A8 "您" */
    0x28, 0x5, 0xfd, 0x20, 0xe8, 0x84, 0x54, 0x92,
    0x50, 0xc0, 0x20, 0x52, 0x4a, 0x16, 0x3e, 0x80,

    /* U+60AC "悬" */
    0x3f, 0x84, 0x10, 0xfe, 0x10, 0x4f, 0xfe, 0x41,
    0x1f, 0xd0, 0x20, 0x52, 0x4a, 0x16, 0x3e, 0x80,

    /* U+60AF "悯" */
    0x29, 0xe4, 0x86, 0xc4, 0xd7, 0xfa, 0xab, 0x55,
    0x4a, 0xa9, 0x49, 0x2a, 0xa5, 0x8c, 0xa0, 0x80,

    /* U+60B2 "悲" */
    0xa, 0xf, 0x78, 0x28, 0x3d, 0xe0, 0xa1, 0xf7,
    0xc2, 0x82, 0xa2, 0x52, 0x32, 0x14, 0x3e, 0x0,

    /* U+60B8 "悸" */
    0x20, 0xc4, 0xe2, 0xc4, 0x57, 0xfa, 0x55, 0x52,
    0x49, 0xf1, 0x4, 0x2f, 0xe4, 0x20, 0x8c, 0x0,

    /* U+60BC "悼" */
    0x21, 0x4, 0x3e, 0x84, 0x5b, 0xea, 0x45, 0x4f,
    0x89, 0x11, 0x3e, 0x21, 0x5, 0xfc, 0x84, 0x0,

    /* U+60C5 "情" */
    0x21, 0x4, 0xfa, 0x84, 0x5b, 0xea, 0x11, 0x5f,
    0xc9, 0x11, 0x3e, 0x24, 0x44, 0xf8, 0x91, 0x0,

    /* U+60CA "惊" */
    0x21, 0x5, 0xfe, 0x80, 0x5b, 0xea, 0x45, 0x48,
    0x89, 0xf1, 0x8, 0x25, 0x45, 0x24, 0x8c, 0x0,

    /* U+60CB "惋" */
    0x21, 0x5, 0xfe, 0xa0, 0xda, 0xa, 0x6f, 0x55,
    0x4a, 0xa9, 0xb7, 0x22, 0x84, 0x94, 0xa3, 0x80,

    /* U+60D1 "惑" */
    0x1, 0x3f, 0xfc, 0x4, 0x3c, 0xa4, 0x94, 0xf1,
    0x0, 0x5f, 0xa0, 0x2, 0x4a, 0x6, 0x3e, 0x0,

    /* U+60D5 "惕" */
    0x27, 0xe4, 0x86, 0x9f, 0xda, 0x1a, 0x7f, 0x44,
    0x9, 0xf9, 0x55, 0x24, 0xa5, 0x24, 0x89, 0x80,

    /* U+60DC "惜" */
    0x24, 0x85, 0xfa, 0x92, 0x5a, 0x4a, 0xff, 0x40,
    0xb, 0xf1, 0x42, 0x2f, 0xc5, 0x8, 0xbf, 0x0,

    /* U+60DF "惟" */
    0x22, 0x84, 0x52, 0xdf, 0xd6, 0x4a, 0x7f, 0x49,
    0x9, 0x21, 0x3f, 0x24, 0x84, 0x90, 0x9f, 0x80,

    /* U+60E0 "惠" */
    0x4, 0x1f, 0xfd, 0x11, 0x3f, 0xe4, 0x44, 0xff,
    0x81, 0x17, 0xfd, 0x54, 0x4a, 0x56, 0x3e, 0x80,

    /* U+60E6 "惦" */
    0x21, 0x5, 0xfe, 0xa0, 0x5c, 0x8a, 0x9f, 0x52,
    0xa, 0x41, 0x5f, 0x2a, 0x25, 0x44, 0xcf, 0x80,

    /* U+60E7 "惧" */
    0x27, 0xc4, 0x8a, 0x9f, 0x5a, 0x2a, 0x7d, 0x48,
    0x89, 0xf1, 0x22, 0x2f, 0xe4, 0x88, 0xa0, 0x80,

    /* U+60E8 "惨" */
    0x22, 0x4, 0x8a, 0xbe, 0xd8, 0x8a, 0xff, 0x45,
    0x9, 0x11, 0x4d, 0x26, 0x4, 0x18, 0x9c, 0x0,

    /* U+60E9 "惩" */
    0x2f, 0xe8, 0x22, 0xa4, 0x24, 0xfc, 0x90, 0x92,
    0x17, 0xf8, 0x20, 0x52, 0x4a, 0x16, 0x3e, 0x80,

    /* U+60EB "惫" */
    0x1f, 0x8c, 0x10, 0x44, 0x3f, 0xec, 0x46, 0xff,
    0x91, 0x13, 0xfe, 0x14, 0xa, 0x4a, 0x3e, 0x80,

    /* U+60ED "惭" */
    0x22, 0x25, 0xfa, 0xd2, 0x55, 0x4a, 0xaf, 0x5f,
    0x48, 0xa9, 0x1d, 0x2e, 0xa4, 0x54, 0x8c, 0x80,

    /* U+60EE "惮" */
    0x24, 0x44, 0x52, 0xbf, 0xdc, 0x9a, 0xff, 0x52,
    0x4b, 0xf9, 0x8, 0x2f, 0xe4, 0x20, 0x84, 0x0,

    /* U+60EF "惯" */
    0x27, 0xc4, 0xaa, 0xbf, 0xda, 0xaa, 0x7d, 0x40,
    0xb, 0xf9, 0x49, 0x29, 0x24, 0x50, 0xb1, 0x80,

    /* U+60F0 "惰" */
    0x21, 0x5, 0xfe, 0x88, 0x5b, 0xfa, 0x89, 0x4f,
    0xc9, 0x11, 0x3e, 0x24, 0x44, 0xf8, 0x91, 0x0,

    /* U+60F3 "想" */
    0x23, 0xff, 0x44, 0x8f, 0xb9, 0x1a, 0xbe, 0x44,
    0x48, 0xf8, 0xa0, 0x52, 0x4a, 0x16, 0x3e, 0x80,

    /* U+60F6 "惶" */
    0x21, 0x4, 0xfa, 0x91, 0x5b, 0xea, 0x45, 0x48,
    0x8b, 0xf9, 0x8, 0x27, 0xc4, 0x20, 0xbf, 0x80,

    /* U+60F9 "惹" */
    0x11, 0x1f, 0xfc, 0x44, 0x7f, 0xf1, 0x0, 0x7f,
    0x98, 0x15, 0xfe, 0x14, 0xa, 0x56, 0x3e, 0x80,

    /* U+60FA "惺" */
    0x27, 0xe4, 0x86, 0x9f, 0xda, 0x1a, 0x7f, 0x49,
    0x9, 0xf9, 0x44, 0x27, 0xe4, 0x10, 0xbf, 0x80,

    /* U+6101 "愁" */
    0x11, 0x1c, 0xa4, 0x94, 0xfc, 0xa6, 0x11, 0x65,
    0xb, 0x18, 0x0, 0x54, 0x4a, 0x56, 0x3e, 0x80,

    /* U+6108 "愈" */
    0x1f, 0x4, 0x11, 0xfd, 0x65, 0x37, 0xa4, 0x94,
    0x96, 0x30, 0x20, 0x12, 0x4a, 0x6, 0x3e, 0x0,

    /* U+6109 "愉" */
    0x23, 0x4, 0x92, 0xa1, 0x5b, 0xda, 0x1, 0x5d,
    0x4a, 0xa9, 0x75, 0x2a, 0xa5, 0xc4, 0xa9, 0x80,

    /* U+610F "意" */
    0x4, 0xf, 0xf8, 0x44, 0x7f, 0xf2, 0x8, 0x7f,
    0x8, 0x21, 0xfc, 0x14, 0x4a, 0x56, 0x3e, 0x80,

    /* U+611A "愚" */
    0x3f, 0x84, 0x90, 0xfe, 0x12, 0x47, 0xfc, 0x8a,
    0x97, 0xd2, 0x6, 0x14, 0xa, 0x4a, 0x3e, 0x80,

    /* U+611F "感" */
    0x1, 0x4f, 0xfd, 0x74, 0x20, 0xa5, 0xc8, 0xa9,
    0x67, 0x58, 0x20, 0x52, 0x4a, 0x16, 0x3e, 0x80,

    /* U+6124 "愤" */
    0x21, 0x5, 0xfe, 0xd5, 0x57, 0xfa, 0x45, 0x5f,
    0xca, 0x9, 0x49, 0x29, 0x24, 0x50, 0xb1, 0x80,

    /* U+6127 "愧" */
    0x24, 0x5, 0xfa, 0xe9, 0x57, 0xea, 0xa5, 0x5f,
    0x88, 0xa1, 0x2a, 0x25, 0xc4, 0xa4, 0xa7, 0x80,

    /* U+613F "愿" */
    0x7f, 0xe8, 0x81, 0x7f, 0x28, 0x25, 0xfc, 0xa0,
    0x97, 0xf2, 0x54, 0x56, 0x4d, 0x26, 0xbe, 0x80,

    /* U+6148 "慈" */
    0x11, 0x1f, 0xfc, 0x82, 0x28, 0xa2, 0x8, 0x92,
    0x7e, 0xf8, 0x20, 0x12, 0x4a, 0x6, 0x3e, 0x0,

    /* U+614C "慌" */
    0x22, 0x45, 0xfe, 0x89, 0x58, 0x8a, 0xff, 0x48,
    0x9, 0xf1, 0x0, 0x25, 0x44, 0xa8, 0xa5, 0x80,

    /* U+614E "慎" */
    0x21, 0x5, 0xfe, 0x84, 0x5b, 0xea, 0x45, 0x4f,
    0x89, 0x11, 0x22, 0x2f, 0xe4, 0x88, 0xa0, 0x80,

    /* U+6151 "慑" */
    0x2f, 0xe4, 0x8a, 0x9f, 0x5a, 0x2a, 0x5f, 0x5c,
    0x88, 0x1, 0x77, 0x2a, 0xa4, 0x88, 0xaa, 0x80,

    /* U+6155 "慕" */
    0x11, 0x1f, 0xfc, 0x44, 0x3f, 0xe4, 0x4, 0xff,
    0x90, 0x17, 0xff, 0x48, 0x55, 0x55, 0x65, 0x0,

    /* U+6162 "慢" */
    0x27, 0xc4, 0x8a, 0x9f, 0x5a, 0x2a, 0xff, 0x55,
    0x4b, 0xf9, 0x22, 0x22, 0x84, 0x20, 0xbb, 0x80,

    /* U+6167 "慧" */
    0x20, 0x9f, 0x7c, 0x82, 0x7d, 0xf2, 0x8, 0xff,
    0x80, 0x13, 0xfe, 0x14, 0xa, 0x56, 0x3e, 0x80,

    /* U+6168 "慨" */
    0x2f, 0xe5, 0x28, 0xbd, 0x54, 0xab, 0x9f, 0x5e,
    0xaa, 0x15, 0x5a, 0x2c, 0xc4, 0x28, 0x99, 0x80,

    /* U+6170 "慰" */
    0x7c, 0x48, 0x89, 0xf7, 0xa0, 0x27, 0xd4, 0xa9,
    0x9c, 0x94, 0x86, 0x44, 0xa, 0x4a, 0x3e, 0x80,

    /* U+6177 "慷" */
    0x21, 0x5, 0xfe, 0xa2, 0x5d, 0xfa, 0x8b, 0x5f,
    0xca, 0x29, 0x5f, 0x2c, 0xa5, 0x58, 0xd6, 0x80,

    /* U+618B "憋" */
    0xaa, 0x15, 0x7c, 0x89, 0x7e, 0x2a, 0x95, 0xf3,
    0x2b, 0x98, 0x20, 0x12, 0x4a, 0x6, 0x3e, 0x0,

    /* U+618E "憎" */
    0x24, 0x45, 0xfe, 0xa4, 0xde, 0xba, 0xff, 0x40,
    0x9, 0xf1, 0x22, 0x27, 0xc4, 0x88, 0x9f, 0x0,

    /* U+61A8 "憨" */
    0xfd, 0x2, 0x3f, 0xf9, 0x22, 0xa7, 0xd4, 0x8b,
    0x1f, 0x9e, 0x20, 0x12, 0x4a, 0x6, 0x3e, 0x0,

    /* U+61BE "憾" */
    0x20, 0xa5, 0xfc, 0xa2, 0x57, 0x5a, 0x85, 0x5d,
    0x6a, 0x89, 0xb0, 0x1, 0x45, 0x5, 0x1e, 0x0,

    /* U+61C2 "懂" */
    0x24, 0x45, 0xfe, 0x91, 0x58, 0x8a, 0xff, 0x4a,
    0x89, 0xf1, 0x2a, 0x2f, 0xe4, 0x20, 0xbf, 0x80,

    /* U+61C8 "懈" */
    0x49, 0xe9, 0xd7, 0x4a, 0xff, 0xbd, 0x51, 0xbe,
    0x95, 0x7a, 0xfa, 0x55, 0xea, 0xa9, 0x55, 0x0,

    /* U+61CA "懊" */
    0x21, 0x5, 0xfe, 0xb5, 0xdc, 0x9a, 0xff, 0x57,
    0x4b, 0x59, 0xff, 0x22, 0x84, 0x88, 0xa0, 0x80,

    /* U+61D2 "懒" */
    0x29, 0x7, 0xba, 0xa9, 0x5f, 0xfa, 0xa3, 0x55,
    0x4f, 0xa9, 0x55, 0x38, 0x85, 0xa8, 0xa8, 0x80,

    /* U+61E6 "懦" */
    0x2f, 0xe4, 0x22, 0xbf, 0xd4, 0x9b, 0x55, 0x40,
    0xb, 0xf9, 0x8, 0x2f, 0xe5, 0x54, 0xaa, 0x80,

    /* U+6208 "戈" */
    0x4, 0x80, 0x88, 0x10, 0x3, 0xff, 0xc0, 0x8,
    0x81, 0x20, 0x18, 0x6, 0x23, 0x27, 0x83, 0x80,

    /* U+620A "戊" */
    0x2, 0x80, 0x49, 0xff, 0xa1, 0x4, 0x24, 0x84,
    0x90, 0xa2, 0x8, 0x41, 0x28, 0x56, 0x31, 0x80,

    /* U+620C "戌" */
    0x2, 0x80, 0x49, 0xff, 0xa1, 0x4, 0x24, 0x84,
    0x9e, 0xa2, 0x8, 0x41, 0x28, 0x56, 0x31, 0x80,

    /* U+620D "戍" */
    0x2, 0x80, 0x49, 0xff, 0xa1, 0x4, 0x24, 0xc4,
    0x94, 0xa2, 0x48, 0x41, 0x28, 0x56, 0x31, 0x80,

    /* U+620E "戎" */
    0x2, 0x80, 0x4b, 0xff, 0x81, 0x2, 0x24, 0x44,
    0xbe, 0xa1, 0x8, 0x21, 0x28, 0x56, 0x31, 0x80,

    /* U+620F "戏" */
    0x2, 0x9e, 0x48, 0x48, 0x49, 0xf5, 0xe0, 0xa4,
    0x88, 0xa1, 0x8, 0x51, 0x2a, 0x56, 0x11, 0x80,

    /* U+6210 "成" */
    0x2, 0x80, 0x49, 0xff, 0xa1, 0x7, 0xa4, 0x94,
    0x92, 0xa2, 0x48, 0x59, 0x28, 0x56, 0x31, 0x80,

    /* U+6211 "我" */
    0x19, 0x5c, 0x24, 0x84, 0x7f, 0xf2, 0x10, 0x42,
    0x8e, 0x57, 0x4, 0x20, 0xa4, 0x2d, 0x88, 0x80,

    /* U+6212 "戒" */
    0x2, 0x80, 0x4b, 0xff, 0x81, 0x5, 0x24, 0xa4,
    0xbe, 0xa2, 0x88, 0x51, 0x2a, 0x56, 0x51, 0x80,

    /* U+6216 "或" */
    0x2, 0x80, 0x4b, 0xff, 0x81, 0x7, 0xa4, 0x94,
    0x92, 0xa3, 0xc8, 0x1, 0x23, 0x57, 0x91, 0x80,

    /* U+6218 "战" */
    0x21, 0x44, 0x24, 0xe4, 0x10, 0xf2, 0x70, 0x42,
    0x7e, 0x54, 0x44, 0x88, 0xb1, 0x2f, 0xe8, 0x80,

    /* U+621A "戚" */
    0x1, 0x40, 0x25, 0xff, 0xa4, 0x84, 0xf2, 0x92,
    0x5f, 0xd2, 0x44, 0x5a, 0xad, 0x2e, 0x68, 0x80,

    /* U+622A "截" */
    0x11, 0x4f, 0xa4, 0x44, 0x7f, 0xf2, 0x10, 0x92,
    0x7f, 0x52, 0x44, 0x7c, 0xa9, 0x2d, 0xf8, 0x80,

    /* U+622E "戮" */
    0xee, 0xa4, 0x56, 0xaa, 0x33, 0xfa, 0xa8, 0x71,
    0x51, 0x2c, 0xd2, 0x60, 0x41, 0x97, 0xc4, 0x80,

    /* U+6233 "戳" */
    0xee, 0xb5, 0x55, 0x9a, 0x55, 0xf2, 0x28, 0x51,
    0x5f, 0xae, 0x42, 0x7e, 0x49, 0x15, 0xfc, 0x80,

    /* U+6234 "戴" */
    0x11, 0x4f, 0xa4, 0x44, 0x7f, 0xf5, 0x50, 0xfa,
    0x95, 0x53, 0xe4, 0x28, 0xbf, 0xad, 0x28, 0x80,

    /* U+6237 "户" */
    0x2, 0x7, 0xfc, 0x80, 0x90, 0x13, 0xfe, 0x40,
    0x8, 0x1, 0x0, 0x40, 0x8, 0x2, 0x0, 0x0,

    /* U+623F "房" */
    0x2, 0xf, 0xfd, 0x0, 0xbf, 0xf4, 0x20, 0xff,
    0xd2, 0x2, 0x7e, 0x48, 0x4a, 0xa, 0x86, 0x0,

    /* U+6240 "所" */
    0x18, 0x6c, 0x71, 0x8, 0x3d, 0x4, 0xbe, 0x94,
    0x9e, 0x92, 0x12, 0x42, 0x48, 0x4a, 0x11, 0x0,

    /* U+6241 "扁" */
    0x2, 0xf, 0xfd, 0x0, 0xbf, 0xf4, 0x0, 0xbf,
    0xd5, 0x4a, 0xa9, 0x5f, 0xea, 0xa6, 0x55, 0x80,

    /* U+6247 "扇" */
    0x2, 0xf, 0xfd, 0x0, 0xbf, 0xf4, 0x0, 0xfb,
    0xd5, 0x2a, 0x63, 0x54, 0xac, 0xa6, 0x31, 0x80,

    /* U+624B "手" */
    0x3, 0xcf, 0x80, 0x10, 0x2, 0x7, 0xfc, 0x8,
    0x1, 0x7, 0xff, 0x4, 0x0, 0x80, 0x70, 0x0,

    /* U+624D "才" */
    0x1, 0x0, 0x23, 0xff, 0x80, 0x80, 0x30, 0xa,
    0x2, 0x41, 0x88, 0xc1, 0x0, 0x20, 0x1c, 0x0,

    /* U+624E "扎" */
    0x22, 0x4, 0x43, 0xe8, 0x11, 0x2, 0x20, 0x74,
    0x38, 0x81, 0x10, 0x22, 0x24, 0x47, 0x87, 0x80,

    /* U+6251 "扑" */
    0x21, 0x4, 0x23, 0xc4, 0x10, 0x82, 0x18, 0x62,
    0xb8, 0x49, 0x8, 0x21, 0x4, 0x23, 0x84, 0x0,

    /* U+6252 "扒" */
    0x44, 0x88, 0x93, 0x92, 0x22, 0x44, 0x48, 0xc9,
    0x31, 0x22, 0x42, 0x48, 0x49, 0xb, 0x40, 0x80,

    /* U+6253 "打" */
    0x27, 0xe4, 0x13, 0xc2, 0x10, 0x42, 0x8, 0x61,
    0x38, 0x21, 0x4, 0x20, 0x84, 0x13, 0x8e, 0x0,

    /* U+6254 "扔" */
    0x4f, 0xc8, 0x8b, 0x91, 0x22, 0x44, 0x4e, 0xc8,
    0x71, 0xa, 0x21, 0x48, 0x29, 0x7, 0x43, 0x0,

    /* U+6258 "托" */
    0x41, 0xc9, 0xc3, 0x88, 0x21, 0x4, 0x20, 0xc7,
    0xf7, 0x82, 0x10, 0x42, 0x28, 0x47, 0x7, 0x80,

    /* U+625B "扛" */
    0x4f, 0xe8, 0x23, 0x84, 0x20, 0x84, 0x10, 0xc2,
    0x30, 0x42, 0x8, 0x41, 0x8, 0x23, 0x3f, 0x80,

    /* U+6263 "扣" */
    0x20, 0x4, 0xff, 0xd0, 0x92, 0x12, 0x42, 0x68,
    0x79, 0x9, 0x21, 0x24, 0x24, 0x87, 0x9f, 0x80,

    /* U+6266 "扦" */
    0x40, 0xc8, 0xe3, 0x84, 0x20, 0x84, 0x10, 0xdf,
    0xf0, 0x42, 0x8, 0x41, 0x8, 0x23, 0x4, 0x0,

    /* U+6267 "执" */
    0x22, 0x4, 0x43, 0xdf, 0x11, 0x22, 0x24, 0x4c,
    0x8c, 0xd7, 0x12, 0x24, 0x44, 0x85, 0xa0, 0x80,

    /* U+6269 "扩" */
    0x20, 0x84, 0xff, 0xd0, 0x12, 0x2, 0x40, 0x68,
    0x39, 0x1, 0x20, 0x24, 0x4, 0x83, 0xa0, 0x0,

    /* U+626B "扫" */
    0x4f, 0xe8, 0x7, 0x80, 0xa0, 0x14, 0x2, 0xdf,
    0xf0, 0xa, 0x1, 0x40, 0x28, 0x7, 0x3f, 0x80,

    /* U+626C "扬" */
    0x4f, 0xc8, 0x13, 0x84, 0x21, 0x4, 0xfe, 0xc5,
    0x71, 0x2a, 0x49, 0x41, 0x28, 0x47, 0x13, 0x0,

    /* U+626D "扭" */
    0x4f, 0xc8, 0x4b, 0x89, 0x21, 0x24, 0x24, 0xdf,
    0xb1, 0x12, 0x22, 0x44, 0x48, 0x8b, 0x7f, 0x80,

    /* U+626E "扮" */
    0x44, 0x88, 0x93, 0xa1, 0x24, 0x25, 0x2, 0xdf,
    0xb1, 0x12, 0x22, 0x48, 0x49, 0xb, 0x46, 0x0,

    /* U+626F "扯" */
    0x41, 0x8, 0x23, 0x84, 0x24, 0x84, 0x9e, 0xd2,
    0x32, 0x42, 0x48, 0x49, 0x9, 0x23, 0x7f, 0x80,

    /* U+6270 "扰" */
    0x42, 0x88, 0x4b, 0x88, 0x2f, 0xf4, 0x20, 0xca,
    0x31, 0x42, 0x28, 0x49, 0x29, 0x27, 0x47, 0x80,

    /* U+6273 "扳" */
    0x40, 0xe9, 0xe3, 0xa0, 0x24, 0x4, 0xfe, 0xd8,
    0x72, 0x8a, 0x4a, 0x48, 0x89, 0x2b, 0x58, 0x80,

    /* U+6276 "扶" */
    0x41, 0x8, 0x23, 0x9f, 0x20, 0x84, 0x10, 0xdf,
    0xf0, 0x42, 0x14, 0x42, 0x88, 0x8b, 0x20, 0x80,

    /* U+6279 "批" */
    0x48, 0x89, 0x13, 0xa2, 0x24, 0x54, 0xec, 0xd1,
    0x32, 0x22, 0x44, 0x48, 0xa9, 0x57, 0x33, 0x80,

    /* U+627C "扼" */
    0x4f, 0xe9, 0x3, 0xa0, 0x25, 0xe4, 0xa4, 0xd4,
    0xb2, 0xb2, 0x50, 0x4a, 0x29, 0x47, 0x47, 0x80,

    /* U+627E "找" */
    0x42, 0x88, 0x4b, 0x88, 0x21, 0xf5, 0xe0, 0xc4,
    0xb0, 0xa2, 0x8, 0x41, 0x28, 0xd7, 0x61, 0x80,

    /* U+627F "承" */
    0x3f, 0x80, 0x20, 0x18, 0x72, 0x52, 0xea, 0x49,
    0x8b, 0xa2, 0x22, 0x5f, 0x50, 0x84, 0x70, 0x0,

    /* U+6280 "技" */
    0x41, 0x8, 0x23, 0xbf, 0xa0, 0x84, 0x10, 0xdf,
    0xb2, 0x12, 0x42, 0x44, 0x88, 0x63, 0x73, 0x80,

    /* U+6284 "抄" */
    0x41, 0x8, 0x23, 0xa5, 0x24, 0x94, 0x92, 0xa2,
    0x38, 0x4a, 0x2, 0x40, 0x88, 0x63, 0x30, 0x0,

    /* U+6289 "抉" */
    0x42, 0x8, 0x43, 0xbf, 0x21, 0x24, 0x24, 0xc4,
    0xb7, 0xfa, 0x10, 0x45, 0x9, 0x13, 0x41, 0x80,

    /* U+628A "把" */
    0x4f, 0xe9, 0x27, 0xa4, 0xa4, 0x94, 0x92, 0xdf,
    0xf2, 0x2, 0x40, 0x48, 0x29, 0x7, 0x1f, 0x80,

    /* U+6291 "抑" */
    0x42, 0x9, 0xbf, 0xa4, 0xa4, 0x94, 0x92, 0xd2,
    0x72, 0x4a, 0x59, 0x4d, 0x68, 0x23, 0x4, 0x0,

    /* U+6292 "抒" */
    0x27, 0xc4, 0xb, 0xca, 0x10, 0x82, 0xfe, 0x62,
    0x78, 0x51, 0x8, 0x21, 0x4, 0x23, 0x9c, 0x0,

    /* U+6293 "抓" */
    0x40, 0xe9, 0xeb, 0xa5, 0x24, 0xa4, 0x94, 0xd2,
    0xb2, 0x52, 0x4a, 0x49, 0x49, 0x27, 0x44, 0x80,

    /* U+6295 "投" */
    0x47, 0x88, 0x93, 0x92, 0x22, 0x45, 0x8e, 0xc0,
    0x33, 0xf2, 0x42, 0x44, 0x88, 0x63, 0x73, 0x80,

    /* U+6296 "抖" */
    0x40, 0x88, 0x93, 0x8a, 0x20, 0x44, 0x88, 0xc9,
    0x30, 0x3a, 0x1c, 0x4c, 0x88, 0x13, 0x2, 0x0,

    /* U+6297 "抗" */
    0x42, 0x8, 0x23, 0xbf, 0xa0, 0x4, 0x78, 0xc9,
    0x31, 0x22, 0x24, 0x44, 0xa9, 0x17, 0x43, 0x80,

    /* U+6298 "折" */
    0x40, 0xc9, 0xe3, 0xa0, 0x24, 0x4, 0xfe, 0xd1,
    0x32, 0x22, 0x44, 0x48, 0x89, 0x13, 0x42, 0x0,

    /* U+629A "抚" */
    0x4f, 0xc8, 0x43, 0x88, 0x21, 0x5, 0xfe, 0xca,
    0x31, 0x42, 0x28, 0x49, 0x29, 0x27, 0x47, 0x80,

    /* U+629B "抛" */
    0x48, 0x89, 0x13, 0xa7, 0xaf, 0x54, 0xaa, 0xd5,
    0x72, 0xaa, 0x55, 0x4b, 0x69, 0x43, 0x4f, 0x80,

    /* U+62A0 "抠" */
    0x4f, 0xe9, 0x3, 0xa9, 0x24, 0xa4, 0x94, 0xd1,
    0x32, 0x22, 0x4a, 0x4a, 0x49, 0x3, 0x3f, 0x80,

    /* U+62A1 "抡" */
    0x41, 0x8, 0x53, 0x91, 0x2c, 0x14, 0x40, 0xc8,
    0xb1, 0x22, 0x38, 0x44, 0x28, 0x87, 0xf, 0x80,

    /* U+62A2 "抢" */
    0x41, 0x8, 0x53, 0x91, 0x2c, 0x14, 0x7c, 0xc8,
    0xb1, 0x12, 0x2e, 0x44, 0x8, 0x87, 0xf, 0x80,

    /* U+62A4 "护" */
    0x21, 0x4, 0x13, 0xdf, 0x92, 0x12, 0x42, 0x6f,
    0xf9, 0x1, 0x20, 0x24, 0x4, 0x83, 0xa0, 0x0,

    /* U+62A5 "报" */
    0x27, 0xe4, 0x87, 0xd0, 0x92, 0x72, 0x40, 0x6f,
    0xf9, 0x89, 0x2a, 0x24, 0x84, 0xab, 0x98, 0x80,

    /* U+62A8 "抨" */
    0x4f, 0xe8, 0x23, 0xa4, 0xa2, 0xa4, 0x10, 0xdf,
    0xf0, 0x42, 0x8, 0x41, 0x8, 0x23, 0x4, 0x0,

    /* U+62AB "披" */
    0x41, 0x9, 0xff, 0xa4, 0xa4, 0x84, 0xfe, 0xd8,
    0x72, 0x8a, 0x4a, 0x48, 0x89, 0x2b, 0x58, 0x80,

    /* U+62AC "抬" */
    0x42, 0x8, 0x43, 0x91, 0x24, 0x25, 0xfa, 0xc0,
    0x73, 0xf2, 0x42, 0x48, 0x49, 0xb, 0x3f, 0x0,

    /* U+62B1 "抱" */
    0x48, 0x9, 0xfb, 0xc1, 0x27, 0xa4, 0x94, 0xd2,
    0xb3, 0xd2, 0x46, 0x48, 0x9, 0x7, 0x1f, 0x80,

    /* U+62B5 "抵" */
    0x40, 0xc9, 0xe3, 0xa4, 0x24, 0x84, 0x90, 0xdf,
    0xf2, 0x42, 0x44, 0x48, 0xa9, 0x4f, 0x34, 0x80,

    /* U+62B9 "抹" */
    0x41, 0x8, 0x23, 0xbf, 0xa0, 0x84, 0x10, 0xcf,
    0xb0, 0x42, 0x1c, 0x45, 0x49, 0x27, 0x4, 0x0,

    /* U+62BC "押" */
    0x4f, 0xe9, 0x27, 0xa4, 0xa7, 0xf4, 0x92, 0xd2,
    0x73, 0xfa, 0x8, 0x41, 0x8, 0x23, 0x4, 0x0,

    /* U+62BD "抽" */
    0x41, 0x8, 0x23, 0xbf, 0xa4, 0x94, 0x92, 0xd2,
    0x73, 0xfa, 0x49, 0x49, 0x29, 0x27, 0x3f, 0x80,

    /* U+62BF "抿" */
    0x4f, 0xe9, 0x7, 0xa0, 0xa7, 0xf4, 0x90, 0xd2,
    0x33, 0xfa, 0x48, 0x48, 0x89, 0x57, 0x31, 0x80,

    /* U+62C2 "拂" */
    0x42, 0x88, 0x53, 0xbf, 0xa1, 0x54, 0xfe, 0xd5,
    0x33, 0xfa, 0x15, 0x42, 0xa8, 0x9f, 0x62, 0x0,

    /* U+62C4 "拄" */
    0x42, 0x8, 0x23, 0xbf, 0xa0, 0x84, 0x10, 0xc2,
    0x31, 0xf2, 0x8, 0x41, 0x8, 0x23, 0x3f, 0x80,

    /* U+62C5 "担" */
    0x4f, 0xc9, 0xb, 0xa1, 0x24, 0x24, 0xfc, 0xd0,
    0xb2, 0x12, 0x42, 0x4f, 0xc8, 0x3, 0x7f, 0x80,

    /* U+62C6 "拆" */
    0x40, 0xc9, 0xe3, 0xa0, 0x24, 0x4, 0xfe, 0xd1,
    0x32, 0x62, 0x46, 0x48, 0xa9, 0x13, 0x42, 0x0,

    /* U+62C7 "拇" */
    0x4f, 0xc9, 0xb, 0xa9, 0x24, 0xa5, 0xfe, 0xd0,
    0xb2, 0x92, 0x4a, 0x4f, 0xe8, 0xb, 0x6, 0x0,

    /* U+62C8 "拈" */
    0x41, 0x8, 0x23, 0x87, 0xa0, 0x84, 0x10, 0xc2,
    0x33, 0xfa, 0x41, 0x48, 0x29, 0x7, 0x3f, 0x80,

    /* U+62C9 "拉" */
    0x42, 0x8, 0x23, 0xbf, 0xa0, 0x4, 0x44, 0xc8,
    0xb0, 0x92, 0x12, 0x42, 0x88, 0x13, 0x3f, 0x80,

    /* U+62CC "拌" */
    0x41, 0x9, 0x27, 0x95, 0x20, 0x84, 0xfe, 0xc2,
    0x30, 0x42, 0x7f, 0x41, 0x8, 0x23, 0x4, 0x0,

    /* U+62CD "拍" */
    0x20, 0x84, 0x23, 0xdf, 0x92, 0x12, 0x42, 0x68,
    0x79, 0xf9, 0x21, 0x24, 0x24, 0x87, 0x9f, 0x80,

    /* U+62CE "拎" */
    0x41, 0x8, 0x53, 0x91, 0x2c, 0x14, 0x10, 0xc1,
    0x33, 0xfa, 0x2, 0x44, 0x88, 0x63, 0x3, 0x0,

    /* U+62D0 "拐" */
    0x4f, 0xe9, 0x7, 0xa0, 0xa7, 0xf4, 0x20, 0xdf,
    0xf0, 0x8a, 0x11, 0x44, 0x28, 0x87, 0x23, 0x0,

    /* U+62D2 "拒" */
    0x4f, 0xe9, 0x3, 0xa0, 0x27, 0xe4, 0x84, 0xd0,
    0xb2, 0x12, 0x7e, 0x48, 0x9, 0x3, 0x3f, 0x80,

    /* U+62D3 "拓" */
    0x4f, 0xe8, 0x43, 0x88, 0x21, 0x4, 0x40, 0xcf,
    0xf3, 0xa, 0xa1, 0x44, 0x28, 0x87, 0x1f, 0x80,

    /* U+62D4 "拔" */
    0x44, 0x88, 0x8b, 0xbf, 0xa2, 0x4, 0x40, 0xcf,
    0xb1, 0x12, 0x22, 0x4a, 0x89, 0x23, 0x5b, 0x80,

    /* U+62D6 "拖" */
    0x24, 0x4, 0xff, 0xe4, 0x14, 0xb2, 0x5a, 0x4e,
    0x4f, 0x4f, 0x2b, 0x25, 0x4, 0x85, 0x8f, 0x80,

    /* U+62D8 "拘" */
    0x44, 0x8, 0xff, 0xa0, 0xa8, 0x14, 0x7a, 0xc9,
    0x71, 0x2a, 0x25, 0x47, 0xa8, 0x7, 0x3, 0x0,

    /* U+62D9 "拙" */
    0x41, 0x9, 0x27, 0xa4, 0xa4, 0x94, 0xfe, 0xc2,
    0x30, 0x42, 0x49, 0x49, 0x29, 0x27, 0x3f, 0x80,

    /* U+62DB "招" */
    0x4f, 0xe8, 0x47, 0x88, 0xa2, 0x14, 0x8e, 0xc0,
    0x33, 0xfa, 0x41, 0x48, 0x29, 0x7, 0x3f, 0x80,

    /* U+62DC "拜" */
    0x1b, 0xfc, 0x10, 0x8f, 0x90, 0x4f, 0x88, 0x47,
    0xc8, 0x27, 0xc4, 0x23, 0xe8, 0x12, 0x2, 0x0,

    /* U+62DF "拟" */
    0x42, 0x49, 0x2b, 0xa5, 0x24, 0x24, 0x84, 0xd1,
    0x32, 0xa2, 0x6a, 0x49, 0x48, 0x47, 0x10, 0x80,

    /* U+62E2 "拢" */
    0x44, 0x88, 0x8b, 0xbf, 0xa2, 0x84, 0x50, 0xca,
    0x71, 0x52, 0x2c, 0x49, 0x29, 0x67, 0x53, 0x80,

    /* U+62E3 "拣" */
    0x42, 0xb, 0xff, 0x90, 0x2f, 0x84, 0x90, 0xdf,
    0xf0, 0x42, 0x4a, 0x49, 0x2a, 0x27, 0xc, 0x0,

    /* U+62E5 "拥" */
    0x4f, 0xe9, 0x27, 0xa4, 0xa7, 0xf4, 0x92, 0xd2,
    0x73, 0xfa, 0x49, 0x49, 0x29, 0x27, 0x45, 0x80,

    /* U+62E6 "拦" */
    0x44, 0x48, 0x53, 0xbf, 0xa0, 0x4, 0x0, 0xc0,
    0x31, 0xf2, 0x0, 0x40, 0x8, 0x3, 0x3f, 0x80,

    /* U+62E7 "拧" */
    0x41, 0x9, 0xff, 0xa0, 0xa0, 0x4, 0xfe, 0xc2,
    0x30, 0x42, 0x8, 0x41, 0x8, 0x23, 0x1c, 0x0,

    /* U+62E8 "拨" */
    0x4a, 0x89, 0x4b, 0xa8, 0x2f, 0xf4, 0x40, 0xcf,
    0xb1, 0x12, 0x22, 0x4a, 0x89, 0x23, 0x5b, 0x80,

    /* U+62E9 "择" */
    0x4f, 0xe9, 0x7, 0x91, 0x21, 0xc4, 0xc6, 0xc2,
    0x31, 0xf2, 0x8, 0x4f, 0xe8, 0x23, 0x4, 0x0,

    /* U+62EC "括" */
    0x40, 0xc9, 0xe3, 0x84, 0x20, 0x85, 0xfe, 0xc2,
    0x30, 0x42, 0x7e, 0x48, 0x49, 0xb, 0x3f, 0x0,

    /* U+62ED "拭" */
    0x40, 0xa8, 0x17, 0xbf, 0xa0, 0x44, 0x8, 0xdf,
    0x30, 0x92, 0x12, 0x42, 0x48, 0x77, 0x30, 0x80,

    /* U+62EF "拯" */
    0x4f, 0xc8, 0x13, 0x84, 0xae, 0xd4, 0x54, 0xca,
    0xb2, 0x4a, 0x89, 0x43, 0x8, 0x3, 0x7f, 0x80,

    /* U+62F1 "拱" */
    0x44, 0x88, 0x93, 0xbf, 0xa2, 0x44, 0x48, 0xc9,
    0x37, 0xfa, 0x0, 0x44, 0x89, 0xb, 0x40, 0x80,

    /* U+62F3 "拳" */
    0x24, 0x84, 0xa1, 0xff, 0x8, 0x8f, 0xfe, 0x49,
    0x37, 0xd0, 0x21, 0xff, 0xe0, 0x80, 0x70, 0x0,

    /* U+62F4 "拴" */
    0x41, 0x8, 0x53, 0x91, 0x2c, 0x14, 0xfc, 0xc2,
    0x30, 0x42, 0x7e, 0x41, 0x8, 0x23, 0x7f, 0x80,

    /* U+62F7 "拷" */
    0x42, 0x29, 0xeb, 0x8a, 0x2f, 0xf4, 0x20, 0xcf,
    0xb7, 0x2, 0x3e, 0x40, 0x48, 0xb, 0x6, 0x0,

    /* U+62FC "拼" */
    0x44, 0x28, 0x4b, 0xbf, 0xa1, 0x24, 0x24, 0xc4,
    0xb3, 0xfa, 0x12, 0x42, 0x48, 0x8b, 0x21, 0x0,

    /* U+62FD "拽" */
    0x41, 0x9, 0xff, 0xa4, 0xa7, 0xf4, 0x92, 0xd2,
    0x73, 0xfa, 0xa, 0x40, 0x88, 0x37, 0x39, 0x80,

    /* U+62FE "拾" */
    0x41, 0x8, 0x53, 0x91, 0x2c, 0x14, 0x7c, 0xc0,
    0x33, 0xfa, 0x41, 0x48, 0x29, 0x7, 0x3f, 0x80,

    /* U+62FF "拿" */
    0xe, 0x6, 0x33, 0x7d, 0x80, 0x3, 0xf8, 0x41,
    0x1f, 0xf0, 0x20, 0xff, 0xe0, 0x80, 0x70, 0x0,

    /* U+6301 "持" */
    0x41, 0x8, 0xfb, 0x84, 0x20, 0x84, 0xfe, 0xc0,
    0xb3, 0xfa, 0x22, 0x42, 0x48, 0xb, 0x7, 0x0,

    /* U+6302 "挂" */
    0x41, 0x8, 0xfb, 0x84, 0x20, 0x84, 0xfe, 0xc0,
    0x30, 0x42, 0x3e, 0x41, 0x8, 0x23, 0x3f, 0x80,

    /* U+6307 "指" */
    0x48, 0x29, 0x1b, 0xbc, 0x24, 0x14, 0x7e, 0xc0,
    0x33, 0xfa, 0x41, 0x4f, 0xe9, 0x7, 0x3f, 0x80,

    /* U+6309 "按" */
    0x41, 0x9, 0xff, 0xa0, 0xa0, 0x84, 0x10, 0xdf,
    0xf0, 0x92, 0x22, 0x42, 0x88, 0x33, 0x39, 0x80,

    /* U+630E "挎" */
    0x42, 0xb, 0xff, 0x92, 0x24, 0x25, 0x7a, 0xc0,
    0x37, 0xfa, 0x20, 0x47, 0xc8, 0xb, 0x6, 0x0,

    /* U+6311 "挑" */
    0x42, 0x88, 0x53, 0xaa, 0xa3, 0x64, 0x28, 0xc5,
    0x31, 0xb2, 0x55, 0x42, 0x88, 0x97, 0x63, 0x80,

    /* U+6316 "挖" */
    0x41, 0x9, 0xff, 0xaa, 0xa2, 0x24, 0x0, 0xdf,
    0xb0, 0x22, 0x18, 0x44, 0x9, 0x7, 0x1f, 0x80,

    /* U+631A "挚" */
    0x21, 0x1e, 0xf8, 0x85, 0x1b, 0xae, 0x1c, 0x7c,
    0xc1, 0x1, 0xfc, 0x4, 0x1f, 0xfc, 0x10, 0x0,

    /* U+631B "挛" */
    0x4, 0x1f, 0xfc, 0x24, 0x24, 0xa9, 0x12, 0xff,
    0x81, 0x1, 0xfc, 0x4, 0x1f, 0xfc, 0x10, 0x0,

    /* U+631D "挝" */
    0x50, 0x49, 0xb, 0x8f, 0xa0, 0x25, 0xa4, 0xd2,
    0xb2, 0x52, 0x42, 0x48, 0xca, 0x83, 0x4f, 0x80,

    /* U+631E "挞" */
    0x50, 0x89, 0x13, 0x82, 0x21, 0xf5, 0x88, 0xd1,
    0x32, 0x52, 0x4a, 0x4a, 0x2a, 0x83, 0x4f, 0x80,

    /* U+631F "挟" */
    0x41, 0x9, 0xff, 0x84, 0x24, 0x94, 0x54, 0xc2,
    0x37, 0xfa, 0x8, 0x42, 0x88, 0x8b, 0x60, 0x80,

    /* U+6320 "挠" */
    0x42, 0x8, 0x4f, 0xbe, 0x21, 0x24, 0x1a, 0xdc,
    0xf0, 0x2, 0x7f, 0x42, 0x88, 0x97, 0x63, 0x80,

    /* U+6321 "挡" */
    0x41, 0x9, 0x27, 0x95, 0x20, 0x84, 0xfe, 0xc0,
    0x70, 0xa, 0x7f, 0x40, 0x28, 0x7, 0x3f, 0x80,

    /* U+6323 "挣" */
    0x44, 0x8, 0xf3, 0xa2, 0x27, 0xe4, 0x14, 0xdf,
    0xf0, 0x52, 0x7e, 0x41, 0x8, 0x23, 0x1c, 0x0,

    /* U+6324 "挤" */
    0x41, 0x9, 0xff, 0x91, 0x21, 0x44, 0x10, 0xc5,
    0x37, 0x1a, 0x22, 0x44, 0x48, 0x8b, 0x21, 0x0,

    /* U+6325 "挥" */
    0x4f, 0xe9, 0x7, 0x88, 0x27, 0xf4, 0x40, 0xd2,
    0x33, 0xfa, 0x8, 0x4f, 0xe8, 0x23, 0x4, 0x0,

    /* U+6328 "挨" */
    0x42, 0x8, 0x8b, 0xbe, 0xa2, 0x4, 0x7c, 0xd2,
    0x30, 0x42, 0x7f, 0x42, 0x88, 0x8b, 0x20, 0x80,

    /* U+632A "挪" */
    0x5e, 0xe9, 0x57, 0xaa, 0xaf, 0x54, 0xac, 0xd5,
    0x77, 0xaa, 0x55, 0x4a, 0xe9, 0x53, 0x5a, 0x0,

    /* U+632B "挫" */
    0x41, 0x8, 0xab, 0x95, 0x22, 0xa4, 0xba, 0xd2,
    0x70, 0x42, 0x3e, 0x41, 0x8, 0x23, 0x3f, 0x80,

    /* U+632F "振" */
    0x4f, 0xe9, 0x3, 0xaf, 0x24, 0x4, 0xfe, 0xd5,
    0x32, 0xa2, 0x55, 0x4a, 0x49, 0x6b, 0x48, 0x80,

    /* U+633A "挺" */
    0x5c, 0x28, 0xbb, 0xa1, 0x28, 0x25, 0xde, 0xc8,
    0xb5, 0x12, 0xa2, 0x49, 0xea, 0x83, 0x4f, 0x80,

    /* U+633D "挽" */
    0x44, 0x8, 0xf3, 0xa2, 0x2f, 0xf4, 0x92, 0xd2,
    0x73, 0xfa, 0x14, 0x42, 0xa8, 0x97, 0x63, 0x80,

    /* U+6342 "捂" */
    0x4f, 0xe8, 0x43, 0xbf, 0x22, 0x24, 0x44, 0xdf,
    0xf0, 0x2, 0x7f, 0x48, 0x29, 0x7, 0x3f, 0x80,

    /* U+6345 "捅" */
    0x4f, 0xc8, 0x53, 0x84, 0x27, 0xf4, 0x92, 0xdf,
    0xf2, 0x4a, 0x7f, 0x49, 0x29, 0x27, 0x25, 0x80,

    /* U+6346 "捆" */
    0x4f, 0xe9, 0x7, 0xa4, 0xa4, 0x94, 0xfe, 0xd2,
    0x72, 0xea, 0x6b, 0x49, 0x29, 0x7, 0x3f, 0x80,

    /* U+6349 "捉" */
    0x4f, 0xe9, 0x7, 0xa0, 0xa4, 0x14, 0xfe, 0xc2,
    0x32, 0x42, 0x4f, 0x49, 0xa, 0xe3, 0x43, 0x80,

    /* U+634C "捌" */
    0x5e, 0x2a, 0x57, 0xca, 0xaf, 0x54, 0x8a, 0xfd,
    0x72, 0xaa, 0x55, 0x4a, 0x29, 0x47, 0x5b, 0x80,

    /* U+634D "捍" */
    0x4f, 0xc9, 0xb, 0xbf, 0x24, 0x24, 0xfc, 0xc0,
    0x33, 0xf2, 0x8, 0x5f, 0xe8, 0x23, 0x4, 0x0,

    /* U+634E "捎" */
    0x49, 0x28, 0xab, 0x84, 0x27, 0xf4, 0x82, 0xdf,
    0xf2, 0xa, 0x7f, 0x48, 0x29, 0x7, 0x21, 0x80,

    /* U+634F "捏" */
    0x4f, 0xe9, 0x7, 0xbf, 0xa4, 0x14, 0xfe, 0xc2,
    0x30, 0x42, 0x7f, 0x41, 0x8, 0x23, 0x3f, 0x80,

    /* U+6350 "捐" */
    0x47, 0xc8, 0x8b, 0x9f, 0x20, 0x4, 0xfe, 0xd0,
    0x73, 0xfa, 0x41, 0x4f, 0xe9, 0x7, 0x21, 0x80,

    /* U+6355 "捕" */
    0x41, 0x49, 0xff, 0x84, 0x27, 0xf4, 0x92, 0xdf,
    0xf2, 0x4a, 0x7f, 0x49, 0x29, 0x27, 0x25, 0x80,

    /* U+635E "捞" */
    0x44, 0x49, 0xff, 0x91, 0x27, 0xf4, 0x82, 0xc4,
    0x33, 0xfa, 0x11, 0x42, 0x28, 0x87, 0x63, 0x0,

    /* U+635F "损" */
    0x47, 0xc8, 0x8b, 0x9f, 0x20, 0x4, 0xfe, 0xd0,
    0x72, 0x4a, 0x49, 0x42, 0x88, 0x8b, 0x20, 0x80,

    /* U+6361 "捡" */
    0x41, 0x8, 0x53, 0x91, 0x2c, 0x14, 0x7c, 0xc0,
    0x32, 0x8a, 0x2a, 0x45, 0x48, 0x13, 0x3f, 0x80,

    /* U+6362 "换" */
    0x42, 0x8, 0x73, 0x92, 0x27, 0xe4, 0x94, 0xd2,
    0xb2, 0x52, 0xff, 0x42, 0x88, 0x8b, 0x60, 0x80,

    /* U+6363 "捣" */
    0x42, 0x9, 0xfb, 0xa1, 0x26, 0x24, 0xac, 0xd0,
    0x33, 0xfa, 0x21, 0x55, 0x2b, 0xe7, 0x3, 0x0,

    /* U+6367 "捧" */
    0x41, 0x8, 0xfb, 0x84, 0x23, 0xe4, 0x20, 0xdf,
    0xf1, 0x52, 0x5d, 0x41, 0x9, 0xff, 0x4, 0x0,

    /* U+636E "据" */
    0x4f, 0xe9, 0x7, 0xa0, 0xa7, 0xf4, 0x88, 0xdf,
    0xf2, 0x22, 0x5f, 0x4a, 0x29, 0x47, 0x4f, 0x80,

    /* U+6376 "捶" */
    0x40, 0xc8, 0xe3, 0x84, 0x27, 0xf4, 0x54, 0xdf,
    0xf1, 0x52, 0x2a, 0x4f, 0xe8, 0x23, 0x1f, 0x0,

    /* U+6377 "捷" */
    0x42, 0xb, 0xff, 0x89, 0x2f, 0xf4, 0x24, 0xdf,
    0xb0, 0x82, 0x5e, 0x4a, 0xa, 0xc3, 0x47, 0x80,

    /* U+637B "捻" */
    0x41, 0x8, 0x53, 0x91, 0x2c, 0x94, 0x8, 0xcf,
    0xb0, 0x12, 0x4, 0x45, 0x9, 0x8b, 0x4e, 0x80,

    /* U+6380 "掀" */
    0x42, 0x89, 0x93, 0xa3, 0xa4, 0x54, 0xf6, 0xd4,
    0xb2, 0x92, 0x52, 0x4a, 0xa9, 0x57, 0x4c, 0x80,

    /* U+6382 "掂" */
    0x41, 0x9, 0xff, 0xa0, 0x24, 0x84, 0x9e, 0xd2,
    0x32, 0x42, 0x5f, 0x4a, 0x29, 0x47, 0x4f, 0x80,

    /* U+6387 "掇" */
    0x4e, 0xe8, 0x47, 0xaa, 0xa2, 0x24, 0xaa, 0xc0,
    0x33, 0xba, 0x15, 0x4a, 0xa8, 0x8b, 0x2a, 0x80,

    /* U+6388 "授" */
    0x40, 0xcb, 0xe3, 0xa8, 0xa2, 0xa5, 0xfe, 0xe0,
    0x73, 0xf2, 0x42, 0x44, 0x88, 0x63, 0x73, 0x80,

    /* U+6389 "掉" */
    0x41, 0x8, 0x3f, 0x84, 0x27, 0xe4, 0x84, 0xdf,
    0xb2, 0x12, 0x7e, 0x41, 0xb, 0xff, 0x4, 0x0,

    /* U+638C "掌" */
    0x24, 0x9f, 0xfe, 0x0, 0x9f, 0xc2, 0x8, 0xff,
    0x81, 0x3, 0xfe, 0x4, 0x1f, 0xfc, 0x10, 0x0,

    /* U+638F "掏" */
    0x48, 0x9, 0xff, 0xe0, 0xa7, 0xd5, 0x22, 0x9f,
    0x78, 0x8a, 0x55, 0x4f, 0xa8, 0x7, 0x3, 0x0,

    /* U+6390 "掐" */
    0x42, 0x8, 0x7b, 0x91, 0x2c, 0x44, 0x20, 0xd9,
    0xf2, 0xa, 0x77, 0x48, 0x29, 0x7, 0x3f, 0x80,

    /* U+6392 "排" */
    0x42, 0x88, 0x53, 0xbb, 0xa1, 0x44, 0x28, 0xdd,
    0xf0, 0xa2, 0x14, 0x4e, 0xe8, 0x53, 0xa, 0x0,

    /* U+6396 "掖" */
    0x42, 0xb, 0xff, 0x94, 0x22, 0xf4, 0x92, 0xd5,
    0x76, 0x92, 0x6a, 0x48, 0x89, 0x2b, 0x28, 0x80,

    /* U+6398 "掘" */
    0x4f, 0xe9, 0x7, 0xbf, 0xa4, 0x44, 0xaa, 0xd5,
    0x72, 0xfa, 0x44, 0x4a, 0xa9, 0x57, 0x4f, 0x80,

    /* U+63A0 "掠" */
    0x41, 0xb, 0xff, 0x80, 0x27, 0xe4, 0x84, 0xd0,
    0xb3, 0xf2, 0x8, 0x49, 0x4a, 0x27, 0xc, 0x0,

    /* U+63A2 "探" */
    0x4f, 0xe9, 0x7, 0x8a, 0x22, 0x24, 0x82, 0xc2,
    0x33, 0xfa, 0x8, 0x43, 0x88, 0xab, 0x24, 0x80,

    /* U+63A3 "掣" */
    0x50, 0xaf, 0xd6, 0x42, 0xbf, 0x15, 0x26, 0x8,
    0x1f, 0xf0, 0x20, 0xff, 0xe0, 0x80, 0x70, 0x0,

    /* U+63A5 "接" */
    0x41, 0x9, 0xff, 0x91, 0x21, 0x44, 0xfe, 0xc2,
    0x33, 0xfa, 0x12, 0x44, 0x88, 0x73, 0x31, 0x80,

    /* U+63A7 "控" */
    0x41, 0x9, 0xff, 0xa0, 0xa1, 0x44, 0x44, 0xd0,
    0x71, 0xf2, 0x8, 0x41, 0x8, 0x23, 0x3f, 0x80,

    /* U+63A8 "推" */
    0x45, 0x8, 0x93, 0xbf, 0xac, 0x44, 0xfe, 0xd1,
    0x32, 0x22, 0x7f, 0x48, 0x89, 0x13, 0x3f, 0x80,

    /* U+63A9 "掩" */
    0x42, 0x9, 0xfb, 0x92, 0x25, 0x25, 0xfe, 0xd4,
    0xb3, 0xf2, 0x52, 0x4f, 0xc8, 0x47, 0x7, 0x80,

    /* U+63AA "措" */
    0x44, 0x89, 0xfb, 0x92, 0x22, 0x45, 0xfe, 0xc0,
    0x33, 0xf2, 0x42, 0x4f, 0xc9, 0xb, 0x3f, 0x0,

    /* U+63B3 "掳" */
    0x41, 0xc8, 0x23, 0xbf, 0xa4, 0x94, 0x9c, 0xde,
    0x72, 0x7a, 0x48, 0x4f, 0xe9, 0x27, 0x59, 0x80,

    /* U+63B7 "掷" */
    0x51, 0xe9, 0x57, 0xfe, 0xa2, 0x54, 0x4c, 0xc9,
    0x77, 0xea, 0x25, 0x4a, 0xe9, 0x33, 0x42, 0x0,

    /* U+63B8 "掸" */
    0x44, 0x48, 0x53, 0xbf, 0xa4, 0x94, 0xfe, 0xd2,
    0x73, 0xfa, 0x8, 0x4f, 0xe8, 0x23, 0x4, 0x0,

    /* U+63BA "掺" */
    0x42, 0x8, 0x8b, 0xbe, 0xa1, 0x5, 0xfe, 0xc9,
    0x32, 0x12, 0x8d, 0x4e, 0x8, 0x1b, 0x3c, 0x0,

    /* U+63C9 "揉" */
    0x47, 0xc8, 0x13, 0xbf, 0xa1, 0x94, 0x54, 0xd6,
    0x30, 0x42, 0x7f, 0x43, 0x88, 0xab, 0x24, 0x80,

    /* U+63CD "揍" */
    0x41, 0x8, 0xfb, 0x84, 0x23, 0xe4, 0x20, 0xdf,
    0xf1, 0x52, 0x49, 0x47, 0xc8, 0x53, 0x31, 0x80,

    /* U+63CF "描" */
    0x44, 0x49, 0xff, 0x91, 0x20, 0x4, 0xfe, 0xd2,
    0x72, 0x4a, 0x7f, 0x49, 0x29, 0x27, 0x3f, 0x80,

    /* U+63D0 "提" */
    0x4f, 0xc9, 0xb, 0xbf, 0x24, 0x24, 0xfc, 0xc0,
    0x37, 0xfa, 0x28, 0x45, 0xe9, 0x63, 0x43, 0x80,

    /* U+63D2 "插" */
    0x40, 0xc8, 0xe3, 0x84, 0x27, 0xf4, 0x10, 0xca,
    0x32, 0x5a, 0x49, 0x4d, 0x69, 0x27, 0x3f, 0x80,

    /* U+63D6 "揖" */
    0x4f, 0xc9, 0xb, 0xbf, 0x20, 0x5, 0xfe, 0xd0,
    0xb3, 0xf2, 0x42, 0x49, 0xeb, 0xcb, 0x1, 0x0,

    /* U+63E1 "握" */
    0x4f, 0xe9, 0x7, 0xbf, 0xa4, 0x4, 0xfe, 0xd4,
    0xb3, 0xea, 0x44, 0x4b, 0xe9, 0x13, 0x5f, 0x80,

    /* U+63E3 "揣" */
    0x49, 0x29, 0x27, 0xbf, 0xa0, 0x4, 0xfe, 0xc2,
    0x33, 0xfa, 0x55, 0x4a, 0xa9, 0x57, 0x21, 0x80,

    /* U+63E9 "揩" */
    0x48, 0x89, 0xd7, 0xa3, 0x25, 0x54, 0xce, 0xc2,
    0x33, 0xfa, 0x41, 0x4f, 0xe9, 0x7, 0x3f, 0x80,

    /* U+63EA "揪" */
    0x42, 0x89, 0x93, 0x92, 0xa2, 0xd5, 0xec, 0xc9,
    0x33, 0x22, 0x7a, 0x55, 0x48, 0xab, 0x18, 0x80,

    /* U+63ED "揭" */
    0x4f, 0xc9, 0xb, 0xbf, 0x24, 0x24, 0xfc, 0xc8,
    0x33, 0xfa, 0x89, 0x4a, 0xa9, 0xf7, 0x1, 0x80,

    /* U+63F4 "援" */
    0x40, 0xe9, 0xe7, 0x95, 0x27, 0xf4, 0x20, 0xdf,
    0xf1, 0x2, 0x3e, 0x4a, 0x4a, 0x33, 0x39, 0x80,

    /* U+63FD "揽" */
    0x45, 0xa, 0xbf, 0xd5, 0x2b, 0x14, 0xfc, 0xd0,
    0xb2, 0x52, 0x4a, 0x41, 0x8, 0x57, 0x33, 0x80,

    /* U+6400 "搀" */
    0x47, 0x89, 0x13, 0xbf, 0xac, 0x94, 0xfe, 0xc5,
    0x37, 0x3a, 0x18, 0x4c, 0xc8, 0x63, 0x3, 0x0,

    /* U+6401 "搁" */
    0x49, 0xe8, 0x87, 0x88, 0xa5, 0xd4, 0xea, 0xd2,
    0x72, 0xaa, 0x63, 0x4b, 0xa9, 0x57, 0x2e, 0x80,

    /* U+6402 "搂" */
    0x49, 0x28, 0xab, 0xbf, 0xa1, 0xc4, 0x54, 0xd2,
    0x70, 0x82, 0xff, 0x44, 0x48, 0xf3, 0x61, 0x80,

    /* U+6405 "搅" */
    0x4a, 0x28, 0xab, 0xbf, 0xa4, 0x14, 0x7c, 0xc8,
    0xb1, 0x52, 0x2a, 0x41, 0x8, 0x57, 0x33, 0x80,

    /* U+640F "搏" */
    0x41, 0x49, 0xff, 0x84, 0x27, 0xf4, 0x92, 0xdf,
    0xf2, 0x4a, 0x2, 0x4f, 0xe8, 0x8b, 0xb, 0x0,

    /* U+6410 "搐" */
    0x41, 0xb, 0xff, 0x88, 0x22, 0x44, 0xf0, 0xc4,
    0xb7, 0xfa, 0x49, 0x4f, 0xe9, 0x27, 0x3f, 0x80,

    /* U+6413 "搓" */
    0x44, 0x49, 0xff, 0x84, 0x27, 0xf4, 0x10, 0xdf,
    0xf0, 0x82, 0x3f, 0x48, 0x8a, 0x13, 0x1f, 0x80,

    /* U+6414 "搔" */
    0x4f, 0xe9, 0x27, 0x91, 0x21, 0xc4, 0xc6, 0xc2,
    0x33, 0xfa, 0x49, 0x4f, 0xe8, 0x2b, 0x7e, 0x80,

    /* U+641C "搜" */
    0x45, 0x9, 0x2f, 0xa4, 0xa6, 0xb4, 0x92, 0xdf,
    0xf0, 0x42, 0x7f, 0x44, 0x48, 0x73, 0x71, 0x80,

    /* U+641E "搞" */
    0x41, 0x9, 0xff, 0x91, 0x23, 0xe4, 0x0, 0xdf,
    0xf2, 0xa, 0x5d, 0x4a, 0xa9, 0x77, 0x21, 0x80,

    /* U+642A "搪" */
    0x41, 0x9, 0xff, 0xa2, 0x25, 0xf4, 0x8a, 0xdf,
    0xf2, 0x2a, 0x5f, 0x4a, 0x29, 0x47, 0x4f, 0x80,

    /* U+642C "搬" */
    0x49, 0xcb, 0xab, 0xd5, 0x2e, 0xa5, 0x66, 0xe8,
    0x17, 0xfe, 0xa9, 0x5d, 0x4a, 0x9b, 0x5c, 0x80,

    /* U+642D "搭" */
    0x44, 0x4b, 0xff, 0x91, 0x21, 0xc4, 0x44, 0xb7,
    0x78, 0x2, 0x7f, 0x48, 0x29, 0x7, 0x3f, 0x80,

    /* U+643A "携" */
    0x44, 0x89, 0xff, 0xe2, 0x27, 0xf4, 0x88, 0xdf,
    0xf0, 0x2, 0x7e, 0x42, 0x68, 0x87, 0x63, 0x0,

    /* U+643D "搽" */
    0x44, 0x49, 0xff, 0x91, 0x20, 0x84, 0x28, 0xd8,
    0xf0, 0x42, 0x7f, 0x41, 0x8, 0xab, 0x2c, 0x80,

    /* U+6444 "摄" */
    0x4f, 0xe8, 0x8b, 0x9f, 0x22, 0x24, 0x5e, 0xdc,
    0xb0, 0x2, 0x77, 0x4a, 0xa8, 0x8b, 0x2a, 0x80,

    /* U+6446 "摆" */
    0x4f, 0xe9, 0x57, 0xaa, 0xa7, 0xf4, 0x10, 0xcf,
    0xb0, 0x42, 0x7f, 0x42, 0x8, 0x8b, 0x3e, 0x80,

    /* U+6447 "摇" */
    0x40, 0x69, 0xf3, 0xa4, 0xa2, 0xa4, 0x80, 0x9f,
    0xd8, 0x46, 0x7f, 0x41, 0x9, 0x27, 0x3f, 0x80,

    /* U+6448 "摈" */
    0x41, 0x9, 0xff, 0xa2, 0xa3, 0x84, 0x40, 0xcf,
    0xb1, 0x22, 0x24, 0x4f, 0xe8, 0x8b, 0x20, 0x80,

    /* U+644A "摊" */
    0x41, 0x4b, 0xab, 0x97, 0xab, 0xa5, 0x5e, 0xaa,
    0xba, 0x52, 0x4f, 0x55, 0x4a, 0xab, 0x47, 0x80,

    /* U+6454 "摔" */
    0x41, 0x9, 0xff, 0x84, 0x25, 0x54, 0x10, 0xcd,
    0xb2, 0xea, 0x8, 0x4f, 0xe8, 0x23, 0x4, 0x0,

    /* U+6458 "摘" */
    0x41, 0x9, 0xff, 0x91, 0x27, 0xf4, 0x92, 0xd7,
    0x72, 0x4a, 0x5d, 0x4a, 0xa9, 0x77, 0x21, 0x80,

    /* U+6467 "摧" */
    0x49, 0x29, 0x27, 0xbf, 0xa2, 0x44, 0xfe, 0xd1,
    0x37, 0xfa, 0x44, 0x4f, 0xe9, 0x13, 0x3f, 0x80,

    /* U+6469 "摩" */
    0x2, 0xf, 0xfd, 0x22, 0x3f, 0xf5, 0xdc, 0xd5,
    0x52, 0xa2, 0xfe, 0x42, 0xf, 0xfe, 0x8, 0x0,

    /* U+6478 "摸" */
    0x44, 0x8b, 0xff, 0x92, 0x27, 0xe4, 0x84, 0xdf,
    0xb2, 0x12, 0xff, 0x43, 0x8, 0x93, 0x61, 0x80,

    /* U+6479 "摹" */
    0x11, 0x1f, 0xfc, 0x44, 0x3f, 0xe4, 0x5, 0xff,
    0xc9, 0x22, 0xfa, 0x84, 0x2f, 0xf8, 0x10, 0x0,

    /* U+6482 "撂" */
    0x4f, 0xe9, 0x27, 0xbf, 0xa4, 0x94, 0x92, 0x9f,
    0xd9, 0x16, 0xcc, 0x46, 0x4b, 0x8f, 0x1f, 0x0,

    /* U+6485 "撅" */
    0x5f, 0xea, 0x13, 0xeb, 0xaa, 0x55, 0xf2, 0xa8,
    0x9d, 0x56, 0xfa, 0x54, 0xad, 0x17, 0x24, 0x80,

    /* U+6487 "撇" */
    0x45, 0xa, 0xbf, 0x54, 0xa2, 0x15, 0xf2, 0xaa,
    0x5d, 0x6e, 0xfa, 0x55, 0x4a, 0xb7, 0x54, 0x80,

    /* U+6491 "撑" */
    0x45, 0x49, 0xff, 0xa0, 0xa3, 0xe4, 0x44, 0xcf,
    0xb0, 0x42, 0x3e, 0x41, 0x9, 0xff, 0x4, 0x0,

    /* U+6492 "撒" */
    0x4a, 0x8b, 0xf3, 0xab, 0xaf, 0x94, 0xa, 0xfd,
    0x74, 0xaa, 0xf5, 0x52, 0x4b, 0xd7, 0x4c, 0x80,

    /* U+6495 "撕" */
    0x4a, 0x2b, 0xfb, 0xaa, 0x27, 0x44, 0xae, 0xdd,
    0x72, 0xaa, 0xfd, 0x40, 0xa9, 0x57, 0x44, 0x80,

    /* U+649E "撞" */
    0x41, 0x9, 0xfb, 0x92, 0x2f, 0xf4, 0x94, 0xdf,
    0xb2, 0x52, 0x4a, 0x5f, 0xe8, 0x23, 0x7f, 0x80,

    /* U+64A4 "撤" */
    0x44, 0x8b, 0xd3, 0xa3, 0xa9, 0x55, 0xd2, 0xe5,
    0x77, 0xaa, 0x95, 0x5e, 0x4a, 0x57, 0x5c, 0x80,

    /* U+64A9 "撩" */
    0x41, 0xb, 0xff, 0xaa, 0xa3, 0xe4, 0xc6, 0xaf,
    0xb9, 0x12, 0x3e, 0x41, 0x9, 0x2b, 0x4c, 0x80,

    /* U+64AC "撬" */
    0x4f, 0xc8, 0x83, 0xff, 0x22, 0x14, 0x7e, 0x80,
    0x1b, 0xbe, 0x22, 0x5f, 0xe8, 0x8b, 0x19, 0x80,

    /* U+64AD "播" */
    0x40, 0xe9, 0xe3, 0x95, 0x2f, 0xf4, 0x54, 0xd2,
    0x77, 0xfa, 0x49, 0x4f, 0xe9, 0x27, 0x3f, 0x80,

    /* U+64AE "撮" */
    0x4f, 0xc9, 0xb, 0xbf, 0x24, 0x25, 0xfe, 0xd4,
    0x33, 0xba, 0x55, 0x4e, 0xab, 0x4b, 0xa, 0x80,

    /* U+64B0 "撰" */
    0x4e, 0xe9, 0x57, 0xbb, 0xa4, 0xc4, 0xf6, 0xc5,
    0x33, 0xfa, 0x14, 0x5f, 0xe8, 0x8b, 0x60, 0x80,

    /* U+64B5 "撵" */
    0x44, 0x49, 0xdf, 0x91, 0x2f, 0x74, 0xaa, 0xdf,
    0xf1, 0x42, 0x7e, 0x41, 0x9, 0xff, 0x4, 0x0,

    /* U+64BC "撼" */
    0x40, 0xab, 0xff, 0xc2, 0x2b, 0xd5, 0x4, 0xae,
    0x95, 0x6e, 0xb8, 0x40, 0x4a, 0x87, 0x8e, 0x0,

    /* U+64C2 "擂" */
    0x4f, 0xe8, 0x23, 0xbf, 0xa4, 0x94, 0x54, 0xc0,
    0x33, 0xfa, 0x49, 0x4f, 0xe9, 0x27, 0x3f, 0x80,

    /* U+64C5 "擅" */
    0x41, 0xb, 0xff, 0xae, 0xa5, 0x54, 0xba, 0xd0,
    0x73, 0xfa, 0x22, 0x47, 0xc8, 0x8b, 0x7f, 0x80,

    /* U+64CD "操" */
    0x47, 0xc8, 0x8b, 0x9f, 0x27, 0x74, 0xaa, 0xdd,
    0xf0, 0x42, 0x7f, 0x43, 0x88, 0xab, 0x24, 0x80,

    /* U+64CE "擎" */
    0x52, 0x1f, 0xfd, 0x55, 0x3a, 0xc0, 0xa6, 0xff,
    0x1, 0x1, 0xfc, 0x4, 0x1f, 0xfc, 0x10, 0x0,

    /* U+64D2 "擒" */
    0x43, 0x88, 0x8b, 0xa4, 0xa3, 0xe4, 0x28, 0xd2,
    0x73, 0xfa, 0x8, 0x4f, 0xe9, 0x57, 0x2d, 0x80,

    /* U+64DE "擞" */
    0x55, 0x89, 0xd3, 0xfb, 0xa2, 0x94, 0xea, 0xa9,
    0x79, 0x2a, 0xf5, 0x4a, 0x49, 0x97, 0x4c, 0x80,

    /* U+64E6 "擦" */
    0x41, 0x9, 0xff, 0xa0, 0xa3, 0x64, 0xaa, 0xc8,
    0xb2, 0xea, 0x0, 0x4f, 0xe8, 0xab, 0x2c, 0x80,

    /* U+6500 "攀" */
    0x2a, 0x9e, 0xbd, 0xab, 0x5a, 0xd2, 0xa9, 0xff,
    0xc9, 0x22, 0xfa, 0x84, 0x2f, 0xf8, 0x10, 0x0,

    /* U+6512 "攒" */
    0x49, 0x49, 0xff, 0xd1, 0x27, 0x74, 0x44, 0xd5,
    0x73, 0xfa, 0x49, 0x49, 0x28, 0x53, 0x31, 0x80,

    /* U+6518 "攘" */
    0x41, 0xb, 0xff, 0xaa, 0xa7, 0x74, 0x44, 0xdf,
    0xf1, 0x12, 0xff, 0x42, 0xab, 0xab, 0x18, 0x80,

    /* U+652B "攫" */
    0x4e, 0xe9, 0x57, 0xbb, 0xa5, 0x54, 0x48, 0xcf,
    0xf3, 0x22, 0x3f, 0x44, 0x48, 0x73, 0x31, 0x80,

    /* U+652F "支" */
    0x4, 0x0, 0x83, 0xff, 0x82, 0x0, 0x40, 0xff,
    0x88, 0x20, 0x88, 0xe, 0x6, 0x33, 0x1, 0x80,

    /* U+6536 "收" */
    0x12, 0x12, 0x42, 0x4f, 0xca, 0x29, 0xa5, 0x24,
    0xa4, 0xa5, 0x94, 0xd1, 0x2, 0x50, 0x51, 0x80,

    /* U+6539 "改" */
    0x2, 0x1e, 0x40, 0x4f, 0x8a, 0x21, 0xa5, 0xe4,
    0xa0, 0xa4, 0x14, 0x91, 0x14, 0x53, 0x31, 0x80,

    /* U+653B "攻" */
    0x2, 0x1e, 0x40, 0x8f, 0x92, 0x22, 0xa4, 0x44,
    0x88, 0xa1, 0x94, 0xc1, 0x0, 0x50, 0x31, 0x80,

    /* U+653E "放" */
    0x42, 0x4, 0x43, 0xef, 0xa2, 0x24, 0x24, 0xf4,
    0x92, 0xa2, 0x54, 0x49, 0x9, 0x52, 0x71, 0x80,

    /* U+653F "政" */
    0x2, 0x1f, 0x40, 0x8f, 0x92, 0x2b, 0xa5, 0x44,
    0xa8, 0xa5, 0x14, 0xb9, 0x18, 0x50, 0x31, 0x80,

    /* U+6545 "故" */
    0x22, 0x4, 0x43, 0xef, 0x92, 0x22, 0x24, 0x44,
    0xbe, 0xa4, 0x54, 0x89, 0x11, 0x53, 0xf1, 0x80,

    /* U+6548 "效" */
    0x11, 0x1f, 0xa0, 0x7, 0xa5, 0x28, 0x54, 0x92,
    0x92, 0x51, 0x4a, 0x10, 0x85, 0x2b, 0x18, 0x80,

    /* U+654C "敌" */
    0x1a, 0x1c, 0x40, 0x8f, 0x92, 0x2f, 0xa4, 0x44,
    0x88, 0xa7, 0xd4, 0x89, 0x11, 0x53, 0xf1, 0x80,

    /* U+654F "敏" */
    0x41, 0xf, 0xa2, 0x7, 0xbf, 0x25, 0x54, 0x9a,
    0xbf, 0xd2, 0xaa, 0x4c, 0x8f, 0xa8, 0x18, 0x80,

    /* U+6551 "救" */
    0x19, 0x2, 0xa3, 0xf7, 0x89, 0x29, 0x54, 0xb2,
    0x84, 0x51, 0xca, 0x54, 0x92, 0x28, 0xd8, 0x80,

    /* U+6556 "敖" */
    0x22, 0x1f, 0x40, 0x8f, 0xfe, 0x22, 0x25, 0xf4,
    0x90, 0xa3, 0xd4, 0x49, 0x9, 0x52, 0x71, 0x80,

    /* U+6559 "教" */
    0x21, 0x1e, 0xa0, 0xa7, 0xff, 0x22, 0x24, 0xfa,
    0xa2, 0x50, 0xea, 0xf0, 0x82, 0x28, 0xd8, 0x80,

    /* U+655B "敛" */
    0x11, 0x5, 0x21, 0x17, 0xc1, 0x27, 0xd4, 0x2,
    0xa9, 0x52, 0xaa, 0x48, 0x83, 0xab, 0x88, 0x80,

    /* U+655D "敝" */
    0x22, 0x15, 0x7e, 0xa9, 0x11, 0x2f, 0xc5, 0x4a,
    0xad, 0x57, 0x64, 0xa4, 0x94, 0xaa, 0xb8, 0x80,

    /* U+655E "敞" */
    0x95, 0xb, 0x20, 0x47, 0xff, 0x28, 0x55, 0xea,
    0xb5, 0x56, 0xaa, 0xf4, 0x90, 0xaa, 0x38, 0x80,

    /* U+6562 "敢" */
    0x79, 0x1, 0x23, 0xf7, 0xa5, 0x27, 0x94, 0x92,
    0x9e, 0x52, 0x4a, 0x7c, 0x99, 0x28, 0x28, 0x80,

    /* U+6563 "散" */
    0x51, 0x1f, 0x21, 0x47, 0xfd, 0x20, 0x55, 0xf2,
    0xa2, 0x57, 0xca, 0x88, 0x9f, 0x2a, 0x28, 0x80,

    /* U+6566 "敦" */
    0x11, 0x1f, 0xe1, 0x17, 0xbe, 0xa0, 0x24, 0xfa,
    0x82, 0x50, 0xea, 0xf0, 0x82, 0x28, 0xd8, 0x80,

    /* U+656C "敬" */
    0x29, 0x1f, 0xe0, 0xa7, 0xa1, 0x27, 0xd5, 0xa,
    0x9d, 0x52, 0xaa, 0x74, 0x80, 0xa8, 0x68, 0x80,

    /* U+6570 "数" */
    0x95, 0xb, 0x23, 0xf7, 0x99, 0x25, 0x95, 0x2a,
    0x88, 0x57, 0xea, 0x24, 0x87, 0x2b, 0x18, 0x80,

    /* U+6572 "敲" */
    0x20, 0x9f, 0x91, 0x23, 0xbc, 0x40, 0x9, 0xfb,
    0xe1, 0x4f, 0xa9, 0xd4, 0xbe, 0x8a, 0x36, 0x80,

    /* U+6574 "整" */
    0x11, 0x1f, 0xfd, 0x55, 0x3e, 0xa3, 0x88, 0xaa,
    0xbf, 0xf8, 0x20, 0x27, 0xc4, 0x83, 0xff, 0x80,

    /* U+6577 "敷" */
    0x29, 0x1f, 0xa2, 0xa7, 0xfd, 0x2a, 0x94, 0x42,
    0xbf, 0x52, 0xa, 0x78, 0x89, 0x2a, 0x68, 0x80,

    /* U+6587 "文" */
    0x8, 0x0, 0x83, 0xff, 0x90, 0x42, 0x8, 0x22,
    0x4, 0x40, 0x50, 0x4, 0x3, 0x63, 0x83, 0x80,

    /* U+658B "斋" */
    0x4, 0x1f, 0xfc, 0x82, 0xf, 0x8e, 0xe, 0x0,
    0x3f, 0xf8, 0x40, 0xff, 0xf2, 0x26, 0x45, 0x80,

    /* U+658C "斌" */
    0x8e, 0xa8, 0x17, 0xff, 0x90, 0x4a, 0x29, 0x55,
    0x12, 0xd2, 0x52, 0xaa, 0x55, 0x66, 0x70, 0x80,

    /* U+6591 "斑" */
    0xe5, 0xe8, 0x89, 0x79, 0x21, 0x24, 0xa5, 0xd7,
    0xd1, 0x12, 0x22, 0x4a, 0x49, 0xb, 0x87, 0x80,

    /* U+6597 "斗" */
    0x11, 0x1, 0x20, 0x14, 0x20, 0x82, 0x10, 0x22,
    0x0, 0x78, 0x78, 0xf1, 0x0, 0x20, 0x4, 0x0,

    /* U+6599 "料" */
    0x20, 0x56, 0x49, 0x85, 0x10, 0x2f, 0x44, 0x44,
    0x98, 0x1b, 0x8e, 0xa6, 0x44, 0x8, 0x81, 0x0,

    /* U+659C "斜" */
    0x30, 0x49, 0x4a, 0x5, 0x78, 0x22, 0x44, 0x44,
    0xbc, 0x19, 0xe, 0xae, 0x54, 0x8, 0x81, 0x0,

    /* U+659F "斟" */
    0x48, 0x5f, 0xa9, 0x23, 0x3c, 0x24, 0xa4, 0xf2,
    0x92, 0x17, 0xe7, 0x93, 0x55, 0xb, 0xf1, 0x0,

    /* U+65A1 "斡" */
    0x20, 0x9f, 0x28, 0x88, 0xfc, 0x8, 0x95, 0xf1,
    0xa2, 0x97, 0xca, 0x20, 0x7f, 0x78, 0x81, 0x0,

    /* U+65A4 "斤" */
    0x1, 0xc7, 0xc0, 0x80, 0x10, 0x3, 0xfe, 0x42,
    0x8, 0x41, 0x8, 0x41, 0x8, 0x22, 0x4, 0x0,

    /* U+65A5 "斥" */
    0x1, 0xc7, 0xc0, 0x80, 0x10, 0x3, 0xfe, 0x42,
    0x9, 0xc1, 0xc, 0x41, 0x68, 0x22, 0x4, 0x0,

    /* U+65A7 "斧" */
    0x11, 0x4, 0x13, 0x45, 0x87, 0x3, 0x19, 0xbc,
    0xc8, 0x1, 0xfe, 0x21, 0x4, 0x21, 0x4, 0x0,

    /* U+65A9 "斩" */
    0x20, 0x7f, 0x71, 0x8, 0x51, 0xa, 0x3f, 0xf4,
    0x88, 0x91, 0xd2, 0xe2, 0x44, 0x48, 0x91, 0x0,

    /* U+65AD "断" */
    0x90, 0x7a, 0xf2, 0xe8, 0x49, 0xf, 0xff, 0x24,
    0xae, 0x96, 0xb2, 0x92, 0x50, 0x4b, 0xf1, 0x0,

    /* U+65AF "斯" */
    0x48, 0x7f, 0xf1, 0x28, 0x3d, 0x4, 0xbe, 0xf4,
    0x92, 0x97, 0xf2, 0x2, 0x49, 0x4a, 0x11, 0x0,

    /* U+65B0 "新" */
    0x10, 0x7f, 0xb1, 0x14, 0x14, 0x8f, 0xde, 0x22,
    0xbf, 0x50, 0x8a, 0x55, 0x52, 0x48, 0xc9, 0x0,

    /* U+65B9 "方" */
    0x8, 0x0, 0x83, 0xff, 0x84, 0x0, 0x80, 0x1f,
    0x82, 0x10, 0x82, 0x10, 0x44, 0xb, 0x6, 0x0,

    /* U+65BD "施" */
    0x44, 0x8, 0xff, 0xe4, 0x24, 0xb4, 0x5a, 0xee,
    0x57, 0x4c, 0xab, 0x95, 0x2, 0x85, 0x8f, 0x80,

    /* U+65C1 "旁" */
    0x4, 0x1f, 0xfc, 0x44, 0x7f, 0xf8, 0x2, 0x8,
    0x3f, 0xf8, 0x40, 0x1f, 0xc4, 0xb, 0x6, 0x0,

    /* U+65C5 "旅" */
    0x44, 0x8, 0xff, 0xe2, 0x24, 0x84, 0x28, 0xfd,
    0x52, 0xaa, 0x52, 0x8a, 0x51, 0x44, 0xcc, 0x80,

    /* U+65CB "旋" */
    0x44, 0x8, 0xff, 0xd0, 0x23, 0xf4, 0x92, 0xe2,
    0x15, 0x7a, 0xa8, 0x95, 0x12, 0xe0, 0xe3, 0x80,

    /* U+65CF "族" */
    0x42, 0x4, 0x7f, 0xd0, 0x21, 0x4, 0x3e, 0xe9,
    0x14, 0x22, 0xbf, 0x50, 0x8a, 0x2a, 0xd8, 0x80,

    /* U+65D7 "旗" */
    0x44, 0x4, 0xff, 0xe0, 0x21, 0x24, 0x7e, 0xe4,
    0x94, 0xf2, 0x92, 0x57, 0xea, 0x4a, 0xd0, 0x80,

    /* U+65E0 "无" */
    0x7f, 0xc0, 0x80, 0x10, 0x2, 0xf, 0xfe, 0x14,
    0x2, 0x80, 0x90, 0x12, 0x24, 0x47, 0xf, 0x80,

    /* U+65E2 "既" */
    0xf7, 0xf2, 0x93, 0xd2, 0x4a, 0x49, 0xff, 0xe1,
    0x20, 0x25, 0xc, 0x92, 0xb4, 0x97, 0x23, 0x80,

    /* U+65E5 "日" */
    0xff, 0xc0, 0x60, 0x30, 0x18, 0xf, 0xfe, 0x3,
    0x1, 0x80, 0xc0, 0x7f, 0xe0,

    /* U+65E6 "旦" */
    0x7f, 0xc8, 0x9, 0x1, 0x20, 0x27, 0xfc, 0x80,
    0x90, 0x12, 0x2, 0x7f, 0xc0, 0x3, 0xff, 0x80,

    /* U+65E7 "旧" */
    0x9f, 0xe4, 0x19, 0x6, 0x41, 0x90, 0x67, 0xf9,
    0x6, 0x41, 0x90, 0x64, 0x19, 0xfc,

    /* U+65E8 "旨" */
    0x80, 0xe1, 0xcf, 0x82, 0x1, 0x7f, 0xc0, 0xf,
    0xfa, 0x2, 0xff, 0xa0, 0x2f, 0xf8,

    /* U+65E9 "早" */
    0x7f, 0xc8, 0x9, 0xff, 0x20, 0x27, 0xfc, 0x8,
    0x1, 0x7, 0xff, 0x4, 0x0, 0x80, 0x10, 0x0,

    /* U+65EC "旬" */
    0x20, 0x7, 0xfd, 0x0, 0xdf, 0x92, 0x12, 0x7e,
    0x48, 0x49, 0x9, 0x3f, 0x20, 0x4, 0x3, 0x0,

    /* U+65ED "旭" */
    0x20, 0x4, 0x78, 0x89, 0x7d, 0x22, 0xbc, 0x54,
    0x8a, 0x91, 0x52, 0x4b, 0xc9, 0x6, 0x3f, 0x80,

    /* U+65F1 "旱" */
    0x7f, 0xc8, 0x9, 0xff, 0x20, 0x27, 0xfc, 0x0,
    0x1f, 0xf0, 0x20, 0xff, 0xe0, 0x80, 0x10, 0x0,

    /* U+65F6 "时" */
    0x0, 0x5e, 0xa, 0x5f, 0xc8, 0x29, 0x5, 0xe8,
    0xa4, 0x94, 0x92, 0x90, 0x5e, 0x8, 0x7, 0x0,

    /* U+65F7 "旷" */
    0x0, 0x9e, 0xfe, 0x50, 0x4a, 0x9, 0x41, 0xe8,
    0x25, 0x4, 0xa0, 0x94, 0x1e, 0x80, 0x20, 0x0,

    /* U+65FA "旺" */
    0xf, 0xfc, 0x22, 0x84, 0x50, 0x8a, 0x11, 0xdf,
    0xe8, 0x45, 0x8, 0xa1, 0x1c, 0x20, 0x3f, 0x80,

    /* U+6602 "昂" */
    0x7f, 0xc8, 0x9, 0xff, 0x20, 0x27, 0xfc, 0x10,
    0x3c, 0xfc, 0x11, 0x9a, 0x3c, 0x5c, 0x8, 0x0,

    /* U+6606 "昆" */
    0xff, 0xa0, 0x2f, 0xfa, 0x2, 0xff, 0x80, 0x8,
    0x47, 0xd6, 0x86, 0x2d, 0x1c, 0x3c,

    /* U+660C "昌" */
    0x7f, 0xc8, 0x9, 0xff, 0x20, 0x27, 0xfc, 0x0,
    0x3f, 0xfc, 0x1, 0xff, 0xf0, 0x7, 0xff, 0x80,

    /* U+660E "明" */
    0xf7, 0xf2, 0x86, 0x50, 0xcb, 0xff, 0x43, 0x28,
    0x65, 0xfc, 0xa1, 0xf4, 0x21, 0x4, 0x43, 0x80,

    /* U+660F "昏" */
    0xff, 0xd0, 0x83, 0xff, 0xc0, 0x89, 0x8b, 0xc0,
    0xdf, 0xf2, 0x2, 0x7f, 0xc8, 0x9, 0xff, 0x0,

    /* U+6613 "易" */
    0x7f, 0xc8, 0x9, 0xff, 0x20, 0x27, 0xfc, 0x40,
    0xf, 0xfa, 0x49, 0x89, 0x22, 0x44, 0x93, 0x0,

    /* U+6614 "昔" */
    0x11, 0xf, 0xf8, 0x44, 0x8, 0x8f, 0xfe, 0x0,
    0xf, 0xe1, 0x4, 0x3f, 0x84, 0x10, 0xfe, 0x0,

    /* U+661F "星" */
    0x7f, 0xc8, 0x9, 0xff, 0x20, 0x27, 0xfc, 0x88,
    0x1f, 0xf4, 0x20, 0x7f, 0xc0, 0x83, 0xff, 0x80,

    /* U+6620 "映" */
    0x1, 0x1c, 0x22, 0xbf, 0x54, 0xaa, 0x95, 0xd2,
    0xaf, 0xfd, 0x8, 0xa2, 0x9c, 0x88, 0x60, 0x80,

    /* U+6625 "春" */
    0x4, 0xf, 0xf8, 0x20, 0x3f, 0xe1, 0x1, 0xff,
    0xc8, 0x23, 0x6, 0xbf, 0xa4, 0x10, 0xfe, 0x0,

    /* U+6627 "昧" */
    0x1, 0x1c, 0x22, 0x9f, 0x50, 0x8a, 0x11, 0xdf,
    0xe8, 0x45, 0x1c, 0xa5, 0x5d, 0x24, 0x4, 0x0,

    /* U+6628 "昨" */
    0x4, 0x1c, 0x82, 0x9f, 0xd5, 0xb, 0x21, 0xc7,
    0xe8, 0x85, 0x10, 0xa3, 0xfc, 0x40, 0x8, 0x0,

    /* U+662D "昭" */
    0x7, 0xfe, 0x26, 0x44, 0xc9, 0x19, 0x47, 0xe0,
    0x25, 0xfc, 0xa1, 0x94, 0x3e, 0x84, 0x1f, 0x80,

    /* U+662F "是" */
    0x7f, 0xc8, 0x9, 0xff, 0x20, 0x27, 0xfc, 0x0,
    0x3f, 0xf9, 0x20, 0x27, 0xcb, 0x82, 0xf, 0x80,

    /* U+663C "昼" */
    0x7f, 0xc8, 0x9, 0xff, 0x20, 0x47, 0xfd, 0x41,
    0x4f, 0xe1, 0x4, 0x3f, 0x80, 0x3, 0xff, 0x80,

    /* U+663E "显" */
    0x7f, 0xc8, 0x9, 0xff, 0x20, 0x27, 0xfc, 0x22,
    0x24, 0x4a, 0x8a, 0x31, 0x82, 0x23, 0xff, 0x80,

    /* U+6643 "晃" */
    0x7f, 0xc8, 0x9, 0xff, 0x20, 0x27, 0xfc, 0x49,
    0x5, 0x47, 0xff, 0x11, 0x4, 0x27, 0x7, 0x80,

    /* U+664B "晋" */
    0xff, 0xe1, 0x41, 0x29, 0x15, 0x4f, 0xfe, 0x0,
    0x1f, 0xf2, 0x2, 0x7f, 0xc8, 0x9, 0xff, 0x0,

    /* U+664C "晌" */
    0x1, 0x1c, 0x42, 0xbf, 0xd4, 0x1a, 0xbb, 0xd5,
    0x6a, 0xad, 0x55, 0xab, 0xbd, 0x4, 0x21, 0x80,

    /* U+6652 "晒" */
    0xf, 0xfc, 0x52, 0x8a, 0x57, 0xfa, 0xab, 0xd5,
    0x6a, 0xad, 0x57, 0xac, 0x3d, 0x4, 0x3f, 0x80,

    /* U+6653 "晓" */
    0x2, 0x1c, 0x4e, 0xbe, 0x51, 0x2a, 0x1b, 0xdc,
    0xe8, 0x5, 0x7f, 0xa2, 0x9c, 0x94, 0x63, 0x80,

    /* U+6655 "晕" */
    0x7f, 0xc8, 0x9, 0xff, 0x20, 0x2f, 0xff, 0x10,
    0x5f, 0xf0, 0xa0, 0x24, 0x1f, 0xfc, 0x10, 0x0,

    /* U+665A "晚" */
    0x4, 0x1c, 0xf2, 0xa2, 0x5f, 0xfa, 0x93, 0xd2,
    0x6b, 0xfd, 0x14, 0xa2, 0xbc, 0x94, 0x63, 0x80,

    /* U+6664 "晤" */
    0xf, 0xfc, 0x42, 0xbf, 0x52, 0x2a, 0x45, 0xdf,
    0xe8, 0x5, 0x7f, 0xa8, 0x3d, 0x4, 0x3f, 0x80,

    /* U+6666 "晦" */
    0x8, 0x1d, 0xfe, 0xc0, 0x57, 0xea, 0xa5, 0xd2,
    0xaf, 0xfd, 0x52, 0xa9, 0x5d, 0xfc, 0x1, 0x0,

    /* U+6668 "晨" */
    0x3f, 0xc4, 0x8, 0xff, 0x10, 0x27, 0xfe, 0x80,
    0x1f, 0xfa, 0x90, 0x51, 0x4a, 0x92, 0x61, 0x80,

    /* U+666E "普" */
    0x11, 0x1f, 0xfd, 0x29, 0x15, 0x4f, 0xfe, 0x0,
    0x1f, 0xf2, 0x2, 0x7f, 0xc8, 0x9, 0xff, 0x0,

    /* U+666F "景" */
    0x7f, 0xc8, 0x9, 0xff, 0x20, 0x27, 0xfc, 0x8,
    0x3f, 0xfa, 0x2, 0x7f, 0xc4, 0x93, 0x31, 0x80,

    /* U+6670 "晰" */
    0x4, 0x7c, 0xb2, 0xfc, 0x52, 0x8a, 0x5f, 0xda,
    0xab, 0xd5, 0xaa, 0xa5, 0x5c, 0xa8, 0x19, 0x0,

    /* U+6674 "晴" */
    0x1, 0x1d, 0xfa, 0x84, 0x57, 0xea, 0x11, 0xff,
    0xea, 0x15, 0x7e, 0xa8, 0x5d, 0xf8, 0x21, 0x0,

    /* U+6676 "晶" */
    0x3f, 0x84, 0x10, 0xfe, 0x10, 0x43, 0xf8, 0x0,
    0x3e, 0xfc, 0x51, 0xfb, 0xf1, 0x47, 0xef, 0x80,

    /* U+667A "智" */
    0x40, 0xf, 0xbe, 0x44, 0xbe, 0x92, 0x9f, 0x88,
    0x1f, 0xf2, 0x2, 0x7f, 0xc8, 0x9, 0xff, 0x0,

    /* U+667E "晾" */
    0x1, 0x1d, 0xfe, 0x80, 0x53, 0xea, 0x45, 0xc8,
    0xa9, 0xf5, 0x8, 0xa5, 0x5d, 0x24, 0xc, 0x0,

    /* U+6682 "暂" */
    0x20, 0x7f, 0x71, 0x8, 0x51, 0xff, 0xa4, 0x48,
    0x9f, 0xf2, 0x2, 0x7f, 0xc8, 0x9, 0xff, 0x0,

    /* U+6687 "暇" */
    0xe, 0xfd, 0x46, 0xa8, 0xd7, 0x7a, 0x81, 0xdd,
    0xea, 0x2d, 0x45, 0xae, 0x5d, 0x14, 0x24, 0x80,

    /* U+6691 "暑" */
    0x7f, 0xc8, 0x9, 0xff, 0x4, 0x17, 0xf4, 0x11,
    0x3f, 0xf9, 0x2, 0x7f, 0xd4, 0x8, 0xff, 0x0,

    /* U+6696 "暖" */
    0x0, 0xfd, 0xe6, 0x95, 0x57, 0xfa, 0x21, 0xdf,
    0xe9, 0x5, 0x3e, 0xaa, 0x5e, 0x30, 0x39, 0x80,

    /* U+6697 "暗" */
    0x1, 0x1d, 0xfe, 0x91, 0x51, 0x4a, 0xff, 0xc0,
    0x29, 0xf5, 0x22, 0xa7, 0xdc, 0x88, 0x1f, 0x0,

    /* U+66AE "暮" */
    0x11, 0x1f, 0xfc, 0x44, 0x3f, 0xe4, 0x5, 0xff,
    0xc8, 0x23, 0x6, 0xbf, 0xa4, 0x10, 0xfe, 0x0,

    /* U+66B4 "暴" */
    0x7f, 0xc8, 0x9, 0xff, 0x20, 0x2f, 0xfe, 0x22,
    0x3f, 0xf9, 0x24, 0xd5, 0x64, 0x93, 0x31, 0x80,

    /* U+66D9 "曙" */
    0xf, 0xfd, 0x56, 0xbf, 0xd1, 0xa, 0xfb, 0xc4,
    0xaf, 0xfd, 0x22, 0xaf, 0xde, 0x88, 0x1f, 0x0,

    /* U+66DD "曝" */
    0xf, 0xdd, 0xa, 0xbf, 0x54, 0x2b, 0xff, 0xc9,
    0x2f, 0xfd, 0x2a, 0xbb, 0xbc, 0xa8, 0x6c, 0x80,

    /* U+66F0 "曰" */
    0xff, 0xf0, 0x6, 0x0, 0xc0, 0x1f, 0xfb, 0x0,
    0x60, 0xc, 0x1, 0xff, 0xe0,

    /* U+66F2 "曲" */
    0x11, 0x2, 0x23, 0xff, 0xc8, 0x99, 0x13, 0x22,
    0x7f, 0xfc, 0x89, 0x91, 0x32, 0x27, 0xff, 0x80,

    /* U+66F3 "曳" */
    0x4, 0xf, 0xf9, 0x11, 0x3f, 0xe4, 0x44, 0x88,
    0x9f, 0xf0, 0x28, 0x2, 0x1, 0xa7, 0xc3, 0x80,

    /* U+66F4 "更" */
    0xff, 0xe0, 0x81, 0xff, 0x22, 0x27, 0xfc, 0x88,
    0x9f, 0xf2, 0x20, 0x24, 0x3, 0x3, 0x9f, 0x80,

    /* U+66F9 "曹" */
    0xa, 0x1f, 0xfc, 0x28, 0x3f, 0xe4, 0xa4, 0xff,
    0x92, 0x93, 0xfe, 0x20, 0x84, 0x10, 0xfe, 0x0,

    /* U+66FC "曼" */
    0x3f, 0x84, 0x10, 0xfe, 0x10, 0x4f, 0xff, 0x22,
    0x7f, 0xf9, 0x4, 0x11, 0x1, 0xc3, 0xc7, 0x80,

    /* U+66FE "曾" */
    0x22, 0x7f, 0xe2, 0x35, 0x5f, 0xf8, 0x1, 0xfc,
    0x82, 0x7f, 0x20, 0x9f, 0xc0,

    /* U+66FF "替" */
    0x20, 0x9f, 0x7c, 0x82, 0x7d, 0xf5, 0x15, 0x14,
    0x5f, 0xf2, 0x2, 0x7f, 0xc8, 0x9, 0xff, 0x0,

    /* U+6700 "最" */
    0x7f, 0xc8, 0x9, 0xff, 0x20, 0x2f, 0xfe, 0x90,
    0x1e, 0xfa, 0x51, 0x5d, 0x5d, 0x10, 0x2d, 0x80,

    /* U+6708 "月" */
    0x3f, 0xc8, 0x12, 0x4, 0xff, 0x20, 0x48, 0x13,
    0xfc, 0x81, 0x40, 0x50, 0x18, 0x1c,

    /* U+6709 "有" */
    0x8, 0x1f, 0xfc, 0x40, 0x10, 0x3, 0xfc, 0xc0,
    0xaf, 0xf1, 0x2, 0x3f, 0xc4, 0x8, 0x87, 0x0,

    /* U+670B "朋" */
    0x79, 0xe9, 0x25, 0x24, 0xbc, 0xf4, 0x92, 0x92,
    0x5e, 0x7a, 0x49, 0x49, 0x29, 0x26, 0x69, 0x80,

    /* U+670D "服" */
    0x7b, 0xe9, 0x45, 0x28, 0xbd, 0x74, 0xa0, 0x97,
    0xde, 0xca, 0x55, 0x4a, 0x49, 0x56, 0x6c, 0x80,

    /* U+6714 "朔" */
    0x4b, 0xea, 0x47, 0xe8, 0x91, 0xfa, 0xa3, 0x54,
    0x6a, 0xff, 0xd1, 0x22, 0x28, 0x85, 0x11, 0x80,

    /* U+6717 "朗" */
    0x23, 0xff, 0x46, 0x28, 0xfd, 0xf8, 0xa3, 0xf4,
    0x60, 0xfc, 0x91, 0x92, 0x35, 0x47, 0x11, 0x80,

    /* U+671B "望" */
    0x23, 0xff, 0xc5, 0xf, 0xa1, 0x17, 0xbe, 0x8,
    0x7f, 0xf8, 0x20, 0x7f, 0xc0, 0x83, 0xff, 0x80,

    /* U+671D "朝" */
    0x23, 0xff, 0x44, 0x88, 0xfd, 0xf8, 0xa3, 0xf4,
    0x62, 0xff, 0xd1, 0x22, 0x3f, 0x44, 0x91, 0x80,

    /* U+671F "期" */
    0x49, 0xff, 0xa5, 0x24, 0xbc, 0xf4, 0x92, 0xf2,
    0x52, 0x7f, 0xe9, 0x1, 0x29, 0x46, 0x11, 0x80,

    /* U+6728 "木" */
    0x4, 0x0, 0x83, 0xff, 0x8a, 0x81, 0x50, 0x2a,
    0x9, 0x21, 0x24, 0x44, 0x50, 0x84, 0x10, 0x0,

    /* U+672A "未" */
    0x4, 0x0, 0x81, 0xff, 0x2, 0x0, 0x41, 0xff,
    0xc5, 0x40, 0xa8, 0x24, 0x98, 0x8c, 0x10, 0x0,

    /* U+672B "末" */
    0x4, 0x0, 0x83, 0xff, 0x82, 0x0, 0x40, 0xff,
    0x85, 0x40, 0xa8, 0x24, 0x98, 0x8c, 0x10, 0x0,

    /* U+672C "本" */
    0x4, 0x0, 0x83, 0xff, 0x8a, 0x81, 0x50, 0x2a,
    0x9, 0x21, 0x24, 0x5f, 0x50, 0x84, 0x10, 0x0,

    /* U+672D "札" */
    0x22, 0x4, 0x43, 0xe8, 0x11, 0x2, 0x20, 0xe4,
    0x1a, 0x85, 0x10, 0x22, 0x24, 0x44, 0x87, 0x80,

    /* U+672F "术" */
    0x4, 0x80, 0x88, 0x10, 0x7f, 0xf1, 0x50, 0x2a,
    0x9, 0x21, 0x24, 0x44, 0x50, 0x84, 0x10, 0x0,

    /* U+6731 "朱" */
    0x24, 0x4, 0x81, 0xff, 0x42, 0x0, 0x41, 0xff,
    0xc3, 0x80, 0xa8, 0x24, 0x98, 0x8c, 0x10, 0x0,

    /* U+6734 "朴" */
    0x21, 0x4, 0x23, 0xe4, 0x10, 0x82, 0x18, 0xc2,
    0x9c, 0x4d, 0x48, 0x21, 0x4, 0x20, 0x84, 0x0,

    /* U+6735 "朵" */
    0x1f, 0x2, 0x20, 0x44, 0x10, 0x8c, 0x1e, 0x8,
    0x1, 0x7, 0xff, 0x15, 0x4, 0x93, 0x11, 0x80,

    /* U+673A "机" */
    0x27, 0x84, 0x93, 0xd2, 0x12, 0x42, 0x48, 0xc9,
    0x1d, 0x25, 0x24, 0x24, 0xa4, 0x94, 0xa3, 0x80,

    /* U+673D "朽" */
    0x2f, 0xe4, 0x43, 0xc8, 0x12, 0x2, 0x7e, 0xc0,
    0x5c, 0xd, 0x1, 0x20, 0x24, 0x4, 0x83, 0x0,

    /* U+6740 "杀" */
    0x60, 0x43, 0x30, 0x18, 0xc, 0x86, 0xc, 0x8,
    0x3f, 0xf8, 0x20, 0x24, 0x88, 0x8a, 0x30, 0x80,

    /* U+6742 "杂" */
    0x10, 0x1f, 0xe0, 0x44, 0x10, 0x9c, 0x1e, 0x8,
    0x3f, 0xf8, 0x20, 0x24, 0x98, 0x8c, 0x30, 0x0,

    /* U+6743 "权" */
    0x2f, 0xe5, 0x7, 0xe0, 0x94, 0x12, 0x44, 0xc8,
    0x9d, 0x15, 0x14, 0x21, 0x4, 0x50, 0xb1, 0x80,

    /* U+6746 "杆" */
    0x27, 0xc4, 0x23, 0xc4, 0x10, 0x82, 0x10, 0xdf,
    0xdc, 0x45, 0x8, 0x21, 0x4, 0x20, 0x84, 0x0,

    /* U+6749 "杉" */
    0x20, 0x24, 0x1b, 0xec, 0x10, 0x2, 0x2, 0xc1,
    0x9c, 0xc5, 0x40, 0x20, 0x24, 0x18, 0x8c, 0x0,

    /* U+674E "李" */
    0x4, 0x1f, 0xfc, 0x54, 0x12, 0x4c, 0x46, 0x7f,
    0x0, 0x40, 0x30, 0xff, 0xe0, 0x80, 0x70, 0x0,

    /* U+674F "杏" */
    0x4, 0x0, 0x83, 0xff, 0x8a, 0x82, 0x49, 0x88,
    0xcf, 0xe1, 0x4, 0x20, 0x84, 0x10, 0xfe, 0x0,

    /* U+6750 "材" */
    0x20, 0x44, 0xb, 0xdf, 0x90, 0x22, 0xc, 0xc1,
    0x9c, 0x55, 0x12, 0x2c, 0x44, 0x8, 0x87, 0x0,

    /* U+6751 "村" */
    0x20, 0x44, 0xb, 0xef, 0x90, 0x22, 0x4, 0xe4,
    0x9a, 0x55, 0xa, 0x20, 0x44, 0x8, 0x87, 0x0,

    /* U+6756 "杖" */
    0x20, 0x84, 0x13, 0xdf, 0x90, 0x42, 0x48, 0xc9,
    0x1c, 0xa5, 0x14, 0x21, 0x4, 0x50, 0xb1, 0x80,

    /* U+675C "杜" */
    0x21, 0x4, 0x23, 0xc4, 0x10, 0x82, 0x7c, 0xc2,
    0x1c, 0x45, 0x8, 0x21, 0x4, 0x20, 0xbf, 0x80,

    /* U+675F "束" */
    0x4, 0x1f, 0xfc, 0x10, 0x3f, 0xe4, 0x44, 0x88,
    0x9f, 0xf0, 0xa8, 0x24, 0x98, 0x8c, 0x10, 0x0,

    /* U+6760 "杠" */
    0x2f, 0xe4, 0x23, 0xc4, 0x10, 0x82, 0x10, 0xc2,
    0x1c, 0x45, 0x8, 0x21, 0x4, 0x20, 0xbf, 0x80,

    /* U+6761 "条" */
    0x10, 0x3, 0xf0, 0x82, 0x68, 0x80, 0xe1, 0xe3,
    0xc1, 0x3, 0xfe, 0x4, 0x4, 0x93, 0x31, 0x80,

    /* U+6765 "来" */
    0x4, 0xf, 0xf8, 0x10, 0x12, 0x41, 0x51, 0xff,
    0xc3, 0x80, 0xa8, 0x24, 0x98, 0x8c, 0x10, 0x0,

    /* U+6768 "杨" */
    0x2f, 0xc4, 0x13, 0xc4, 0x11, 0x2, 0xfe, 0xc5,
    0x5d, 0x2d, 0x49, 0x21, 0x24, 0x44, 0x93, 0x0,

    /* U+676D "杭" */
    0x22, 0x4, 0x23, 0xff, 0x90, 0x2, 0x78, 0xc9,
    0x1d, 0x25, 0x24, 0x24, 0xa4, 0x94, 0xa3, 0x80,

    /* U+676F "杯" */
    0x2f, 0xe4, 0x13, 0xc4, 0x10, 0x82, 0x34, 0xea,
    0x5a, 0x4d, 0x8, 0x21, 0x4, 0x20, 0x84, 0x0,

    /* U+6770 "杰" */
    0x4, 0x0, 0x83, 0xff, 0x87, 0x1, 0x50, 0x49,
    0x31, 0x18, 0x20, 0x0, 0xa, 0x4a, 0x24, 0x80,

    /* U+677E "松" */
    0x22, 0x84, 0x53, 0xd1, 0x12, 0x22, 0x82, 0xc4,
    0x1c, 0x85, 0x22, 0x24, 0x45, 0x34, 0xb8, 0x80,

    /* U+677F "板" */
    0x20, 0x64, 0xf3, 0xd0, 0x12, 0x2, 0x7e, 0xc8,
    0x5d, 0x8d, 0x2a, 0x24, 0x84, 0xa8, 0xa8, 0x80,

    /* U+6781 "极" */
    0x2f, 0xc4, 0x8b, 0xd1, 0x12, 0x42, 0x4e, 0xc8,
    0x5d, 0x8d, 0x2a, 0x24, 0x84, 0xa8, 0xa8, 0x80,

    /* U+6784 "构" */
    0x24, 0x4, 0xff, 0xd0, 0x95, 0x12, 0x22, 0xc4,
    0x5d, 0x2d, 0x25, 0x2f, 0x64, 0x4, 0x83, 0x0,

    /* U+6789 "枉" */
    0x2f, 0xe4, 0x23, 0xc4, 0x10, 0x82, 0x10, 0xdf,
    0xdc, 0x45, 0x8, 0x21, 0x4, 0x20, 0xbf, 0x80,

    /* U+6790 "析" */
    0x20, 0xc4, 0xe3, 0xd0, 0x12, 0x2, 0x7e, 0xc9,
    0x1d, 0x25, 0x24, 0x24, 0x84, 0x90, 0xa2, 0x0,

    /* U+6795 "枕" */
    0x21, 0x4, 0x23, 0xff, 0x94, 0x92, 0x92, 0xc2,
    0x1c, 0xa5, 0x14, 0x24, 0xa4, 0x94, 0xa3, 0x80,

    /* U+6797 "林" */
    0x21, 0x4, 0x23, 0xff, 0x90, 0x82, 0x10, 0xc7,
    0x1d, 0x55, 0x49, 0x21, 0x4, 0x20, 0x84, 0x0,

    /* U+679A "枚" */
    0x22, 0x4, 0x43, 0xcf, 0x92, 0x22, 0xa4, 0xc4,
    0x9c, 0xa5, 0x14, 0x21, 0x4, 0x50, 0xb1, 0x80,

    /* U+679C "果" */
    0x7f, 0xc8, 0x89, 0xff, 0x22, 0x27, 0xfc, 0x8,
    0x3f, 0xf8, 0xa8, 0x24, 0x98, 0x8c, 0x10, 0x0,

    /* U+679D "枝" */
    0x20, 0x84, 0x13, 0xdf, 0x90, 0x42, 0x8, 0xcf,
    0xdd, 0xd, 0x21, 0x22, 0x44, 0x30, 0xb9, 0x80,

    /* U+67A2 "枢" */
    0x2f, 0xe5, 0x3, 0xe9, 0x14, 0xa2, 0x94, 0xd1,
    0x1e, 0x25, 0x4a, 0x2a, 0x45, 0x0, 0xbf, 0x80,

    /* U+67A3 "枣" */
    0x4, 0x1f, 0xfc, 0x10, 0x3f, 0xe4, 0x44, 0x9c,
    0x8d, 0x66, 0xe3, 0x3, 0x87, 0x0, 0x1c, 0x0,

    /* U+67AA "枪" */
    0x21, 0x4, 0x53, 0xd1, 0x14, 0x12, 0x7c, 0xc8,
    0x9d, 0x15, 0x2e, 0x24, 0x4, 0x84, 0x8f, 0x80,

    /* U+67AB "枫" */
    0x2f, 0xc5, 0xb, 0xf3, 0x15, 0x62, 0x94, 0xd2,
    0x9e, 0xb5, 0x56, 0x2c, 0x45, 0xc, 0xc0, 0x80,

    /* U+67AF "枯" */
    0x21, 0x4, 0x23, 0xdf, 0x90, 0x82, 0x10, 0xc2,
    0x1d, 0xf5, 0x22, 0x24, 0x44, 0x88, 0x9f, 0x0,

    /* U+67B6 "架" */
    0x20, 0x1f, 0x7c, 0xa8, 0xa5, 0x19, 0xbe, 0x0,
    0x1, 0x7, 0xff, 0x15, 0x4, 0x93, 0x11, 0x80,

    /* U+67B7 "枷" */
    0x48, 0x9, 0x1f, 0xfa, 0xa5, 0x54, 0xab, 0x95,
    0x7a, 0xae, 0x55, 0x4a, 0xa9, 0x55, 0x5b, 0x80,

    /* U+67C4 "柄" */
    0x2f, 0xe4, 0x23, 0xc4, 0x17, 0xf2, 0x92, 0xd2,
    0x5e, 0xad, 0x63, 0x28, 0x25, 0x4, 0xa1, 0x80,

    /* U+67CF "柏" */
    0x20, 0x84, 0x23, 0xdf, 0x92, 0x12, 0x42, 0xc8,
    0x5d, 0xfd, 0x21, 0x24, 0x24, 0x84, 0x9f, 0x80,

    /* U+67D0 "某" */
    0x20, 0x9f, 0xfc, 0x82, 0x1f, 0xc2, 0x8, 0x7f,
    0x1, 0x7, 0xff, 0x15, 0x4, 0x93, 0x11, 0x80,

    /* U+67D1 "柑" */
    0x24, 0x44, 0x8b, 0xff, 0x92, 0x22, 0x44, 0xc8,
    0x9d, 0xf5, 0x22, 0x24, 0x44, 0x88, 0x9f, 0x0,

    /* U+67D2 "柒" */
    0x42, 0x4, 0x42, 0xf, 0xa7, 0x2, 0x23, 0x83,
    0xc1, 0x7, 0xff, 0x15, 0x4, 0x93, 0x11, 0x80,

    /* U+67D3 "染" */
    0x84, 0xb, 0xf0, 0x12, 0x42, 0x44, 0x8b, 0x21,
    0xc1, 0x7, 0xff, 0x15, 0x4, 0x93, 0x11, 0x80,

    /* U+67D4 "柔" */
    0x3f, 0x80, 0x23, 0xff, 0x8a, 0x22, 0x49, 0x98,
    0x1, 0x7, 0xff, 0x15, 0x4, 0x93, 0x11, 0x80,

    /* U+67DC "柜" */
    0x27, 0xe4, 0x83, 0xd0, 0x13, 0xf2, 0x42, 0xc8,
    0x5d, 0xd, 0x3f, 0x24, 0x4, 0x80, 0x9f, 0x80,

    /* U+67DE "柞" */
    0x22, 0x4, 0x43, 0xcf, 0x92, 0x82, 0x90, 0xc3,
    0xdc, 0x45, 0x8, 0x21, 0xe4, 0x20, 0x84, 0x0,

    /* U+67E0 "柠" */
    0x20, 0x84, 0xff, 0xd0, 0x90, 0x2, 0x7e, 0xc1,
    0x1c, 0x25, 0x4, 0x20, 0x84, 0x10, 0x8e, 0x0,

    /* U+67E5 "查" */
    0x4, 0x1f, 0xfc, 0x54, 0x12, 0x4f, 0xfe, 0x41,
    0xf, 0xe1, 0x4, 0x3f, 0x80, 0x3, 0xff, 0x80,

    /* U+67EC "柬" */
    0x4, 0x1f, 0xfc, 0x10, 0x3f, 0xe6, 0x4c, 0xaa,
    0x91, 0x13, 0xfe, 0x15, 0x4, 0x93, 0x11, 0x80,

    /* U+67EF "柯" */
    0x2f, 0xe4, 0xb, 0xc1, 0x13, 0xa2, 0x54, 0xca,
    0x9d, 0x55, 0x3a, 0x20, 0x44, 0x8, 0x87, 0x0,

    /* U+67F1 "柱" */
    0x22, 0x4, 0x23, 0xdf, 0x90, 0x82, 0x10, 0xc2,
    0x1d, 0xf5, 0x8, 0x21, 0x4, 0x20, 0xbf, 0x80,

    /* U+67F3 "柳" */
    0x22, 0x5, 0x9f, 0xea, 0x95, 0x52, 0xaa, 0xd5,
    0x5e, 0xad, 0x75, 0x2a, 0xe4, 0x90, 0xa2, 0x0,

    /* U+67F4 "柴" */
    0x22, 0x17, 0x4e, 0x8e, 0x51, 0xb, 0xe3, 0xc7,
    0xc1, 0x7, 0xff, 0xd, 0x6, 0x93, 0x11, 0x80,

    /* U+67FF "柿" */
    0x22, 0x4, 0x23, 0xff, 0x90, 0x82, 0xfe, 0xd2,
    0x5e, 0x4d, 0x49, 0x29, 0x64, 0x20, 0x84, 0x0,

    /* U+6805 "栅" */
    0x2e, 0xe5, 0x57, 0xea, 0x95, 0x52, 0xaa, 0xdf,
    0xde, 0xad, 0x55, 0x2a, 0xa5, 0x54, 0xdd, 0x80,

    /* U+6807 "标" */
    0x27, 0xc4, 0x3, 0xc0, 0x17, 0xf2, 0x10, 0xc2,
    0x1d, 0x55, 0x29, 0x25, 0x25, 0x24, 0x8c, 0x0,

    /* U+6808 "栈" */
    0x21, 0x44, 0x27, 0xc7, 0x97, 0x82, 0x10, 0xc3,
    0xdb, 0xc5, 0x89, 0x20, 0xc4, 0x34, 0xb9, 0x80,

    /* U+680B "栋" */
    0x22, 0x5, 0xff, 0xd0, 0x14, 0x82, 0x90, 0xdf,
    0xdc, 0x45, 0x2a, 0x25, 0x25, 0x24, 0x8c, 0x0,

    /* U+680F "栏" */
    0x24, 0x44, 0x53, 0xbf, 0x90, 0x2, 0x0, 0xc0,
    0x1d, 0xf5, 0x0, 0x20, 0x4, 0x0, 0xbf, 0x80,

    /* U+6811 "树" */
    0x20, 0x45, 0xcb, 0xcf, 0x95, 0x22, 0xa4, 0xca,
    0x9d, 0x35, 0x52, 0x2a, 0x46, 0x8, 0x83, 0x0,

    /* U+6813 "栓" */
    0x21, 0x4, 0x53, 0xd1, 0x14, 0x12, 0x7c, 0xc2,
    0x1c, 0x45, 0x3e, 0x21, 0x4, 0x20, 0xbf, 0x80,

    /* U+6816 "栖" */
    0x2f, 0xe4, 0x53, 0xca, 0x17, 0xf2, 0xaa, 0xd5,
    0x5e, 0xad, 0x57, 0x2c, 0x25, 0x4, 0xbf, 0x80,

    /* U+6817 "栗" */
    0xff, 0xe1, 0x41, 0xff, 0x25, 0x24, 0xa4, 0xff,
    0x81, 0x7, 0xff, 0x15, 0x4, 0x93, 0x11, 0x80,

    /* U+6821 "校" */
    0x21, 0x5, 0xff, 0xc0, 0x12, 0x22, 0x82, 0xc8,
    0x9d, 0x15, 0x14, 0x21, 0x4, 0x50, 0xb1, 0x80,

    /* U+682A "株" */
    0x25, 0x4, 0xa3, 0xdf, 0x14, 0x82, 0x10, 0xdf,
    0xdc, 0x45, 0x1c, 0x25, 0x45, 0x24, 0x84, 0x0,

    /* U+6837 "样" */
    0x24, 0x44, 0x53, 0xff, 0x90, 0x82, 0x10, 0xcf,
    0x9c, 0x45, 0x8, 0x2f, 0xe4, 0x20, 0x84, 0x0,

    /* U+6838 "核" */
    0x21, 0x5, 0xff, 0xc8, 0x12, 0x22, 0xf8, 0xc2,
    0x1c, 0x8d, 0x62, 0x20, 0x84, 0x68, 0xb0, 0x80,

    /* U+6839 "根" */
    0x27, 0xe4, 0x87, 0xdf, 0x92, 0x12, 0x42, 0xcf,
    0xdd, 0x25, 0x25, 0x24, 0x44, 0xa8, 0x98, 0x80,

    /* U+683C "格" */
    0x22, 0x4, 0x7b, 0xd1, 0x15, 0x42, 0x10, 0xc5,
    0x1b, 0x1d, 0xbe, 0x24, 0x44, 0x88, 0x9f, 0x0,

    /* U+683D "栽" */
    0x11, 0x4f, 0xa4, 0x44, 0x7f, 0xf0, 0x10, 0x22,
    0x7f, 0x50, 0x84, 0x38, 0xaa, 0xae, 0x48, 0x80,

    /* U+6842 "桂" */
    0x21, 0x4, 0xfb, 0xc4, 0x10, 0x82, 0xfe, 0xc0,
    0x1c, 0x45, 0x3e, 0x21, 0x4, 0x20, 0xbf, 0x80,

    /* U+6843 "桃" */
    0x22, 0x84, 0x53, 0xea, 0x93, 0x62, 0x28, 0xc5,
    0x1d, 0xb5, 0x55, 0x22, 0x84, 0x94, 0xa3, 0x80,

    /* U+6845 "桅" */
    0x24, 0x4, 0xf3, 0xe2, 0x17, 0xf2, 0x80, 0xd7,
    0x9e, 0x95, 0x56, 0x2a, 0x5, 0x44, 0xc7, 0x80,

    /* U+6846 "框" */
    0x2f, 0xe5, 0x3, 0xef, 0x94, 0x42, 0x88, 0xd7,
    0xde, 0x25, 0x44, 0x2b, 0xe5, 0x0, 0xbf, 0x80,

    /* U+6848 "案" */
    0x4, 0x1f, 0xfe, 0x20, 0xbf, 0xe1, 0x10, 0x3c,
    0x38, 0x78, 0x20, 0xff, 0xe4, 0x93, 0x11, 0x80,

    /* U+684C "桌" */
    0x4, 0x0, 0xfc, 0x10, 0x3f, 0xe4, 0x4, 0xff,
    0x90, 0x17, 0xff, 0x15, 0x4, 0x93, 0x11, 0x80,

    /* U+6850 "桐" */
    0x2f, 0xe5, 0x7, 0xee, 0x94, 0x12, 0xba, 0xd5,
    0x5e, 0xad, 0x55, 0x2b, 0xa5, 0x4, 0xa1, 0x80,

    /* U+6851 "桑" */
    0x3f, 0x82, 0x20, 0x38, 0x7d, 0xf4, 0xa4, 0x63,
    0x32, 0x98, 0x20, 0xff, 0xe4, 0x93, 0x11, 0x80,

    /* U+6853 "桓" */
    0x2f, 0xe4, 0x3, 0xdf, 0x12, 0x22, 0x44, 0xcf,
    0x9d, 0x15, 0x22, 0x27, 0xc4, 0x0, 0xbf, 0x80,

    /* U+6854 "桔" */
    0x21, 0x4, 0x23, 0xff, 0x90, 0x82, 0x10, 0xcf,
    0x9c, 0x5, 0x3e, 0x24, 0x44, 0x88, 0x9f, 0x0,

    /* U+6863 "档" */
    0x21, 0x5, 0x27, 0xd5, 0x10, 0x82, 0xfe, 0xc0,
    0x5c, 0xd, 0x7f, 0x20, 0x24, 0x4, 0xbf, 0x80,

    /* U+6865 "桥" */
    0x20, 0xc4, 0xe3, 0xc4, 0x17, 0xf2, 0x28, 0xe8,
    0x9a, 0x9d, 0x12, 0x22, 0x44, 0x88, 0xa1, 0x0,

    /* U+6868 "桨" */
    0x12, 0x12, 0x7d, 0x48, 0x8a, 0x93, 0xd, 0xae,
    0x1, 0x7, 0xff, 0xd, 0x6, 0x93, 0x11, 0x80,

    /* U+6869 "桩" */
    0x20, 0x84, 0xff, 0xd0, 0x12, 0x42, 0x48, 0xcf,
    0xdd, 0x25, 0x24, 0x24, 0x84, 0x90, 0xaf, 0x80,

    /* U+6876 "桶" */
    0x2f, 0xc4, 0x53, 0xc4, 0x17, 0xf2, 0x92, 0xdf,
    0xde, 0x4d, 0x7f, 0x29, 0x25, 0x24, 0xa5, 0x80,

    /* U+6881 "梁" */
    0x27, 0xd2, 0x29, 0x15, 0x84, 0xa2, 0x24, 0x89,
    0x3f, 0xf8, 0x68, 0x34, 0x98, 0x8c, 0x10, 0x0,

    /* U+6885 "梅" */
    0x24, 0x4, 0xff, 0xe0, 0x13, 0xe2, 0x54, 0xc9,
    0x9b, 0xfd, 0xaa, 0x24, 0xc4, 0xfc, 0x81, 0x0,

    /* U+6886 "梆" */
    0x24, 0xe5, 0xd7, 0xd2, 0x92, 0x52, 0xec, 0xc9,
    0x5d, 0x2d, 0x75, 0x24, 0xe4, 0x90, 0xa2, 0x0,

    /* U+6897 "梗" */
    0x2f, 0xe4, 0x23, 0xff, 0x94, 0x92, 0xfe, 0xf2,
    0x5b, 0xfd, 0x28, 0x22, 0x4, 0xa0, 0xa3, 0x80,

    /* U+68A2 "梢" */
    0x29, 0x24, 0xab, 0xc4, 0x17, 0xf2, 0x82, 0xdf,
    0xde, 0xd, 0x7f, 0x28, 0x25, 0x4, 0xa1, 0x80,

    /* U+68A6 "梦" */
    0x20, 0x9f, 0x7c, 0x82, 0x38, 0xea, 0xaa, 0x49,
    0x7, 0xf3, 0x42, 0x4, 0x80, 0x63, 0xf0, 0x0,

    /* U+68A7 "梧" */
    0x27, 0xe4, 0x23, 0xdf, 0x11, 0x22, 0x24, 0xdf,
    0xdc, 0x5, 0x3f, 0x24, 0x24, 0x84, 0x9f, 0x80,

    /* U+68A8 "梨" */
    0xfd, 0x24, 0x27, 0xf4, 0x98, 0x96, 0xd3, 0x40,
    0xc1, 0x7, 0xff, 0xd, 0x6, 0x93, 0x11, 0x80,

    /* U+68AD "梭" */
    0x22, 0x44, 0x8b, 0xff, 0x92, 0x42, 0x4a, 0xf0,
    0xd8, 0xf5, 0x62, 0xa4, 0x84, 0x70, 0xb1, 0x80,

    /* U+68AF "梯" */
    0x24, 0x44, 0x53, 0xff, 0x90, 0x92, 0xfe, 0xd2,
    0x1b, 0xfd, 0x99, 0x25, 0x25, 0x2c, 0x84, 0x0,

    /* U+68B0 "械" */
    0x40, 0xa8, 0x17, 0xbf, 0xa0, 0x44, 0xab, 0xd5,
    0x77, 0xea, 0x52, 0x4a, 0x49, 0x55, 0x4c, 0x80,

    /* U+68B3 "梳" */
    0x21, 0x5, 0xff, 0xc8, 0x12, 0x22, 0xfa, 0xc0,
    0x1d, 0x55, 0x2a, 0x25, 0x44, 0xa8, 0xa5, 0x80,

    /* U+68C0 "检" */
    0x21, 0x4, 0x53, 0xd1, 0x14, 0x12, 0x7c, 0xc0,
    0x1a, 0x8d, 0xaa, 0x25, 0x44, 0x10, 0xbf, 0x80,

    /* U+68C9 "棉" */
    0x22, 0x5, 0xff, 0xe0, 0x97, 0xf2, 0x82, 0xdf,
    0xdc, 0x45, 0x7f, 0x29, 0x25, 0x2c, 0x84, 0x0,

    /* U+68CB "棋" */
    0x24, 0x45, 0xff, 0xd1, 0x13, 0xe2, 0x44, 0xcf,
    0x9d, 0x15, 0x7f, 0x20, 0x4, 0x88, 0xa0, 0x80,

    /* U+68CD "棍" */
    0x2f, 0xc5, 0xb, 0xff, 0x14, 0x22, 0xfc, 0xc0,
    0x1a, 0x2d, 0xf6, 0x28, 0x85, 0x54, 0xb3, 0x80,

    /* U+68D2 "棒" */
    0x21, 0x4, 0xfb, 0xc4, 0x13, 0xe2, 0x20, 0xdf,
    0xdd, 0x55, 0x5d, 0x21, 0x5, 0xfc, 0x84, 0x0,

    /* U+68D5 "棕" */
    0x21, 0x5, 0xff, 0xe0, 0x90, 0x2, 0x7c, 0xc0,
    0x1b, 0xfd, 0x88, 0x25, 0x45, 0x24, 0x8c, 0x0,

    /* U+68D8 "棘" */
    0x20, 0x9f, 0x7c, 0x82, 0x7d, 0xfa, 0xab, 0x55,
    0x6e, 0xb9, 0x4, 0x71, 0xd5, 0x54, 0x82, 0x0,

    /* U+68DA "棚" */
    0x2e, 0xe5, 0x57, 0xea, 0x97, 0x72, 0xaa, 0xd5,
    0x5f, 0xbd, 0x55, 0x2a, 0xa5, 0x54, 0xdd, 0x80,

    /* U+68E0 "棠" */
    0x24, 0x9f, 0xfe, 0x0, 0xdf, 0xd2, 0x8, 0x7f,
    0x1, 0x7, 0xff, 0x15, 0x4, 0x93, 0x11, 0x80,

    /* U+68EE "森" */
    0x4, 0x1f, 0xfc, 0x54, 0x12, 0x4c, 0x46, 0x41,
    0x3e, 0xf9, 0x4, 0x71, 0xd5, 0x54, 0x82, 0x0,

    /* U+68F1 "棱" */
    0x21, 0x4, 0xfb, 0xc4, 0x17, 0xf2, 0x44, 0xd4,
    0x5c, 0xf5, 0x22, 0x2a, 0x84, 0x20, 0xbb, 0x80,

    /* U+68F5 "棵" */
    0x2f, 0xe5, 0x27, 0xff, 0x94, 0x92, 0xfe, 0xe2,
    0x1b, 0xfd, 0x1c, 0x25, 0x45, 0x24, 0x84, 0x0,

    /* U+68FA "棺" */
    0x21, 0x5, 0xff, 0xe0, 0x93, 0xe2, 0x44, 0xcf,
    0x9d, 0x5, 0x3f, 0x24, 0x24, 0x84, 0x9f, 0x80,

    /* U+6905 "椅" */
    0x21, 0x5, 0xff, 0xc4, 0x11, 0x42, 0x44, 0xdf,
    0xdc, 0x15, 0x3a, 0x25, 0x44, 0xe8, 0x83, 0x0,

    /* U+690D "植" */
    0x21, 0x5, 0xff, 0xc4, 0x13, 0xe2, 0x44, 0xcf,
    0x9d, 0x15, 0x3e, 0x24, 0x44, 0x88, 0xbf, 0x80,

    /* U+690E "椎" */
    0x22, 0x84, 0x53, 0xdf, 0x96, 0x42, 0x7e, 0xc9,
    0x1d, 0x25, 0x3f, 0x24, 0x84, 0x90, 0x9f, 0x80,

    /* U+6912 "椒" */
    0x24, 0x4, 0x9f, 0xde, 0x92, 0x52, 0x4a, 0xff,
    0x59, 0x2d, 0x72, 0x35, 0x44, 0x94, 0xb2, 0x80,

    /* U+692D "椭" */
    0x5c, 0x8a, 0xff, 0xd2, 0x2a, 0x85, 0x9f, 0xae,
    0x7d, 0x7a, 0xa9, 0x5d, 0xea, 0x25, 0x45, 0x80,

    /* U+6930 "椰" */
    0x5f, 0xe9, 0x57, 0xba, 0xa5, 0x54, 0xad, 0x9d,
    0x7a, 0xae, 0x55, 0x4e, 0xeb, 0x51, 0xa, 0x0,

    /* U+693D "椽" */
    0x27, 0xe4, 0x8b, 0xbf, 0x10, 0x43, 0xfe, 0xca,
    0x18, 0xed, 0x66, 0xa3, 0xa7, 0x94, 0x8c, 0x0,

    /* U+693F "椿" */
    0x21, 0x5, 0xfb, 0xc4, 0x17, 0xe2, 0x20, 0xdf,
    0xdd, 0x25, 0x66, 0x37, 0xa4, 0x90, 0x9e, 0x0,

    /* U+6954 "楔" */
    0x24, 0x5, 0xff, 0xd2, 0x97, 0x52, 0x52, 0xdc,
    0xd9, 0x45, 0xff, 0xa2, 0x84, 0x88, 0xe0, 0x80,

    /* U+695A "楚" */
    0x20, 0x9f, 0x7d, 0xc7, 0x55, 0x52, 0x9, 0xff,
    0xc1, 0x9, 0x20, 0x27, 0xcb, 0x82, 0xf, 0x80,

    /* U+695E "楞" */
    0x2f, 0xe5, 0x57, 0xea, 0x97, 0xf2, 0x10, 0xdf,
    0xdc, 0x85, 0x1f, 0x22, 0x24, 0x84, 0xa3, 0x0,

    /* U+6977 "楷" */
    0x28, 0x85, 0xd7, 0xe3, 0x15, 0x52, 0xce, 0xc2,
    0x1b, 0xfd, 0xc1, 0x2f, 0xe5, 0x4, 0xbf, 0x80,

    /* U+697C "楼" */
    0x29, 0x24, 0xab, 0xff, 0x91, 0xc2, 0x54, 0xd2,
    0x5c, 0x85, 0x7f, 0x22, 0x44, 0x70, 0xb1, 0x80,

    /* U+6982 "概" */
    0x2f, 0xe5, 0x2b, 0xfd, 0x14, 0xa2, 0x9e, 0xde,
    0x9a, 0x15, 0x5a, 0xac, 0xc4, 0x28, 0x99, 0x80,

    /* U+6986 "榆" */
    0x21, 0x4, 0x53, 0xd1, 0x15, 0xd2, 0x0, 0xdd,
    0x5e, 0xad, 0x75, 0x2a, 0xa5, 0xc4, 0xa9, 0x80,

    /* U+6994 "榔" */
    0x25, 0xe5, 0xe7, 0xe4, 0x97, 0xa2, 0x98, 0xd2,
    0x9b, 0xcd, 0xc9, 0xab, 0x25, 0xb8, 0xa4, 0x0,

    /* U+699C "榜" */
    0x21, 0x5, 0xff, 0xd1, 0x17, 0xf2, 0x82, 0xc2,
    0x1b, 0xfd, 0x90, 0x23, 0xe4, 0x84, 0xa3, 0x0,

    /* U+69A8 "榨" */
    0x21, 0x5, 0xff, 0xea, 0x92, 0x22, 0x20, 0xc7,
    0xdd, 0x45, 0x4f, 0x21, 0x4, 0x3c, 0x84, 0x0,

    /* U+69B4 "榴" */
    0x22, 0x5, 0xbf, 0xe2, 0x95, 0x52, 0xd6, 0xc0,
    0x1b, 0xfd, 0xc9, 0x2f, 0xe5, 0x24, 0xbf, 0x80,

    /* U+69B7 "榷" */
    0x21, 0x5, 0xff, 0xe8, 0x92, 0x42, 0x7e, 0xd9,
    0x1d, 0xfd, 0x24, 0x27, 0xe4, 0x90, 0x9f, 0x80,

    /* U+69D0 "槐" */
    0x24, 0x5, 0xfb, 0xe9, 0x17, 0xe2, 0xa4, 0xdf,
    0x9c, 0xa5, 0x2a, 0x25, 0xc4, 0xa4, 0xa7, 0x80,

    /* U+69DB "槛" */
    0x22, 0x85, 0x53, 0xeb, 0x95, 0x82, 0xa4, 0xc4,
    0x5c, 0x5, 0x7f, 0x2a, 0xa5, 0x54, 0xff, 0x80,

    /* U+69FD "槽" */
    0x22, 0x85, 0xff, 0xca, 0x17, 0xf2, 0xaa, 0xdf,
    0xde, 0xad, 0x7f, 0x24, 0x44, 0x88, 0x9f, 0x0,

    /* U+6A0A "樊" */
    0x2a, 0x9e, 0xbc, 0xaa, 0x3a, 0xea, 0xaa, 0x55,
    0x1, 0x7, 0xff, 0xa, 0x6, 0x33, 0x1, 0x80,

    /* U+6A1F "樟" */
    0x21, 0x4, 0xfb, 0xca, 0x17, 0xf2, 0x44, 0xcf,
    0x9d, 0x15, 0x3e, 0x21, 0x5, 0xfc, 0x84, 0x0,

    /* U+6A21 "模" */
    0x22, 0x85, 0xff, 0xca, 0x13, 0xe2, 0x44, 0xcf,
    0x9d, 0x15, 0x7f, 0x21, 0x4, 0x50, 0xb1, 0x80,

    /* U+6A2A "横" */
    0x22, 0x84, 0xfb, 0xca, 0x17, 0xf2, 0x10, 0xcf,
    0x9d, 0x55, 0x3e, 0x25, 0x44, 0xf8, 0xb1, 0x80,

    /* U+6A31 "樱" */
    0x2e, 0xe5, 0x57, 0xea, 0x95, 0x52, 0x44, 0xd5,
    0x5c, 0x45, 0x7f, 0x22, 0x44, 0x70, 0xb1, 0x80,

    /* U+6A47 "橇" */
    0x2f, 0xc4, 0x83, 0xff, 0x12, 0x12, 0x7e, 0xc0,
    0x1b, 0xbd, 0x22, 0xbf, 0xe4, 0x88, 0x9d, 0x80,

    /* U+6A59 "橙" */
    0x2e, 0xa4, 0x5b, 0xaa, 0x92, 0x22, 0x7c, 0xd0,
    0x59, 0xf5, 0xa2, 0x27, 0xc4, 0x50, 0xbf, 0x80,

    /* U+6A61 "橡" */
    0x27, 0x85, 0x13, 0xff, 0x94, 0x92, 0xfe, 0xc6,
    0x1b, 0x6d, 0x96, 0x2d, 0xa4, 0x54, 0xb6, 0x0,

    /* U+6A71 "橱" */
    0x5f, 0xea, 0x3, 0xfd, 0x28, 0x25, 0x7f, 0xaa,
    0xbd, 0xd6, 0x86, 0x55, 0x4a, 0xa9, 0xbb, 0x0,

    /* U+6A80 "檀" */
    0x21, 0x5, 0xff, 0xee, 0x95, 0x52, 0xba, 0xd0,
    0x5b, 0xfd, 0xa2, 0x27, 0xc4, 0x88, 0xbf, 0x80,

    /* U+6A84 "檄" */
    0x24, 0x85, 0xd3, 0xeb, 0x97, 0x92, 0xaa, 0xdd,
    0x59, 0x2d, 0xfd, 0x2a, 0x45, 0x54, 0xdc, 0x80,

    /* U+6AAC "檬" */
    0x22, 0x45, 0xff, 0xc9, 0x17, 0xf2, 0x82, 0xcf,
    0x9c, 0x45, 0x15, 0x2d, 0xc4, 0x54, 0xb6, 0x0,

    /* U+6B20 "欠" */
    0x20, 0x4, 0x0, 0xff, 0xa0, 0x18, 0x44, 0x8,
    0x1, 0x0, 0x50, 0xa, 0x2, 0x23, 0x83, 0x80,

    /* U+6B21 "次" */
    0x84, 0x8, 0x81, 0x1f, 0x84, 0x11, 0x14, 0x2,
    0x10, 0x42, 0x14, 0x42, 0x90, 0x8a, 0x60, 0x80,

    /* U+6B22 "欢" */
    0x4, 0x1e, 0x80, 0x5f, 0xca, 0x15, 0x94, 0xa2,
    0x8, 0x41, 0x14, 0x52, 0x8a, 0x8a, 0x20, 0x80,

    /* U+6B23 "欣" */
    0xd, 0xe, 0x21, 0x7, 0xa1, 0x17, 0xca, 0x91,
    0x12, 0x22, 0x44, 0x49, 0x49, 0x2a, 0x28, 0x80,

    /* U+6B27 "欧" */
    0xf9, 0x10, 0x23, 0x27, 0xd5, 0x1a, 0xab, 0x21,
    0x24, 0x25, 0x44, 0xc9, 0x50, 0x2b, 0xe8, 0x80,

    /* U+6B32 "欲" */
    0x51, 0x11, 0x20, 0x87, 0xa9, 0x18, 0xaa, 0x9,
    0x3e, 0x24, 0x44, 0x89, 0x51, 0x2b, 0xe8, 0x80,

    /* U+6B3A "欺" */
    0x49, 0x1f, 0xa1, 0x27, 0xbd, 0x14, 0xaa, 0xf1,
    0x12, 0x27, 0xe4, 0x1, 0x49, 0x2a, 0x18, 0x80,

    /* U+6B3E "款" */
    0x21, 0x1f, 0x20, 0x87, 0xfd, 0x10, 0x2b, 0xf1,
    0x0, 0x27, 0xc4, 0x31, 0x55, 0x29, 0x88, 0x80,

    /* U+6B47 "歇" */
    0x7d, 0x8, 0xa1, 0xf7, 0xa3, 0x17, 0xca, 0x41,
    0x1f, 0x25, 0x24, 0x55, 0x4e, 0xa8, 0x38, 0x80,

    /* U+6B49 "歉" */
    0x49, 0x1f, 0xa1, 0x47, 0xff, 0x15, 0x4b, 0xfd,
    0x15, 0x27, 0xe4, 0x51, 0x5b, 0x29, 0x58, 0x80,

    /* U+6B4C "歌" */
    0xfd, 0x15, 0x22, 0xa7, 0xf5, 0x10, 0xab, 0xf9,
    0x2a, 0x25, 0x44, 0xe9, 0x41, 0x28, 0x68, 0x80,

    /* U+6B62 "止" */
    0x4, 0x0, 0x80, 0x10, 0x12, 0x2, 0x7c, 0x48,
    0x9, 0x1, 0x20, 0x24, 0x4, 0x83, 0xff, 0x80,

    /* U+6B63 "正" */
    0xff, 0xe0, 0x80, 0x10, 0x2, 0x2, 0x40, 0x4f,
    0x89, 0x1, 0x20, 0x24, 0x4, 0x83, 0xff, 0x80,

    /* U+6B64 "此" */
    0x11, 0x2, 0x20, 0x44, 0xa8, 0xa5, 0xd8, 0xa2,
    0x14, 0x42, 0x88, 0x51, 0x2b, 0xa7, 0x83, 0x80,

    /* U+6B65 "步" */
    0x4, 0x4, 0xf8, 0x90, 0x12, 0xf, 0xfe, 0x8,
    0x9, 0x16, 0x24, 0x1, 0x0, 0xc1, 0xe0, 0x0,

    /* U+6B66 "武" */
    0x7d, 0x40, 0x27, 0xff, 0x80, 0x81, 0x10, 0xa2,
    0x17, 0x42, 0x84, 0x50, 0xab, 0x8f, 0x80, 0x80,

    /* U+6B67 "歧" */
    0x20, 0x84, 0x10, 0xbf, 0xd0, 0x4b, 0x9, 0x4f,
    0xe9, 0xd, 0x21, 0xb2, 0x58, 0x30, 0x39, 0x80,

    /* U+6B6A "歪" */
    0xff, 0xe1, 0x80, 0xd6, 0x62, 0x30, 0x40, 0x0,
    0x3f, 0xf8, 0x20, 0x27, 0xc4, 0x83, 0xff, 0x80,

    /* U+6B79 "歹" */
    0xff, 0xe1, 0x0, 0x20, 0x7, 0xe1, 0x4, 0x50,
    0xb1, 0x20, 0x14, 0x1, 0x0, 0xc1, 0xe0, 0x0,

    /* U+6B7B "死" */
    0xff, 0xe4, 0x40, 0x88, 0x1d, 0x14, 0xa4, 0x97,
    0x2a, 0x80, 0x90, 0x12, 0x24, 0x47, 0x7, 0x80,

    /* U+6B7C "歼" */
    0xf0, 0xc8, 0xe1, 0x4, 0x38, 0x89, 0x11, 0x3f,
    0xd4, 0x41, 0x8, 0x21, 0x8, 0x22, 0x4, 0x0,

    /* U+6B83 "殃" */
    0xf1, 0x8, 0x21, 0x1f, 0x3a, 0xa9, 0x55, 0x2a,
    0x97, 0xf9, 0x8, 0x22, 0x88, 0x8a, 0x60, 0x80,

    /* U+6B86 "殆" */
    0xf1, 0x8, 0x21, 0x9, 0x3a, 0x29, 0xfb, 0x20,
    0x15, 0xf9, 0x21, 0x24, 0x28, 0x86, 0x1f, 0x80,

    /* U+6B89 "殉" */
    0xf4, 0x8, 0xfd, 0x20, 0xbb, 0xd9, 0x4b, 0x2f,
    0x55, 0x29, 0x25, 0x27, 0xa8, 0x6, 0x3, 0x0,

    /* U+6B8A "殊" */
    0xf5, 0x8, 0xa1, 0x1f, 0x3c, 0x89, 0x11, 0x3f,
    0xd4, 0x41, 0x1c, 0x25, 0x49, 0x26, 0x4, 0x0,

    /* U+6B8B "残" */
    0xf1, 0x48, 0x25, 0x7, 0xbb, 0x89, 0x11, 0x23,
    0xd5, 0xc1, 0x9, 0x20, 0xc8, 0x36, 0x39, 0x80,

    /* U+6B96 "殖" */
    0xf1, 0x9, 0xfd, 0x4, 0x3b, 0xe9, 0x45, 0x2f,
    0x95, 0x11, 0x3e, 0x24, 0x48, 0x8a, 0x3f, 0x80,

    /* U+6BB4 "殴" */
    0xf9, 0xd0, 0x2b, 0x25, 0x54, 0xaa, 0xa7, 0x20,
    0x24, 0xfd, 0x51, 0xc9, 0x50, 0x13, 0xed, 0x80,

    /* U+6BB5 "段" */
    0x19, 0xcc, 0x29, 0x5, 0x3c, 0xa4, 0x66, 0xf0,
    0x10, 0xfa, 0x11, 0xf9, 0x48, 0x11, 0x1d, 0x80,

    /* U+6BB7 "殷" */
    0x79, 0xc8, 0x29, 0xe5, 0x24, 0xa7, 0xa6, 0x90,
    0x1e, 0xfa, 0x11, 0x79, 0x49, 0x12, 0x6d, 0x80,

    /* U+6BBF "殿" */
    0xfd, 0xd0, 0xab, 0xf5, 0x40, 0xaa, 0xa7, 0xf8,
    0x2a, 0xff, 0xf1, 0x81, 0x55, 0x11, 0x1d, 0x80,

    /* U+6BC1 "毁" */
    0x43, 0xd3, 0x4a, 0x29, 0x6d, 0x28, 0xc7, 0xf0,
    0x1, 0xff, 0xd1, 0x22, 0x47, 0x33, 0x19, 0x80,

    /* U+6BC5 "毅" */
    0x21, 0xdf, 0x29, 0x45, 0x28, 0xaf, 0xa6, 0xc0,
    0x2c, 0xfa, 0xb1, 0xb9, 0x4a, 0x92, 0xcd, 0x80,

    /* U+6BCB "毋" */
    0x3f, 0xc4, 0x88, 0x91, 0x12, 0x2f, 0xfe, 0x88,
    0x91, 0x13, 0xff, 0x8, 0x42, 0x9, 0x86, 0x0,

    /* U+6BCD "母" */
    0x3f, 0xc4, 0x8, 0x91, 0x11, 0x2f, 0xfe, 0x80,
    0x91, 0x12, 0x12, 0x7f, 0xe0, 0x8, 0x6, 0x0,

    /* U+6BCF "每" */
    0x20, 0x7, 0xfd, 0x0, 0x5f, 0xe2, 0x44, 0x44,
    0xbf, 0xfa, 0x22, 0x42, 0x4f, 0xfc, 0x1, 0x0,

    /* U+6BD2 "毒" */
    0x4, 0xf, 0xf8, 0x10, 0x3f, 0xe0, 0x41, 0xff,
    0xc9, 0x17, 0xff, 0x42, 0x4f, 0xfc, 0x1, 0x0,

    /* U+6BD4 "比" */
    0x82, 0x10, 0x42, 0x8, 0xc1, 0x2f, 0xb9, 0x4,
    0x20, 0x84, 0x10, 0x82, 0x33, 0x47, 0x87, 0x80,

    /* U+6BD5 "毕" */
    0x82, 0x10, 0x4f, 0xee, 0x41, 0x9, 0xa3, 0xc3,
    0xc1, 0x0, 0x20, 0xff, 0xe0, 0x80, 0x10, 0x0,

    /* U+6BD6 "毖" */
    0x42, 0xf, 0x4d, 0xe, 0x2d, 0x16, 0x1e, 0x10,
    0x1, 0x22, 0x88, 0x96, 0x43, 0x17, 0xbe, 0x0,

    /* U+6BD7 "毗" */
    0x8, 0x9f, 0x12, 0xa2, 0x54, 0x5a, 0xed, 0xf1,
    0x2a, 0x25, 0x44, 0xa8, 0xbf, 0x54, 0x33, 0x80,

    /* U+6BD9 "毙" */
    0x42, 0xf, 0x4d, 0xe, 0x2d, 0x16, 0x1e, 0x0,
    0x3f, 0xfa, 0x52, 0xab, 0x82, 0x47, 0x87, 0x80,

    /* U+6BDB "毛" */
    0x7, 0xdf, 0x0, 0x20, 0x7, 0xef, 0x80, 0x10,
    0x3, 0xff, 0xc0, 0x8, 0x1, 0x4, 0x1f, 0x80,

    /* U+6BE1 "毡" */
    0x31, 0x18, 0x3d, 0x4, 0x38, 0x8c, 0x7e, 0x88,
    0x5d, 0xe, 0x3f, 0x40, 0x8, 0x4, 0xff, 0x80,

    /* U+6BEB "毫" */
    0x4, 0x1f, 0xfc, 0x82, 0x1f, 0xc0, 0x1, 0xff,
    0xe1, 0xcb, 0xc0, 0xf, 0xdf, 0x4, 0x1f, 0x80,

    /* U+6BEF "毯" */
    0x31, 0x18, 0xa5, 0x25, 0x39, 0x4c, 0xc6, 0x82,
    0x1d, 0x4e, 0x4a, 0x42, 0x88, 0x88, 0xff, 0x80,

    /* U+6C0F "氏" */
    0x3, 0xdf, 0x82, 0x10, 0x42, 0x8, 0x41, 0xff,
    0xe0, 0x84, 0x10, 0x81, 0x33, 0x17, 0x81, 0x80,

    /* U+6C11 "民" */
    0xff, 0xd0, 0xa, 0x1, 0x7f, 0xe8, 0x41, 0x8,
    0x3f, 0xfc, 0x10, 0x81, 0x13, 0x17, 0x81, 0x80,

    /* U+6C13 "氓" */
    0x47, 0xe4, 0x87, 0xd0, 0xa3, 0xf4, 0x48, 0x89,
    0x11, 0xfa, 0x24, 0x44, 0x4e, 0xa8, 0x18, 0x80,

    /* U+6C14 "气" */
    0x40, 0xf, 0xfa, 0x0, 0x3f, 0xc0, 0x1, 0xff,
    0x0, 0x20, 0x4, 0x0, 0xa0, 0x14, 0x1, 0x0,

    /* U+6C16 "氖" */
    0x40, 0xf, 0xfa, 0x0, 0x3f, 0xc0, 0x1, 0xff,
    0x0, 0x23, 0xe4, 0x26, 0xa4, 0x57, 0x19, 0x0,

    /* U+6C1B "氛" */
    0x40, 0xf, 0xfa, 0x0, 0x3f, 0xc0, 0x1, 0xff,
    0x11, 0x24, 0x14, 0x7c, 0xa4, 0x97, 0x31, 0x0,

    /* U+6C1F "氟" */
    0x40, 0xf, 0xfa, 0x0, 0x3f, 0xc2, 0xa9, 0xfd,
    0x2a, 0x27, 0xf4, 0x2a, 0xa5, 0xd5, 0x21, 0x0,

    /* U+6C22 "氢" */
    0x40, 0xf, 0xfa, 0x0, 0x3f, 0xc0, 0x8, 0xf9,
    0x1, 0x21, 0xc4, 0xd6, 0xa2, 0x17, 0xf9, 0x0,

    /* U+6C26 "氦" */
    0x40, 0xf, 0xfa, 0x0, 0x3f, 0xc1, 0x9, 0xfd,
    0x12, 0x21, 0x94, 0xc4, 0xa3, 0x57, 0x85, 0x0,

    /* U+6C27 "氧" */
    0x40, 0xf, 0xfa, 0x0, 0x3f, 0xc2, 0x49, 0xfd,
    0x4, 0x23, 0xe4, 0x10, 0xbf, 0xd4, 0x41, 0x0,

    /* U+6C28 "氨" */
    0x40, 0xf, 0xfa, 0x0, 0x3f, 0xc1, 0x9, 0xfd,
    0x28, 0xa3, 0xe4, 0x24, 0xa7, 0x17, 0x19, 0x0,

    /* U+6C2E "氮" */
    0x40, 0xf, 0xfa, 0x0, 0x3f, 0xc1, 0x8, 0xa9,
    0xa, 0x26, 0x34, 0x54, 0xa5, 0x17, 0x19, 0x0,

    /* U+6C2F "氯" */
    0x40, 0xf, 0xfa, 0x0, 0x3f, 0xc0, 0x28, 0xfd,
    0x0, 0xa7, 0xfc, 0x4a, 0xa5, 0x97, 0x6d, 0x0,

    /* U+6C30 "氰" */
    0x40, 0xf, 0xfa, 0x0, 0x3f, 0xc0, 0x88, 0xff,
    0x2, 0x27, 0xfc, 0x22, 0xa7, 0xd4, 0x89, 0x0,

    /* U+6C34 "水" */
    0x4, 0x0, 0x80, 0x10, 0xfb, 0x21, 0x68, 0x2a,
    0x9, 0x41, 0x24, 0x44, 0x50, 0x84, 0x70, 0x0,

    /* U+6C38 "永" */
    0xc, 0x0, 0x40, 0xf0, 0x82, 0x2f, 0x68, 0x2a,
    0x5, 0x41, 0x24, 0x44, 0x50, 0x84, 0x70, 0x0,

    /* U+6C40 "汀" */
    0x4f, 0xe4, 0x10, 0x2, 0x40, 0x44, 0x8, 0x1,
    0x0, 0x22, 0x4, 0x40, 0x90, 0x12, 0xe, 0x0,

    /* U+6C41 "汁" */
    0x41, 0x4, 0x20, 0x4, 0x40, 0x84, 0xfe, 0x2,
    0x0, 0x42, 0x8, 0x41, 0x10, 0x22, 0x4, 0x0,

    /* U+6C42 "求" */
    0x4, 0x80, 0x8b, 0xff, 0x82, 0x4, 0x44, 0x4d,
    0x1, 0x40, 0x64, 0x34, 0x58, 0x84, 0x70, 0x0,

    /* U+6C47 "汇" */
    0x4f, 0xe5, 0x0, 0x20, 0x44, 0x4, 0x80, 0x10,
    0x2, 0x2, 0x40, 0x48, 0x11, 0x2, 0x3f, 0x80,

    /* U+6C49 "汉" */
    0x4f, 0xe5, 0x4, 0x20, 0xc4, 0x14, 0x44, 0x8,
    0x81, 0x12, 0x14, 0x41, 0x10, 0x52, 0x31, 0x80,

    /* U+6C50 "汐" */
    0x2, 0x10, 0x7d, 0x8, 0x82, 0x18, 0x82, 0x84,
    0x80, 0x52, 0x4, 0x41, 0x10, 0xc2, 0x60, 0x0,

    /* U+6C55 "汕" */
    0x41, 0x4, 0x20, 0x4, 0x44, 0x94, 0x92, 0x12,
    0x42, 0x4a, 0x49, 0x49, 0x31, 0x26, 0x3f, 0x80,

    /* U+6C57 "汗" */
    0x4f, 0xc4, 0x20, 0x4, 0x40, 0x84, 0x10, 0x3f,
    0xc0, 0x42, 0x8, 0x41, 0x10, 0x22, 0x4, 0x0,

    /* U+6C5B "汛" */
    0x9f, 0x88, 0x10, 0x12, 0x42, 0x44, 0x48, 0x3f,
    0x1, 0x22, 0x24, 0x44, 0xb0, 0x96, 0x11, 0x0,

    /* U+6C5D "汝" */
    0x42, 0x4, 0x40, 0x8, 0x4f, 0xf4, 0x44, 0x8,
    0x82, 0x22, 0x34, 0x41, 0x10, 0x52, 0x71, 0x80,

    /* U+6C5E "汞" */
    0x7f, 0xc0, 0x80, 0x10, 0x7f, 0xf0, 0x40, 0x8,
    0x7d, 0xb0, 0xa8, 0x24, 0x98, 0x8c, 0x30, 0x0,

    /* U+6C5F "江" */
    0x4f, 0xe4, 0x20, 0x4, 0x40, 0x84, 0x10, 0x2,
    0x0, 0x42, 0x8, 0x41, 0x10, 0x22, 0x3f, 0x80,

    /* U+6C60 "池" */
    0x41, 0x5, 0x20, 0x25, 0xc5, 0xd5, 0xd2, 0x12,
    0x42, 0x5a, 0x48, 0x48, 0x31, 0x6, 0x1f, 0x80,

    /* U+6C61 "污" */
    0x4f, 0xc4, 0x0, 0x0, 0x4f, 0xf4, 0x20, 0x8,
    0x1, 0xf2, 0x2, 0x40, 0x50, 0xa, 0x6, 0x0,

    /* U+6C64 "汤" */
    0x4f, 0xc4, 0x10, 0x4, 0x41, 0x4, 0xfe, 0x5,
    0x41, 0x2a, 0x49, 0x41, 0x30, 0x46, 0x13, 0x0,

    /* U+6C6A "汪" */
    0x4f, 0xe4, 0x20, 0x4, 0x40, 0x84, 0x10, 0x1f,
    0xc0, 0x42, 0x8, 0x41, 0x10, 0x22, 0x3f, 0x80,

    /* U+6C70 "汰" */
    0x41, 0x4, 0x20, 0x4, 0x47, 0xf4, 0x10, 0x5,
    0x0, 0xa2, 0x14, 0x44, 0x50, 0xca, 0x24, 0x80,

    /* U+6C72 "汲" */
    0x4f, 0xc4, 0x88, 0x11, 0x42, 0x44, 0x4e, 0x8,
    0x41, 0x8a, 0x2a, 0x48, 0x91, 0x2a, 0x58, 0x80,

    /* U+6C79 "汹" */
    0x88, 0x48, 0x88, 0x4a, 0xc9, 0x55, 0x12, 0x22,
    0x44, 0xaa, 0xa5, 0x58, 0x72, 0x6, 0x7f, 0x80,

    /* U+6C7D "汽" */
    0x88, 0x9, 0xf8, 0x40, 0x47, 0xc4, 0x0, 0x3f,
    0x0, 0x22, 0x4, 0x40, 0xb0, 0x16, 0x1, 0x0,

    /* U+6C7E "汾" */
    0x44, 0x84, 0x90, 0x21, 0x44, 0x25, 0x2, 0x1f,
    0x81, 0x12, 0x22, 0x48, 0x51, 0xa, 0x46, 0x0,

    /* U+6C81 "沁" */
    0x42, 0x4, 0x20, 0x4, 0x42, 0x5, 0x44, 0x28,
    0x45, 0xa, 0xa0, 0x44, 0x50, 0x8a, 0xf, 0x0,

    /* U+6C82 "沂" */
    0x40, 0xc5, 0xe0, 0x20, 0x44, 0x4, 0xfe, 0x11,
    0x2, 0x22, 0x44, 0x48, 0x91, 0x12, 0x42, 0x0,

    /* U+6C83 "沃" */
    0x40, 0xc5, 0xe0, 0x4, 0x40, 0x84, 0x10, 0x3f,
    0xc0, 0x42, 0x14, 0x42, 0x90, 0x8a, 0x60, 0x80,

    /* U+6C88 "沈" */
    0x82, 0x8, 0x40, 0x7f, 0xc9, 0x15, 0x22, 0x4,
    0x1, 0x42, 0x28, 0x49, 0x31, 0x26, 0x47, 0x80,

    /* U+6C89 "沉" */
    0x9f, 0xea, 0x4, 0x40, 0xc3, 0xc4, 0x48, 0x9,
    0x1, 0x22, 0x24, 0x44, 0xb1, 0x16, 0x43, 0x80,

    /* U+6C8F "沏" */
    0x89, 0xe9, 0x14, 0x22, 0xc7, 0x55, 0x8a, 0x11,
    0x42, 0x2a, 0x55, 0x4d, 0x31, 0x26, 0x9, 0x80,

    /* U+6C99 "沙" */
    0x41, 0x4, 0x20, 0x25, 0x44, 0x94, 0x92, 0x22,
    0x0, 0x4a, 0x2, 0x40, 0x90, 0x62, 0x70, 0x0,

    /* U+6C9B "沛" */
    0x41, 0x4, 0x20, 0x3f, 0xc0, 0x84, 0xfe, 0x12,
    0x42, 0x4a, 0x49, 0x49, 0x70, 0x22, 0x4, 0x0,

    /* U+6C9F "沟" */
    0x44, 0x4, 0xfc, 0x20, 0xc9, 0x14, 0x22, 0x4,
    0x41, 0x2a, 0x25, 0x4f, 0x70, 0x6, 0x3, 0x0,

    /* U+6CA1 "没" */
    0x47, 0x84, 0x90, 0x12, 0x42, 0x45, 0x8e, 0x0,
    0x3, 0xf2, 0x42, 0x44, 0x90, 0x62, 0x73, 0x80,

    /* U+6CA4 "沤" */
    0x9f, 0xea, 0x0, 0x51, 0x49, 0x45, 0x10, 0x22,
    0x4, 0xa2, 0x92, 0x54, 0x52, 0x2, 0x7f, 0x80,

    /* U+6CA5 "沥" */
    0x9f, 0xea, 0x0, 0x44, 0x48, 0x85, 0x7e, 0x22,
    0x44, 0x4a, 0x91, 0x52, 0x32, 0x86, 0xa3, 0x0,

    /* U+6CA6 "沦" */
    0x41, 0x4, 0x50, 0x11, 0x4c, 0x14, 0x40, 0x8,
    0x81, 0x22, 0x38, 0x44, 0x30, 0x86, 0xf, 0x80,

    /* U+6CA7 "沧" */
    0x41, 0x4, 0x50, 0x11, 0x4c, 0x14, 0x7c, 0x8,
    0x81, 0x12, 0x2e, 0x44, 0x10, 0x86, 0xf, 0x80,

    /* U+6CAA "沪" */
    0x42, 0x4, 0x20, 0x3f, 0xc4, 0x14, 0x82, 0x1f,
    0xc2, 0x2, 0x40, 0x48, 0x11, 0x2, 0x40, 0x0,

    /* U+6CAB "沫" */
    0x81, 0x8, 0x20, 0x7f, 0xc0, 0x84, 0x10, 0x1f,
    0x80, 0x42, 0x1c, 0x45, 0x53, 0x26, 0x4, 0x0,

    /* U+6CAE "沮" */
    0x4f, 0xc5, 0x8, 0x21, 0x47, 0xe4, 0x84, 0x10,
    0x83, 0xf2, 0x42, 0x48, 0x51, 0xa, 0x7f, 0x80,

    /* U+6CB3 "河" */
    0x9f, 0xe8, 0x8, 0x1, 0x47, 0xa4, 0x94, 0x12,
    0x82, 0x52, 0x7a, 0x40, 0x50, 0xa, 0x7, 0x0,

    /* U+6CB8 "沸" */
    0x84, 0x88, 0x90, 0x7f, 0xc2, 0x55, 0xfe, 0x29,
    0x7, 0xfa, 0x25, 0x44, 0xb1, 0x1e, 0xc2, 0x0,

    /* U+6CB9 "油" */
    0x81, 0x8, 0x20, 0x7f, 0xc8, 0x95, 0x12, 0x22,
    0x47, 0xfa, 0x89, 0x51, 0x32, 0x26, 0x7f, 0x80,

    /* U+6CBB "治" */
    0x42, 0x4, 0x40, 0x12, 0x44, 0x25, 0xfa, 0x0,
    0x43, 0xf2, 0x42, 0x48, 0x51, 0xa, 0x3f, 0x0,

    /* U+6CBC "沼" */
    0x4f, 0xe4, 0x44, 0x8, 0xc2, 0x15, 0x8e, 0x0,
    0x3, 0xfa, 0x41, 0x48, 0x31, 0x6, 0x3f, 0x80,

    /* U+6CBD "沽" */
    0x81, 0x8, 0x20, 0x7f, 0xc0, 0x84, 0x10, 0x2,
    0x3, 0xf2, 0x42, 0x48, 0x51, 0xa, 0x3f, 0x0,

    /* U+6CBE "沾" */
    0x41, 0x4, 0x20, 0x7, 0xc0, 0x84, 0x10, 0x2,
    0x3, 0xfa, 0x41, 0x48, 0x31, 0x6, 0x3f, 0x80,

    /* U+6CBF "沿" */
    0x47, 0x84, 0x90, 0x12, 0x42, 0x45, 0x8e, 0x0,
    0x3, 0xf2, 0x42, 0x48, 0x51, 0xa, 0x3f, 0x0,

    /* U+6CC4 "泄" */
    0x4a, 0x45, 0x48, 0x29, 0x4f, 0xf4, 0xa4, 0x14,
    0x82, 0x92, 0x5e, 0x48, 0x11, 0x2, 0x3f, 0x80,

    /* U+6CC5 "泅" */
    0x4f, 0xe5, 0x4, 0x24, 0xc4, 0x94, 0x92, 0x12,
    0x42, 0xaa, 0x55, 0x4c, 0x71, 0x6, 0x3f, 0x80,

    /* U+6CC9 "泉" */
    0x8, 0xf, 0xf9, 0x1, 0x3f, 0xe4, 0x4, 0xff,
    0x81, 0xf, 0xb6, 0x15, 0x4, 0x93, 0x31, 0x80,

    /* U+6CCA "泊" */
    0x41, 0x4, 0x40, 0x3f, 0xc4, 0x14, 0x82, 0x10,
    0x43, 0xfa, 0x41, 0x48, 0x31, 0x6, 0x3f, 0x80,

    /* U+6CCC "泌" */
    0x44, 0x4, 0x48, 0x1, 0x42, 0x45, 0x48, 0x2a,
    0x45, 0x4a, 0xb1, 0x44, 0x11, 0x8a, 0x4f, 0x0,

    /* U+6CD5 "法" */
    0x41, 0x4, 0x20, 0x3f, 0x40, 0x84, 0x10, 0x3f,
    0xc0, 0x82, 0x22, 0x44, 0x51, 0x36, 0x78, 0x80,

    /* U+6CDB "泛" */
    0x80, 0xcb, 0xe0, 0x10, 0x41, 0x5, 0xfc, 0x0,
    0x80, 0x22, 0x8, 0x42, 0x11, 0x82, 0x4f, 0x80,

    /* U+6CDE "泞" */
    0x81, 0xb, 0xfc, 0x40, 0xc0, 0x5, 0xfe, 0x2,
    0x0, 0x42, 0x8, 0x41, 0x10, 0x22, 0x1c, 0x0,

    /* U+6CE1 "泡" */
    0x88, 0x9, 0xf8, 0x41, 0x47, 0xa4, 0x94, 0x12,
    0x83, 0xd2, 0x46, 0x48, 0x11, 0x6, 0x1f, 0x80,

    /* U+6CE2 "波" */
    0x41, 0x5, 0xfc, 0x24, 0xc4, 0x84, 0xfe, 0x18,
    0x42, 0x8a, 0x4a, 0x48, 0x91, 0x2a, 0x58, 0x80,

    /* U+6CE3 "泣" */
    0x82, 0x8, 0x20, 0x7f, 0xc0, 0x4, 0x84, 0x10,
    0x81, 0x12, 0x24, 0x44, 0x90, 0x22, 0x7f, 0x80,

    /* U+6CE5 "泥" */
    0x4f, 0xe5, 0x4, 0x20, 0xc7, 0xf4, 0x80, 0x14,
    0x2, 0x9a, 0x5c, 0x4a, 0x11, 0x46, 0x47, 0x80,

    /* U+6CE8 "注" */
    0x82, 0x8, 0x20, 0x7f, 0xc0, 0x84, 0x10, 0x2,
    0x3, 0xf2, 0x8, 0x41, 0x10, 0x22, 0x7f, 0x80,

    /* U+6CEA "泪" */
    0x4f, 0xe5, 0x4, 0x20, 0xc7, 0xf4, 0x82, 0x10,
    0x42, 0xa, 0x7f, 0x48, 0x31, 0x6, 0x3f, 0x80,

    /* U+6CF0 "泰" */
    0x4, 0xf, 0xf8, 0x20, 0x3f, 0xe1, 0x1, 0xff,
    0xc9, 0x22, 0xaa, 0x8e, 0x22, 0xa1, 0xb3, 0x0,

    /* U+6CF3 "泳" */
    0x43, 0x4, 0x10, 0x3c, 0x40, 0x95, 0xda, 0xb,
    0x41, 0x52, 0x4a, 0x49, 0x32, 0x26, 0xc, 0x0,

    /* U+6CF5 "泵" */
    0xff, 0xe2, 0x0, 0xff, 0x30, 0x2a, 0x4, 0x7f,
    0x81, 0xf, 0xb6, 0x15, 0x4, 0x93, 0x31, 0x80,

    /* U+6CFB "泻" */
    0x4f, 0xe5, 0x4, 0x8, 0x41, 0xe4, 0x40, 0xf,
    0xc0, 0xa, 0x1, 0x4f, 0xb0, 0x6, 0x7, 0x0,

    /* U+6CFC "泼" */
    0x8a, 0x89, 0x48, 0x48, 0x4f, 0xf4, 0x40, 0xf,
    0x81, 0x12, 0x22, 0x4a, 0x91, 0x22, 0x5b, 0x80,

    /* U+6CFD "泽" */
    0x4f, 0xe5, 0x4, 0x11, 0x41, 0xc4, 0xc6, 0x2,
    0x1, 0xf2, 0x8, 0x4f, 0xf0, 0x22, 0x4, 0x0,

    /* U+6D01 "洁" */
    0x81, 0x8, 0x20, 0x7f, 0xc0, 0x84, 0x10, 0x1f,
    0x80, 0x2, 0x7e, 0x48, 0x51, 0xa, 0x3f, 0x0,

    /* U+6D0B "洋" */
    0x44, 0x44, 0x50, 0x3f, 0xc0, 0x84, 0x10, 0xf,
    0x80, 0x42, 0x8, 0x4f, 0xf0, 0x22, 0x4, 0x0,

    /* U+6D12 "洒" */
    0x9f, 0xe8, 0x90, 0x12, 0x4f, 0xf5, 0x4a, 0x29,
    0x45, 0x2a, 0xa7, 0x58, 0x32, 0x6, 0x7f, 0x80,

    /* U+6D17 "洗" */
    0x49, 0x5, 0x20, 0x3f, 0x48, 0x84, 0x10, 0x3f,
    0xc1, 0x22, 0x24, 0x48, 0xb1, 0x16, 0x43, 0x80,

    /* U+6D1B "洛" */
    0x44, 0x4, 0xf8, 0x21, 0x4a, 0x44, 0x30, 0x9,
    0x6, 0x1a, 0x7e, 0x48, 0x51, 0xa, 0x3f, 0x0,

    /* U+6D1E "洞" */
    0x9f, 0xea, 0x4, 0x5e, 0xc8, 0x15, 0x7a, 0x29,
    0x45, 0x2a, 0xa5, 0x57, 0xb2, 0x6, 0x41, 0x80,

    /* U+6D25 "津" */
    0x82, 0x9, 0xf8, 0x9, 0x4f, 0xf4, 0x24, 0x1f,
    0x80, 0x82, 0x7e, 0x42, 0x13, 0xfe, 0x8, 0x0,

    /* U+6D2A "洪" */
    0x84, 0x88, 0x90, 0x7f, 0xc2, 0x44, 0x48, 0x9,
    0x7, 0xfa, 0x0, 0x44, 0x91, 0xa, 0x40, 0x80,

    /* U+6D31 "洱" */
    0x9f, 0xe9, 0x8, 0x3f, 0x44, 0x24, 0x84, 0x1f,
    0x82, 0x12, 0x42, 0x49, 0xf3, 0xca, 0x1, 0x0,

    /* U+6D32 "洲" */
    0x49, 0x25, 0x24, 0x24, 0xce, 0xd5, 0xb6, 0x56,
    0xc2, 0x4a, 0x49, 0x49, 0x31, 0x26, 0x44, 0x80,

    /* U+6D3B "活" */
    0x40, 0xc5, 0xe0, 0x4, 0x40, 0x85, 0xfe, 0x2,
    0x0, 0x42, 0x7e, 0x48, 0x51, 0xa, 0x3f, 0x0,

    /* U+6D3C "洼" */
    0x41, 0x5, 0xf8, 0x4, 0x40, 0x85, 0xfe, 0x0,
    0x0, 0x42, 0x7e, 0x41, 0x10, 0x22, 0x7f, 0x80,

    /* U+6D3D "洽" */
    0x41, 0x4, 0x50, 0x11, 0x4c, 0x14, 0x7c, 0x0,
    0x3, 0xfa, 0x41, 0x48, 0x31, 0x6, 0x3f, 0x80,

    /* U+6D3E "派" */
    0x40, 0xc5, 0xe0, 0x21, 0xc5, 0xc4, 0xa8, 0x15,
    0x42, 0xb2, 0x54, 0x4a, 0x51, 0x6a, 0x48, 0x80,

    /* U+6D41 "流" */
    0x82, 0xb, 0xfc, 0x10, 0x44, 0x25, 0xfa, 0x0,
    0x2, 0xa2, 0x54, 0x4a, 0x91, 0x56, 0x4b, 0x80,

    /* U+6D45 "浅" */
    0x82, 0x88, 0x48, 0xf, 0xcf, 0x4, 0x20, 0x7,
    0xc7, 0x82, 0x12, 0x41, 0x90, 0x66, 0x73, 0x80,

    /* U+6D46 "浆" */
    0x12, 0x12, 0x7d, 0x48, 0x8a, 0x93, 0xd, 0xae,
    0x1, 0xf, 0xb6, 0x15, 0x4, 0x93, 0x31, 0x80,

    /* U+6D47 "浇" */
    0x42, 0x4, 0x4c, 0x3e, 0x41, 0x24, 0x1a, 0x1c,
    0xc0, 0x2, 0x7f, 0x42, 0x90, 0x96, 0x63, 0x80,

    /* U+6D4A "浊" */
    0x41, 0x4, 0x20, 0x3f, 0xc4, 0x94, 0x92, 0x12,
    0x43, 0xfa, 0x8, 0x41, 0x50, 0x36, 0x38, 0x80,

    /* U+6D4B "测" */
    0xbe, 0x2c, 0x54, 0xaa, 0xd5, 0x56, 0xaa, 0x55,
    0x4a, 0xab, 0x55, 0x48, 0x32, 0x86, 0x8b, 0x80,

    /* U+6D4E "济" */
    0x81, 0xb, 0xfc, 0x21, 0x42, 0x44, 0x30, 0x9,
    0x6, 0x1a, 0x42, 0x48, 0x51, 0xa, 0x41, 0x0,

    /* U+6D51 "浑" */
    0x9f, 0xea, 0x4, 0x8, 0x4f, 0xf4, 0x40, 0x12,
    0x3, 0xfa, 0x8, 0x5f, 0xf0, 0x22, 0x4, 0x0,

    /* U+6D53 "浓" */
    0x41, 0x5, 0xfc, 0x24, 0xc1, 0x4, 0x20, 0xa,
    0x42, 0x52, 0xa4, 0x44, 0x90, 0xaa, 0x18, 0x80,

    /* U+6D59 "浙" */
    0x88, 0x69, 0x30, 0x74, 0x44, 0x84, 0x9e, 0x1a,
    0x86, 0x52, 0x4a, 0x49, 0x51, 0x2a, 0x69, 0x0,

    /* U+6D5A "浚" */
    0x4, 0x51, 0x9, 0x7f, 0x81, 0x48, 0x4a, 0xb0,
    0xc0, 0xf2, 0x62, 0x44, 0x90, 0x72, 0x71, 0x80,

    /* U+6D66 "浦" */
    0x41, 0x45, 0xfc, 0x4, 0x47, 0xf4, 0x92, 0x1f,
    0xc2, 0x4a, 0x7f, 0x49, 0x31, 0x26, 0x25, 0x80,

    /* U+6D69 "浩" */
    0x89, 0x9, 0xf8, 0x44, 0x40, 0x85, 0xfe, 0x0,
    0x3, 0xf2, 0x42, 0x48, 0x51, 0xa, 0x3f, 0x0,

    /* U+6D6A "浪" */
    0x42, 0x5, 0xf8, 0x21, 0x47, 0xe4, 0x84, 0x1f,
    0x82, 0x4a, 0x4a, 0x48, 0x91, 0x4a, 0x30, 0x80,

    /* U+6D6E "浮" */
    0x80, 0xcb, 0xe0, 0x28, 0xc2, 0xa4, 0xfc, 0x1,
    0x0, 0x42, 0xff, 0x41, 0x10, 0x22, 0x1c, 0x0,

    /* U+6D74 "浴" */
    0x84, 0x89, 0x8, 0x4c, 0xc2, 0x44, 0x84, 0x60,
    0x43, 0xf2, 0x42, 0x48, 0x51, 0xa, 0x3f, 0x0,

    /* U+6D77 "海" */
    0x88, 0x9, 0xfc, 0x40, 0x47, 0xe4, 0xa4, 0x12,
    0x87, 0xfa, 0x52, 0x49, 0x51, 0xfe, 0x1, 0x0,

    /* U+6D78 "浸" */
    0x4f, 0xc4, 0x8, 0x3f, 0x40, 0x25, 0xfe, 0x20,
    0x43, 0xf2, 0x42, 0x44, 0x90, 0x62, 0x73, 0x80,

    /* U+6D82 "涂" */
    0x83, 0x88, 0x88, 0x60, 0xc3, 0xe4, 0x10, 0x2,
    0x7, 0xfa, 0x8, 0x49, 0x52, 0x26, 0xc, 0x0,

    /* U+6D85 "涅" */
    0x4f, 0xe5, 0x4, 0x3f, 0xc4, 0x14, 0xfe, 0x2,
    0x0, 0x42, 0x7f, 0x41, 0x10, 0x22, 0x7f, 0x80,

    /* U+6D88 "消" */
    0x49, 0x24, 0xa8, 0x4, 0x47, 0xf4, 0x82, 0x1f,
    0xc2, 0xa, 0x7f, 0x48, 0x31, 0x6, 0x21, 0x80,

    /* U+6D89 "涉" */
    0x81, 0x9, 0x3c, 0x24, 0x44, 0x85, 0xfe, 0x2,
    0x2, 0x4a, 0x89, 0x40, 0x50, 0x32, 0x78, 0x0,

    /* U+6D8C "涌" */
    0x4f, 0xc4, 0x50, 0x4, 0x47, 0xf4, 0x92, 0x1f,
    0xc2, 0x4a, 0x7f, 0x49, 0x31, 0x26, 0x25, 0x80,

    /* U+6D8E "涎" */
    0x9c, 0x28, 0xb8, 0x21, 0x48, 0x25, 0xd6, 0xa,
    0x85, 0x52, 0xaa, 0x49, 0xf2, 0x82, 0x4f, 0x80,

    /* U+6D95 "涕" */
    0x88, 0x88, 0xa0, 0x7f, 0x41, 0x25, 0xfc, 0x24,
    0x7, 0xfa, 0x31, 0x4a, 0x36, 0x5a, 0x8, 0x0,

    /* U+6D9B "涛" */
    0x41, 0x5, 0xfc, 0x4, 0x47, 0xf4, 0x20, 0x3f,
    0xc1, 0x12, 0x7f, 0x54, 0x50, 0x4a, 0x3, 0x0,

    /* U+6D9D "涝" */
    0x84, 0x4b, 0xfc, 0x11, 0x4f, 0xf5, 0x2, 0x4,
    0x3, 0xfa, 0x11, 0x42, 0x30, 0x86, 0x63, 0x0,

    /* U+6D9F "涟" */
    0x90, 0x89, 0x7c, 0x4, 0x41, 0x25, 0xa4, 0x17,
    0xc2, 0x12, 0x5f, 0x48, 0x52, 0x8a, 0x4f, 0x80,

    /* U+6DA1 "涡" */
    0x4f, 0xc5, 0x8, 0x21, 0x47, 0xe4, 0x10, 0x3f,
    0xc4, 0x4a, 0x95, 0x5c, 0x72, 0x6, 0x41, 0x80,

    /* U+6DA3 "涣" */
    0x84, 0x8, 0xf0, 0x22, 0x4f, 0xe5, 0x24, 0x24,
    0x84, 0x93, 0xff, 0x45, 0x11, 0x12, 0xc1, 0x80,

    /* U+6DA4 "涤" */
    0x44, 0x4, 0xf8, 0x21, 0x4a, 0x44, 0x30, 0x39,
    0xc0, 0x42, 0xff, 0x41, 0x11, 0x2a, 0x4c, 0x80,

    /* U+6DA6 "润" */
    0x93, 0xe9, 0x4, 0x40, 0xcf, 0xd5, 0x22, 0x24,
    0x47, 0xea, 0x91, 0x52, 0x33, 0xf6, 0x41, 0x80,

    /* U+6DA7 "涧" */
    0x93, 0xe9, 0x4, 0x0, 0xcb, 0xd5, 0x4a, 0x29,
    0x45, 0xea, 0xa5, 0x54, 0xb2, 0xf6, 0x41, 0x80,

    /* U+6DA8 "涨" */
    0x9d, 0x28, 0xa4, 0x15, 0x4e, 0xc5, 0x10, 0x27,
    0xc7, 0x62, 0x2a, 0x45, 0x50, 0xa6, 0x66, 0x80,

    /* U+6DA9 "涩" */
    0xf, 0xf0, 0x25, 0x24, 0x89, 0x18, 0x4c, 0x92,
    0x0, 0x42, 0x4f, 0x49, 0x11, 0x22, 0x7f, 0x80,

    /* U+6DAA "涪" */
    0x81, 0x9, 0xf8, 0x0, 0x44, 0x24, 0x48, 0x3f,
    0xc0, 0x2, 0x7e, 0x48, 0x51, 0xa, 0x3f, 0x0,

    /* U+6DAF "涯" */
    0x9f, 0xea, 0x20, 0x44, 0x4b, 0xe5, 0x10, 0x3f,
    0xc4, 0x42, 0x88, 0x57, 0xd2, 0x22, 0xbf, 0x80,

    /* U+6DB2 "液" */
    0x82, 0xb, 0xfc, 0x14, 0x42, 0xf4, 0x92, 0x15,
    0x46, 0x92, 0x6a, 0x48, 0x91, 0x2a, 0x28, 0x80,

    /* U+6DB5 "涵" */
    0x8f, 0xc8, 0x10, 0x4, 0x48, 0x95, 0x56, 0x27,
    0x44, 0x4a, 0x9d, 0x55, 0x72, 0x66, 0x7f, 0x80,

    /* U+6DB8 "涸" */
    0x4f, 0xe5, 0x24, 0x24, 0xc7, 0xf4, 0x92, 0x17,
    0x42, 0xaa, 0x55, 0x4b, 0xb1, 0x6, 0x3f, 0x80,

    /* U+6DC0 "淀" */
    0x81, 0xb, 0xfc, 0x40, 0xc0, 0x5, 0xfe, 0x2,
    0x2, 0x42, 0x4f, 0x49, 0x12, 0xe2, 0x43, 0x80,

    /* U+6DC4 "淄" */
    0x89, 0x29, 0x24, 0x49, 0x44, 0x94, 0x92, 0x0,
    0x3, 0xfa, 0x49, 0x4f, 0xf1, 0x26, 0x3f, 0x80,

    /* U+6DC6 "淆" */
    0x4c, 0xc4, 0x60, 0x33, 0x41, 0x5, 0xfe, 0x8,
    0x3, 0xf2, 0xc2, 0x4f, 0xd1, 0xa, 0x23, 0x0,

    /* U+6DCB "淋" */
    0x88, 0x89, 0x10, 0xff, 0xc4, 0x44, 0x88, 0x33,
    0x7, 0x73, 0x55, 0x48, 0x91, 0x12, 0x22, 0x0,

    /* U+6DCC "淌" */
    0x49, 0x24, 0xa8, 0x4, 0x47, 0xf4, 0x82, 0x17,
    0x42, 0xaa, 0x55, 0x4b, 0xb1, 0x6, 0x21, 0x80,

    /* U+6DD1 "淑" */
    0x44, 0x4, 0x9c, 0x1e, 0xc2, 0x54, 0x4a, 0x3f,
    0x41, 0x2a, 0xb2, 0x55, 0x54, 0x96, 0x32, 0x80,

    /* U+6DD6 "淖" */
    0x41, 0x4, 0x3c, 0x4, 0x47, 0xe4, 0x84, 0x1f,
    0x82, 0x12, 0x7e, 0x41, 0x13, 0xfe, 0x4, 0x0,

    /* U+6DD8 "淘" */
    0x88, 0x9, 0xfc, 0x60, 0xc7, 0xd5, 0x22, 0x1f,
    0x40, 0x8a, 0x55, 0x4f, 0xb0, 0x6, 0x3, 0x0,

    /* U+6DE1 "淡" */
    0x41, 0x4, 0xa4, 0x25, 0x40, 0x84, 0x28, 0x38,
    0xc0, 0x42, 0x29, 0x49, 0x50, 0x52, 0x71, 0x80,

    /* U+6DE4 "淤" */
    0x90, 0x89, 0x10, 0xf5, 0x49, 0x15, 0x0, 0x39,
    0x5, 0x12, 0xa0, 0x55, 0x12, 0x92, 0xb1, 0x0,

    /* U+6DEB "淫" */
    0x1f, 0xb0, 0x45, 0x25, 0x2, 0x28, 0x0, 0x9f,
    0xc0, 0x42, 0xff, 0x41, 0x10, 0x22, 0x7f, 0x80,

    /* U+6DEC "淬" */
    0x41, 0x5, 0xfc, 0x0, 0x42, 0x24, 0x44, 0x15,
    0x40, 0x42, 0x7f, 0x41, 0x10, 0x22, 0x4, 0x0,

    /* U+6DEE "淮" */
    0x45, 0x4, 0x90, 0x3f, 0xcc, 0x44, 0xfe, 0x11,
    0x2, 0x22, 0x7f, 0x48, 0x91, 0x12, 0x3f, 0x80,

    /* U+6DF1 "深" */
    0x9f, 0xea, 0x4, 0xa, 0x42, 0x25, 0x82, 0x2,
    0x7, 0xfa, 0x8, 0x43, 0x90, 0xaa, 0x64, 0x80,

    /* U+6DF3 "淳" */
    0x81, 0xb, 0xfc, 0x21, 0x47, 0xe4, 0x0, 0x1f,
    0x80, 0x22, 0x8, 0x5f, 0xf0, 0x22, 0xc, 0x0,

    /* U+6DF7 "混" */
    0x9f, 0xca, 0x8, 0x7f, 0x48, 0x25, 0xfc, 0x0,
    0x4, 0x4a, 0xee, 0x51, 0x12, 0xa6, 0x63, 0x80,

    /* U+6DF9 "淹" */
    0x82, 0xb, 0xf8, 0x22, 0x49, 0x27, 0xfe, 0x24,
    0x87, 0xf2, 0x92, 0x5f, 0xd0, 0x46, 0x7, 0x80,

    /* U+6DFB "添" */
    0x4f, 0xc4, 0x40, 0x8, 0x4f, 0xf4, 0x48, 0x10,
    0x84, 0x8a, 0x5a, 0x4a, 0xb2, 0x56, 0x18, 0x0,

    /* U+6E05 "清" */
    0x41, 0x5, 0xf8, 0x4, 0x47, 0xe4, 0x10, 0x3f,
    0xc2, 0x12, 0x7e, 0x48, 0x51, 0xfa, 0x21, 0x0,

    /* U+6E0A "渊" */
    0x49, 0x25, 0x24, 0x35, 0xc5, 0xd4, 0x92, 0x1f,
    0xc2, 0x4a, 0x5d, 0x4d, 0x71, 0x26, 0x44, 0x80,

    /* U+6E0D "渍" */
    0x81, 0xb, 0xfc, 0x4, 0x47, 0xe4, 0x10, 0x3f,
    0xc2, 0x12, 0x4a, 0x49, 0x50, 0x52, 0x71, 0x80,

    /* U+6E10 "渐" */
    0x84, 0x2b, 0xd8, 0x22, 0x4a, 0x45, 0x4e, 0x3d,
    0x41, 0x2a, 0x35, 0x5c, 0xb0, 0x96, 0x14, 0x80,

    /* U+6E14 "渔" */
    0x44, 0x4, 0xf8, 0x21, 0x4f, 0xf4, 0x92, 0x1f,
    0xc2, 0x4a, 0x49, 0x4f, 0xf0, 0x2, 0x7f, 0x80,

    /* U+6E17 "渗" */
    0x42, 0x4, 0x88, 0x3e, 0xc1, 0x5, 0xfe, 0x9,
    0x2, 0x12, 0x8d, 0x4e, 0x10, 0x1a, 0x3c, 0x0,

    /* U+6E1D "渝" */
    0x43, 0x4, 0x90, 0x21, 0x4b, 0xd4, 0x0, 0x3d,
    0x44, 0xaa, 0xf5, 0x52, 0xb3, 0xc6, 0x49, 0x80,

    /* U+6E20 "渠" */
    0x4f, 0xe5, 0x2, 0x3f, 0x24, 0x20, 0xfc, 0x50,
    0x33, 0xf8, 0x20, 0xff, 0xe4, 0x93, 0x11, 0x80,

    /* U+6E21 "渡" */
    0x81, 0xb, 0xfc, 0x51, 0x4f, 0xf5, 0x44, 0x2f,
    0x84, 0x2, 0xbe, 0x54, 0x52, 0x72, 0xb1, 0x80,

    /* U+6E23 "渣" */
    0x81, 0xb, 0xfc, 0x15, 0x4c, 0x94, 0xfc, 0x10,
    0x83, 0xf2, 0x42, 0x4f, 0xd0, 0x2, 0x7f, 0x80,

    /* U+6E24 "渤" */
    0x88, 0x8f, 0xd0, 0x27, 0xdf, 0x56, 0x2a, 0x39,
    0x41, 0x2a, 0x75, 0x79, 0x31, 0x26, 0x69, 0x80,

    /* U+6E29 "温" */
    0x47, 0xc4, 0x88, 0x1f, 0x42, 0x24, 0x7c, 0x0,
    0x3, 0xfa, 0x55, 0x4a, 0xb1, 0x56, 0x7f, 0x80,

    /* U+6E2D "渭" */
    0x9f, 0xea, 0x24, 0x7f, 0xc8, 0x95, 0xfe, 0x10,
    0x83, 0xf2, 0x42, 0x4f, 0xd1, 0xa, 0x23, 0x0,

    /* U+6E2F "港" */
    0x44, 0x85, 0xf8, 0x12, 0x4f, 0xf4, 0x48, 0x10,
    0x85, 0xea, 0x24, 0x47, 0x90, 0x86, 0xf, 0x80,

    /* U+6E34 "渴" */
    0x4f, 0xc5, 0x8, 0x3f, 0x44, 0x24, 0xfc, 0x8,
    0x3, 0xfa, 0x89, 0x4a, 0xb1, 0xf6, 0x1, 0x80,

    /* U+6E38 "游" */
    0x91, 0x9, 0x20, 0xf7, 0xc9, 0x5, 0x1c, 0x38,
    0x85, 0x22, 0xbf, 0x54, 0x92, 0x92, 0xb6, 0x0,

    /* U+6E3A "渺" */
    0x9c, 0x8a, 0x90, 0x53, 0x4e, 0xd5, 0x6a, 0x29,
    0x7, 0x2a, 0xa1, 0x54, 0x53, 0x92, 0xc, 0x0,

    /* U+6E43 "湃" */
    0x83, 0xeb, 0x88, 0x17, 0xc2, 0x25, 0xe4, 0xb,
    0xc1, 0x12, 0xf2, 0x45, 0xf1, 0xa, 0x41, 0x0,

    /* U+6E4D "湍" */
    0x49, 0x25, 0x24, 0x3f, 0xc0, 0x4, 0xfe, 0x2,
    0x3, 0xfa, 0x55, 0x4a, 0xb1, 0x56, 0x21, 0x80,

    /* U+6E56 "湖" */
    0x89, 0xe9, 0x24, 0xfc, 0xc4, 0xf4, 0x92, 0x12,
    0x47, 0x7a, 0xa9, 0x55, 0x32, 0xa6, 0x79, 0x80,

    /* U+6E58 "湘" */
    0x89, 0xe9, 0x24, 0xfc, 0xc4, 0xf4, 0x92, 0x32,
    0x4b, 0x48, 0x5f, 0x49, 0x29, 0x26, 0x27, 0x80,

    /* U+6E5B "湛" */
    0x44, 0x45, 0xfc, 0x11, 0x43, 0xe4, 0x44, 0xf,
    0x81, 0x12, 0xff, 0x4a, 0x91, 0x8a, 0x3f, 0x80,

    /* U+6E7E "湾" */
    0x81, 0xb, 0xfc, 0x2b, 0x49, 0x54, 0xfc, 0x0,
    0x83, 0xf2, 0x40, 0x4f, 0xf0, 0x6, 0x7, 0x0,

    /* U+6E7F "湿" */
    0x9f, 0xca, 0x8, 0x7f, 0x48, 0x25, 0xfc, 0xa,
    0x9, 0x4a, 0xaa, 0x4d, 0x90, 0xa2, 0xff, 0x80,

    /* U+6E83 "溃" */
    0x41, 0x5, 0xf8, 0x25, 0x47, 0xe4, 0x10, 0x3f,
    0xc2, 0x12, 0x4a, 0x49, 0x50, 0x52, 0x31, 0x80,

    /* U+6E85 "溅" */
    0xbe, 0xac, 0x54, 0xab, 0xd5, 0xc6, 0xa8, 0x55,
    0xca, 0xe3, 0x55, 0x48, 0x52, 0x96, 0x8c, 0x80,

    /* U+6E89 "溉" */
    0x1d, 0xf2, 0xa9, 0x75, 0xa, 0xa9, 0x7e, 0xb8,
    0x84, 0x12, 0x92, 0x54, 0xd3, 0x2a, 0x19, 0x80,

    /* U+6E90 "源" */
    0x9f, 0xea, 0x20, 0x5f, 0x4a, 0x25, 0x7c, 0x28,
    0x85, 0xf2, 0x88, 0x55, 0x52, 0xa6, 0xac, 0x80,

    /* U+6E9C "溜" */
    0x42, 0x5, 0xbc, 0x22, 0xc5, 0x54, 0xd6, 0x0,
    0x3, 0xfa, 0x49, 0x4f, 0xf1, 0x26, 0x3f, 0x80,

    /* U+6EA2 "溢" */
    0x88, 0x28, 0x88, 0x7f, 0xc0, 0x4, 0x44, 0x10,
    0x40, 0x2, 0x7f, 0x4a, 0xb1, 0x56, 0x7f, 0x80,

    /* U+6EAA "溪" */
    0x1f, 0xb2, 0x45, 0x25, 0x2, 0x48, 0x92, 0xbf,
    0xc0, 0x42, 0xff, 0x42, 0x90, 0x8a, 0x60, 0x80,

    /* U+6EAF "溯" */
    0x25, 0xf5, 0x25, 0xfc, 0x84, 0xfa, 0x92, 0xd2,
    0x4f, 0xf8, 0x49, 0x29, 0x2a, 0x46, 0x49, 0x80,

    /* U+6EB6 "溶" */
    0x81, 0xb, 0xfc, 0x52, 0xc4, 0x24, 0x30, 0x9,
    0x6, 0x1a, 0x7e, 0x48, 0x51, 0xa, 0x3f, 0x0,

    /* U+6EBA "溺" */
    0x9e, 0xe8, 0x44, 0x8, 0xcf, 0x75, 0x8, 0x3d,
    0xc4, 0x8a, 0x55, 0x46, 0x71, 0x56, 0x59, 0x80,

    /* U+6EC1 "滁" */
    0x1d, 0x92, 0xc9, 0x50, 0x8d, 0xf9, 0x48, 0xa9,
    0x5, 0xf8, 0xa4, 0x3a, 0xca, 0x96, 0x46, 0x0,

    /* U+6EC7 "滇" */
    0x41, 0x5, 0xfc, 0x4, 0x43, 0xe4, 0x44, 0xf,
    0x81, 0x12, 0x22, 0x5f, 0xf0, 0x8a, 0x60, 0x80,

    /* U+6ECB "滋" */
    0x88, 0x48, 0x90, 0x7f, 0xc4, 0x24, 0x84, 0x25,
    0x7, 0x3a, 0x42, 0x50, 0x92, 0x96, 0x6b, 0x80,

    /* U+6ED1 "滑" */
    0x4f, 0xc5, 0x8, 0x39, 0x45, 0x25, 0xfe, 0x20,
    0x43, 0xf2, 0x42, 0x4f, 0xd1, 0xa, 0x23, 0x0,

    /* U+6ED3 "滓" */
    0x81, 0xb, 0xfc, 0x44, 0xc7, 0xe4, 0x48, 0x9,
    0x7, 0xfa, 0x8, 0x4f, 0xd0, 0x22, 0x4, 0x0,

    /* U+6ED4 "滔" */
    0x80, 0x6b, 0xf0, 0x48, 0xc4, 0xa4, 0x20, 0x39,
    0xc4, 0xa, 0xf7, 0x50, 0x32, 0x6, 0x7f, 0x80,

    /* U+6EDA "滚" */
    0x1, 0x13, 0xfd, 0x12, 0x5, 0x29, 0x2a, 0x88,
    0x83, 0xf2, 0x29, 0x59, 0x51, 0x12, 0x39, 0x80,

    /* U+6EDE "滞" */
    0x8a, 0x4b, 0xfc, 0x29, 0x40, 0x5, 0xfe, 0x24,
    0x43, 0xf2, 0x52, 0x4a, 0x51, 0x5a, 0x8, 0x0,

    /* U+6EE1 "满" */
    0x84, 0x8b, 0xfc, 0x12, 0x4f, 0xf4, 0x48, 0x3f,
    0xc5, 0x2a, 0xa5, 0x5b, 0x72, 0x6, 0x41, 0x80,

    /* U+6EE4 "滤" */
    0x83, 0xc8, 0x40, 0x7f, 0xc9, 0x15, 0x3c, 0x3c,
    0x44, 0xfa, 0x90, 0x55, 0x12, 0x8a, 0xae, 0x80,

    /* U+6EE5 "滥" */
    0x85, 0xa, 0xa0, 0x57, 0xcb, 0x5, 0x48, 0x8,
    0x80, 0x2, 0x7f, 0x4a, 0xb1, 0x56, 0x7f, 0x80,

    /* U+6EE6 "滦" */
    0x1, 0x13, 0xfd, 0xa, 0x5, 0x69, 0x2a, 0x89,
    0x0, 0x42, 0xff, 0x45, 0x11, 0x2a, 0x44, 0x80,

    /* U+6EE8 "滨" */
    0x41, 0x5, 0xfc, 0x22, 0xc3, 0x84, 0x40, 0xf,
    0x81, 0x22, 0x24, 0x5f, 0xf0, 0x8a, 0x60, 0x80,

    /* U+6EE9 "滩" */
    0x81, 0x4b, 0xa8, 0x17, 0xcb, 0xa5, 0x5e, 0x2a,
    0x82, 0x52, 0x4f, 0x55, 0x52, 0xaa, 0x87, 0x80,

    /* U+6EF4 "滴" */
    0x81, 0xb, 0xfc, 0x11, 0x4f, 0xf5, 0x12, 0x2f,
    0x44, 0x4a, 0xbd, 0x54, 0xb2, 0xf6, 0x41, 0x80,

    /* U+6F02 "漂" */
    0x4f, 0xe4, 0x50, 0x3f, 0xc5, 0x54, 0xfe, 0x0,
    0x1, 0xf2, 0x0, 0x4f, 0xf0, 0xaa, 0x2c, 0x80,

    /* U+6F06 "漆" */
    0x81, 0xb, 0xfc, 0x15, 0x44, 0x95, 0x28, 0x18,
    0xc4, 0x4a, 0x4a, 0x45, 0x91, 0x2a, 0x4c, 0x80,

    /* U+6F0F "漏" */
    0x9f, 0xea, 0x4, 0x7f, 0xc8, 0x5, 0x7e, 0x21,
    0x5, 0xfa, 0xb7, 0x55, 0xb2, 0xde, 0x96, 0x80,

    /* U+6F13 "漓" */
    0x81, 0xb, 0xfc, 0xa, 0x44, 0x94, 0xaa, 0x1f,
    0xc0, 0x42, 0xff, 0x52, 0xb2, 0xee, 0x40, 0x80,

    /* U+6F14 "演" */
    0x81, 0xb, 0xfc, 0x40, 0xc7, 0xe4, 0x10, 0x1f,
    0x82, 0x52, 0x7e, 0x49, 0x51, 0xfa, 0x61, 0x80,

    /* U+6F20 "漠" */
    0x84, 0x8b, 0xfc, 0x12, 0x47, 0xe4, 0x84, 0x1f,
    0x82, 0x12, 0xff, 0x43, 0x10, 0x92, 0x61, 0x80,

    /* U+6F2B "漫" */
    0x4f, 0xc5, 0x8, 0x3f, 0x44, 0x25, 0xfe, 0x29,
    0x47, 0xfa, 0x42, 0x44, 0x90, 0x62, 0x73, 0x80,

    /* U+6F31 "漱" */
    0x89, 0xf, 0xe0, 0x27, 0xdf, 0x96, 0xaa, 0x55,
    0xf, 0xa2, 0x44, 0x5d, 0x55, 0x2a, 0x28, 0x80,

    /* U+6F33 "漳" */
    0x81, 0x9, 0xf8, 0x12, 0x4f, 0xf4, 0x84, 0x1f,
    0x82, 0x12, 0x7e, 0x41, 0x13, 0xfe, 0x4, 0x0,

    /* U+6F3E "漾" */
    0x84, 0x4b, 0xfc, 0x4, 0x47, 0xe4, 0x10, 0x3f,
    0xc0, 0x82, 0xfb, 0x45, 0x91, 0x2a, 0x4c, 0x80,

    /* U+6F4D "潍" */
    0x89, 0x49, 0x28, 0x47, 0xca, 0xa5, 0xbe, 0x12,
    0x84, 0x52, 0xef, 0x41, 0x50, 0xaa, 0x67, 0x80,

    /* U+6F58 "潘" */
    0x40, 0xe5, 0xe0, 0x15, 0x4f, 0xf4, 0x54, 0x12,
    0x47, 0xfa, 0x49, 0x4f, 0xf1, 0x26, 0x3f, 0x80,

    /* U+6F5C "潜" */
    0x44, 0x45, 0xdc, 0x11, 0x4f, 0x74, 0x44, 0x35,
    0x43, 0xf2, 0x42, 0x4f, 0xd1, 0xa, 0x3f, 0x0,

    /* U+6F5E "潞" */
    0x9e, 0x8a, 0x5c, 0x4c, 0xcf, 0x54, 0x44, 0x9,
    0x45, 0xc2, 0xaf, 0x55, 0x32, 0xe6, 0xe7, 0x80,

    /* U+6F66 "潦" */
    0x81, 0xb, 0xfc, 0x2a, 0xc3, 0xe4, 0xc6, 0x2f,
    0x81, 0x12, 0x3e, 0x41, 0x11, 0x2a, 0x4c, 0x80,

    /* U+6F6D "潭" */
    0x9f, 0xe8, 0x90, 0x7f, 0xca, 0x55, 0xfe, 0x10,
    0x83, 0xf2, 0x42, 0x5f, 0xf0, 0x22, 0x4, 0x0,

    /* U+6F6E "潮" */
    0x84, 0xeb, 0xd4, 0x12, 0xcf, 0x75, 0x2a, 0x3d,
    0x44, 0xba, 0xf5, 0x44, 0xb3, 0xd6, 0x15, 0x80,

    /* U+6F84 "澄" */
    0x4e, 0xa4, 0x58, 0x2a, 0xc2, 0x24, 0xfc, 0x20,
    0x43, 0xf2, 0x42, 0x4f, 0xd0, 0x92, 0x7f, 0x80,

    /* U+6F88 "澈" */
    0x84, 0x8b, 0xd0, 0x23, 0xc9, 0x55, 0xd2, 0x25,
    0x47, 0xaa, 0x95, 0x5e, 0x52, 0x56, 0x5c, 0x80,

    /* U+6F8E "澎" */
    0x88, 0x2b, 0xe8, 0x22, 0x4f, 0x4, 0x2, 0x3c,
    0x84, 0xa2, 0xf0, 0x52, 0x31, 0x6a, 0x72, 0x0,

    /* U+6F9C "澜" */
    0x93, 0xe9, 0x4, 0x4, 0xcb, 0xf5, 0x12, 0x2f,
    0xc5, 0x5a, 0xab, 0x57, 0xf2, 0x76, 0x55, 0x80,

    /* U+6FA1 "澡" */
    0x47, 0xc4, 0x88, 0x1f, 0x47, 0x74, 0xaa, 0x1d,
    0xc0, 0x42, 0xff, 0x43, 0x90, 0xaa, 0x64, 0x80,

    /* U+6FB3 "澳" */
    0x41, 0x5, 0xfc, 0x35, 0xc4, 0x94, 0xfe, 0x17,
    0x43, 0x5a, 0xff, 0x42, 0x90, 0x8a, 0x60, 0x80,

    /* U+6FC0 "激" */
    0x88, 0x8b, 0xd0, 0x4b, 0xcf, 0x95, 0x2a, 0x3d,
    0x41, 0x2a, 0xfd, 0x4a, 0x51, 0x56, 0x5c, 0x80,

    /* U+6FD2 "濒" */
    0x8b, 0xe9, 0x90, 0xaf, 0xd5, 0x17, 0xea, 0x15,
    0x4a, 0xaa, 0x55, 0x44, 0x91, 0x2a, 0xc8, 0x80,

    /* U+7011 "瀑" */
    0x4f, 0xc5, 0x8, 0x3f, 0x44, 0x25, 0xfe, 0x9,
    0x7, 0xfa, 0x2a, 0x5b, 0xb0, 0xaa, 0x6c, 0x80,

    /* U+704C "灌" */
    0x44, 0x45, 0xfc, 0x11, 0x45, 0x54, 0xee, 0x9,
    0x1, 0xfa, 0x64, 0x57, 0xf0, 0x92, 0x1f, 0x80,

    /* U+706B "火" */
    0x4, 0x0, 0x80, 0x91, 0x12, 0x24, 0x48, 0x8,
    0x2, 0x80, 0x50, 0x11, 0x4, 0x13, 0x1, 0x80,

    /* U+706D "灭" */
    0xff, 0xe0, 0x80, 0x10, 0x12, 0x22, 0x44, 0x89,
    0x2, 0x80, 0x50, 0x11, 0x4, 0x13, 0x1, 0x80,

    /* U+706F "灯" */
    0x27, 0xe4, 0x12, 0x82, 0x58, 0x4a, 0x8, 0x41,
    0x8, 0x21, 0x4, 0x50, 0x8a, 0x12, 0xe, 0x0,

    /* U+7070 "灰" */
    0x20, 0x1f, 0xfc, 0x80, 0x11, 0x2, 0xa4, 0x54,
    0x8c, 0xa2, 0x10, 0x45, 0x11, 0x10, 0xc1, 0x80,

    /* U+7075 "灵" */
    0x7f, 0xc0, 0x8, 0xff, 0x0, 0x27, 0xfc, 0x8,
    0x9, 0x12, 0x24, 0xa, 0x6, 0x33, 0x1, 0x80,

    /* U+7076 "灶" */
    0x21, 0x4, 0x22, 0x84, 0x58, 0x8a, 0x7c, 0x42,
    0x8, 0x41, 0x8, 0x51, 0xa, 0x22, 0x3f, 0x80,

    /* U+7078 "灸" */
    0x10, 0x7, 0xe3, 0x4, 0x3, 0x1, 0x99, 0xc0,
    0xc9, 0x12, 0x24, 0xa, 0x6, 0x33, 0x1, 0x80,

    /* U+707C "灼" */
    0x24, 0x4, 0x82, 0xdf, 0xd4, 0x1a, 0x2, 0x44,
    0x48, 0x49, 0x9, 0x50, 0x2a, 0x6, 0x3, 0x0,

    /* U+707E "灾" */
    0x4, 0x1f, 0xfe, 0x0, 0x82, 0x2, 0x44, 0x48,
    0x92, 0xa0, 0x50, 0x11, 0x4, 0x13, 0x1, 0x80,

    /* U+707F "灿" */
    0x21, 0x4, 0x22, 0x84, 0x5c, 0x9a, 0x92, 0x52,
    0x4a, 0x49, 0x49, 0x59, 0x29, 0x26, 0x3f, 0x80,

    /* U+7089 "炉" */
    0x21, 0x4, 0x12, 0x9f, 0xda, 0x1a, 0x42, 0x4f,
    0xc9, 0x1, 0x20, 0x54, 0xa, 0x82, 0x20, 0x0,

    /* U+708A "炊" */
    0x24, 0x4, 0x82, 0x9f, 0xda, 0x1a, 0x94, 0x42,
    0x8, 0x41, 0x14, 0x52, 0x8a, 0x8a, 0x20, 0x80,

    /* U+708E "炎" */
    0x4, 0x4, 0x89, 0x12, 0x5, 0x3, 0x19, 0x88,
    0xc9, 0x12, 0x24, 0xa, 0x6, 0x33, 0x1, 0x80,

    /* U+7092 "炒" */
    0x21, 0x4, 0x22, 0x95, 0x5a, 0x9a, 0x52, 0x52,
    0x8, 0x49, 0x2, 0x50, 0x8a, 0x62, 0x30, 0x0,

    /* U+7094 "炔" */
    0x21, 0x4, 0x22, 0x9f, 0x58, 0xaa, 0x14, 0x42,
    0x8b, 0xf9, 0x8, 0x52, 0x8a, 0x8a, 0x20, 0x80,

    /* U+7095 "炕" */
    0x22, 0x4, 0x22, 0xbf, 0xd8, 0xa, 0x78, 0x49,
    0x9, 0x21, 0x24, 0x54, 0xaa, 0x96, 0x23, 0x80,

    /* U+7099 "炙" */
    0xf, 0xee, 0x48, 0x26, 0x3, 0xf, 0x80, 0x8,
    0x9, 0x12, 0x24, 0xa, 0x6, 0x33, 0x1, 0x80,

    /* U+70AC "炬" */
    0x27, 0xe4, 0x82, 0x90, 0x5b, 0xfa, 0x42, 0x48,
    0x49, 0x9, 0x3f, 0x54, 0xa, 0x82, 0x1f, 0x80,

    /* U+70AD "炭" */
    0x44, 0x48, 0x89, 0xff, 0x10, 0xf, 0xfe, 0x44,
    0xa, 0x92, 0x94, 0x42, 0x11, 0xb0, 0xc1, 0x80,

    /* U+70AE "炮" */
    0x24, 0x4, 0xfe, 0xa0, 0xdb, 0xda, 0x4a, 0x49,
    0x49, 0xe9, 0x23, 0x54, 0xa, 0x86, 0xf, 0x80,

    /* U+70AF "炯" */
    0x2f, 0xe5, 0x6, 0xa0, 0xdd, 0xda, 0xaa, 0x55,
    0x4a, 0xa9, 0x5d, 0x58, 0x29, 0x6, 0x21, 0x80,

    /* U+70B3 "炳" */
    0x2f, 0xe4, 0x22, 0xc4, 0x57, 0xfa, 0x92, 0x52,
    0x4a, 0xa9, 0x63, 0x58, 0x29, 0x6, 0x21, 0x80,

    /* U+70B8 "炸" */
    0x22, 0x4, 0x42, 0x8f, 0xda, 0x8a, 0x90, 0x43,
    0xc8, 0x41, 0x8, 0x51, 0xea, 0x22, 0x4, 0x0,

    /* U+70B9 "点" */
    0x4, 0x0, 0xfc, 0x10, 0x2, 0x7, 0xfc, 0x80,
    0x90, 0x13, 0xfe, 0x0, 0xa, 0x4a, 0x24, 0x80,

    /* U+70BC "炼" */
    0x22, 0x5, 0xfe, 0x90, 0x5f, 0x8a, 0x90, 0x5f,
    0xc8, 0x41, 0x2a, 0x55, 0x29, 0x26, 0xc, 0x0,

    /* U+70BD "炽" */
    0x27, 0xc4, 0x8a, 0x91, 0x5a, 0x2a, 0x44, 0x4f,
    0x88, 0x1, 0x0, 0x52, 0x8a, 0x8a, 0x20, 0x80,

    /* U+70C1 "烁" */
    0x20, 0xc4, 0xe2, 0xd0, 0x54, 0x8a, 0x90, 0x5f,
    0xc8, 0x41, 0x2a, 0x55, 0x29, 0x26, 0xc, 0x0,

    /* U+70C2 "烂" */
    0x24, 0x44, 0x52, 0xbf, 0xd8, 0xa, 0x0, 0x40,
    0x9, 0xf1, 0x0, 0x50, 0xa, 0x2, 0x3f, 0x80,

    /* U+70C3 "烃" */
    0x27, 0xc4, 0xa, 0x82, 0x58, 0x8a, 0x28, 0x58,
    0xc9, 0xf1, 0x8, 0x51, 0xa, 0x22, 0x3f, 0x80,

    /* U+70C8 "烈" */
    0xfc, 0x24, 0x24, 0xf4, 0xb2, 0x99, 0x52, 0x12,
    0x4c, 0xe, 0x3, 0x0, 0xa, 0x4a, 0x24, 0x80,

    /* U+70D8 "烘" */
    0x22, 0x44, 0x4a, 0xbf, 0xd9, 0x2a, 0x24, 0x44,
    0x8b, 0xf9, 0x0, 0x52, 0x4a, 0x86, 0x20, 0x80,

    /* U+70D9 "烙" */
    0x22, 0x4, 0x7a, 0xd1, 0x55, 0x4a, 0x10, 0x45,
    0xb, 0x19, 0x3e, 0x54, 0x4a, 0x8a, 0x1f, 0x0,

    /* U+70DB "烛" */
    0x21, 0x4, 0x22, 0xbf, 0xdc, 0x9a, 0x92, 0x52,
    0x4b, 0xf9, 0x8, 0x51, 0x4a, 0x36, 0x38, 0x80,

    /* U+70DF "烟" */
    0x2f, 0xe5, 0x6, 0xa4, 0xdc, 0x9a, 0xfe, 0x52,
    0x4a, 0xa9, 0x55, 0x5c, 0x69, 0x6, 0x3f, 0x80,

    /* U+70E4 "烤" */
    0x21, 0x4, 0xf6, 0xc5, 0x57, 0xfa, 0x10, 0x47,
    0xcb, 0x81, 0x1e, 0x50, 0x4a, 0xa, 0x6, 0x0,

    /* U+70E6 "烦" */
    0x2f, 0xe4, 0x22, 0xbf, 0xdc, 0x1a, 0x92, 0x52,
    0x4a, 0x49, 0x49, 0x52, 0x8a, 0x8a, 0x20, 0x80,

    /* U+70E7 "烧" */
    0x22, 0x4, 0x4e, 0xbe, 0x59, 0x2a, 0x1a, 0x5c,
    0xc8, 0x1, 0x7f, 0x52, 0x8a, 0x96, 0x23, 0x80,

    /* U+70E9 "烩" */
    0x21, 0x4, 0x52, 0xd1, 0x54, 0x1a, 0x7c, 0x40,
    0x8, 0x1, 0x7f, 0x52, 0xa, 0x8a, 0x3e, 0x80,

    /* U+70EB "烫" */
    0x4f, 0xc4, 0x22, 0x3f, 0xa2, 0x52, 0x93, 0x84,
    0xc0, 0x1, 0x22, 0x44, 0x81, 0x43, 0xc7, 0x80,

    /* U+70EC "烬" */
    0x27, 0xe4, 0x86, 0x90, 0xdb, 0xfa, 0x44, 0x48,
    0x8a, 0x89, 0x4d, 0x50, 0xa, 0xc2, 0x7, 0x0,

    /* U+70ED "热" */
    0x21, 0x1e, 0xf8, 0x85, 0x10, 0xa3, 0x65, 0xc4,
    0x89, 0x4b, 0x25, 0x0, 0xa, 0x4a, 0x24, 0x80,

    /* U+70EF "烯" */
    0x26, 0x64, 0x32, 0xb9, 0xd8, 0x8a, 0xfe, 0x45,
    0x9, 0xf9, 0x65, 0x54, 0xaa, 0x9e, 0x2, 0x0,

    /* U+70F7 "烷" */
    0x21, 0x5, 0xfe, 0xa0, 0xdb, 0xea, 0x0, 0x40,
    0xb, 0xf9, 0x14, 0x52, 0x8a, 0x96, 0x23, 0x80,

    /* U+70F9 "烹" */
    0x4, 0x1f, 0xfc, 0x82, 0x1f, 0xc0, 0x0, 0xff,
    0x0, 0x80, 0x20, 0xc, 0xa, 0x4a, 0x24, 0x80,

    /* U+70FD "烽" */
    0x22, 0x4, 0x7a, 0xb1, 0x59, 0xca, 0xd6, 0x4f,
    0x88, 0x41, 0x3e, 0x51, 0x9, 0xfe, 0x4, 0x0,

    /* U+7109 "焉" */
    0xff, 0xe0, 0x80, 0x9f, 0x12, 0xf, 0xfe, 0x40,
    0xf, 0xf2, 0x0, 0x7f, 0xe0, 0x6, 0x55, 0x80,

    /* U+710A "焊" */
    0x27, 0xc4, 0x8a, 0x9f, 0x5a, 0x2a, 0x7c, 0x40,
    0x9, 0xf1, 0x8, 0x5f, 0xea, 0x22, 0x4, 0x0,

    /* U+7115 "焕" */
    0x22, 0x4, 0x72, 0xd2, 0x57, 0xea, 0x94, 0x52,
    0x8a, 0x51, 0x7f, 0x52, 0x8a, 0x8a, 0x20, 0x80,

    /* U+7119 "焙" */
    0x21, 0x4, 0xfa, 0x80, 0x5a, 0x2a, 0x28, 0x5f,
    0xc8, 0x1, 0x3e, 0x54, 0x4a, 0x8a, 0x1f, 0x0,

    /* U+711A "焚" */
    0x20, 0x9f, 0x7c, 0x82, 0x38, 0xea, 0xaa, 0x41,
    0x9, 0x12, 0x24, 0xa, 0x6, 0x33, 0x1, 0x80,

    /* U+7126 "焦" */
    0x22, 0xf, 0xff, 0x8, 0x3f, 0xe4, 0x20, 0xff,
    0x90, 0x83, 0xff, 0x0, 0xa, 0x4a, 0x24, 0x80,

    /* U+7130 "焰" */
    0x22, 0x4, 0x7a, 0xd1, 0x54, 0x4a, 0x20, 0x59,
    0xca, 0x9, 0x77, 0x58, 0x29, 0x6, 0x3f, 0x80,

    /* U+7136 "然" */
    0x41, 0x4f, 0x25, 0x3f, 0x54, 0x81, 0x10, 0xa5,
    0x9, 0x16, 0x41, 0x0, 0xa, 0x4a, 0x24, 0x80,

    /* U+714C "煌" */
    0x21, 0x4, 0xfa, 0x91, 0x5b, 0xea, 0x44, 0x48,
    0x8b, 0xf9, 0x8, 0x57, 0xca, 0x22, 0x3f, 0x80,

    /* U+714E "煎" */
    0x11, 0x1f, 0xfc, 0x0, 0x3e, 0xa4, 0x54, 0xfa,
    0x91, 0x52, 0x66, 0x0, 0xa, 0x4a, 0x24, 0x80,

    /* U+715E "煞" */
    0x7a, 0x11, 0x7c, 0x49, 0x3c, 0x20, 0x95, 0xf9,
    0x2, 0x53, 0xd1, 0x0, 0xa, 0x4a, 0x24, 0x80,

    /* U+7164 "煤" */
    0x24, 0x45, 0xfe, 0x91, 0x5b, 0xea, 0x44, 0x4f,
    0x88, 0x41, 0x7f, 0x53, 0x8a, 0xaa, 0x24, 0x80,

    /* U+7167 "照" */
    0xf7, 0xf2, 0x26, 0x48, 0xfa, 0x39, 0x1, 0x2f,
    0xe5, 0xf, 0xbf, 0x0, 0xa, 0x4a, 0x24, 0x80,

    /* U+716E "煮" */
    0x8, 0x2f, 0xe8, 0x22, 0x7f, 0xf2, 0x4, 0xff,
    0xa8, 0x11, 0xfe, 0x0, 0xa, 0x4a, 0x24, 0x80,

    /* U+717D "煽" */
    0x21, 0x5, 0xfe, 0xe0, 0xd7, 0xfa, 0x80, 0x5e,
    0xca, 0x49, 0x6d, 0x5b, 0x69, 0xb6, 0x4d, 0x80,

    /* U+7184 "熄" */
    0x22, 0x5, 0xfa, 0xa1, 0x5f, 0xea, 0x84, 0x5f,
    0x8a, 0x11, 0x7e, 0x55, 0x9, 0x8a, 0x5e, 0x80,

    /* U+718A "熊" */
    0x42, 0x72, 0x73, 0xe8, 0xc4, 0xff, 0xa5, 0x17,
    0x3e, 0x8c, 0x4f, 0x0, 0xa, 0x4a, 0x24, 0x80,

    /* U+718F "熏" */
    0x7f, 0xc0, 0x83, 0xff, 0x82, 0x7, 0xfc, 0xaa,
    0x9f, 0xf0, 0x20, 0xff, 0xea, 0x4a, 0x24, 0x80,

    /* U+7194 "熔" */
    0x21, 0x5, 0xfe, 0xaa, 0xda, 0x2a, 0x10, 0x45,
    0xb, 0x19, 0x3e, 0x54, 0x4a, 0x8a, 0x1f, 0x0,

    /* U+7199 "熙" */
    0xfb, 0xf2, 0x46, 0xe8, 0xd5, 0xfa, 0xa1, 0x74,
    0x24, 0x8f, 0xcf, 0x0, 0xa, 0x4a, 0x24, 0x80,

    /* U+719F "熟" */
    0x11, 0x1f, 0xa1, 0x2f, 0x3c, 0xa1, 0x35, 0xfa,
    0x84, 0xa9, 0xa1, 0x0, 0xa, 0x4a, 0x24, 0x80,

    /* U+71AC "熬" */
    0x21, 0x1f, 0x3c, 0x89, 0x7e, 0xa4, 0x14, 0xf1,
    0x12, 0x54, 0xd1, 0x0, 0xa, 0x4a, 0x24, 0x80,

    /* U+71C3 "燃" */
    0x2e, 0xa5, 0x56, 0xaf, 0xdb, 0x4a, 0xa8, 0x49,
    0xa, 0x52, 0x91, 0x40, 0x11, 0x4a, 0x44, 0x80,

    /* U+71CE "燎" */
    0x21, 0x5, 0xfe, 0xaa, 0xdb, 0xea, 0xc6, 0x4f,
    0x89, 0x11, 0x3e, 0x51, 0xa, 0xaa, 0x2c, 0x80,

    /* U+71D5 "燕" */
    0x11, 0x1f, 0xfc, 0x44, 0xf, 0x82, 0xb, 0xdd,
    0x8a, 0xab, 0x77, 0x80, 0xa, 0x4a, 0x24, 0x80,

    /* U+71E5 "燥" */
    0x27, 0xc4, 0x8a, 0xdf, 0x57, 0x7a, 0xaa, 0x5d,
    0xc8, 0x41, 0x7f, 0x53, 0x8a, 0xaa, 0x24, 0x80,

    /* U+7206 "爆" */
    0x27, 0xc4, 0x8a, 0x9f, 0x5a, 0x2a, 0xfe, 0x45,
    0xb, 0xf9, 0x2a, 0x5b, 0xaa, 0xaa, 0x2c, 0x80,

    /* U+722A "爪" */
    0x3, 0xcf, 0x91, 0x12, 0x22, 0x44, 0x48, 0x89,
    0x11, 0x22, 0x24, 0x44, 0x48, 0x8a, 0x10, 0x80,

    /* U+722C "爬" */
    0x1c, 0x1d, 0x7e, 0xaa, 0xd5, 0x5a, 0xbf, 0x54,
    0x2a, 0x8d, 0x51, 0xa9, 0xf4, 0x82, 0x8f, 0x80,

    /* U+7231 "爱" */
    0x1, 0xcf, 0xc8, 0x92, 0x7f, 0xf8, 0x82, 0xff,
    0x84, 0x1, 0xfc, 0xd0, 0x81, 0xe1, 0xc3, 0x80,

    /* U+7235 "爵" */
    0x1, 0xcf, 0xc8, 0x92, 0x7f, 0xf9, 0x13, 0xff,
    0xd2, 0x13, 0xdf, 0x41, 0x49, 0x9, 0xd3, 0x0,

    /* U+7236 "父" */
    0x11, 0x4, 0x11, 0x1, 0x50, 0x52, 0x8, 0x22,
    0x2, 0x80, 0x20, 0xa, 0x6, 0x33, 0x1, 0x80,

    /* U+7237 "爷" */
    0x11, 0x4, 0x13, 0x45, 0x87, 0x3, 0x19, 0x80,
    0xcf, 0xe0, 0x44, 0x8, 0x81, 0x60, 0x20, 0x0,

    /* U+7238 "爸" */
    0x11, 0x4, 0x13, 0x45, 0x87, 0x3, 0x19, 0x80,
    0xdf, 0xf2, 0x22, 0x7f, 0xc8, 0x4, 0xff, 0x80,

    /* U+7239 "爹" */
    0x31, 0x9a, 0x2c, 0x38, 0x1a, 0xcc, 0xf6, 0x32,
    0x19, 0x80, 0xde, 0xec, 0x40, 0x70, 0xf0, 0x0,

    /* U+723D "爽" */
    0x4, 0x1f, 0xfc, 0x10, 0x2a, 0xa2, 0x48, 0xaa,
    0x89, 0x22, 0xaa, 0xa, 0x6, 0x33, 0x1, 0x80,

    /* U+7247 "片" */
    0x21, 0x4, 0x20, 0x84, 0x1f, 0xf2, 0x0, 0x40,
    0xf, 0xe1, 0x4, 0x40, 0x88, 0x12, 0x2, 0x0,

    /* U+7248 "版" */
    0x50, 0x6a, 0xf1, 0x50, 0x3e, 0x4, 0x7e, 0x88,
    0x5d, 0x8a, 0xaa, 0x54, 0x8a, 0xaa, 0x68, 0x80,

    /* U+724C "牌" */
    0x52, 0xa, 0xfd, 0x54, 0xbf, 0xf4, 0x52, 0x8f,
    0xdc, 0xa2, 0xa4, 0x5f, 0xea, 0x12, 0x42, 0x0,

    /* U+7259 "牙" */
    0x7f, 0xc4, 0x20, 0x84, 0x20, 0x87, 0xfe, 0x6,
    0x1, 0x40, 0x48, 0x31, 0x18, 0x20, 0x1c, 0x0,

    /* U+725B "牛" */
    0x44, 0x8, 0x81, 0xff, 0x22, 0x8, 0x40, 0x8,
    0x3f, 0xf8, 0x20, 0x4, 0x0, 0x80, 0x10, 0x0,

    /* U+725F "牟" */
    0x10, 0x4, 0x11, 0xfd, 0x0, 0x4, 0x40, 0xff,
    0xa1, 0x0, 0x20, 0xff, 0xe0, 0x80, 0x10, 0x0,

    /* U+7261 "牡" */
    0x21, 0x14, 0x23, 0xc4, 0x50, 0x82, 0x7c, 0x62,
    0x38, 0x41, 0x8, 0x21, 0x4, 0x20, 0xbf, 0x80,

    /* U+7262 "牢" */
    0x4, 0x1f, 0xfe, 0x0, 0x92, 0x3, 0xfc, 0x88,
    0x1, 0x7, 0xff, 0x4, 0x0, 0x80, 0x10, 0x0,

    /* U+7267 "牧" */
    0x22, 0x14, 0x43, 0xcf, 0xd2, 0x22, 0xa4, 0x64,
    0xb8, 0xa1, 0x14, 0x21, 0x4, 0x50, 0xb1, 0x80,

    /* U+7269 "物" */
    0x24, 0x14, 0x83, 0xdf, 0xd5, 0x52, 0x2a, 0x65,
    0x79, 0x29, 0x29, 0x29, 0x24, 0x44, 0x93, 0x0,

    /* U+7272 "牲" */
    0x24, 0x94, 0x93, 0xdf, 0xd2, 0x42, 0x88, 0x61,
    0x39, 0xf9, 0x4, 0x20, 0x84, 0x10, 0xbf, 0x80,

    /* U+7275 "牵" */
    0x4, 0x1f, 0xfc, 0x44, 0x10, 0x4f, 0xff, 0x48,
    0x4f, 0xf2, 0x20, 0x4, 0x1f, 0xfc, 0x10, 0x0,

    /* U+7279 "特" */
    0x21, 0x14, 0xfb, 0xc4, 0x50, 0x82, 0xfe, 0x60,
    0xbb, 0xf9, 0x22, 0x22, 0x44, 0x8, 0x87, 0x0,

    /* U+727A "牺" */
    0x2f, 0xf4, 0x53, 0xca, 0x57, 0xf2, 0xaa, 0x75,
    0x7a, 0xa9, 0x57, 0x2c, 0x25, 0x4, 0xbf, 0x80,

    /* U+7280 "犀" */
    0x7f, 0xe8, 0x5, 0xff, 0xa1, 0x7, 0x26, 0x95,
    0x1c, 0x9a, 0xfe, 0x62, 0xb, 0xfe, 0x8, 0x0,

    /* U+7281 "犁" */
    0xfd, 0x22, 0x27, 0xf4, 0x98, 0x95, 0x93, 0x28,
    0xd1, 0x3, 0xfe, 0x84, 0x1f, 0xfc, 0x10, 0x0,

    /* U+728A "犊" */
    0x21, 0x14, 0xfb, 0xc4, 0x57, 0xf2, 0x22, 0x6b,
    0x38, 0xa1, 0x7f, 0x21, 0x4, 0x48, 0xb0, 0x80,

    /* U+72AC "犬" */
    0x4, 0x80, 0x88, 0x10, 0x7f, 0xf0, 0x40, 0x14,
    0x2, 0x80, 0x88, 0x11, 0x4, 0x13, 0x1, 0x80,

    /* U+72AF "犯" */
    0xaf, 0xc9, 0x9, 0x21, 0x54, 0x22, 0x84, 0x53,
    0x9a, 0x5, 0x40, 0x28, 0x25, 0x7, 0x1f, 0x80,

    /* U+72B6 "状" */
    0x21, 0x44, 0x26, 0x84, 0x37, 0xf2, 0x10, 0x45,
    0x8, 0xa3, 0x14, 0xa4, 0x44, 0x88, 0xa0, 0x80,

    /* U+72B9 "犹" */
    0xa1, 0x48, 0x25, 0x4, 0x57, 0xf2, 0x10, 0x45,
    0x18, 0xa5, 0x14, 0x24, 0xa4, 0x97, 0x23, 0x80,

    /* U+72C2 "狂" */
    0xaf, 0xe8, 0x21, 0x4, 0x50, 0x82, 0x10, 0x5f,
    0xd8, 0x45, 0x8, 0x21, 0x4, 0x23, 0x3f, 0x80,

    /* U+72C4 "狄" */
    0xa1, 0x8, 0x21, 0x14, 0xd2, 0x92, 0x94, 0x42,
    0x18, 0x45, 0x14, 0x22, 0x84, 0x8b, 0x60, 0x80,

    /* U+72C8 "狈" */
    0xaf, 0xe9, 0x5, 0x24, 0xd4, 0x92, 0x92, 0x52,
    0x5a, 0x4d, 0x49, 0x22, 0x84, 0x8b, 0x20, 0x80,

    /* U+72D0 "狐" */
    0xa0, 0xe9, 0xe9, 0x25, 0x54, 0xa2, 0x94, 0x52,
    0x9a, 0x55, 0x4a, 0x2a, 0x45, 0x57, 0x5d, 0x80,

    /* U+72D7 "狗" */
    0xa4, 0x8, 0xfd, 0x20, 0xd8, 0x12, 0x7a, 0x49,
    0x59, 0x2d, 0x25, 0x27, 0xa4, 0x7, 0x3, 0x0,

    /* U+72D9 "狙" */
    0xaf, 0xc9, 0x9, 0x21, 0x57, 0xe2, 0x84, 0x50,
    0x9b, 0xf5, 0x42, 0x28, 0x45, 0xb, 0x7f, 0x80,

    /* U+72DE "狞" */
    0xa1, 0x9, 0xfd, 0x20, 0xd0, 0x2, 0xfe, 0x42,
    0x18, 0x45, 0x8, 0x21, 0x4, 0x23, 0x1c, 0x0,

    /* U+72E0 "狠" */
    0xaf, 0xc9, 0x9, 0x3f, 0x54, 0x22, 0x84, 0x5f,
    0x9a, 0x4d, 0x4a, 0x28, 0x85, 0x4b, 0x30, 0x80,

    /* U+72E1 "狡" */
    0xa1, 0x9, 0xfd, 0x0, 0x52, 0x22, 0x82, 0x68,
    0x99, 0x15, 0x14, 0x21, 0x4, 0x53, 0x31, 0x80,

    /* U+72EC "独" */
    0xa1, 0x8, 0x21, 0x3f, 0xd4, 0x92, 0x92, 0x52,
    0x5b, 0xfd, 0x8, 0x21, 0x44, 0x37, 0x38, 0x80,

    /* U+72ED "狭" */
    0xa1, 0x9, 0xfd, 0x4, 0x54, 0x92, 0x54, 0x42,
    0x1b, 0xfd, 0x8, 0x22, 0x84, 0x8b, 0x60, 0x80,

    /* U+72EE "狮" */
    0xab, 0xe9, 0x11, 0x22, 0x55, 0xf2, 0xaa, 0x55,
    0x5a, 0xad, 0x55, 0x2a, 0xe5, 0x13, 0x42, 0x0,

    /* U+72F0 "狰" */
    0xa4, 0x8, 0xf1, 0x22, 0x57, 0xe2, 0x14, 0x7f,
    0xd8, 0x55, 0x7e, 0x21, 0x4, 0x23, 0x1c, 0x0,

    /* U+72F1 "狱" */
    0xa8, 0xa8, 0x95, 0x2, 0x51, 0xf3, 0x88, 0x51,
    0x1a, 0x55, 0x4a, 0x29, 0x45, 0xa7, 0x28, 0x80,

    /* U+72F8 "狸" */
    0xaf, 0xe9, 0x25, 0x24, 0xd7, 0xf2, 0x92, 0x52,
    0x5b, 0xfd, 0x8, 0x2f, 0xe4, 0x23, 0x3f, 0x80,

    /* U+72FC "狼" */
    0xa2, 0x9, 0xf9, 0x21, 0x57, 0xe2, 0x84, 0x5f,
    0x9a, 0x4d, 0x4a, 0x28, 0x85, 0x4b, 0x30, 0x80,

    /* U+730E "猎" */
    0xa4, 0x89, 0xf9, 0x12, 0x52, 0x43, 0xfe, 0x40,
    0x1b, 0xf5, 0x42, 0x2f, 0xc5, 0xb, 0x3f, 0x0,

    /* U+7316 "猖" */
    0xa7, 0xc8, 0x89, 0x1f, 0x52, 0x22, 0x7c, 0x40,
    0x1b, 0xfd, 0x41, 0x2f, 0xe5, 0x7, 0x3f, 0x80,

    /* U+731B "猛" */
    0xa7, 0xc8, 0x11, 0x4, 0x57, 0xf2, 0x10, 0x46,
    0x18, 0x5, 0x7f, 0x2a, 0xa5, 0x57, 0x7f, 0x80,

    /* U+731C "猜" */
    0xa1, 0x9, 0xf9, 0x4, 0x57, 0xe2, 0x10, 0x7f,
    0xda, 0x15, 0x7e, 0x28, 0x45, 0xfb, 0x21, 0x0,

    /* U+7329 "猩" */
    0xaf, 0xe9, 0x5, 0x3f, 0xd4, 0x12, 0xfe, 0x52,
    0x1b, 0xfd, 0x88, 0x2f, 0xe4, 0x23, 0x7f, 0x80,

    /* U+732A "猪" */
    0xa2, 0x9, 0xf5, 0x9, 0x51, 0x43, 0xfe, 0x44,
    0x19, 0xf5, 0x62, 0x37, 0xc4, 0x8b, 0x1f, 0x0,

    /* U+732B "猫" */
    0xa4, 0x49, 0xfd, 0x11, 0x50, 0x2, 0xfe, 0x52,
    0x5a, 0x4d, 0x7f, 0x29, 0x25, 0x27, 0x3f, 0x80,

    /* U+732E "献" */
    0x20, 0xbf, 0x94, 0x82, 0x7f, 0xfd, 0x49, 0x49,
    0x3f, 0x25, 0x2a, 0xfd, 0x54, 0xaa, 0xb8, 0x80,

    /* U+7334 "猴" */
    0xa5, 0xc8, 0x89, 0x2f, 0xd4, 0x83, 0x9e, 0x55,
    0x1a, 0x25, 0x5f, 0x28, 0x85, 0x2b, 0x28, 0x80,

    /* U+733E "猾" */
    0xa7, 0xc8, 0x89, 0x1d, 0x52, 0xa2, 0xfe, 0x50,
    0x59, 0xf5, 0x22, 0x27, 0xc4, 0x8b, 0x13, 0x0,

    /* U+733F "猿" */
    0xa1, 0x8, 0xf9, 0x4, 0x57, 0xf2, 0x44, 0x48,
    0x99, 0xf5, 0x14, 0x2c, 0xa4, 0xab, 0x18, 0x80,

    /* U+736D "獭" */
    0xa9, 0xb, 0xb9, 0x29, 0x5f, 0xf2, 0xa2, 0x55,
    0x5f, 0xad, 0x55, 0x38, 0x85, 0xab, 0x28, 0x80,

    /* U+7384 "玄" */
    0x8, 0x0, 0x83, 0xff, 0x84, 0x1, 0x10, 0x44,
    0x1f, 0x0, 0x44, 0x10, 0x84, 0x69, 0xf1, 0x0,

    /* U+7387 "率" */
    0x4, 0x1f, 0xfd, 0x11, 0x15, 0x40, 0x40, 0x94,
    0xa7, 0xc8, 0x20, 0xff, 0xe0, 0x80, 0x10, 0x0,

    /* U+7389 "玉" */
    0xff, 0xe0, 0x80, 0x10, 0x2, 0x0, 0x40, 0xff,
    0x81, 0x0, 0x24, 0x4, 0x40, 0x83, 0xff, 0x80,

    /* U+738B "王" */
    0xff, 0xe0, 0x80, 0x10, 0x2, 0x0, 0x40, 0xff,
    0x81, 0x0, 0x20, 0x4, 0x0, 0x83, 0xff, 0x80,

    /* U+7396 "玖" */
    0x2, 0x1c, 0x41, 0xf, 0x22, 0x24, 0x45, 0xd1,
    0x10, 0x22, 0x8, 0x62, 0x98, 0x88, 0x20, 0x80,

    /* U+739B "玛" */
    0xf, 0xdc, 0x9, 0x11, 0x22, 0x24, 0x45, 0xcf,
    0xd0, 0xa, 0x1, 0x6f, 0xb8, 0x4, 0x7, 0x0,

    /* U+73A9 "玩" */
    0xf, 0xdc, 0x1, 0x0, 0x20, 0x5, 0xff, 0xc9,
    0x11, 0x22, 0x24, 0x68, 0xb9, 0x14, 0x43, 0x80,

    /* U+73AB "玫" */
    0x2, 0x1e, 0x40, 0x8f, 0x92, 0x22, 0xa5, 0xe4,
    0x88, 0xa1, 0x14, 0x31, 0x18, 0x50, 0x31, 0x80,

    /* U+73AF "环" */
    0xf, 0xfe, 0x10, 0x84, 0x10, 0x82, 0x35, 0xea,
    0x4a, 0x49, 0x8, 0x31, 0x18, 0x20, 0x4, 0x0,

    /* U+73B0 "现" */
    0xf, 0xdd, 0x9, 0x25, 0x24, 0xa4, 0x95, 0xd2,
    0x92, 0x52, 0x8, 0x62, 0xb8, 0x94, 0x63, 0x80,

    /* U+73B2 "玲" */
    0x1, 0x1e, 0x50, 0x91, 0x14, 0x12, 0x11, 0xe1,
    0xb, 0xf9, 0x2, 0x34, 0x98, 0x60, 0x3, 0x0,

    /* U+73BB "玻" */
    0x1, 0x1d, 0xfd, 0x24, 0xa4, 0x84, 0xff, 0xd8,
    0x52, 0x8a, 0x4a, 0x68, 0x99, 0x28, 0x58, 0x80,

    /* U+73CA "珊" */
    0xe, 0xfd, 0x55, 0x2a, 0xa5, 0x54, 0xab, 0xff,
    0xd2, 0xaa, 0x55, 0x6a, 0xb9, 0x54, 0x5d, 0x80,

    /* U+73CD "珍" */
    0x1, 0x1c, 0x51, 0x11, 0x2c, 0x54, 0x31, 0xd8,
    0x90, 0x22, 0x19, 0x6c, 0x58, 0x30, 0x38, 0x0,

    /* U+73D0 "珐" */
    0x1, 0x1c, 0x21, 0x1f, 0x20, 0x84, 0x11, 0xdf,
    0xd0, 0x82, 0x22, 0x64, 0x59, 0x34, 0x38, 0x80,

    /* U+73E0 "珠" */
    0x9, 0x1d, 0x21, 0x3f, 0x28, 0x84, 0x11, 0xdf,
    0xd0, 0x42, 0x1c, 0x65, 0x5b, 0x24, 0x4, 0x0,

    /* U+73ED "班" */
    0xf3, 0xe8, 0x49, 0x29, 0x25, 0x24, 0xa5, 0xd7,
    0xd2, 0x92, 0x12, 0x42, 0x48, 0x8b, 0xd7, 0x80,

    /* U+7403 "球" */
    0x1, 0x5c, 0x25, 0x3f, 0xa0, 0x84, 0x93, 0xca,
    0x90, 0x62, 0x1a, 0x65, 0x39, 0x20, 0xc, 0x0,

    /* U+7405 "琅" */
    0x2, 0x1d, 0xf9, 0x21, 0x27, 0xe4, 0x85, 0xdf,
    0x92, 0x4a, 0x4a, 0x68, 0x99, 0x48, 0x30, 0x80,

    /* U+7406 "理" */
    0xf, 0xfd, 0x25, 0x24, 0xa7, 0xf4, 0x93, 0xd2,
    0x53, 0xfa, 0x8, 0x6f, 0xf8, 0x20, 0x7f, 0x80,

    /* U+7409 "琉" */
    0x1, 0x1d, 0xfd, 0x8, 0x22, 0x24, 0xfb, 0xc0,
    0x12, 0xa2, 0x54, 0x6a, 0x99, 0x54, 0x4b, 0x80,

    /* U+7410 "琐" */
    0x9, 0x3c, 0xa9, 0x4, 0x27, 0xf4, 0x83, 0xd2,
    0x52, 0x4a, 0x49, 0x62, 0x98, 0x88, 0x20, 0x80,

    /* U+7422 "琢" */
    0xf, 0xfc, 0x21, 0x18, 0xac, 0xa4, 0x99, 0xcd,
    0x17, 0x32, 0x2d, 0x66, 0xbb, 0x10, 0xc, 0x0,

    /* U+7433 "琳" */
    0x4, 0x9c, 0x91, 0x7f, 0xa2, 0x44, 0x49, 0xdb,
    0x13, 0x72, 0xb5, 0x64, 0x98, 0x90, 0x12, 0x0,

    /* U+7434 "琴" */
    0xfb, 0xe4, 0x13, 0xef, 0x90, 0x4f, 0xfe, 0x14,
    0xc, 0x66, 0x23, 0x3f, 0x80, 0x20, 0x8, 0x0,

    /* U+7435 "琵" */
    0xfb, 0xe4, 0x13, 0xef, 0x90, 0x4f, 0xbe, 0x0,
    0x10, 0x83, 0xd3, 0x43, 0x8b, 0x45, 0x87, 0x80,

    /* U+7436 "琶" */
    0xfb, 0xe4, 0x13, 0xef, 0x90, 0x4f, 0xbe, 0x0,
    0x1f, 0xf2, 0x22, 0x7f, 0xc8, 0x4, 0xff, 0x80,

    /* U+743C "琼" */
    0x1, 0x1d, 0xfd, 0x0, 0x23, 0xe4, 0x45, 0xc8,
    0x91, 0xf2, 0x8, 0x65, 0x59, 0x24, 0xc, 0x0,

    /* U+745A "瑚" */
    0x4, 0xfc, 0x95, 0x7e, 0xa2, 0x74, 0x4b, 0xc9,
    0x53, 0xba, 0x55, 0x6a, 0xb9, 0x54, 0x3d, 0x80,

    /* U+745E "瑞" */
    0x9, 0x3d, 0x25, 0x3f, 0xa0, 0x4, 0xff, 0xc2,
    0x13, 0xfa, 0x55, 0x6a, 0xb9, 0x54, 0x21, 0x80,

    /* U+745F "瑟" */
    0xfb, 0xe4, 0x13, 0xef, 0x90, 0x4f, 0xbe, 0x10,
    0x1, 0x22, 0x88, 0x96, 0x43, 0x17, 0xbe, 0x0,

    /* U+7470 "瑰" */
    0x4, 0x1d, 0xf9, 0x29, 0x27, 0xe4, 0xa5, 0xdf,
    0x90, 0xa2, 0x2a, 0x65, 0xd9, 0x24, 0x47, 0x80,

    /* U+7476 "瑶" */
    0xf, 0xfc, 0x5, 0x15, 0x22, 0xa4, 0x7f, 0xc2,
    0x13, 0xfa, 0x8, 0x49, 0x3d, 0x24, 0x3f, 0x80,

    /* U+7483 "璃" */
    0x1, 0x1d, 0xfd, 0xa, 0x24, 0x94, 0xab, 0xdf,
    0xd0, 0x42, 0x7f, 0x6a, 0xb9, 0xec, 0x20, 0x80,

    /* U+74DC "瓜" */
    0x3, 0xcf, 0x91, 0x12, 0x22, 0x44, 0x48, 0x89,
    0x12, 0x22, 0x44, 0x4a, 0x4a, 0x4a, 0x74, 0x80,

    /* U+74E2 "瓢" */
    0xfe, 0x25, 0x7b, 0xfa, 0xd5, 0x5f, 0xea, 0x5,
    0x5e, 0xa8, 0x15, 0xfe, 0xaa, 0x5e, 0xd6, 0x80,

    /* U+74E3 "瓣" */
    0x82, 0x89, 0x8b, 0xab, 0xd5, 0x54, 0xa5, 0xd5,
    0xd2, 0x92, 0x52, 0xea, 0xe9, 0x4a, 0x55, 0x0,

    /* U+74E4 "瓤" */
    0x20, 0x3f, 0xfa, 0xaa, 0xfd, 0x55, 0x2b, 0xf5,
    0x54, 0xaf, 0xf5, 0x56, 0xb9, 0x5d, 0x96, 0x80,

    /* U+74E6 "瓦" */
    0xff, 0xe2, 0x0, 0x40, 0xf, 0x82, 0x10, 0x52,
    0x9, 0x41, 0x18, 0x41, 0x29, 0xa5, 0xc7, 0x80,

    /* U+74EE "瓮" */
    0xf, 0x4, 0x13, 0x21, 0x88, 0x4f, 0xfe, 0x20,
    0x7, 0xe0, 0x84, 0x2c, 0x84, 0x77, 0xf3, 0x80,

    /* U+74F6 "瓶" */
    0x8b, 0xea, 0x23, 0xe4, 0x28, 0xe5, 0x24, 0xa4,
    0xbe, 0xd2, 0x96, 0x52, 0x4a, 0x6a, 0x49, 0x80,

    /* U+74F7 "瓷" */
    0x4, 0x1c, 0xfc, 0x24, 0x95, 0x44, 0x45, 0xff,
    0xc4, 0x0, 0xfc, 0x28, 0x84, 0xf7, 0xe3, 0x80,

    /* U+7504 "甄" */
    0xfb, 0xea, 0x23, 0xe4, 0x54, 0xea, 0xa5, 0xf4,
    0x88, 0xd7, 0xd6, 0x22, 0x47, 0x6b, 0x9, 0x80,

    /* U+7518 "甘" */
    0x20, 0x84, 0x13, 0xff, 0x90, 0x42, 0x8, 0x41,
    0xf, 0xe1, 0x4, 0x20, 0x84, 0x10, 0xfe, 0x0,

    /* U+751A "甚" */
    0x20, 0x9f, 0xfc, 0x82, 0x1f, 0xc2, 0x8, 0x7f,
    0x8, 0x27, 0xff, 0x49, 0xa, 0x11, 0xff, 0x0,

    /* U+751C "甜" */
    0x1a, 0x5c, 0x48, 0x9f, 0x91, 0x2f, 0xa4, 0x44,
    0x88, 0xf7, 0xd2, 0x8a, 0x51, 0x4b, 0xef, 0x0,

    /* U+751F "生" */
    0x44, 0x8, 0x81, 0xff, 0x22, 0x8, 0x40, 0x8,
    0x1f, 0xf0, 0x20, 0x4, 0x0, 0x83, 0xff, 0x80,

    /* U+7525 "甥" */
    0x27, 0xf4, 0xa7, 0xdf, 0xd2, 0x92, 0x7e, 0x42,
    0x3d, 0xf9, 0x11, 0x22, 0x26, 0x87, 0x23, 0x0,

    /* U+7528 "用" */
    0x7f, 0xd1, 0x14, 0x45, 0xff, 0x44, 0x51, 0x17,
    0xfd, 0x11, 0x44, 0x51, 0x18, 0x4c,

    /* U+7529 "甩" */
    0x7f, 0xc8, 0x89, 0x11, 0x3f, 0xe4, 0x44, 0x88,
    0x9f, 0xf2, 0x22, 0x44, 0xc8, 0x86, 0xf, 0x80,

    /* U+752B "甫" */
    0x4, 0x9f, 0xfc, 0x10, 0x3f, 0xe4, 0x44, 0xff,
    0x91, 0x13, 0xfe, 0x44, 0x48, 0x89, 0x13, 0x0,

    /* U+752D "甭" */
    0xff, 0xe1, 0x80, 0xd6, 0x62, 0x37, 0xfc, 0x88,
    0x9f, 0xf2, 0x22, 0x7f, 0xc8, 0x8a, 0x13, 0x0,

    /* U+7530 "田" */
    0xff, 0xf0, 0x86, 0x10, 0xc2, 0x18, 0x43, 0xff,
    0xe1, 0xc, 0x21, 0x84, 0x30, 0x87, 0xff, 0x80,

    /* U+7531 "由" */
    0x4, 0x0, 0x83, 0xff, 0xc2, 0x18, 0x43, 0x8,
    0x7f, 0xfc, 0x21, 0x84, 0x30, 0x87, 0xff, 0x80,

    /* U+7532 "甲" */
    0xff, 0xf0, 0x86, 0x10, 0xff, 0xf8, 0x43, 0x8,
    0x7f, 0xf8, 0x20, 0x4, 0x0, 0x80, 0x10, 0x0,

    /* U+7533 "申" */
    0x4, 0x0, 0x83, 0xff, 0xc2, 0x18, 0x43, 0xff,
    0xe1, 0xc, 0x21, 0xff, 0xe0, 0x80, 0x10, 0x0,

    /* U+7535 "电" */
    0x8, 0x1f, 0xf2, 0x22, 0x44, 0x4f, 0xf9, 0x11,
    0x22, 0x27, 0xfc, 0x8, 0x21, 0x4, 0x1f, 0x80,

    /* U+7537 "男" */
    0x7f, 0xc8, 0x89, 0xff, 0x22, 0x27, 0xfc, 0x8,
    0x3f, 0xf8, 0x41, 0x10, 0x24, 0x7, 0x7, 0x0,

    /* U+7538 "甸" */
    0x20, 0x7, 0xfd, 0x0, 0xdf, 0xd2, 0x4a, 0x7f,
    0x49, 0x29, 0x25, 0x3f, 0xa0, 0x4, 0x3, 0x0,

    /* U+753B "画" */
    0xff, 0xe0, 0x0, 0xfe, 0x52, 0x5a, 0x4b, 0x7f,
    0x69, 0x2d, 0x25, 0xbf, 0xb0, 0x7, 0xff, 0x80,

    /* U+7545 "畅" */
    0x27, 0xc4, 0x13, 0xe4, 0x55, 0xa, 0xff, 0xf5,
    0x6b, 0x2d, 0x49, 0xf9, 0x24, 0x44, 0x93, 0x0,

    /* U+754C "界" */
    0x7f, 0xc8, 0x89, 0xff, 0x22, 0x27, 0xfc, 0x22,
    0x8, 0x26, 0x8b, 0x11, 0x4, 0x23, 0x4, 0x0,

    /* U+754F "畏" */
    0x7f, 0xc8, 0x89, 0xff, 0x22, 0x27, 0xfc, 0x0,
    0x3f, 0xfa, 0x10, 0x41, 0x49, 0x91, 0xc1, 0x80,

    /* U+7554 "畔" */
    0x0, 0x9f, 0x96, 0xab, 0x54, 0x4a, 0xff, 0xf1,
    0x2a, 0x25, 0x7f, 0xa8, 0x9f, 0x10, 0x2, 0x0,

    /* U+7559 "留" */
    0x1b, 0xfc, 0x26, 0x4, 0xc5, 0x1f, 0x46, 0x0,
    0x1f, 0xf2, 0x22, 0x7f, 0xc8, 0x89, 0xff, 0x0,

    /* U+755C "畜" */
    0x4, 0x1f, 0xfc, 0x40, 0x10, 0x87, 0xe0, 0x10,
    0xbf, 0xfa, 0x22, 0x7f, 0xc8, 0x89, 0xff, 0x0,

    /* U+7565 "略" */
    0x1, 0x1f, 0x3e, 0xa8, 0xd6, 0xaa, 0x89, 0xf2,
    0xab, 0x8d, 0x5f, 0xaa, 0x3f, 0x44, 0xf, 0x80,

    /* U+7566 "畦" */
    0x0, 0x9f, 0x7e, 0xa2, 0x54, 0x4a, 0xbf, 0xf0,
    0x2a, 0x25, 0x5f, 0xa8, 0x9f, 0x10, 0xf, 0x80,

    /* U+756A "番" */
    0x0, 0xcf, 0xe0, 0x92, 0x7f, 0xf1, 0x50, 0x49,
    0x3f, 0xfa, 0x22, 0x7f, 0xc8, 0x89, 0xff, 0x0,

    /* U+7574 "畴" */
    0x0, 0x9f, 0x7e, 0xa2, 0x55, 0xfa, 0x91, 0xff,
    0xea, 0x95, 0x7f, 0xaa, 0x5f, 0x28, 0x3, 0x0,

    /* U+7578 "畸" */
    0x0, 0x9f, 0x7e, 0xa2, 0x54, 0xaa, 0xa3, 0xff,
    0xea, 0xd, 0x5d, 0xaa, 0xbf, 0x74, 0x1, 0x80,

    /* U+7586 "疆" */
    0xff, 0xe2, 0xab, 0xdf, 0x42, 0xaf, 0x7c, 0xa0,
    0x3f, 0xfa, 0xaa, 0xf7, 0xc2, 0xa9, 0xbf, 0x80,

    /* U+758F "疏" */
    0xf1, 0x3, 0xfc, 0x88, 0x12, 0x2a, 0xfb, 0x60,
    0x29, 0x55, 0x2a, 0xb5, 0x58, 0xa8, 0x25, 0x80,

    /* U+7591 "疑" */
    0x9b, 0xfc, 0x6, 0x25, 0x7c, 0x44, 0x3e, 0xf1,
    0x68, 0x27, 0xd7, 0x22, 0x8a, 0xb2, 0x31, 0x80,

    /* U+7597 "疗" */
    0x2, 0xf, 0xfd, 0x0, 0x6f, 0xe4, 0x8, 0x82,
    0x30, 0x82, 0x10, 0x42, 0x8, 0x42, 0x38, 0x0,

    /* U+7599 "疙" */
    0x2, 0xf, 0xfd, 0x20, 0x67, 0xf5, 0x0, 0xdf,
    0xb0, 0x22, 0x18, 0x4c, 0xa, 0x6, 0x3f, 0x80,

    /* U+759A "疚" */
    0x2, 0xf, 0xfd, 0x0, 0x62, 0x4, 0x78, 0x91,
    0x34, 0x22, 0x8, 0x42, 0x88, 0x8a, 0x60, 0x80,

    /* U+759F "疟" */
    0x2, 0xf, 0xfd, 0x0, 0x60, 0x5, 0xfc, 0xa0,
    0x34, 0x3, 0xff, 0x50, 0xa, 0x2, 0x7f, 0x0,

    /* U+75A1 "疡" */
    0x2, 0xf, 0xfd, 0x0, 0x6f, 0xc4, 0x10, 0x84,
    0x37, 0xfa, 0x25, 0x49, 0x2a, 0x46, 0x13, 0x0,

    /* U+75A4 "疤" */
    0x2, 0xf, 0xfd, 0x0, 0x6f, 0xe5, 0x24, 0xa4,
    0xb7, 0xf2, 0x80, 0x50, 0x2a, 0x6, 0x3f, 0x80,

    /* U+75A5 "疥" */
    0x2, 0xf, 0xfd, 0x8, 0x62, 0x84, 0x88, 0xe0,
    0xf2, 0x22, 0x44, 0x48, 0x89, 0x12, 0x42, 0x0,

    /* U+75AB "疫" */
    0x2, 0xf, 0xfd, 0x0, 0x67, 0xc4, 0x88, 0xe1,
    0xf0, 0x2, 0xfe, 0x48, 0x88, 0xe2, 0xe3, 0x80,

    /* U+75AE "疮" */
    0x2, 0xf, 0xfd, 0x8, 0x62, 0x84, 0x88, 0xe0,
    0xf3, 0xe2, 0x44, 0x4b, 0x89, 0x6, 0x1f, 0x80,

    /* U+75AF "疯" */
    0x2, 0xf, 0xfd, 0x0, 0x6f, 0xe5, 0x4, 0xb1,
    0xb5, 0x52, 0x92, 0x55, 0x4b, 0x1e, 0x80, 0x80,

    /* U+75B2 "疲" */
    0x2, 0xf, 0xfd, 0x4, 0x6f, 0xf5, 0x12, 0xa2,
    0x37, 0xfa, 0xa1, 0x52, 0x4a, 0x32, 0xb9, 0x80,

    /* U+75B5 "疵" */
    0x2, 0xf, 0xfd, 0x12, 0x62, 0x45, 0x4a, 0xaf,
    0xb5, 0x22, 0xa4, 0x54, 0x92, 0xf6, 0xe3, 0x80,

    /* U+75B9 "疹" */
    0x2, 0xf, 0xfd, 0x8, 0x62, 0x84, 0x88, 0xe6,
    0xf3, 0x22, 0x18, 0x5c, 0x48, 0x32, 0x78, 0x0,

    /* U+75BC "疼" */
    0x2, 0xf, 0xfd, 0x10, 0x63, 0xc5, 0x88, 0x8e,
    0x3e, 0x3a, 0x30, 0x41, 0x89, 0x82, 0xf, 0x0,

    /* U+75BD "疽" */
    0x2, 0xf, 0xfd, 0x0, 0x67, 0xe4, 0x84, 0x9f,
    0xb2, 0x12, 0x7e, 0x48, 0x49, 0xa, 0x7f, 0x80,

    /* U+75BE "疾" */
    0x2, 0xf, 0xfd, 0x0, 0x64, 0x4, 0xfc, 0xa4,
    0x30, 0x82, 0xff, 0x45, 0x9, 0x12, 0xc1, 0x80,

    /* U+75C5 "病" */
    0x2, 0xf, 0xfd, 0x0, 0x6f, 0xf4, 0x10, 0xbf,
    0xf4, 0x4a, 0x95, 0x5c, 0x6a, 0x6, 0x41, 0x80,

    /* U+75C7 "症" */
    0x2, 0xf, 0xfd, 0x0, 0x6f, 0xf4, 0x20, 0x84,
    0x34, 0xf2, 0x90, 0x52, 0xa, 0x42, 0xff, 0x80,

    /* U+75C8 "痈" */
    0x2, 0xf, 0xfd, 0x0, 0x6f, 0xe5, 0x24, 0xbf,
    0xb4, 0x92, 0xfe, 0x52, 0x4a, 0x4a, 0x8b, 0x0,

    /* U+75C9 "痉" */
    0x2, 0xf, 0xfd, 0x0, 0x6f, 0xc4, 0x10, 0x8d,
    0x36, 0x1a, 0x7e, 0x42, 0x8, 0x42, 0x7f, 0x80,

    /* U+75CA "痊" */
    0x2, 0xf, 0xfd, 0x8, 0x62, 0x84, 0x88, 0xe0,
    0xf3, 0xe2, 0x10, 0x5f, 0xc8, 0x42, 0xff, 0x80,

    /* U+75D2 "痒" */
    0x2, 0xf, 0xfd, 0x21, 0x62, 0x45, 0xfe, 0x82,
    0x33, 0xf2, 0x8, 0x5f, 0xe8, 0x22, 0x4, 0x0,

    /* U+75D4 "痔" */
    0x4, 0xf, 0xfd, 0x8, 0x6f, 0xe4, 0x20, 0xff,
    0xf0, 0x23, 0xff, 0x48, 0x88, 0x92, 0x6, 0x0,

    /* U+75D5 "痕" */
    0x2, 0xf, 0xfd, 0x0, 0x6f, 0xe5, 0x4, 0xbf,
    0xb4, 0x12, 0xfe, 0x51, 0x4a, 0x92, 0x61, 0x80,

    /* U+75D8 "痘" */
    0x2, 0xf, 0xfd, 0x0, 0x6f, 0xf4, 0x0, 0x9f,
    0xb2, 0x12, 0x7e, 0x48, 0x48, 0x92, 0x7f, 0x80,

    /* U+75DB "痛" */
    0x2, 0xf, 0xfd, 0x0, 0x6f, 0xc4, 0x50, 0xbf,
    0xb4, 0x92, 0xfe, 0x52, 0x4b, 0xfa, 0x49, 0x0,

    /* U+75DE "痞" */
    0x2, 0xf, 0xfd, 0x0, 0x6f, 0xe4, 0x20, 0x8d,
    0x36, 0x92, 0x10, 0x5f, 0xca, 0xa, 0x7f, 0x0,

    /* U+75E2 "痢" */
    0x2, 0xf, 0xfd, 0xc, 0x6e, 0x14, 0x4a, 0xbf,
    0x71, 0x2a, 0x65, 0x4e, 0xaa, 0xa6, 0x13, 0x80,

    /* U+75EA "痪" */
    0x2, 0xf, 0xfd, 0x10, 0x63, 0xc4, 0x88, 0xbf,
    0xb4, 0x92, 0x92, 0x7f, 0xe9, 0x12, 0xc1, 0x80,

    /* U+75F0 "痰" */
    0x2, 0xf, 0xfd, 0x0, 0x64, 0x95, 0x14, 0x8d,
    0x36, 0x1a, 0x8, 0x49, 0x50, 0xd2, 0xe1, 0x80,

    /* U+75F4 "痴" */
    0x2, 0xf, 0xfd, 0x40, 0x6e, 0xf6, 0x92, 0x92,
    0x7f, 0xca, 0x49, 0x55, 0x2a, 0xbe, 0x80, 0x0,

    /* U+75F9 "痹" */
    0x2, 0xf, 0xfd, 0x0, 0x6f, 0xe5, 0x24, 0xbf,
    0xb4, 0x93, 0xff, 0x48, 0x89, 0x12, 0x42, 0x0,

    /* U+7601 "瘁" */
    0x2, 0xf, 0xfd, 0x0, 0x61, 0x5, 0xfc, 0x91,
    0x35, 0x52, 0x10, 0x5f, 0xc8, 0x42, 0x8, 0x0,

    /* U+761F "瘟" */
    0x2, 0xf, 0xfd, 0x0, 0x67, 0xc4, 0x88, 0x9f,
    0x32, 0x22, 0xfe, 0x55, 0x4a, 0xaa, 0xff, 0x80,

    /* U+7624 "瘤" */
    0x2, 0xf, 0xfd, 0x10, 0x6c, 0xf5, 0xa, 0xaa,
    0x77, 0xfa, 0x49, 0x4f, 0xe9, 0x26, 0x3f, 0x80,

    /* U+7626 "瘦" */
    0x2, 0xf, 0xfd, 0x28, 0x69, 0x65, 0x24, 0xb5,
    0xb4, 0x92, 0xfe, 0x48, 0x88, 0xe2, 0xe3, 0x80,

    /* U+7629 "瘩" */
    0x2, 0xf, 0xfd, 0x22, 0x7f, 0xf4, 0x88, 0x84,
    0x33, 0x63, 0x83, 0x5f, 0xca, 0xa, 0x7f, 0x0,

    /* U+762A "瘪" */
    0x2, 0xf, 0xfd, 0x41, 0x6f, 0xe5, 0x4, 0xbf,
    0xb2, 0x23, 0x8b, 0x5e, 0xa, 0xa, 0x3f, 0x0,

    /* U+762B "瘫" */
    0x2, 0xf, 0xfd, 0x0, 0x6e, 0xa4, 0x5e, 0xae,
    0xb5, 0x7a, 0x4a, 0x49, 0xea, 0xaa, 0x97, 0x80,

    /* U+7634 "瘴" */
    0x2, 0xf, 0xfd, 0x8, 0x6f, 0xe4, 0x50, 0xbf,
    0xb2, 0x22, 0x7c, 0x48, 0x8b, 0xfe, 0x8, 0x0,

    /* U+7638 "瘸" */
    0x2, 0xf, 0xfd, 0x40, 0x7e, 0xf5, 0x52, 0xdb,
    0xf0, 0x82, 0xfe, 0x52, 0x4b, 0xba, 0x41, 0x0,

    /* U+764C "癌" */
    0x2, 0xf, 0xfd, 0x0, 0x67, 0xe4, 0x84, 0xbf,
    0xf4, 0xaa, 0xf7, 0x41, 0xa, 0x26, 0x7f, 0x80,

    /* U+7663 "癣" */
    0x2, 0xf, 0xfd, 0x65, 0x75, 0xf7, 0xc8, 0xaf,
    0xff, 0x22, 0xa4, 0x7f, 0xe8, 0x12, 0xf2, 0x0,

    /* U+7678 "癸" */
    0x7a, 0x41, 0x51, 0x44, 0x10, 0x55, 0xf5, 0x8,
    0x41, 0x3, 0xfe, 0xa, 0x2, 0x23, 0x83, 0x80,

    /* U+767B "登" */
    0x7a, 0x41, 0x51, 0x44, 0x10, 0x57, 0xfd, 0x0,
    0x4f, 0xe1, 0x4, 0x3f, 0x82, 0x23, 0xff, 0x80,

    /* U+767D "白" */
    0x8, 0x8, 0x3f, 0xf0, 0x18, 0xc, 0x7, 0xff,
    0x1, 0x80, 0xc0, 0x7f, 0xe0,

    /* U+767E "百" */
    0xff, 0xe0, 0x80, 0x20, 0x3f, 0xe4, 0x4, 0x80,
    0x9f, 0xf2, 0x2, 0x40, 0x48, 0x9, 0xff, 0x0,

    /* U+7682 "皂" */
    0x8, 0xf, 0xf9, 0x1, 0x3f, 0xe4, 0x4, 0xff,
    0x84, 0x0, 0xff, 0xf0, 0x2, 0x4, 0x3f, 0x80,

    /* U+7684 "的" */
    0x22, 0x8, 0x43, 0xef, 0xc6, 0x18, 0x83, 0x12,
    0x7e, 0x2c, 0x45, 0x88, 0x31, 0x7, 0xe3, 0x0,

    /* U+7686 "皆" */
    0x82, 0x1f, 0x4e, 0xe, 0x4d, 0x1e, 0x3e, 0x10,
    0x1f, 0xf2, 0x2, 0x7f, 0xc8, 0x9, 0xff, 0x0,

    /* U+7687 "皇" */
    0x8, 0x7, 0xf0, 0x82, 0x1f, 0xc2, 0x8, 0x41,
    0x1f, 0xf0, 0x20, 0x7f, 0xc0, 0x83, 0xff, 0x80,

    /* U+768B "皋" */
    0x8, 0xf, 0xf9, 0x1, 0x3f, 0xe4, 0x4, 0xff,
    0x84, 0x7, 0xff, 0x44, 0x57, 0xf4, 0x10, 0x0,

    /* U+7691 "皑" */
    0x49, 0x31, 0x27, 0xbf, 0xd0, 0xa, 0xff, 0xc0,
    0x68, 0xd, 0x7f, 0xa8, 0x1d, 0x4, 0x1f, 0x80,

    /* U+7696 "皖" */
    0x41, 0x11, 0xff, 0xa0, 0xd3, 0xea, 0x1, 0xc0,
    0x2b, 0xfd, 0x14, 0xa2, 0x9c, 0x94, 0x63, 0x80,

    /* U+76AE "皮" */
    0x2, 0xf, 0xfd, 0x8, 0xa1, 0x7, 0xfc, 0xa0,
    0x92, 0x12, 0x24, 0x43, 0x9, 0x92, 0xc1, 0x80,

    /* U+76B1 "皱" */
    0x40, 0x8f, 0x7e, 0x2a, 0x89, 0x4f, 0xbe, 0x14,
    0x42, 0xcf, 0xd5, 0xa, 0x41, 0x57, 0xf4, 0x80,

    /* U+76BF "皿" */
    0x7f, 0xc9, 0x49, 0x29, 0x25, 0x24, 0xa4, 0x94,
    0x92, 0x92, 0x52, 0xff, 0xe0,

    /* U+76C2 "盂" */
    0x7f, 0xc0, 0x80, 0x10, 0x7f, 0xf0, 0x40, 0x38,
    0x0, 0x3, 0xfe, 0x4a, 0x49, 0x4b, 0xff, 0x80,

    /* U+76C5 "盅" */
    0x4, 0xf, 0xf9, 0x11, 0x22, 0x27, 0xfc, 0x8,
    0x1, 0x3, 0xfe, 0x4a, 0x49, 0x4b, 0xff, 0x80,

    /* U+76C6 "盆" */
    0x11, 0x4, 0x13, 0x1, 0x9f, 0xc1, 0x8, 0xc3,
    0x0, 0x3, 0xfe, 0x4a, 0x49, 0x4b, 0xff, 0x80,

    /* U+76C8 "盈" */
    0x7f, 0x82, 0x10, 0x7b, 0x99, 0x14, 0xc3, 0x66,
    0xc0, 0x3, 0xfe, 0x4a, 0x49, 0x4b, 0xff, 0x80,

    /* U+76CA "益" */
    0x20, 0x82, 0x23, 0xff, 0x80, 0x3, 0x19, 0x80,
    0xc0, 0x3, 0xfe, 0x4a, 0x49, 0x4b, 0xff, 0x80,

    /* U+76CE "盎" */
    0x4, 0xf, 0xf9, 0x11, 0x7f, 0xf0, 0xa0, 0x63,
    0x30, 0x1b, 0xfe, 0x4a, 0x49, 0x4b, 0xff, 0x80,

    /* U+76CF "盏" */
    0x4, 0x9f, 0xfc, 0x10, 0x7f, 0xf0, 0x28, 0x3a,
    0x78, 0x3b, 0xfe, 0x4a, 0x49, 0x4b, 0xff, 0x80,

    /* U+76D0 "盐" */
    0x11, 0xf, 0xa0, 0x46, 0x8, 0xa1, 0xd3, 0xc2,
    0x0, 0x3, 0xfe, 0x4a, 0x49, 0x4b, 0xff, 0x80,

    /* U+76D1 "监" */
    0x11, 0x12, 0x22, 0x47, 0xc9, 0x9, 0x48, 0x20,
    0x80, 0x3, 0xfe, 0x4a, 0x49, 0x4b, 0xff, 0x80,

    /* U+76D2 "盒" */
    0x4, 0x1, 0x40, 0xc6, 0x6f, 0xb0, 0x0, 0x7f,
    0x8, 0x23, 0xfe, 0x4a, 0x49, 0x4b, 0xff, 0x80,

    /* U+76D4 "盔" */
    0x20, 0x1f, 0xfc, 0x88, 0x29, 0x25, 0x55, 0x11,
    0xc, 0x1b, 0xfe, 0x4a, 0x49, 0x4b, 0xff, 0x80,

    /* U+76D6 "盖" */
    0x11, 0x1f, 0xfc, 0x10, 0x3f, 0xe0, 0x41, 0xff,
    0xc0, 0x3, 0xfe, 0x4a, 0x49, 0x4b, 0xff, 0x80,

    /* U+76D7 "盗" */
    0x44, 0x4, 0xfc, 0x24, 0x90, 0x84, 0x29, 0x18,
    0xc0, 0x3, 0xfe, 0x4a, 0x49, 0x4b, 0xff, 0x80,

    /* U+76D8 "盘" */
    0x4, 0x7, 0xf8, 0x91, 0x11, 0x2f, 0xfe, 0x48,
    0x90, 0xb0, 0x0, 0x7f, 0xc9, 0x4b, 0xff, 0x80,

    /* U+76DB "盛" */
    0x2, 0x4f, 0xfd, 0x8, 0x3d, 0x24, 0x94, 0xb1,
    0x60, 0x5b, 0xfe, 0x4a, 0x49, 0x4b, 0xff, 0x80,

    /* U+76DF "盟" */
    0xf7, 0xf2, 0x87, 0xdf, 0xca, 0x1f, 0x7e, 0x10,
    0x44, 0x1b, 0xfe, 0x4a, 0x49, 0x4b, 0xff, 0x80,

    /* U+76EE "目" */
    0xff, 0xc0, 0x60, 0x3f, 0xf8, 0xc, 0x6, 0x3,
    0xff, 0x80, 0xc0, 0x7f, 0xe0,

    /* U+76EF "盯" */
    0xf7, 0xf2, 0x12, 0x42, 0x78, 0x49, 0x9, 0x21,
    0x3c, 0x24, 0x84, 0x90, 0x9e, 0x10, 0xe, 0x0,

    /* U+76F2 "盲" */
    0x4, 0x1f, 0xfd, 0x0, 0x20, 0x7, 0xfc, 0x41,
    0xf, 0xe1, 0x4, 0x3f, 0x84, 0x10, 0xfe, 0x0,

    /* U+76F4 "直" */
    0x4, 0xf, 0xf8, 0x10, 0x1f, 0xc2, 0x8, 0x7f,
    0x8, 0x21, 0xfc, 0x20, 0x84, 0x13, 0xff, 0x80,

    /* U+76F8 "相" */
    0x27, 0xe4, 0x87, 0xf0, 0x93, 0xf2, 0x42, 0xe8,
    0x5b, 0xd, 0x3f, 0x24, 0x24, 0x84, 0x9f, 0x80,

    /* U+76FC "盼" */
    0xe4, 0x94, 0x92, 0xa1, 0x74, 0x2b, 0x3, 0x5f,
    0xb9, 0x15, 0x22, 0xa8, 0x5d, 0x8, 0x46, 0x0,

    /* U+76FE "盾" */
    0x7f, 0xc8, 0x41, 0xff, 0xa1, 0x5, 0xfc, 0xa0,
    0x97, 0xf2, 0x82, 0x5f, 0xca, 0xa, 0x7f, 0x0,

    /* U+7701 "省" */
    0x24, 0x88, 0x8a, 0x12, 0x82, 0x81, 0xfd, 0xc0,
    0x8f, 0xf1, 0x2, 0x3f, 0xc4, 0x8, 0xff, 0x0,

    /* U+7709 "眉" */
    0x7f, 0xe8, 0x45, 0xff, 0xa0, 0x5, 0xfe, 0xa0,
    0x57, 0xfa, 0x81, 0x5f, 0xea, 0x6, 0x7f, 0x80,

    /* U+770B "看" */
    0x7f, 0xc0, 0x81, 0xff, 0x4, 0xf, 0xfe, 0x40,
    0x9f, 0xf5, 0x2, 0x3f, 0xc4, 0x8, 0xff, 0x0,

    /* U+771F "真" */
    0x4, 0xf, 0xf8, 0x10, 0x1f, 0xc2, 0x8, 0x7f,
    0x8, 0x21, 0x4, 0xff, 0xe4, 0x13, 0x1, 0x80,

    /* U+7720 "眠" */
    0xef, 0xf5, 0x6, 0xa0, 0xf7, 0xfa, 0x91, 0x52,
    0x3b, 0xfd, 0x48, 0xa8, 0x9d, 0x54, 0x31, 0x80,

    /* U+7728 "眨" */
    0xe0, 0x75, 0xf2, 0x88, 0x70, 0x8a, 0xff, 0x40,
    0x78, 0x15, 0x4, 0xa1, 0x1c, 0xc0, 0x27, 0x80,

    /* U+7729 "眩" */
    0xe2, 0x14, 0x22, 0xbf, 0xf0, 0x8a, 0x21, 0x48,
    0xbb, 0xe5, 0x8, 0xa2, 0x5c, 0x88, 0x3e, 0x80,

    /* U+772F "眯" */
    0xe1, 0x15, 0x26, 0x95, 0x70, 0x8a, 0xff, 0x42,
    0x38, 0xe5, 0x2a, 0xa9, 0x3c, 0x20, 0x4, 0x0,

    /* U+7736 "眶" */
    0xef, 0xf5, 0x2, 0xaf, 0xf4, 0x4a, 0x89, 0x57,
    0xfa, 0x25, 0x44, 0xab, 0xfd, 0x0, 0x3f, 0x80,

    /* U+7737 "眷" */
    0x24, 0x84, 0xa1, 0xff, 0x8, 0x8f, 0xfe, 0x41,
    0x1f, 0xf5, 0x5, 0x3f, 0x84, 0x10, 0xfe, 0x0,

    /* U+773A "眺" */
    0xe2, 0x94, 0x52, 0xaa, 0xf3, 0x6a, 0x29, 0x45,
    0x39, 0xb5, 0x55, 0xa2, 0x9c, 0x94, 0x63, 0x80,

    /* U+773C "眼" */
    0xef, 0xd5, 0xa, 0xbf, 0x74, 0x2a, 0x85, 0x5f,
    0xba, 0x4d, 0x4a, 0xa8, 0x9d, 0x48, 0x30, 0x80,

    /* U+7740 "着" */
    0x11, 0x1f, 0xfc, 0x20, 0x3f, 0xe1, 0x1, 0xff,
    0xc8, 0x13, 0x2, 0xbf, 0xc4, 0x8, 0xff, 0x0,

    /* U+7741 "睁" */
    0xe4, 0x14, 0xf2, 0xa2, 0x77, 0xea, 0x15, 0x7f,
    0xf8, 0x55, 0x7e, 0xa1, 0x1c, 0x20, 0x1c, 0x0,

    /* U+775B "睛" */
    0xe1, 0x15, 0xfa, 0x84, 0x77, 0xea, 0x11, 0x7f,
    0xfa, 0x15, 0x7e, 0xa8, 0x5d, 0xf8, 0x21, 0x0,

    /* U+7761 "睡" */
    0xe0, 0xd4, 0xe2, 0x84, 0x77, 0xfa, 0x55, 0x5f,
    0xf9, 0x55, 0x2a, 0xaf, 0xfc, 0x20, 0x1f, 0x0,

    /* U+7763 "督" */
    0x20, 0x7, 0x7c, 0x88, 0xfc, 0xa6, 0x9, 0x56,
    0xdf, 0xf2, 0x2, 0x7f, 0xc8, 0x9, 0xff, 0x0,

    /* U+7766 "睦" */
    0xe1, 0x15, 0xfe, 0x84, 0x7f, 0xfa, 0x29, 0x45,
    0x7b, 0x3d, 0x8, 0xaf, 0xfc, 0x20, 0x7f, 0x80,

    /* U+776B "睫" */
    0xe2, 0x17, 0xfe, 0x89, 0x7f, 0xfa, 0x25, 0x5f,
    0xb8, 0x85, 0x5e, 0xaa, 0x1e, 0xc0, 0x47, 0x80,

    /* U+776C "睬" */
    0xe0, 0x75, 0xf2, 0x88, 0xf4, 0x9a, 0x45, 0x42,
    0x3b, 0xfd, 0x1c, 0xa5, 0x5d, 0x24, 0x4, 0x0,

    /* U+7779 "睹" */
    0xe2, 0x15, 0xf6, 0x89, 0x71, 0x4b, 0xff, 0x44,
    0x39, 0xf5, 0x62, 0xb7, 0xdc, 0x88, 0x1f, 0x0,

    /* U+7784 "瞄" */
    0xe4, 0x55, 0xfe, 0x91, 0x70, 0xa, 0xff, 0x52,
    0x7a, 0x4d, 0x7f, 0xa9, 0x3d, 0x24, 0x3f, 0x80,

    /* U+7785 "瞅" */
    0xe2, 0x95, 0x92, 0x92, 0xf2, 0xdb, 0xed, 0x49,
    0x3b, 0x25, 0x7a, 0xb5, 0x5c, 0xa8, 0x18, 0x80,

    /* U+778E "瞎" */
    0xe1, 0x15, 0xfe, 0xa4, 0xf3, 0xea, 0x11, 0x4f,
    0xb8, 0x45, 0x7f, 0xa4, 0x5c, 0x88, 0x1f, 0x0,

    /* U+7792 "瞒" */
    0xe4, 0x55, 0xfe, 0x91, 0x77, 0xfa, 0x29, 0x5f,
    0xfa, 0xad, 0x55, 0xad, 0x7d, 0x4, 0x21, 0x80,

    /* U+77A5 "瞥" */
    0xaa, 0x1f, 0x7e, 0xb9, 0x7c, 0xca, 0xf6, 0x80,
    0x9f, 0xf2, 0x2, 0x7f, 0xc8, 0x9, 0xff, 0x0,

    /* U+77A7 "瞧" */
    0xe4, 0x95, 0xfe, 0xe2, 0x77, 0xfa, 0x89, 0x5f,
    0xfa, 0x25, 0x7f, 0xa0, 0x1d, 0x54, 0x2a, 0x80,

    /* U+77A9 "瞩" */
    0xef, 0xf5, 0x6, 0xbf, 0xf4, 0x4a, 0xbf, 0x55,
    0x7a, 0xfd, 0x44, 0xaf, 0xfe, 0x94, 0x57, 0x80,

    /* U+77AA "瞪" */
    0xee, 0xb4, 0x5a, 0xaa, 0xf2, 0x2a, 0x7d, 0x50,
    0x79, 0xf5, 0x22, 0xa7, 0xdc, 0x50, 0x3f, 0x80,

    /* U+77AC "瞬" */
    0xf, 0xfc, 0xa6, 0x95, 0x7f, 0xfa, 0x83, 0x5e,
    0xba, 0x7d, 0x7a, 0xb1, 0x5c, 0x7c, 0x31, 0x0,

    /* U+77B3 "瞳" */
    0xe1, 0x15, 0xfa, 0x92, 0x7f, 0xfa, 0x95, 0x5f,
    0xba, 0x55, 0x4a, 0xbf, 0xfc, 0x20, 0x7f, 0x80,

    /* U+77BB "瞻" */
    0xe7, 0x95, 0x12, 0xff, 0xf5, 0x2a, 0xc3, 0x51,
    0x3b, 0xfd, 0x40, 0xab, 0xfd, 0x44, 0x4f, 0x80,

    /* U+77D7 "矗" */
    0x4, 0xf, 0xf8, 0x82, 0x12, 0x4f, 0xfe, 0x22,
    0x3f, 0xfa, 0x52, 0x7b, 0xc9, 0x4b, 0xff, 0x80,

    /* U+77DB "矛" */
    0x7f, 0xc0, 0x10, 0x64, 0x3, 0xf, 0xfe, 0x18,
    0x45, 0x11, 0x24, 0xc4, 0x0, 0x80, 0x70, 0x0,

    /* U+77E2 "矢" */
    0x20, 0x7, 0xf9, 0x10, 0x42, 0x0, 0x41, 0xff,
    0xc1, 0x0, 0x50, 0x11, 0x4, 0x13, 0x1, 0x80,

    /* U+77E3 "矣" */
    0x10, 0x4, 0x11, 0xfd, 0x10, 0x3, 0xfc, 0x88,
    0x1, 0x7, 0xff, 0xa, 0x6, 0x33, 0x1, 0x80,

    /* U+77E5 "知" */
    0x40, 0xf, 0xbd, 0x44, 0xc8, 0x91, 0x13, 0xfa,
    0x44, 0x49, 0x49, 0x25, 0x28, 0xbe, 0x0, 0x0,

    /* U+77E9 "矩" */
    0x47, 0xee, 0x82, 0x90, 0x13, 0xf2, 0x43, 0xe8,
    0x49, 0x9, 0x3f, 0x54, 0xa, 0x82, 0x1f, 0x80,

    /* U+77EB "矫" */
    0x40, 0xce, 0xe2, 0x84, 0x17, 0xf2, 0x29, 0xe8,
    0x8a, 0x99, 0x12, 0x52, 0x4a, 0x8a, 0x21, 0x0,

    /* U+77ED "短" */
    0x4f, 0xee, 0x2, 0x9f, 0x12, 0x22, 0x45, 0xef,
    0x88, 0x1, 0x22, 0x52, 0x4a, 0x52, 0x3f, 0x80,

    /* U+77EE "矮" */
    0x40, 0xee, 0xe2, 0x84, 0x17, 0xf2, 0x55, 0xf2,
    0x48, 0x81, 0x7f, 0x52, 0x4a, 0x72, 0x31, 0x80,

    /* U+77F3 "石" */
    0xff, 0xe1, 0x0, 0x20, 0x8, 0x1, 0x0, 0x7f,
    0x98, 0x15, 0x2, 0x20, 0x44, 0x8, 0xff, 0x0,

    /* U+77FD "矽" */
    0x2, 0x1f, 0x7c, 0x88, 0x91, 0x12, 0x52, 0xf1,
    0x72, 0x12, 0x42, 0x48, 0x8f, 0x20, 0x18, 0x0,

    /* U+77FE "矾" */
    0xf7, 0x84, 0x90, 0x92, 0x22, 0x47, 0x69, 0xab,
    0x15, 0x22, 0xa4, 0x54, 0xae, 0x94, 0x23, 0x80,

    /* U+77FF "矿" */
    0xf0, 0x84, 0xfc, 0x90, 0x22, 0x7, 0x41, 0xa8,
    0x15, 0x2, 0xa0, 0x54, 0xe, 0x80, 0x20, 0x0,

    /* U+7801 "码" */
    0xf7, 0xc4, 0x8, 0x89, 0x21, 0x27, 0x25, 0xa7,
    0xd4, 0xa, 0x81, 0x57, 0xae, 0x4, 0x7, 0x0,

    /* U+7802 "砂" */
    0xf1, 0x4, 0x20, 0x95, 0x22, 0x97, 0x53, 0xb2,
    0x14, 0x4a, 0x82, 0x50, 0x8e, 0x60, 0x30, 0x0,

    /* U+780C "砌" */
    0xf5, 0xe4, 0x94, 0x92, 0xa7, 0x57, 0x4b, 0xa9,
    0x55, 0x2a, 0xb5, 0x55, 0x2e, 0x24, 0x9, 0x80,

    /* U+780D "砍" */
    0xf4, 0x4, 0x80, 0x9f, 0xa2, 0x17, 0x95, 0xa2,
    0x14, 0x42, 0x94, 0x52, 0x8e, 0x88, 0x20, 0x80,

    /* U+7812 "砒" */
    0xf4, 0x84, 0x90, 0x92, 0x22, 0x57, 0x6d, 0xa9,
    0x15, 0x22, 0xa4, 0x54, 0xae, 0xb4, 0x1b, 0x80,

    /* U+7814 "研" */
    0xf7, 0xe4, 0x48, 0x89, 0x21, 0x27, 0x25, 0xbf,
    0xd4, 0x92, 0x92, 0x54, 0x4e, 0x88, 0x21, 0x0,

    /* U+7816 "砖" */
    0xf1, 0x4, 0xf8, 0x84, 0x20, 0x87, 0xff, 0xa4,
    0x15, 0xf2, 0x82, 0x52, 0x8e, 0x20, 0x2, 0x0,

    /* U+781A "砚" */
    0xf7, 0xc4, 0x88, 0x95, 0x22, 0xa7, 0x55, 0xaa,
    0x95, 0x52, 0x88, 0x52, 0xae, 0x94, 0x23, 0x80,

    /* U+7827 "砧" */
    0xf1, 0x4, 0x20, 0x87, 0xa0, 0x87, 0x11, 0xa2,
    0x15, 0xfa, 0xa1, 0x54, 0x2e, 0x84, 0x1f, 0x80,

    /* U+7830 "砰" */
    0xef, 0xe4, 0x20, 0xa4, 0xa2, 0xa7, 0x11, 0xbf,
    0xd4, 0x42, 0x88, 0x51, 0xe, 0x20, 0x4, 0x0,

    /* U+7834 "破" */
    0xf0, 0x84, 0xfc, 0x92, 0xa2, 0x47, 0x7f, 0xa8,
    0x55, 0x8a, 0xaa, 0x54, 0x8e, 0xa8, 0x28, 0x80,

    /* U+7837 "砷" */
    0xe1, 0x8, 0x21, 0x3f, 0xc4, 0x9e, 0x93, 0x5f,
    0xea, 0x4d, 0x49, 0xaf, 0xfc, 0x20, 0x4, 0x0,

    /* U+7838 "砸" */
    0xef, 0xe9, 0x11, 0x22, 0x45, 0xfe, 0xab, 0x55,
    0x6a, 0xad, 0x57, 0xa8, 0x9d, 0x10, 0x3f, 0x80,

    /* U+783E "砾" */
    0xe0, 0xc8, 0xe1, 0x10, 0x44, 0x8e, 0x91, 0x5f,
    0xe8, 0x45, 0x2a, 0xa5, 0x3d, 0x24, 0xc, 0x0,

    /* U+7840 "础" */
    0xe1, 0x9, 0x25, 0x24, 0xc4, 0x9e, 0xff, 0x42,
    0x28, 0x45, 0x49, 0xa9, 0x3d, 0x24, 0x3f, 0x80,

    /* U+7845 "硅" */
    0xf1, 0x4, 0xf8, 0x84, 0x20, 0x87, 0x7f, 0xa0,
    0x14, 0x42, 0xbe, 0x51, 0xe, 0x20, 0x3f, 0x80,

    /* U+7852 "硒" */
    0xef, 0xe8, 0x51, 0xa, 0x47, 0xfe, 0xab, 0x55,
    0x6a, 0xad, 0x57, 0xac, 0x3d, 0x4, 0x3f, 0x80,

    /* U+7855 "硕" */
    0xf7, 0xe4, 0x20, 0x9f, 0xa2, 0x17, 0x53, 0xaa,
    0x55, 0x4a, 0xa9, 0x52, 0x8e, 0x88, 0x20, 0x80,

    /* U+785D "硝" */
    0xe9, 0x28, 0xa9, 0x4, 0x47, 0xfe, 0x83, 0x5f,
    0xea, 0xd, 0x7f, 0xa8, 0x3d, 0x4, 0x21, 0x80,

    /* U+786B "硫" */
    0xf1, 0x5, 0xfc, 0x88, 0x22, 0x27, 0xfb, 0xa0,
    0x15, 0x52, 0xaa, 0x55, 0x4e, 0xa8, 0x25, 0x80,

    /* U+786C "硬" */
    0xef, 0xe8, 0x21, 0x3f, 0xc4, 0x9e, 0xff, 0x52,
    0x6b, 0xfd, 0x28, 0xa2, 0x1c, 0xa0, 0x63, 0x80,

    /* U+786E "确" */
    0xf2, 0x4, 0x78, 0x91, 0x27, 0xf7, 0x53, 0xaf,
    0xd5, 0x4a, 0xbf, 0x55, 0x2e, 0xa4, 0x25, 0x80,

    /* U+7877 "硷" */
    0xf1, 0x4, 0x50, 0x91, 0x24, 0x17, 0x7d, 0xa0,
    0x16, 0x8a, 0xaa, 0x55, 0x4e, 0x10, 0x3f, 0x80,

    /* U+787C "硼" */
    0xee, 0xe9, 0x55, 0x2a, 0xc7, 0x7e, 0xab, 0x55,
    0x6b, 0xbd, 0x55, 0xaa, 0xbd, 0x54, 0x5d, 0x80,

    /* U+7889 "碉" */
    0xf7, 0xe4, 0xa4, 0x9e, 0xa2, 0x97, 0x7b, 0xa8,
    0x55, 0xea, 0xb5, 0x57, 0xae, 0x84, 0x21, 0x80,

    /* U+788C "碌" */
    0x7, 0xfe, 0x88, 0xbf, 0x10, 0x42, 0xfe, 0xe1,
    0x35, 0xaa, 0x86, 0x52, 0xaa, 0x95, 0xe6, 0x0,

    /* U+788D "碍" */
    0xf7, 0xc4, 0x88, 0x9f, 0x22, 0x27, 0x7d, 0xa0,
    0x17, 0xfa, 0x84, 0x5f, 0xee, 0x90, 0x6, 0x0,

    /* U+788E "碎" */
    0xf1, 0x5, 0xfc, 0x80, 0x22, 0x27, 0x45, 0xb5,
    0x54, 0x42, 0xff, 0x51, 0xe, 0x20, 0x4, 0x0,

    /* U+7891 "碑" */
    0xf2, 0x4, 0xfc, 0x94, 0xa3, 0xf7, 0x53, 0xaf,
    0xd4, 0xa2, 0xa4, 0x5f, 0xee, 0x10, 0x2, 0x0,

    /* U+7897 "碗" */
    0xe1, 0x9, 0xfd, 0x20, 0xc2, 0xe, 0x6f, 0x55,
    0x6a, 0xad, 0xb7, 0xa2, 0x9c, 0x94, 0x23, 0x80,

    /* U+7898 "碘" */
    0xe2, 0x89, 0xfd, 0x2a, 0xc5, 0x5e, 0xff, 0x55,
    0x6a, 0xad, 0xff, 0xa0, 0x1c, 0x88, 0x60, 0x80,

    /* U+789F "碟" */
    0xf5, 0x45, 0xfc, 0x95, 0x22, 0xe7, 0x41, 0xaf,
    0xd4, 0x42, 0xff, 0x53, 0x8e, 0xa8, 0x24, 0x80,

    /* U+78A7 "碧" */
    0x1, 0x1f, 0x7c, 0x88, 0xfd, 0xf2, 0x23, 0xff,
    0xc4, 0x1, 0xfe, 0x60, 0x54, 0x8, 0xff, 0x0,

    /* U+78B0 "碰" */
    0xf4, 0x44, 0x50, 0xbf, 0xa1, 0x47, 0x29, 0xa5,
    0x16, 0xaa, 0xb6, 0x52, 0x8e, 0x50, 0x3f, 0x80,

    /* U+78B1 "碱" */
    0xf0, 0xa4, 0x14, 0x9f, 0xa2, 0x47, 0x7b, 0xa9,
    0x55, 0xea, 0xaa, 0x57, 0x4e, 0x94, 0x24, 0x80,

    /* U+78B3 "碳" */
    0xe9, 0x29, 0x25, 0x3f, 0xc4, 0xf, 0xff, 0x51,
    0x2a, 0xad, 0x66, 0xa8, 0x9e, 0x28, 0x18, 0x80,

    /* U+78B4 "碴" */
    0xf1, 0x5, 0xfc, 0x95, 0x24, 0x97, 0x7d, 0xa8,
    0x95, 0xf2, 0xa2, 0x57, 0xce, 0x0, 0x3f, 0x80,

    /* U+78BE "碾" */
    0xef, 0xe9, 0x5, 0x3f, 0xc4, 0xae, 0xff, 0x52,
    0xab, 0xfd, 0x54, 0xaa, 0xbd, 0x48, 0x4c, 0x80,

    /* U+78C1 "磁" */
    0xe4, 0x48, 0x51, 0x3f, 0xc2, 0x2e, 0x45, 0x51,
    0x2b, 0xbd, 0x22, 0xa8, 0x9d, 0x54, 0x3b, 0x80,

    /* U+78C5 "磅" */
    0xf1, 0x5, 0xfc, 0x91, 0x27, 0xf7, 0x83, 0xa2,
    0x17, 0xfa, 0x90, 0x53, 0xee, 0x84, 0x23, 0x0,

    /* U+78CA "磊" */
    0xff, 0xe2, 0x0, 0xff, 0x30, 0x2b, 0xfc, 0x0,
    0x3e, 0xf9, 0x4, 0x79, 0xf9, 0x65, 0xe7, 0x80,

    /* U+78CB "磋" */
    0xf2, 0x44, 0xfc, 0x82, 0x23, 0xf7, 0x9, 0xaf,
    0xd4, 0x42, 0x9f, 0x54, 0x8f, 0x10, 0xf, 0x80,

    /* U+78D0 "磐" */
    0x23, 0xcf, 0x49, 0x31, 0xb5, 0xe4, 0xa5, 0xf3,
    0x12, 0x97, 0xff, 0x10, 0x46, 0xb, 0x7f, 0x0,

    /* U+78D5 "磕" */
    0xe1, 0x9, 0xfd, 0x4, 0x4f, 0xfe, 0x21, 0x48,
    0xab, 0xed, 0x0, 0xaf, 0xfd, 0x54, 0x7f, 0x80,

    /* U+78E8 "磨" */
    0x2, 0xf, 0xfd, 0x22, 0x3f, 0xf5, 0xdc, 0xd5,
    0x5f, 0xfa, 0x20, 0x4f, 0xeb, 0x6, 0xbf, 0x80,

    /* U+78F7 "磷" */
    0xf9, 0x24, 0xa8, 0xbf, 0xa2, 0xa7, 0x93, 0xa8,
    0x95, 0xfa, 0xca, 0x55, 0x4e, 0x5c, 0x31, 0x0,

    /* U+78FA "磺" */
    0xf2, 0x84, 0xf8, 0x8a, 0x27, 0xf7, 0x11, 0xaf,
    0x95, 0x52, 0xbe, 0x55, 0x4e, 0xf8, 0x31, 0x80,

    /* U+7901 "礁" */
    0xf2, 0x84, 0xfc, 0xb2, 0x23, 0xf7, 0x49, 0xaf,
    0xd5, 0x22, 0xbf, 0x50, 0xf, 0x54, 0x2a, 0x80,

    /* U+793A "示" */
    0x7f, 0xc0, 0x0, 0x0, 0x7f, 0xf0, 0x40, 0x8,
    0x9, 0x21, 0x22, 0x44, 0x30, 0x84, 0x70, 0x0,

    /* U+793C "礼" */
    0x42, 0x4, 0x43, 0xc8, 0x9, 0x2, 0x20, 0x64,
    0x1a, 0x85, 0x10, 0x22, 0x24, 0x44, 0x87, 0x80,

    /* U+793E "社" */
    0x41, 0x4, 0x23, 0xc4, 0x8, 0x82, 0x7c, 0x62,
    0x1a, 0x45, 0x8, 0x21, 0x4, 0x20, 0xbf, 0x80,

    /* U+7941 "祁" */
    0x43, 0xe4, 0x47, 0xe8, 0x85, 0x21, 0x24, 0x44,
    0x5c, 0x8d, 0x51, 0x22, 0xc4, 0x40, 0x88, 0x0,

    /* U+7948 "祈" */
    0x40, 0xc4, 0xe3, 0xd0, 0xa, 0x2, 0x7e, 0x69,
    0x1b, 0x25, 0x24, 0x24, 0x84, 0x90, 0xa2, 0x0,

    /* U+7956 "祖" */
    0x47, 0xc4, 0x8b, 0xd1, 0xb, 0xe2, 0x44, 0x68,
    0x9b, 0xf5, 0x22, 0x24, 0x44, 0x88, 0xbf, 0x80,

    /* U+795D "祝" */
    0x8f, 0xc9, 0xb, 0xa1, 0x14, 0x24, 0x84, 0xdf,
    0xb5, 0x22, 0x24, 0x44, 0xa9, 0x15, 0x43, 0x80,

    /* U+795E "神" */
    0x81, 0x8, 0x23, 0xbf, 0x94, 0x94, 0x92, 0xdf,
    0xf6, 0x4a, 0x49, 0x4f, 0xe8, 0x21, 0x4, 0x0,

    /* U+795F "祟" */
    0x44, 0x4f, 0xfa, 0x10, 0xff, 0xf0, 0x0, 0xff,
    0x80, 0x7, 0xff, 0x4, 0x4, 0x93, 0x31, 0x80,

    /* U+7965 "祥" */
    0x84, 0x48, 0x53, 0xbf, 0x90, 0x84, 0x10, 0xcf,
    0xb4, 0x42, 0x8, 0x4f, 0xe8, 0x21, 0x4, 0x0,

    /* U+7968 "票" */
    0xff, 0xe1, 0x41, 0xff, 0x25, 0x27, 0xfc, 0x0,
    0x1f, 0xf0, 0x0, 0xff, 0xe4, 0x93, 0x31, 0x80,

    /* U+796D "祭" */
    0x42, 0xf, 0x7e, 0xa8, 0xa8, 0xa2, 0x9, 0xbe,
    0xc0, 0x3, 0xfe, 0x4, 0x4, 0x93, 0x31, 0x80,

    /* U+7977 "祷" */
    0x81, 0x9, 0xff, 0x84, 0x17, 0xf4, 0x20, 0xdf,
    0xf5, 0x12, 0x7f, 0x54, 0x48, 0x49, 0x3, 0x0,

    /* U+7978 "祸" */
    0x87, 0xc8, 0x8b, 0x91, 0x13, 0xe4, 0x10, 0xdf,
    0xf6, 0x4a, 0x55, 0x4c, 0x69, 0x5, 0x21, 0x80,

    /* U+7981 "禁" */
    0x20, 0x9f, 0x7d, 0xc7, 0x55, 0x52, 0x8, 0xff,
    0x80, 0x7, 0xff, 0x4, 0x4, 0x93, 0x31, 0x80,

    /* U+7984 "禄" */
    0x87, 0xc8, 0xb, 0x9f, 0x10, 0x24, 0xfe, 0x82,
    0x3a, 0x4a, 0xaa, 0x43, 0x88, 0xa9, 0x2c, 0x80,

    /* U+798F "福" */
    0x8f, 0xe8, 0x3, 0x9f, 0x12, 0x24, 0x7c, 0xc0,
    0x37, 0xfa, 0x49, 0x4f, 0xe9, 0x25, 0x3f, 0x80,

    /* U+79B9 "禹" */
    0x3, 0xcf, 0x80, 0x10, 0x3f, 0xe4, 0x44, 0xff,
    0x81, 0x7, 0xff, 0x85, 0x37, 0xd6, 0x1, 0x80,

    /* U+79BB "离" */
    0x4, 0x1f, 0xfc, 0x44, 0x27, 0x25, 0x14, 0xff,
    0x81, 0x7, 0xff, 0x91, 0x37, 0xd6, 0x1, 0x80,

    /* U+79BD "禽" */
    0xe, 0x6, 0x33, 0x11, 0xbf, 0xe1, 0x10, 0x94,
    0x9f, 0xf0, 0x40, 0xff, 0xf2, 0x26, 0xfa, 0x80,

    /* U+79BE "禾" */
    0x3, 0xcf, 0x80, 0x10, 0x2, 0xf, 0xfe, 0x1c,
    0x5, 0x41, 0x24, 0x44, 0x50, 0x84, 0x10, 0x0,

    /* U+79C0 "秀" */
    0x7f, 0xc0, 0x83, 0xff, 0x8a, 0x82, 0x49, 0x88,
    0xdf, 0xe0, 0x84, 0x10, 0xe4, 0x7, 0x7, 0x0,

    /* U+79C1 "私" */
    0x19, 0x1c, 0x20, 0x84, 0x10, 0x8f, 0x90, 0x44,
    0x1c, 0x93, 0x52, 0xa4, 0x24, 0x9c, 0xbc, 0x80,

    /* U+79C3 "秃" */
    0x3, 0xcf, 0x80, 0x10, 0x7f, 0xf1, 0x50, 0x49,
    0x37, 0xd8, 0x88, 0x11, 0x4, 0x27, 0x7, 0x80,

    /* U+79C6 "秆" */
    0x17, 0xdc, 0x20, 0x84, 0x10, 0x8f, 0x10, 0x5f,
    0xd8, 0x43, 0x88, 0xa1, 0x4, 0x20, 0x84, 0x0,

    /* U+79C9 "秉" */
    0x3, 0xcf, 0x80, 0x10, 0x7f, 0xf0, 0x45, 0xff,
    0xc1, 0x13, 0xfe, 0x15, 0x4, 0x93, 0x11, 0x80,

    /* U+79CB "秋" */
    0x11, 0x1c, 0x20, 0x94, 0x92, 0x9e, 0x94, 0x42,
    0x18, 0x43, 0x94, 0xa2, 0x84, 0x88, 0xa0, 0x80,

    /* U+79CD "种" */
    0x11, 0x1c, 0x20, 0xbf, 0x94, 0x9f, 0x92, 0x52,
    0x5b, 0xfb, 0x88, 0xa1, 0x4, 0x20, 0x84, 0x0,

    /* U+79D1 "科" */
    0x10, 0x5c, 0x48, 0x85, 0x10, 0x2f, 0x44, 0x44,
    0x98, 0x1b, 0x8e, 0xa6, 0x44, 0x8, 0x81, 0x0,

    /* U+79D2 "秒" */
    0x11, 0x1c, 0x20, 0x95, 0x12, 0x9f, 0x52, 0x52,
    0x18, 0x4b, 0x82, 0xa0, 0x84, 0x60, 0xb0, 0x0,

    /* U+79D8 "秘" */
    0x12, 0x1c, 0x24, 0x80, 0x91, 0x2f, 0x24, 0x55,
    0x1a, 0xab, 0x99, 0xa2, 0x4, 0xc4, 0xa7, 0x80,

    /* U+79DF "租" */
    0x17, 0xdc, 0x88, 0x91, 0x13, 0xef, 0x44, 0x48,
    0x99, 0xf3, 0xa2, 0xa4, 0x44, 0x88, 0xbf, 0x80,

    /* U+79E4 "秤" */
    0x1f, 0xfc, 0x20, 0xa4, 0x92, 0xaf, 0x10, 0x5f,
    0xd8, 0x43, 0x88, 0xa1, 0x4, 0x20, 0x84, 0x0,

    /* U+79E6 "秦" */
    0x4, 0xf, 0xf8, 0x20, 0x3f, 0xe1, 0x1, 0xff,
    0xcb, 0xa2, 0x22, 0xbf, 0xa2, 0xa1, 0x93, 0x0,

    /* U+79E7 "秧" */
    0x11, 0x1c, 0x20, 0x9f, 0x12, 0xaf, 0x54, 0x4a,
    0x9b, 0xfb, 0x88, 0xa2, 0x84, 0x88, 0xa0, 0x80,

    /* U+79E9 "秩" */
    0x15, 0x1c, 0xa0, 0x9f, 0x14, 0x8f, 0x10, 0x42,
    0x1b, 0xfb, 0x88, 0xa2, 0x84, 0x88, 0xa0, 0x80,

    /* U+79EF "积" */
    0x17, 0xdc, 0x88, 0x91, 0x12, 0x2f, 0x44, 0x4f,
    0x98, 0x3, 0x80, 0xa2, 0x84, 0x88, 0xa0, 0x80,

    /* U+79F0 "称" */
    0x14, 0x1c, 0xfc, 0x90, 0x94, 0x9f, 0x10, 0x4a,
    0x9d, 0x53, 0x49, 0xa9, 0x24, 0x20, 0x8c, 0x0,

    /* U+79F8 "秸" */
    0x11, 0x1c, 0x20, 0xbf, 0x90, 0x8f, 0x10, 0x4f,
    0x98, 0x3, 0xbe, 0xa4, 0x44, 0x88, 0x9f, 0x0,

    /* U+79FB "移" */
    0x11, 0x1c, 0x7c, 0xb0, 0x91, 0x2f, 0x18, 0x5c,
    0x18, 0xfb, 0x61, 0xb2, 0x44, 0x30, 0xb8, 0x0,

    /* U+79FD "秽" */
    0x19, 0x3d, 0x24, 0xbf, 0x91, 0xf, 0x40, 0x5f,
    0xdd, 0xb, 0x12, 0xa1, 0x44, 0x30, 0xb8, 0x0,

    /* U+7A00 "稀" */
    0x16, 0x7c, 0x30, 0x99, 0x90, 0x8f, 0x7e, 0x45,
    0x19, 0xfb, 0x65, 0xb4, 0xa4, 0x9c, 0x82, 0x0,

    /* U+7A0B "程" */
    0x17, 0xdc, 0x88, 0x91, 0x13, 0xef, 0x0, 0x5f,
    0xd8, 0x43, 0xbe, 0xa1, 0x4, 0x20, 0xbf, 0x80,

    /* U+7A0D "稍" */
    0x19, 0x3c, 0xa8, 0x84, 0x17, 0xff, 0x82, 0x5f,
    0xda, 0xb, 0xff, 0xa8, 0x25, 0x4, 0xa1, 0x80,

    /* U+7A0E "税" */
    0x14, 0x5c, 0x50, 0x9f, 0x12, 0x2f, 0x44, 0x48,
    0x99, 0xf3, 0x94, 0xa2, 0xa4, 0x94, 0xa3, 0x80,

    /* U+7A17 "稗" */
    0x12, 0x1d, 0xfc, 0xa4, 0x97, 0xff, 0x92, 0x5f,
    0xd8, 0xa3, 0xa4, 0xaf, 0xe4, 0x10, 0x82, 0x0,

    /* U+7A1A "稚" */
    0x12, 0x9c, 0x50, 0x9f, 0x96, 0x4f, 0x7e, 0x49,
    0x19, 0x23, 0xbf, 0xa4, 0x84, 0x90, 0x9f, 0x80,

    /* U+7A20 "稠" */
    0x17, 0xfc, 0xa4, 0x9e, 0x92, 0x9f, 0x7a, 0x48,
    0x59, 0xeb, 0xb5, 0xa7, 0xa4, 0x84, 0xa1, 0x80,

    /* U+7A33 "稳" */
    0x13, 0xdc, 0x88, 0xbf, 0x90, 0x1f, 0xfe, 0x40,
    0x5b, 0xfb, 0x90, 0xa5, 0x45, 0x94, 0xde, 0x80,

    /* U+7A3B "稻" */
    0x10, 0x7d, 0xf0, 0x88, 0x94, 0xaf, 0x20, 0x59,
    0xda, 0xb, 0x77, 0xb8, 0x25, 0x4, 0xbf, 0x80,

    /* U+7A3C "稼" */
    0x11, 0x1d, 0xfc, 0xa0, 0x93, 0xef, 0x10, 0x45,
    0x5b, 0x73, 0x94, 0xad, 0xc4, 0x54, 0xb6, 0x0,

    /* U+7A3D "稽" */
    0x19, 0x5d, 0xfc, 0x8a, 0x16, 0x7f, 0x78, 0x48,
    0x59, 0xfb, 0x80, 0xa7, 0xf4, 0x84, 0x9f, 0x80,

    /* U+7A3F "稿" */
    0x11, 0x1d, 0xfc, 0x91, 0x13, 0xef, 0x0, 0x5f,
    0xda, 0xb, 0xdd, 0xaa, 0xa5, 0x74, 0xa1, 0x80,

    /* U+7A46 "穆" */
    0x1a, 0x1d, 0xfc, 0xa0, 0x97, 0xff, 0x10, 0x4a,
    0x9a, 0xcb, 0x86, 0xa7, 0x34, 0x18, 0xbc, 0x0,

    /* U+7A57 "穗" */
    0x11, 0x1d, 0xfc, 0x95, 0x13, 0xef, 0x54, 0x4f,
    0x98, 0x53, 0x7d, 0xb1, 0x5, 0x48, 0xae, 0x80,

    /* U+7A74 "穴" */
    0x8, 0x0, 0x83, 0xff, 0xc0, 0x18, 0x2, 0x22,
    0x4, 0x41, 0x4, 0x20, 0x88, 0xa, 0x0, 0x80,

    /* U+7A76 "究" */
    0x4, 0x1f, 0xfe, 0x44, 0x90, 0x4c, 0x86, 0x10,
    0x1f, 0xe0, 0x44, 0x10, 0xa4, 0x17, 0x3, 0x80,

    /* U+7A77 "穷" */
    0x4, 0x1f, 0xfe, 0x44, 0x90, 0x4c, 0x86, 0x10,
    0x3f, 0xf0, 0x42, 0x10, 0x44, 0xb, 0x6, 0x0,

    /* U+7A7A "空" */
    0x4, 0x1f, 0xfe, 0x0, 0x88, 0x82, 0x9, 0x80,
    0xdf, 0xf0, 0x20, 0x4, 0x0, 0x83, 0xff, 0x80,

    /* U+7A7F "穿" */
    0x4, 0x1f, 0xfe, 0x44, 0x90, 0x47, 0xfc, 0x42,
    0x10, 0x43, 0xff, 0x9, 0x6, 0x23, 0xc, 0x0,

    /* U+7A81 "突" */
    0x4, 0x1f, 0xfe, 0x44, 0x90, 0x4c, 0x56, 0x9,
    0x3f, 0xf8, 0x20, 0xa, 0x6, 0x33, 0x1, 0x80,

    /* U+7A83 "窃" */
    0x4, 0x1f, 0xfe, 0x44, 0xb0, 0x60, 0x0, 0x9f,
    0xdc, 0x8e, 0x11, 0x54, 0x2c, 0x84, 0x23, 0x0,

    /* U+7A84 "窄" */
    0x4, 0x1f, 0xfe, 0x44, 0xb0, 0x61, 0x0, 0x3f,
    0xca, 0x6, 0x7e, 0x8, 0x1, 0xf8, 0x20, 0x0,

    /* U+7A8D "窍" */
    0x4, 0x1f, 0xfe, 0x44, 0x90, 0x4f, 0x7e, 0x44,
    0x9, 0x1, 0x3f, 0x20, 0x26, 0x7, 0x7, 0x0,

    /* U+7A91 "窑" */
    0x4, 0x1f, 0xfe, 0x44, 0x90, 0x43, 0xfc, 0x88,
    0x1, 0x7, 0xff, 0x4, 0x8, 0x89, 0xff, 0x0,

    /* U+7A92 "窒" */
    0x4, 0x1f, 0xfe, 0x44, 0xb0, 0x60, 0x0, 0xff,
    0x82, 0x0, 0x84, 0x7f, 0x40, 0x83, 0xff, 0x80,

    /* U+7A96 "窖" */
    0x4, 0x1f, 0xfe, 0x44, 0xb2, 0x63, 0xf8, 0x88,
    0x3f, 0xf8, 0x0, 0x7f, 0xc8, 0x9, 0xff, 0x0,

    /* U+7A97 "窗" */
    0x4, 0x1f, 0xfe, 0x28, 0xb9, 0xe0, 0x40, 0xff,
    0x92, 0x53, 0x92, 0x4e, 0x4a, 0x29, 0xff, 0x0,

    /* U+7A98 "窘" */
    0x4, 0x1f, 0xfe, 0x28, 0x89, 0x7, 0xfc, 0x11,
    0x3f, 0xf8, 0x44, 0x3f, 0xdc, 0x8, 0xff, 0x0,

    /* U+7A9C "窜" */
    0x4, 0x1f, 0xfe, 0x44, 0x90, 0x4c, 0x46, 0x7f,
    0x9, 0x23, 0xfe, 0x44, 0x4f, 0xf8, 0x10, 0x0,

    /* U+7A9D "窝" */
    0x4, 0x1f, 0xfe, 0x82, 0xbf, 0xea, 0xa, 0x7f,
    0x1, 0x3, 0xfe, 0x4a, 0x4e, 0x39, 0x1, 0x0,

    /* U+7A9F "窟" */
    0x4, 0x1f, 0xfe, 0x44, 0x90, 0x47, 0xfe, 0x80,
    0x5f, 0xfa, 0x92, 0x5f, 0xd4, 0x46, 0xff, 0x80,

    /* U+7AA5 "窥" */
    0x4, 0x1f, 0xfe, 0x44, 0xb0, 0x42, 0x7d, 0xe8,
    0x89, 0x57, 0xaa, 0x21, 0xa, 0x56, 0x33, 0x80,

    /* U+7ABF "窿" */
    0x4, 0x1f, 0xfe, 0x44, 0x90, 0x4e, 0x3d, 0x58,
    0xb0, 0xe5, 0x6b, 0xa7, 0xdd, 0x22, 0x3f, 0x80,

    /* U+7ACB "立" */
    0x8, 0x0, 0x83, 0xff, 0x80, 0x2, 0x8, 0x41,
    0x4, 0x20, 0x88, 0x11, 0x0, 0x43, 0xff, 0x80,

    /* U+7AD6 "竖" */
    0x17, 0xf2, 0x86, 0x49, 0x48, 0xc9, 0x66, 0x20,
    0x1, 0x3, 0xfe, 0x20, 0x82, 0x23, 0xff, 0x80,

    /* U+7AD9 "站" */
    0x41, 0x4, 0x23, 0xe7, 0x80, 0x89, 0x10, 0xa2,
    0x15, 0xf9, 0x21, 0x3c, 0x38, 0x84, 0x1f, 0x80,

    /* U+7ADE "竞" */
    0x4, 0xf, 0xf8, 0x44, 0x7f, 0xf0, 0x0, 0x7f,
    0x8, 0x21, 0xfc, 0x11, 0x4, 0x27, 0x7, 0x80,

    /* U+7ADF "竟" */
    0x4, 0xf, 0xf8, 0x44, 0x7f, 0xf2, 0x8, 0x7f,
    0x8, 0x21, 0xfc, 0x11, 0x4, 0x27, 0x7, 0x80,

    /* U+7AE0 "章" */
    0x4, 0xf, 0xf8, 0x44, 0x7f, 0xf2, 0x8, 0x7f,
    0x8, 0x21, 0xfc, 0x4, 0x1f, 0xfc, 0x10, 0x0,

    /* U+7AE3 "竣" */
    0x42, 0x48, 0x8b, 0xff, 0x91, 0x4a, 0x2b, 0x58,
    0xe8, 0xf5, 0x62, 0x24, 0x9e, 0x70, 0x31, 0x80,

    /* U+7AE5 "童" */
    0x4, 0xf, 0xf8, 0x44, 0x7f, 0xf2, 0x48, 0x7f,
    0x9, 0x21, 0x24, 0x7f, 0xc0, 0x83, 0xff, 0x80,

    /* U+7AED "竭" */
    0x8f, 0xc9, 0xb, 0xbf, 0x4, 0x2a, 0xfd, 0x48,
    0x2b, 0xfa, 0x89, 0x6a, 0xb1, 0xf4, 0x1, 0x80,

    /* U+7AEF "端" */
    0x89, 0x29, 0x27, 0xbf, 0x80, 0xa, 0xff, 0x42,
    0x2b, 0xfa, 0x55, 0x6a, 0xb1, 0x54, 0x21, 0x80,

    /* U+7AF9 "竹" */
    0x21, 0x4, 0x20, 0xf7, 0xa9, 0x29, 0x44, 0x20,
    0x84, 0x10, 0x82, 0x10, 0x42, 0x8, 0x47, 0x0,

    /* U+7AFF "竿" */
    0x42, 0xf, 0x7e, 0x52, 0x0, 0x7, 0xfc, 0x8,
    0x1, 0x7, 0xff, 0x4, 0x0, 0x80, 0x10, 0x0,

    /* U+7B06 "笆" */
    0x42, 0xf, 0x7e, 0x52, 0x0, 0x7, 0xfc, 0x88,
    0x91, 0x13, 0xfe, 0x40, 0x8, 0x4, 0xff, 0x80,

    /* U+7B0B "笋" */
    0x42, 0xf, 0x7e, 0x52, 0x3f, 0xe0, 0x45, 0xff,
    0xc1, 0x13, 0xfe, 0x8, 0x6, 0x3, 0x0, 0x0,

    /* U+7B11 "笑" */
    0x42, 0xf, 0x7e, 0x52, 0x0, 0x0, 0x3c, 0xf8,
    0x1, 0x7, 0xff, 0xa, 0x6, 0x33, 0x1, 0x80,

    /* U+7B14 "笔" */
    0x42, 0xf, 0x7e, 0x52, 0x3, 0xe7, 0x80, 0x1f,
    0x9e, 0x0, 0x7f, 0xf8, 0x1, 0x4, 0x1f, 0x80,

    /* U+7B1B "笛" */
    0x42, 0xf, 0x7e, 0x52, 0x2, 0x7, 0xfc, 0x88,
    0x91, 0x13, 0xfe, 0x44, 0x48, 0x89, 0xff, 0x0,

    /* U+7B26 "符" */
    0x42, 0xf, 0x7e, 0x52, 0x10, 0x2, 0x8, 0x9f,
    0xf0, 0x22, 0x44, 0x44, 0x88, 0x11, 0xe, 0x0,

    /* U+7B28 "笨" */
    0x42, 0xf, 0x7e, 0x52, 0x0, 0x0, 0x41, 0xff,
    0xc3, 0x80, 0xa8, 0x24, 0x9b, 0xec, 0x10, 0x0,

    /* U+7B2C "第" */
    0x42, 0xf, 0x7e, 0x52, 0x3f, 0xe0, 0x44, 0xff,
    0x91, 0x3, 0xff, 0x14, 0x24, 0x87, 0x13, 0x0,

    /* U+7B3A "笺" */
    0x42, 0xf, 0x7e, 0x52, 0x2, 0x20, 0x7f, 0xf8,
    0x1, 0xff, 0xe2, 0x2, 0x81, 0xe7, 0xc3, 0x80,

    /* U+7B3C "笼" */
    0x42, 0xf, 0x7e, 0x52, 0x4, 0x80, 0x89, 0xff,
    0xc2, 0x80, 0x94, 0x13, 0x4, 0xc7, 0x2f, 0x80,

    /* U+7B49 "等" */
    0x42, 0xf, 0x7e, 0x52, 0x3f, 0xe0, 0x41, 0xff,
    0xc0, 0x27, 0xff, 0x10, 0x81, 0x10, 0xe, 0x0,

    /* U+7B4B "筋" */
    0x42, 0xf, 0x7e, 0x52, 0x0, 0x87, 0x90, 0x9f,
    0xde, 0x4a, 0x49, 0x7a, 0x29, 0x46, 0x73, 0x0,

    /* U+7B4F "筏" */
    0x42, 0xf, 0x7e, 0x52, 0x10, 0x82, 0x12, 0x9f,
    0xf0, 0x42, 0xa, 0x40, 0x88, 0x69, 0x30, 0x80,

    /* U+7B50 "筐" */
    0x42, 0xf, 0x7e, 0x52, 0x0, 0x7, 0xfc, 0x80,
    0x17, 0xf2, 0x10, 0x5f, 0xc8, 0x41, 0xff, 0x0,

    /* U+7B51 "筑" */
    0x42, 0xf, 0x7e, 0x52, 0x0, 0xf, 0x7c, 0x44,
    0x89, 0x91, 0x1a, 0x32, 0x58, 0x88, 0x61, 0x80,

    /* U+7B52 "筒" */
    0x42, 0xf, 0x7e, 0x52, 0x3f, 0xe4, 0x4, 0xbe,
    0x90, 0x12, 0xfa, 0x51, 0x4b, 0xe9, 0x3, 0x0,

    /* U+7B54 "答" */
    0x42, 0xf, 0x7e, 0x52, 0x7, 0x3, 0x19, 0xbe,
    0xc0, 0x3, 0xfe, 0x40, 0x48, 0x9, 0xff, 0x0,

    /* U+7B56 "策" */
    0x42, 0xf, 0x7e, 0x52, 0x7f, 0xf0, 0x40, 0xff,
    0x91, 0x12, 0x26, 0xe, 0x6, 0xb3, 0x11, 0x80,

    /* U+7B5B "筛" */
    0x42, 0xf, 0x7e, 0x52, 0x0, 0x2, 0xff, 0x42,
    0x2b, 0xfd, 0x49, 0x29, 0x29, 0x2e, 0x4, 0x0,

    /* U+7B77 "筷" */
    0x42, 0xf, 0x7e, 0x52, 0x10, 0x82, 0x7d, 0x42,
    0xac, 0x55, 0x7f, 0x21, 0x4, 0x50, 0xb1, 0x80,

    /* U+7B79 "筹" */
    0x42, 0xf, 0x7e, 0x52, 0x2, 0x7, 0xfc, 0x10,
    0x3f, 0xf8, 0x84, 0x3f, 0xe9, 0x12, 0x16, 0x0,

    /* U+7B7E "签" */
    0x42, 0xf, 0x7e, 0x52, 0x5, 0x3, 0x19, 0xbe,
    0xc0, 0x12, 0x44, 0x24, 0x80, 0x23, 0xff, 0x80,

    /* U+7B80 "简" */
    0x42, 0xf, 0x7e, 0x52, 0x2f, 0xe0, 0x4, 0xbe,
    0x94, 0x52, 0xfa, 0x51, 0x4b, 0xe9, 0x3, 0x0,

    /* U+7B8D "箍" */
    0x42, 0xf, 0x7e, 0x52, 0x0, 0x2, 0xff, 0xf1,
    0xa, 0xf9, 0xd5, 0xea, 0xe5, 0x11, 0xbf, 0x80,

    /* U+7B94 "箔" */
    0x42, 0xf, 0x7e, 0x52, 0x21, 0x2, 0xff, 0x10,
    0x52, 0x8, 0x7f, 0x28, 0x29, 0x6, 0x3f, 0x80,

    /* U+7B95 "箕" */
    0x42, 0xf, 0x7e, 0x52, 0x10, 0x4f, 0xfe, 0x41,
    0xf, 0xe1, 0x4, 0xff, 0xe4, 0x13, 0x1, 0x80,

    /* U+7B97 "算" */
    0x42, 0xf, 0x7e, 0x52, 0x3f, 0xe4, 0x4, 0xff,
    0x90, 0x13, 0xfe, 0x11, 0x1f, 0xfc, 0x84, 0x0,

    /* U+7BA1 "管" */
    0x42, 0xf, 0x7e, 0x52, 0x7f, 0xfa, 0xa, 0x7f,
    0x8, 0x1, 0xfe, 0x20, 0x44, 0x8, 0xff, 0x0,

    /* U+7BA9 "箩" */
    0x42, 0xf, 0x7e, 0x52, 0x3f, 0xe4, 0xa4, 0xff,
    0x82, 0x0, 0xfe, 0x64, 0x80, 0x60, 0xf0, 0x0,

    /* U+7BAD "箭" */
    0x42, 0xf, 0x7e, 0x52, 0x10, 0x8f, 0xfe, 0x0,
    0x1f, 0x52, 0x2a, 0x7d, 0x48, 0xa9, 0x33, 0x0,

    /* U+7BB1 "箱" */
    0x42, 0xf, 0x7e, 0x52, 0x0, 0x2, 0x3f, 0xf4,
    0x48, 0xfb, 0x91, 0x6b, 0xf4, 0x44, 0x8f, 0x80,

    /* U+7BC6 "篆" */
    0x42, 0xf, 0x7e, 0x52, 0xf, 0xc2, 0x11, 0xff,
    0xc5, 0x23, 0x28, 0x1a, 0x9c, 0x4c, 0x30, 0x0,

    /* U+7BC7 "篇" */
    0x42, 0xf, 0x7e, 0x52, 0x3f, 0xf4, 0x2, 0xff,
    0xd0, 0x2, 0xff, 0x54, 0xab, 0xfe, 0x52, 0x80,

    /* U+7BD3 "篓" */
    0x42, 0xf, 0x7e, 0x92, 0xa, 0x8f, 0xfe, 0x2a,
    0x19, 0x37, 0xff, 0x10, 0x83, 0xe3, 0x83, 0x80,

    /* U+7BD9 "篙" */
    0x42, 0xf, 0x7e, 0x52, 0x7f, 0xf2, 0x8, 0x7f,
    0x0, 0x7, 0xff, 0x91, 0x33, 0xe6, 0x1, 0x80,

    /* U+7BE1 "篡" */
    0x42, 0xf, 0x7e, 0x52, 0x3f, 0xe4, 0x4, 0xff,
    0x90, 0x17, 0xff, 0x28, 0x9a, 0x2c, 0xfa, 0x0,

    /* U+7BEE "篮" */
    0x42, 0xf, 0x7e, 0x92, 0x9, 0x9, 0x3f, 0x29,
    0x24, 0x13, 0xfe, 0x4a, 0x49, 0x4b, 0xff, 0x80,

    /* U+7BF1 "篱" */
    0x42, 0xf, 0x7e, 0x52, 0x7f, 0xf1, 0x10, 0x9c,
    0x94, 0x57, 0xff, 0x91, 0x37, 0xd6, 0x1, 0x80,

    /* U+7BF7 "篷" */
    0x42, 0xf, 0x7e, 0x51, 0x3, 0xc9, 0x88, 0x8e,
    0x6, 0x3e, 0x10, 0x5f, 0xc8, 0x42, 0xff, 0x80,

    /* U+7C07 "簇" */
    0x42, 0xf, 0x7e, 0x52, 0x23, 0xff, 0xa0, 0x87,
    0xdd, 0x24, 0xbf, 0x90, 0x82, 0x29, 0x98, 0x80,

    /* U+7C27 "簧" */
    0x42, 0xf, 0x7e, 0x54, 0x3f, 0xe1, 0x11, 0xff,
    0xd1, 0x13, 0xfe, 0x44, 0x4f, 0xfb, 0x1, 0x80,

    /* U+7C3F "簿" */
    0x42, 0xf, 0x7e, 0x52, 0x41, 0x25, 0xfe, 0x14,
    0xa3, 0xf2, 0x52, 0x1f, 0xe8, 0x8a, 0xb, 0x0,

    /* U+7C4D "籍" */
    0x42, 0xf, 0x7e, 0x52, 0x11, 0x2f, 0x7e, 0x44,
    0xbd, 0xf9, 0x21, 0x77, 0xf4, 0x84, 0x9f, 0x80,

    /* U+7C73 "米" */
    0x44, 0x44, 0x90, 0x54, 0x2, 0xf, 0xfe, 0x8,
    0x3, 0x80, 0xa8, 0x24, 0x98, 0x8c, 0x10, 0x0,

    /* U+7C7B "类" */
    0x44, 0x44, 0x93, 0xff, 0x87, 0x3, 0x59, 0x88,
    0xc1, 0x7, 0xff, 0xa, 0x6, 0x33, 0x1, 0x80,

    /* U+7C7D "籽" */
    0x27, 0xd6, 0x9, 0x82, 0x10, 0x8f, 0x10, 0x5f,
    0xd8, 0x43, 0x88, 0xa1, 0x4, 0x20, 0x9c, 0x0,

    /* U+7C89 "粉" */
    0x22, 0x96, 0x51, 0x91, 0x12, 0x2f, 0x82, 0x4f,
    0x98, 0x93, 0x92, 0xa4, 0x44, 0x88, 0xa6, 0x0,

    /* U+7C92 "粒" */
    0x22, 0x16, 0x21, 0xbf, 0x90, 0xf, 0x44, 0x48,
    0x98, 0x93, 0x92, 0xa2, 0x84, 0x10, 0xbf, 0x80,

    /* U+7C95 "粕" */
    0x20, 0x96, 0x21, 0x9f, 0x92, 0x1f, 0x42, 0x48,
    0x59, 0xfb, 0xa1, 0xa4, 0x24, 0x84, 0x9f, 0x80,

    /* U+7C97 "粗" */
    0x27, 0xd6, 0x89, 0x91, 0x13, 0xef, 0x44, 0x48,
    0x99, 0xf3, 0xa2, 0xa4, 0x44, 0x88, 0xbf, 0x80,

    /* U+7C98 "粘" */
    0x21, 0x15, 0x21, 0xc7, 0x90, 0x8f, 0x90, 0x42,
    0x19, 0xfb, 0xa1, 0xac, 0x24, 0x84, 0x9f, 0x80,

    /* U+7C9F "粟" */
    0xff, 0xe1, 0x41, 0xff, 0x25, 0x24, 0xa4, 0xff,
    0x89, 0x27, 0xff, 0x15, 0x4, 0x93, 0x11, 0x80,

    /* U+7CA4 "粤" */
    0x8, 0xf, 0xf9, 0x55, 0x3f, 0xe5, 0x54, 0xc9,
    0xbf, 0xf9, 0x0, 0x3f, 0xc0, 0x8, 0xe, 0x0,

    /* U+7CA5 "粥" */
    0xe4, 0xe6, 0xa4, 0xb8, 0xf2, 0x79, 0xf9, 0x9,
    0x39, 0x39, 0x71, 0x35, 0x24, 0x87, 0x13, 0x0,

    /* U+7CAA "粪" */
    0x44, 0x44, 0x93, 0xff, 0x8a, 0x8e, 0x4e, 0x22,
    0x1f, 0xf0, 0x88, 0xff, 0xe4, 0x13, 0x1, 0x80,

    /* U+7CAE "粮" */
    0x21, 0x16, 0xfd, 0x90, 0x93, 0xff, 0x42, 0x4f,
    0xd9, 0x23, 0xa5, 0xa4, 0x44, 0xa8, 0x98, 0x80,

    /* U+7CB1 "粱" */
    0x27, 0xd2, 0x29, 0x15, 0x94, 0xa4, 0x25, 0x49,
    0x85, 0x47, 0xff, 0xd, 0x6, 0x93, 0x11, 0x80,

    /* U+7CB3 "粳" */
    0x2f, 0xf6, 0x21, 0xbf, 0x94, 0x9f, 0xfe, 0x52,
    0x5b, 0xfb, 0xa8, 0xa2, 0x4, 0xa0, 0xa3, 0x80,

    /* U+7CB9 "粹" */
    0x21, 0x15, 0xfd, 0xc0, 0x12, 0x2f, 0x44, 0x55,
    0x58, 0x43, 0x7f, 0xb1, 0x4, 0x20, 0x84, 0x0,

    /* U+7CBE "精" */
    0x21, 0x16, 0xf9, 0x84, 0x13, 0xef, 0x10, 0x5f,
    0xd9, 0x13, 0xbe, 0xa4, 0x44, 0xf8, 0x91, 0x0,

    /* U+7CCA "糊" */
    0x24, 0xf4, 0x95, 0xfe, 0x92, 0x7f, 0x4a, 0x49,
    0x5b, 0xbb, 0xd5, 0xaa, 0xa5, 0x54, 0xbd, 0x80,

    /* U+7CD5 "糕" */
    0x24, 0x56, 0x51, 0xbf, 0x90, 0x8f, 0x10, 0x4f,
    0x98, 0x43, 0x7f, 0xb0, 0x4, 0xa8, 0xa2, 0x80,

    /* U+7CD6 "糖" */
    0x21, 0x15, 0xfd, 0xe2, 0x15, 0xff, 0x8a, 0x5f,
    0xda, 0x2b, 0xdf, 0xaa, 0x25, 0x44, 0xcf, 0x80,

    /* U+7CD9 "糙" */
    0x29, 0x56, 0xbd, 0x89, 0x10, 0x2f, 0xde, 0x48,
    0x19, 0x7b, 0xa9, 0xa5, 0xe5, 0x40, 0xa7, 0x80,

    /* U+7CDC "糜" */
    0x2, 0xf, 0xfd, 0x22, 0x3f, 0xf5, 0xdc, 0xd5,
    0x54, 0x92, 0x54, 0x7f, 0xe9, 0x52, 0xc9, 0x80,

    /* U+7CDF "糟" */
    0x22, 0x95, 0xfd, 0xca, 0x17, 0xff, 0xaa, 0x5f,
    0xda, 0xab, 0x7f, 0xb4, 0x44, 0x88, 0x9f, 0x0,

    /* U+7CE0 "糠" */
    0x21, 0x15, 0xfd, 0xe2, 0x15, 0xff, 0x8a, 0x5f,
    0xda, 0x2b, 0xdf, 0xac, 0xa5, 0x58, 0xd6, 0x80,

    /* U+7CEF "糯" */
    0x2f, 0xf6, 0x21, 0xbf, 0x94, 0x9f, 0x54, 0x40,
    0x1b, 0xfb, 0x88, 0xaf, 0xe5, 0x54, 0xaa, 0x80,

    /* U+7CFB "系" */
    0x1, 0xcf, 0xc0, 0x22, 0x19, 0x80, 0xc0, 0x60,
    0xbf, 0xe8, 0x20, 0x24, 0x98, 0x8c, 0x70, 0x0,

    /* U+7D0A "紊" */
    0x4, 0x1f, 0xfc, 0x82, 0xf, 0x8e, 0xe, 0x22,
    0x19, 0x80, 0xc2, 0xff, 0xa4, 0x93, 0x31, 0x80,

    /* U+7D20 "素" */
    0x4, 0xf, 0xf8, 0x10, 0x1f, 0xc0, 0x41, 0xff,
    0xc4, 0x81, 0x22, 0xff, 0xa4, 0x93, 0x31, 0x80,

    /* U+7D22 "索" */
    0x4, 0x1f, 0xfc, 0x10, 0x7f, 0xf9, 0x12, 0xcc,
    0x6, 0x17, 0xfd, 0x4, 0x4, 0x93, 0x31, 0x80,

    /* U+7D27 "紧" */
    0x17, 0xf2, 0x6, 0x49, 0x48, 0xc9, 0x66, 0x12,
    0x4, 0x97, 0xff, 0x4, 0x4, 0x93, 0x11, 0x80,

    /* U+7D2B "紫" */
    0x22, 0x17, 0x7e, 0x88, 0x5f, 0x1e, 0x3e, 0x24,
    0x9, 0x17, 0xff, 0x4, 0x8, 0x8a, 0x10, 0x80,

    /* U+7D2F "累" */
    0x7f, 0xc8, 0x89, 0xff, 0x22, 0x27, 0xfc, 0x22,
    0x19, 0x80, 0xc2, 0xff, 0xa4, 0x93, 0x31, 0x80,

    /* U+7D6E "絮" */
    0x20, 0x1f, 0x7d, 0x28, 0x99, 0x1c, 0xbe, 0x22,
    0x19, 0x80, 0xc2, 0xff, 0xa4, 0x93, 0x31, 0x80,

    /* U+7E41 "繁" */
    0x40, 0x9f, 0xdd, 0x56, 0xff, 0x55, 0x44, 0xfb,
    0x44, 0x81, 0x22, 0xff, 0xa4, 0x93, 0x31, 0x80,

    /* U+7E82 "纂" */
    0x42, 0xf, 0x7e, 0x52, 0x3f, 0xe4, 0x4, 0xff,
    0x90, 0x17, 0xff, 0x24, 0x9a, 0xac, 0xb2, 0x0,

    /* U+7EA0 "纠" */
    0x20, 0x24, 0x45, 0x8, 0xc9, 0x1e, 0x22, 0x44,
    0x50, 0x8f, 0x97, 0x3, 0x26, 0x7, 0x0, 0x80,

    /* U+7EA2 "红" */
    0x2f, 0xe4, 0x21, 0x4, 0x48, 0x8e, 0x10, 0x42,
    0x10, 0x47, 0x88, 0x1, 0x6, 0x23, 0x3f, 0x80,

    /* U+7EA4 "纤" */
    0x20, 0xc4, 0xe1, 0x4, 0x48, 0x8e, 0x10, 0x5f,
    0xd0, 0x47, 0x88, 0x1, 0x6, 0x23, 0x4, 0x0,

    /* U+7EA6 "约" */
    0x44, 0x8, 0x82, 0x1f, 0xd4, 0x1d, 0x2, 0x84,
    0x60, 0x4f, 0x9, 0x0, 0x24, 0x7, 0x3, 0x0,

    /* U+7EA7 "级" */
    0x4f, 0xc8, 0x8a, 0x11, 0x52, 0x4c, 0x4e, 0x88,
    0x61, 0x8f, 0x2a, 0x8, 0x85, 0x2b, 0x58, 0x80,

    /* U+7EAA "纪" */
    0x4f, 0xc8, 0xa, 0x1, 0x50, 0x2c, 0x4, 0x9f,
    0xa2, 0x7, 0x40, 0x8, 0x25, 0x7, 0x1f, 0x80,

    /* U+7EAB "纫" */
    0x27, 0xe8, 0x26, 0x44, 0xfa, 0x92, 0x52, 0x92,
    0x60, 0x8f, 0x91, 0x4, 0x26, 0x8b, 0x6, 0x0,

    /* U+7EAC "纬" */
    0x42, 0x8, 0x42, 0x7f, 0xd1, 0xc, 0xfc, 0x84,
    0x27, 0xff, 0x11, 0x2, 0x24, 0x5b, 0x8, 0x0,

    /* U+7EAF "纯" */
    0x41, 0x9, 0xfe, 0x4, 0x54, 0x9c, 0x92, 0x92,
    0x63, 0xff, 0x8, 0x1, 0x4, 0x27, 0x3, 0x80,

    /* U+7EB1 "纱" */
    0x41, 0x8, 0x22, 0x25, 0x54, 0x9c, 0x92, 0xa2,
    0x20, 0x4f, 0x2, 0x0, 0x84, 0x63, 0x30, 0x0,

    /* U+7EB2 "纲" */
    0x4f, 0xe9, 0x6, 0x20, 0xd6, 0x3c, 0xaa, 0x92,
    0x62, 0xaf, 0x63, 0x8, 0x25, 0x7, 0x21, 0x80,

    /* U+7EB3 "纳" */
    0x41, 0x8, 0x22, 0x3f, 0xd4, 0x9c, 0x92, 0x95,
    0x62, 0xaf, 0x63, 0x8, 0x25, 0x7, 0x21, 0x80,

    /* U+7EB5 "纵" */
    0x24, 0x88, 0x92, 0x52, 0x7a, 0x42, 0x48, 0x89,
    0x22, 0xa7, 0xca, 0x9, 0x46, 0x47, 0x48, 0x80,

    /* U+7EB6 "纶" */
    0x41, 0x8, 0x52, 0x11, 0x54, 0x1c, 0x40, 0x88,
    0xa1, 0x27, 0x38, 0x4, 0x24, 0x87, 0xf, 0x80,

    /* U+7EB7 "纷" */
    0x44, 0x88, 0x92, 0x21, 0x54, 0x2d, 0x2, 0x9f,
    0xa1, 0x17, 0x22, 0x8, 0x45, 0xb, 0x46, 0x0,

    /* U+7EB8 "纸" */
    0x40, 0xc9, 0xe2, 0x24, 0x54, 0x8c, 0x90, 0x9f,
    0xe2, 0x47, 0x44, 0x8, 0xa5, 0x4f, 0x30, 0x80,

    /* U+7EB9 "纹" */
    0x22, 0x4, 0x21, 0x3f, 0xca, 0x2e, 0x44, 0x48,
    0x90, 0xa7, 0x94, 0x1, 0x6, 0x53, 0x31, 0x80,

    /* U+7EBA "纺" */
    0x42, 0x8, 0x22, 0x7f, 0xd2, 0xc, 0x40, 0x8f,
    0xa1, 0x17, 0x22, 0x8, 0x45, 0xb, 0x46, 0x0,

    /* U+7EBD "纽" */
    0x4f, 0xc8, 0x4a, 0x9, 0x51, 0x2c, 0x24, 0x9f,
    0xa1, 0x17, 0x22, 0x4, 0x44, 0x8b, 0x7f, 0x80,

    /* U+7EBF "线" */
    0x21, 0x44, 0x25, 0x7, 0xcb, 0x8e, 0x10, 0x43,
    0xd1, 0xc7, 0x89, 0x0, 0xc6, 0x37, 0x39, 0x80,

    /* U+7EC3 "练" */
    0x42, 0xb, 0xfe, 0x10, 0x4f, 0x8e, 0x90, 0x9f,
    0xe0, 0x47, 0x2a, 0x5, 0x25, 0x27, 0xc, 0x0,

    /* U+7EC4 "组" */
    0x4f, 0xc9, 0xa, 0x21, 0x57, 0xec, 0x84, 0x90,
    0xa3, 0xf7, 0x42, 0x8, 0x45, 0xb, 0x7f, 0x80,

    /* U+7EC5 "绅" */
    0x41, 0x8, 0x22, 0x3f, 0xd4, 0x9c, 0x92, 0x9f,
    0xe2, 0x4f, 0x49, 0xf, 0xe4, 0x23, 0x4, 0x0,

    /* U+7EC6 "细" */
    0x4f, 0xe9, 0x26, 0x24, 0xd4, 0x9c, 0x92, 0x9f,
    0xe2, 0x4f, 0x49, 0x9, 0x25, 0x27, 0x3f, 0x80,

    /* U+7EC7 "织" */
    0x27, 0xc4, 0x89, 0x11, 0x4a, 0x2e, 0x44, 0x4f,
    0x90, 0x7, 0x80, 0x2, 0x86, 0x8b, 0x20, 0x80,

    /* U+7EC8 "终" */
    0x44, 0x8, 0xfa, 0x21, 0x5a, 0x4c, 0x30, 0x89,
    0x26, 0x1f, 0x30, 0x1, 0x85, 0x83, 0xf, 0x0,

    /* U+7ECA "绊" */
    0x21, 0x5, 0x25, 0x15, 0x48, 0x8e, 0xfe, 0x42,
    0x10, 0x47, 0x7f, 0x1, 0x6, 0x23, 0x4, 0x0,

    /* U+7ECD "绍" */
    0x27, 0xe4, 0x25, 0x4, 0xc9, 0x1e, 0x46, 0x40,
    0x11, 0xff, 0xa1, 0x4, 0x26, 0x87, 0x1f, 0x80,

    /* U+7ECE "绎" */
    0x4f, 0xe9, 0x6, 0x11, 0x51, 0xcc, 0xc6, 0x82,
    0x21, 0xf7, 0x8, 0xf, 0xe4, 0x23, 0x4, 0x0,

    /* U+7ECF "经" */
    0x4f, 0xc8, 0xa, 0x2, 0x50, 0x8c, 0x68, 0xb0,
    0xe1, 0xf7, 0x8, 0x1, 0x4, 0x23, 0x3f, 0x80,

    /* U+7ED1 "绑" */
    0x44, 0xeb, 0xd6, 0x12, 0xd2, 0x5d, 0xec, 0x89,
    0x61, 0x2e, 0xf5, 0x4, 0xe4, 0x93, 0x22, 0x0,

    /* U+7ED2 "绒" */
    0x41, 0x48, 0x26, 0x3f, 0xd0, 0x8c, 0x52, 0x8a,
    0x67, 0xd7, 0x24, 0x4, 0xa5, 0x2f, 0x48, 0x80,

    /* U+7ED3 "结" */
    0x21, 0x4, 0x21, 0x3f, 0xc8, 0x8e, 0x10, 0x4f,
    0x90, 0x7, 0xbe, 0x4, 0x46, 0x8b, 0x1f, 0x0,

    /* U+7ED5 "绕" */
    0x42, 0x8, 0x4e, 0x3e, 0x51, 0x2c, 0x1a, 0x9c,
    0xe0, 0x7, 0x7f, 0x2, 0x84, 0x97, 0x63, 0x80,

    /* U+7ED8 "绘" */
    0x41, 0x8, 0x52, 0x11, 0x54, 0x1c, 0x7c, 0x80,
    0x20, 0x7, 0x7f, 0x2, 0x4, 0x8b, 0x3e, 0x80,

    /* U+7ED9 "给" */
    0x41, 0x8, 0x52, 0x11, 0x54, 0x1c, 0x7c, 0x80,
    0x23, 0xff, 0x41, 0x8, 0x25, 0x7, 0x3f, 0x80,

    /* U+7EDA "绚" */
    0x48, 0x9, 0xfe, 0x40, 0xd7, 0xdc, 0x8a, 0x9f,
    0x62, 0x2f, 0x45, 0xf, 0xa4, 0x7, 0x3, 0x0,

    /* U+7EDC "络" */
    0x44, 0x8, 0xfa, 0x21, 0x5a, 0x4c, 0x30, 0x89,
    0x26, 0x1f, 0x7e, 0x8, 0x45, 0xb, 0x3f, 0x0,

    /* U+7EDD "绝" */
    0x44, 0x8, 0xf2, 0x22, 0x4f, 0xfe, 0x92, 0x92,
    0x63, 0xff, 0x40, 0x8, 0x25, 0x7, 0x1f, 0x80,

    /* U+7EDE "绞" */
    0x41, 0x9, 0xfe, 0x0, 0x52, 0x2c, 0x82, 0xa8,
    0xa1, 0x17, 0x14, 0x1, 0x4, 0x53, 0x31, 0x80,

    /* U+7EDF "统" */
    0x42, 0xb, 0xfe, 0x10, 0x52, 0x2c, 0x84, 0xbf,
    0x61, 0x27, 0x24, 0x4, 0x85, 0x17, 0x43, 0x80,

    /* U+7EE2 "绢" */
    0x47, 0xc8, 0x8a, 0x1f, 0x50, 0xc, 0xfe, 0x90,
    0x63, 0xff, 0x41, 0xf, 0xe5, 0x7, 0x21, 0x80,

    /* U+7EE3 "绣" */
    0x47, 0xc8, 0x22, 0x3f, 0xd1, 0xcc, 0x54, 0xb2,
    0x61, 0xf7, 0x12, 0x2, 0x64, 0x87, 0x63, 0x0,

    /* U+7EE5 "绥" */
    0x40, 0xe9, 0xe2, 0x28, 0xd2, 0x9c, 0x54, 0x84,
    0x23, 0xff, 0x12, 0x6, 0x84, 0x33, 0x39, 0x80,

    /* U+7EE6 "绦" */
    0x44, 0x8, 0xfa, 0x21, 0x5a, 0x4c, 0x30, 0xb9,
    0xe0, 0x47, 0x7f, 0x1, 0x4, 0xab, 0x2c, 0x80,

    /* U+7EE7 "继" */
    0x48, 0x89, 0x56, 0x27, 0x54, 0x4c, 0xbe, 0x91,
    0x22, 0x77, 0x55, 0x8, 0x85, 0x3, 0x3f, 0x80,

    /* U+7EE9 "绩" */
    0x41, 0xb, 0xfe, 0x4, 0x57, 0xec, 0x10, 0xbf,
    0xe2, 0x17, 0x4a, 0x9, 0x44, 0x53, 0x31, 0x80,

    /* U+7EEA "绪" */
    0x42, 0x9, 0xf6, 0x9, 0x51, 0x4d, 0xfe, 0x84,
    0x21, 0xf7, 0x62, 0x7, 0xc4, 0x8b, 0x1f, 0x0,

    /* U+7EED "续" */
    0x41, 0x8, 0xfa, 0x4, 0x57, 0xfc, 0x42, 0x95,
    0x21, 0x27, 0x7f, 0x1, 0x4, 0x4b, 0x30, 0x80,

    /* U+7EF0 "绰" */
    0x41, 0x8, 0x3e, 0x4, 0x57, 0xec, 0x84, 0x9f,
    0xa2, 0x17, 0x7e, 0x1, 0x5, 0xff, 0x4, 0x0,

    /* U+7EF3 "绳" */
    0x4f, 0x89, 0x12, 0x3e, 0x51, 0xd, 0xfc, 0xa4,
    0xa7, 0xf7, 0x92, 0x1f, 0xc4, 0x47, 0x7, 0x80,

    /* U+7EF4 "维" */
    0x45, 0x8, 0x92, 0x3f, 0xd4, 0x4d, 0xfe, 0x91,
    0x22, 0x27, 0x7f, 0x8, 0x85, 0x13, 0x3f, 0x80,

    /* U+7EF5 "绵" */
    0x42, 0x9, 0xfe, 0x20, 0xd7, 0xfc, 0x82, 0x9f,
    0xe0, 0x47, 0x7f, 0x9, 0x25, 0x2f, 0x4, 0x0,

    /* U+7EF7 "绷" */
    0x4e, 0xe9, 0x56, 0x2a, 0xd7, 0x7c, 0xaa, 0x95,
    0x63, 0xbf, 0x55, 0xa, 0xa5, 0x57, 0x5d, 0x80,

    /* U+7EF8 "绸" */
    0x4f, 0xe9, 0x26, 0x2e, 0xd4, 0x9c, 0xba, 0x90,
    0x62, 0xef, 0x55, 0xb, 0xa5, 0x7, 0x41, 0x80,

    /* U+7EFC "综" */
    0x41, 0x9, 0xfe, 0x20, 0xd0, 0xc, 0x7c, 0x80,
    0x23, 0xff, 0x8, 0x5, 0x45, 0x27, 0xc, 0x0,

    /* U+7EFD "绽" */
    0x41, 0x9, 0xfe, 0x20, 0xd0, 0xc, 0xfe, 0x82,
    0x21, 0x47, 0x2f, 0x5, 0x5, 0x63, 0x23, 0x80,

    /* U+7EFF "绿" */
    0x4f, 0xc8, 0xa, 0x3f, 0x50, 0x2d, 0xfe, 0x82,
    0x22, 0x4f, 0x2a, 0x3, 0x84, 0xab, 0x6c, 0x80,

    /* U+7F00 "缀" */
    0x4e, 0xe8, 0x46, 0x2a, 0xd2, 0x2c, 0xaa, 0x80,
    0x23, 0xbf, 0x15, 0xa, 0xa4, 0x8b, 0x2a, 0x80,

    /* U+7F04 "缄" */
    0x40, 0xa8, 0x16, 0x3f, 0xd4, 0x4c, 0xea, 0x91,
    0x63, 0xaf, 0x52, 0xe, 0x45, 0x17, 0x4c, 0x80,

    /* U+7F05 "缅" */
    0x4f, 0xe8, 0x22, 0x8, 0x57, 0xfc, 0xaa, 0x97,
    0x62, 0xaf, 0x55, 0xb, 0xa5, 0x57, 0x3f, 0x80,

    /* U+7F06 "缆" */
    0x45, 0xa, 0xbe, 0x55, 0x5b, 0x1c, 0xfc, 0x90,
    0xa2, 0x57, 0x4a, 0x1, 0x4, 0x57, 0x33, 0x80,

    /* U+7F09 "缉" */
    0x47, 0xc8, 0x8a, 0x1f, 0x50, 0xc, 0xfe, 0x88,
    0xa1, 0xf7, 0x22, 0x5, 0xe5, 0xcb, 0x1, 0x0,

    /* U+7F0E "缎" */
    0x42, 0xe9, 0x96, 0x22, 0xd7, 0x5c, 0x92, 0x9c,
    0x22, 0x7f, 0x49, 0x1e, 0xa5, 0xb, 0x26, 0x80,

    /* U+7F13 "缓" */
    0x40, 0xe9, 0xe6, 0x15, 0x57, 0xfc, 0x20, 0x9f,
    0xe1, 0x7, 0x3e, 0xa, 0x46, 0x33, 0x39, 0x80,

    /* U+7F14 "缔" */
    0x21, 0x5, 0xfd, 0x11, 0x49, 0x4e, 0xfe, 0x52,
    0x51, 0xf7, 0xaa, 0x5, 0x46, 0xbb, 0x4, 0x0,

    /* U+7F15 "缕" */
    0x49, 0x28, 0xaa, 0x3f, 0xd1, 0xcc, 0x54, 0x92,
    0x60, 0x87, 0x7f, 0x2, 0x44, 0x73, 0x31, 0x80,

    /* U+7F16 "编" */
    0x41, 0x9, 0xfe, 0x20, 0xd7, 0xfc, 0x80, 0x9f,
    0xe2, 0xaf, 0x55, 0xf, 0xe5, 0x57, 0x4a, 0x80,

    /* U+7F18 "缘" */
    0x27, 0xe8, 0x8a, 0x3f, 0x78, 0x42, 0xfe, 0x8a,
    0x20, 0xef, 0x66, 0x3, 0xa5, 0x97, 0xc, 0x0,

    /* U+7F1A "缚" */
    0x41, 0x49, 0xfe, 0x4, 0x57, 0xfc, 0x92, 0x9f,
    0xe2, 0x4f, 0x2, 0xf, 0xe4, 0x8b, 0xb, 0x0,

    /* U+7F1D "缝" */
    0x51, 0x9, 0x3e, 0x8, 0xd0, 0xed, 0xa2, 0x91,
    0x22, 0xff, 0x44, 0xb, 0xe6, 0x93, 0x4f, 0x80,

    /* U+7F20 "缠" */
    0x41, 0x9, 0xfe, 0x2a, 0xd5, 0x5c, 0xbe, 0x95,
    0x62, 0xff, 0x44, 0xb, 0xe5, 0x13, 0x5f, 0x80,

    /* U+7F28 "缨" */
    0x4e, 0xe9, 0x56, 0x2a, 0xd5, 0x5c, 0x44, 0x95,
    0x60, 0x47, 0x7f, 0x2, 0x44, 0x73, 0x31, 0x80,

    /* U+7F29 "缩" */
    0x42, 0xb, 0xfe, 0x40, 0xd2, 0xec, 0x48, 0x92,
    0x26, 0xff, 0x51, 0xb, 0xe5, 0x47, 0x2f, 0x80,

    /* U+7F2E "缮" */
    0x44, 0x49, 0xfe, 0x4, 0x53, 0xec, 0x10, 0x9f,
    0xe1, 0x57, 0x7f, 0x4, 0x44, 0x8b, 0x1f, 0x0,

    /* U+7F34 "缴" */
    0x48, 0x8b, 0xd2, 0x4b, 0xdf, 0x9d, 0x2a, 0xbd,
    0x61, 0x2e, 0xfd, 0xa, 0x45, 0x57, 0x5c, 0x80,

    /* U+7F38 "缸" */
    0x43, 0xef, 0x12, 0x82, 0x10, 0x42, 0x9, 0xf1,
    0x8, 0x25, 0x44, 0xa8, 0x95, 0x13, 0xef, 0x80,

    /* U+7F3A "缺" */
    0x41, 0xf, 0x22, 0x9f, 0x10, 0xa2, 0x15, 0xf2,
    0x89, 0xfd, 0x48, 0xa9, 0x15, 0x53, 0xf1, 0x80,

    /* U+7F50 "罐" */
    0x42, 0x4e, 0xfe, 0x89, 0x12, 0xd2, 0x7f, 0xf2,
    0x88, 0xfd, 0x52, 0xaf, 0xf5, 0x4b, 0xef, 0x80,

    /* U+7F51 "网" */
    0xff, 0xf0, 0x6, 0x22, 0xd5, 0x59, 0x13, 0x22,
    0x6a, 0xad, 0x55, 0xc4, 0x30, 0x6, 0x3, 0x80,

    /* U+7F55 "罕" */
    0xff, 0xf0, 0x4, 0x44, 0x10, 0x4c, 0x6, 0xff,
    0x81, 0x0, 0x20, 0xff, 0xe0, 0x80, 0x10, 0x0,

    /* U+7F57 "罗" */
    0xff, 0xf2, 0x26, 0x44, 0xff, 0xf0, 0x80, 0x1f,
    0x8c, 0x16, 0x44, 0x5, 0x0, 0xc1, 0xe0, 0x0,

    /* U+7F5A "罚" */
    0xff, 0xf2, 0x27, 0xff, 0x90, 0x1, 0x2, 0x2,
    0x78, 0x49, 0x9, 0x29, 0x26, 0x4, 0x83, 0x80,

    /* U+7F62 "罢" */
    0xff, 0xf2, 0x26, 0x44, 0xff, 0xf0, 0x40, 0xff,
    0x81, 0x7, 0xff, 0x10, 0x4, 0x11, 0xfd, 0x0,

    /* U+7F69 "罩" */
    0xff, 0xf2, 0x27, 0xff, 0x82, 0x7, 0xfe, 0x80,
    0x9f, 0xf2, 0x2, 0xff, 0xe0, 0x80, 0x10, 0x0,

    /* U+7F6A "罪" */
    0xff, 0xf2, 0x27, 0xff, 0x80, 0x1, 0x11, 0xe3,
    0xc4, 0x47, 0x8f, 0x11, 0x1e, 0x3c, 0x44, 0x0,

    /* U+7F6E "置" */
    0xff, 0xf2, 0x27, 0xff, 0x82, 0xf, 0xfe, 0x8,
    0xf, 0xe1, 0x4, 0x3f, 0x84, 0x13, 0xff, 0x80,

    /* U+7F72 "署" */
    0x7f, 0xc9, 0x49, 0xff, 0x4, 0x17, 0xf4, 0x11,
    0x3f, 0xf9, 0x2, 0x7f, 0xd4, 0x8, 0xff, 0x0,

    /* U+7F8A "羊" */
    0x20, 0x82, 0x21, 0xff, 0x2, 0x0, 0x40, 0x7f,
    0x1, 0x0, 0x20, 0xff, 0xe0, 0x80, 0x10, 0x0,

    /* U+7F8C "羌" */
    0x20, 0x82, 0x21, 0xff, 0x2, 0x3, 0xf8, 0x8,
    0x3f, 0xf8, 0x50, 0x12, 0x4, 0x47, 0xf, 0x80,

    /* U+7F8E "美" */
    0x11, 0x1f, 0xfc, 0x10, 0x3f, 0xe0, 0x41, 0xff,
    0xc1, 0x7, 0xff, 0xa, 0x6, 0x33, 0x1, 0x80,

    /* U+7F94 "羔" */
    0x20, 0x82, 0x21, 0xff, 0x2, 0x0, 0x40, 0x7f,
    0x1, 0x7, 0xff, 0x0, 0xa, 0x4a, 0x24, 0x80,

    /* U+7F9A "羚" */
    0xa1, 0x8, 0x53, 0x91, 0x2c, 0x1e, 0x10, 0x81,
    0x13, 0xff, 0x2, 0x44, 0x88, 0x62, 0x3, 0x0,

    /* U+7F9E "羞" */
    0x11, 0x1f, 0xfc, 0x10, 0x3f, 0xe0, 0x81, 0xff,
    0xc4, 0x91, 0x12, 0xdf, 0xc0, 0x88, 0xff, 0x80,

    /* U+7FA1 "羡" */
    0x11, 0x1f, 0xfc, 0x10, 0x3f, 0xe0, 0x41, 0xff,
    0xc1, 0x4f, 0x4a, 0x1, 0x4, 0x53, 0x31, 0x80,

    /* U+7FA4 "群" */
    0x7a, 0x25, 0x2b, 0xef, 0x94, 0x47, 0x88, 0x47,
    0xd0, 0x23, 0xc4, 0xcb, 0xe9, 0x11, 0xe2, 0x0,

    /* U+7FB9 "羹" */
    0x11, 0xf, 0xf8, 0x10, 0x7f, 0xf5, 0x25, 0x12,
    0x7f, 0xf8, 0x20, 0xff, 0xe2, 0x23, 0x83, 0x80,

    /* U+7FBD "羽" */
    0xfb, 0xe1, 0x6, 0x28, 0xa4, 0x92, 0x8a, 0x10,
    0x46, 0x19, 0x45, 0xcb, 0x21, 0x4, 0xc3, 0x0,

    /* U+7FC1 "翁" */
    0xf, 0x4, 0x13, 0x21, 0x88, 0x47, 0xf8, 0x0,
    0x3e, 0xfa, 0x49, 0x28, 0xa9, 0x26, 0x69, 0x80,

    /* U+7FC5 "翅" */
    0x4e, 0xe8, 0x47, 0xaa, 0xa3, 0x34, 0x23, 0xcc,
    0xea, 0xad, 0x11, 0x46, 0x74, 0x2, 0x7f, 0x80,

    /* U+7FCC "翌" */
    0xfb, 0xe9, 0x24, 0xa2, 0xa4, 0x98, 0xa2, 0x8,
    0x3f, 0xf9, 0x4, 0x10, 0x82, 0x23, 0xff, 0x80,

    /* U+7FD4 "翔" */
    0x9e, 0xf4, 0x47, 0xcc, 0xa5, 0x5e, 0x66, 0x84,
    0x51, 0x9f, 0x55, 0x53, 0x30, 0x46, 0x19, 0x80,

    /* U+7FD8 "翘" */
    0x47, 0xeb, 0x27, 0x96, 0xa9, 0xb2, 0x93, 0xb6,
    0xc1, 0x6f, 0xc9, 0x53, 0x6a, 0x2, 0x7f, 0x80,

    /* U+7FDF "翟" */
    0xfb, 0xe9, 0x24, 0xa2, 0xe5, 0x90, 0x82, 0x44,
    0x1f, 0xfe, 0x10, 0x7f, 0xc8, 0x41, 0xff, 0x80,

    /* U+7FE0 "翠" */
    0xfb, 0xe9, 0x24, 0xa2, 0xe5, 0x90, 0x41, 0xff,
    0xc8, 0x22, 0x8a, 0x4, 0x1f, 0xfc, 0x10, 0x0,

    /* U+7FF0 "翰" */
    0x20, 0x9f, 0x28, 0x88, 0xfc, 0x8, 0xb7, 0xf2,
    0x62, 0xef, 0xcb, 0x23, 0xbf, 0x24, 0x8d, 0x80,

    /* U+7FF1 "翱" */
    0x47, 0x7f, 0x26, 0x36, 0xfd, 0xb8, 0x93, 0xf2,
    0x48, 0xdf, 0xed, 0x51, 0x35, 0x24, 0x8d, 0x80,

    /* U+7FFB "翻" */
    0x1b, 0x7c, 0x26, 0xb6, 0xfd, 0xb7, 0x13, 0x52,
    0x7e, 0xdd, 0x6d, 0xf9, 0x35, 0x27, 0xed, 0x80,

    /* U+7FFC "翼" */
    0xfb, 0xe9, 0x24, 0xa2, 0xe5, 0x93, 0xf8, 0x49,
    0x1f, 0xf1, 0x24, 0xff, 0xe4, 0x13, 0x1, 0x80,

    /* U+8000 "耀" */
    0x27, 0x74, 0xb6, 0xad, 0xba, 0xd2, 0x13, 0xf2,
    0x94, 0xfa, 0xb2, 0x53, 0xeb, 0x4a, 0x4f, 0x80,

    /* U+8001 "老" */
    0x8, 0x4f, 0xd0, 0x24, 0x5, 0xf, 0xfe, 0x10,
    0xc, 0x16, 0x8c, 0x1e, 0x2, 0x4, 0x3f, 0x80,

    /* U+8003 "考" */
    0x8, 0x4f, 0xd0, 0x24, 0x7f, 0xf0, 0x40, 0x3f,
    0x8c, 0x6, 0xfe, 0x0, 0x40, 0x8, 0xe, 0x0,

    /* U+8005 "者" */
    0x8, 0x2f, 0xe8, 0x22, 0x4, 0x8f, 0xfe, 0x20,
    0xf, 0xf3, 0x2, 0xbf, 0xc4, 0x8, 0xff, 0x0,

    /* U+800C "而" */
    0xff, 0xe0, 0x80, 0x20, 0x7f, 0xf9, 0x13, 0x22,
    0x64, 0x4c, 0x89, 0x91, 0x32, 0x26, 0x1, 0x80,

    /* U+800D "耍" */
    0xff, 0xe0, 0x81, 0xff, 0x25, 0x24, 0xa4, 0x10,
    0x3f, 0xf8, 0x84, 0x31, 0x1, 0xc3, 0xc7, 0x80,

    /* U+8010 "耐" */
    0xfe, 0x42, 0x8, 0x87, 0xff, 0x2a, 0xa5, 0x56,
    0xaa, 0xb5, 0x52, 0xaa, 0x55, 0x4a, 0x1b, 0x0,

    /* U+8015 "耕" */
    0x22, 0x44, 0x4b, 0xdf, 0x91, 0x2f, 0x24, 0x44,
    0xbd, 0xf9, 0x12, 0x72, 0x54, 0x88, 0xa1, 0x0,

    /* U+8017 "耗" */
    0x20, 0xe4, 0xe3, 0xe4, 0x10, 0xff, 0x70, 0x42,
    0x3e, 0x79, 0x38, 0x71, 0x15, 0x24, 0x83, 0x80,

    /* U+8018 "耘" */
    0x27, 0xc4, 0x3, 0xc0, 0x10, 0xf, 0xfe, 0x44,
    0x3c, 0x81, 0x22, 0x74, 0x55, 0x34, 0xb8, 0x80,

    /* U+8019 "耙" */
    0x27, 0xe4, 0x97, 0xd2, 0x92, 0x5f, 0x4a, 0x4f,
    0xfd, 0x1, 0x20, 0x64, 0x36, 0x84, 0x8f, 0x80,

    /* U+802A "耪" */
    0x21, 0x4, 0xff, 0xc9, 0x13, 0xff, 0x42, 0x42,
    0x3d, 0xf9, 0x10, 0x63, 0xf6, 0x84, 0xa3, 0x0,

    /* U+8033 "耳" */
    0xff, 0xe4, 0x10, 0xfe, 0x10, 0x42, 0x8, 0x7f,
    0x8, 0x21, 0x4, 0x23, 0xff, 0x90, 0x2, 0x0,

    /* U+8036 "耶" */
    0xfd, 0xe9, 0x25, 0xe4, 0xa4, 0xa4, 0x94, 0xf2,
    0x52, 0x4a, 0x49, 0x5d, 0xdd, 0x20, 0x24, 0x0,

    /* U+8038 "耸" */
    0x11, 0x2, 0x20, 0xaa, 0x62, 0x30, 0x1, 0xff,
    0xc8, 0x21, 0xfc, 0x20, 0x9f, 0xfc, 0x2, 0x0,

    /* U+803B "耻" */
    0xf8, 0x8a, 0x11, 0xc2, 0x29, 0x45, 0x2e, 0xe5,
    0x14, 0xa2, 0x94, 0x7a, 0x9a, 0x50, 0x5f, 0x80,

    /* U+803D "耽" */
    0xf9, 0xa, 0x21, 0xdf, 0xaa, 0x95, 0x52, 0xe2,
    0x14, 0xa2, 0x94, 0x7a, 0xba, 0x94, 0x63, 0x80,

    /* U+803F "耿" */
    0xf9, 0xa, 0x21, 0xd4, 0xaa, 0x95, 0x94, 0xe2,
    0x14, 0xa2, 0x94, 0x74, 0x5a, 0x88, 0x60, 0x80,

    /* U+8042 "聂" */
    0xff, 0xe4, 0x10, 0xfe, 0x10, 0x42, 0x7f, 0xf1,
    0x0, 0x7, 0xdf, 0x8a, 0x2e, 0x3a, 0x28, 0x80,

    /* U+804A "聊" */
    0xf2, 0x15, 0x9f, 0xaa, 0xd5, 0x5a, 0xab, 0xd5,
    0x6a, 0xad, 0x75, 0xea, 0xf4, 0x90, 0xe2, 0x0,

    /* U+804B "聋" */
    0x8, 0x9f, 0xfc, 0x4a, 0x11, 0x84, 0xe3, 0xff,
    0xc8, 0x21, 0xfc, 0x20, 0x9f, 0xfc, 0x2, 0x0,

    /* U+804C "职" */
    0xfb, 0xea, 0x45, 0xc8, 0xa9, 0x15, 0x22, 0xe7,
    0xd4, 0x2, 0x80, 0x7a, 0x5a, 0x44, 0x50, 0x80,

    /* U+8054 "联" */
    0xf4, 0x4a, 0x51, 0xdf, 0x28, 0x85, 0x10, 0xe2,
    0x17, 0xfa, 0x88, 0x7a, 0x9a, 0x88, 0x60, 0x80,

    /* U+8058 "聘" */
    0xf9, 0xa, 0xf9, 0xd5, 0x2b, 0xe5, 0x54, 0xff,
    0xd4, 0x82, 0x9e, 0x78, 0x5a, 0x8, 0x46, 0x0,

    /* U+805A "聚" */
    0xff, 0xe9, 0x5, 0xe8, 0xa5, 0x27, 0x99, 0x94,
    0x83, 0x9, 0x24, 0x24, 0x8a, 0xaa, 0x10, 0x80,

    /* U+806A "聪" */
    0xfa, 0x52, 0x53, 0xdf, 0xca, 0x19, 0x43, 0xe8,
    0x65, 0xfc, 0x88, 0xf4, 0x53, 0x44, 0x47, 0x0,

    /* U+8083 "肃" */
    0x4, 0xf, 0xf8, 0x11, 0x7f, 0xf0, 0x44, 0xff,
    0x81, 0x2, 0x72, 0x55, 0x48, 0x8a, 0x11, 0x0,

    /* U+8084 "肄" */
    0x98, 0x9c, 0x7e, 0x22, 0xfd, 0xf4, 0xa, 0xf7,
    0xe8, 0x27, 0xdf, 0x20, 0x8a, 0x7e, 0x22, 0x0,

    /* U+8086 "肆" */
    0x71, 0x8, 0xf9, 0xc5, 0x27, 0xf7, 0x14, 0x8f,
    0xbc, 0x42, 0x3e, 0x81, 0x15, 0xff, 0x44, 0x0,

    /* U+8087 "肇" */
    0x11, 0xf, 0x3d, 0x29, 0x3c, 0xc4, 0x67, 0x7f,
    0x81, 0x17, 0xff, 0x4, 0x5f, 0xfc, 0x10, 0x0,

    /* U+8089 "肉" */
    0x4, 0x0, 0x83, 0xff, 0xc2, 0x18, 0xa3, 0x63,
    0x61, 0xc, 0x51, 0xb1, 0xb0, 0x6, 0x3, 0x80,

    /* U+808B "肋" */
    0xe2, 0x14, 0x42, 0xbf, 0xf1, 0x1a, 0x23, 0x44,
    0x78, 0x8d, 0x11, 0xa4, 0x34, 0x86, 0xa3, 0x0,

    /* U+808C "肌" */
    0xe7, 0x94, 0x92, 0x92, 0x72, 0x4a, 0x49, 0x49,
    0x39, 0x25, 0x24, 0xa8, 0xb5, 0x16, 0xc3, 0x80,

    /* U+8096 "肖" */
    0x88, 0xa4, 0x82, 0x1f, 0xf8, 0xf, 0xfe, 0x3,
    0xff, 0x80, 0xc0, 0x60, 0xe0,

    /* U+8098 "肘" */
    0x70, 0x4a, 0x9, 0x5f, 0xb8, 0x25, 0x4, 0xa8,
    0x9c, 0x92, 0x92, 0x50, 0x4a, 0xa, 0xc7, 0x0,

    /* U+809A "肚" */
    0xe1, 0x14, 0x22, 0x84, 0x70, 0x8a, 0x7d, 0x42,
    0x38, 0x45, 0x8, 0xa1, 0x14, 0x22, 0xbf, 0x80,

    /* U+809B "肛" */
    0xef, 0xf4, 0x22, 0x84, 0x70, 0x8a, 0x11, 0x42,
    0x38, 0x45, 0x8, 0xa1, 0x14, 0x22, 0xbf, 0x80,

    /* U+809D "肝" */
    0x77, 0xca, 0x21, 0x44, 0x38, 0x85, 0x10, 0xbf,
    0xdc, 0x42, 0x88, 0x51, 0xa, 0x22, 0xc4, 0x0,

    /* U+80A0 "肠" */
    0xef, 0xd4, 0x12, 0x84, 0x71, 0xa, 0xff, 0x45,
    0x79, 0x2d, 0x49, 0xa1, 0x34, 0x46, 0x93, 0x0,

    /* U+80A1 "股" */
    0xe7, 0x94, 0x92, 0x92, 0x72, 0x4b, 0x8f, 0x40,
    0x3b, 0xf5, 0x42, 0xa4, 0x94, 0x62, 0xb3, 0x80,

    /* U+80A2 "肢" */
    0xe1, 0x14, 0x22, 0xff, 0xf0, 0x8a, 0x11, 0x5f,
    0xba, 0x15, 0x42, 0xa4, 0x94, 0x62, 0xf3, 0x80,

    /* U+80A4 "肤" */
    0xe1, 0x14, 0x22, 0x9f, 0x70, 0x8a, 0x11, 0x5f,
    0xf8, 0x45, 0x14, 0xa2, 0x94, 0x8a, 0xa0, 0x80,

    /* U+80A5 "肥" */
    0xef, 0xf5, 0x26, 0xa4, 0xf4, 0x9a, 0x93, 0x5f,
    0xfa, 0x5, 0x40, 0xa8, 0x35, 0x6, 0x9f, 0x80,

    /* U+80A9 "肩" */
    0x2, 0xf, 0xfd, 0x0, 0xbf, 0xf4, 0x0, 0xbf,
    0xd4, 0xa, 0xff, 0x50, 0x2b, 0xfe, 0x40, 0x80,

    /* U+80AA "肪" */
    0xe2, 0x14, 0x22, 0xff, 0xf2, 0xa, 0x41, 0x4f,
    0xb9, 0x15, 0x22, 0xa8, 0x55, 0xa, 0xc6, 0x0,

    /* U+80AE "肮" */
    0x72, 0xa, 0x21, 0x7f, 0xb8, 0x5, 0x78, 0xa9,
    0x1d, 0x22, 0xa4, 0x54, 0xaa, 0x96, 0xe3, 0x80,

    /* U+80AF "肯" */
    0x4, 0x4, 0xf8, 0x90, 0x7f, 0xf0, 0x0, 0x7f,
    0x8, 0x21, 0xfc, 0x20, 0x87, 0xf0, 0x82, 0x0,

    /* U+80B2 "育" */
    0x4, 0x1f, 0xfc, 0x40, 0x10, 0x47, 0xf4, 0x41,
    0xf, 0xe1, 0x4, 0x3f, 0x84, 0x10, 0x86, 0x0,

    /* U+80BA "肺" */
    0xe1, 0x14, 0x22, 0xbf, 0xf0, 0x8a, 0xff, 0x52,
    0x7a, 0x4d, 0x49, 0xa9, 0x74, 0x22, 0x84, 0x0,

    /* U+80BE "肾" */
    0x17, 0xf2, 0x86, 0x49, 0x48, 0xc1, 0x66, 0xff,
    0x90, 0x13, 0xfe, 0x40, 0x4f, 0xf9, 0x1, 0x0,

    /* U+80BF "肿" */
    0xe1, 0x14, 0x22, 0xbf, 0xf4, 0x9a, 0x93, 0x52,
    0x7b, 0xfd, 0x8, 0xa1, 0x14, 0x22, 0x84, 0x0,

    /* U+80C0 "胀" */
    0xe4, 0x54, 0x8a, 0x92, 0x72, 0x8a, 0x41, 0x5f,
    0xf9, 0x45, 0x24, 0xa4, 0x94, 0xaa, 0x98, 0x80,

    /* U+80C1 "胁" */
    0xe4, 0x14, 0x82, 0xfe, 0x72, 0x4a, 0x49, 0x59,
    0xbd, 0x2d, 0x25, 0xa8, 0x95, 0x12, 0xcc, 0x0,

    /* U+80C3 "胃" */
    0xff, 0xc4, 0x7f, 0xf1, 0x1f, 0xfa, 0x9, 0xfc,
    0x82, 0x7f, 0x20, 0x90, 0xc0,

    /* U+80C6 "胆" */
    0xe7, 0xd4, 0x8a, 0x91, 0x72, 0x2a, 0x7d, 0x48,
    0xb9, 0x15, 0x22, 0xa7, 0xd4, 0x2, 0xbf, 0x80,

    /* U+80CC "背" */
    0x12, 0x1e, 0x4c, 0x4e, 0x19, 0x1d, 0x1e, 0x7f,
    0x8, 0x21, 0xfc, 0x20, 0x87, 0xf0, 0x82, 0x0,

    /* U+80CE "胎" */
    0x71, 0xa, 0x21, 0x49, 0x3a, 0x25, 0xfa, 0xa0,
    0x1d, 0xfa, 0xa1, 0x54, 0x2a, 0x86, 0xdf, 0x80,

    /* U+80D6 "胖" */
    0xe1, 0x15, 0x26, 0x95, 0x70, 0x8a, 0xff, 0x42,
    0x38, 0x45, 0x7f, 0xa1, 0x14, 0x22, 0x84, 0x0,

    /* U+80DA "胚" */
    0xef, 0xf4, 0x12, 0x84, 0x70, 0x8a, 0x35, 0x4a,
    0x7a, 0x4d, 0x8, 0xa1, 0x14, 0x2, 0xbf, 0x80,

    /* U+80DC "胜" */
    0xe9, 0x15, 0x22, 0xbf, 0x74, 0x8b, 0x11, 0x42,
    0x3b, 0xf5, 0x8, 0xa1, 0x14, 0x22, 0xbf, 0x80,

    /* U+80DE "胞" */
    0xe8, 0x15, 0xfa, 0xc1, 0x77, 0xaa, 0x95, 0x52,
    0xbb, 0xd5, 0x46, 0xa8, 0x15, 0x6, 0x9f, 0x80,

    /* U+80E1 "胡" */
    0x23, 0xe4, 0x47, 0xe8, 0x91, 0xf2, 0x22, 0x44,
    0x7e, 0xfc, 0x51, 0x8a, 0x31, 0x47, 0xf1, 0x80,

    /* U+80EF "胯" */
    0xe2, 0x17, 0xfe, 0x92, 0x74, 0x2b, 0x7b, 0x40,
    0x3f, 0xfd, 0x20, 0xa7, 0xd4, 0xa, 0x86, 0x0,

    /* U+80F0 "胰" */
    0xe1, 0x15, 0xfe, 0x84, 0x77, 0xfa, 0x13, 0x5f,
    0xfa, 0x45, 0x7f, 0xa1, 0x34, 0x52, 0xb1, 0x80,

    /* U+80F3 "胳" */
    0xe4, 0x14, 0xfa, 0xa1, 0x7a, 0x4a, 0x31, 0x49,
    0x3e, 0x1d, 0x7e, 0xa8, 0x55, 0xa, 0xbf, 0x0,

    /* U+80F6 "胶" */
    0xe1, 0x15, 0xfe, 0x80, 0x72, 0x2a, 0x83, 0x68,
    0xb9, 0x15, 0x14, 0xa1, 0x14, 0x52, 0xb1, 0x80,

    /* U+80F8 "胸" */
    0xe4, 0x14, 0xfe, 0xa0, 0xf8, 0x5a, 0xdb, 0x55,
    0x7b, 0x6d, 0x45, 0xaf, 0xb4, 0x6, 0x83, 0x0,

    /* U+80FA "胺" */
    0xe1, 0x15, 0xfe, 0xa0, 0xf0, 0x8a, 0x11, 0x5f,
    0xf8, 0x95, 0x22, 0xa2, 0x94, 0x32, 0xb9, 0x80,

    /* U+80FD "能" */
    0x42, 0x72, 0x73, 0xa8, 0x1, 0x1f, 0x9f, 0x10,
    0x3e, 0x9c, 0x5c, 0xfa, 0x11, 0x46, 0x67, 0x80,

    /* U+8102 "脂" */
    0x74, 0x2a, 0x99, 0x5c, 0x3a, 0x15, 0x3e, 0xa0,
    0x1d, 0xfa, 0xa1, 0x57, 0xea, 0x86, 0xdf, 0x80,

    /* U+8106 "脆" */
    0xe4, 0x14, 0xf2, 0xa2, 0x77, 0xfb, 0x81, 0x57,
    0xba, 0x95, 0x56, 0xaa, 0x15, 0x46, 0xc7, 0x80,

    /* U+8109 "脉" */
    0xe3, 0x14, 0x12, 0xbc, 0x70, 0x9b, 0xdb, 0x4b,
    0x79, 0x55, 0x4a, 0xa9, 0x36, 0x26, 0x8c, 0x0,

    /* U+810A "脊" */
    0x44, 0x44, 0x91, 0x29, 0x48, 0x92, 0x8, 0xff,
    0xa8, 0x29, 0xfc, 0x20, 0x87, 0xf0, 0x82, 0x0,

    /* U+810F "脏" */
    0xe1, 0x15, 0xfe, 0xa0, 0x74, 0x4a, 0x89, 0x57,
    0xfa, 0x25, 0x44, 0xa8, 0x95, 0x12, 0xdf, 0x80,

    /* U+8110 "脐" */
    0xe1, 0x15, 0xfe, 0x91, 0x71, 0x4a, 0x11, 0x45,
    0x3b, 0x1d, 0x22, 0xa4, 0x54, 0x8a, 0xa1, 0x0,

    /* U+8111 "脑" */
    0xe1, 0x15, 0xfe, 0x80, 0x74, 0x1a, 0xc7, 0x55,
    0x7a, 0x4d, 0x55, 0xac, 0x75, 0x6, 0xbf, 0x80,

    /* U+8113 "脓" */
    0xe1, 0x15, 0xfe, 0xa4, 0xf1, 0xa, 0x21, 0x4a,
    0x7a, 0x55, 0xa4, 0xa4, 0x94, 0xaa, 0x98, 0x80,

    /* U+8116 "脖" */
    0xe1, 0x15, 0xfe, 0x84, 0x77, 0xfa, 0x83, 0x4f,
    0xb8, 0x25, 0x8, 0xaf, 0xf4, 0x22, 0x8c, 0x0,

    /* U+811A "脚" */
    0xe4, 0xf4, 0x96, 0xfe, 0xf2, 0x5a, 0x4b, 0x7f,
    0x79, 0x2d, 0x45, 0xaa, 0xf6, 0x52, 0xf6, 0x0,

    /* U+812F "脯" */
    0xe1, 0x55, 0xfe, 0x84, 0x77, 0xfa, 0x93, 0x5f,
    0xfa, 0x4d, 0x7f, 0xa9, 0x35, 0x26, 0xa5, 0x80,

    /* U+8131 "脱" */
    0xe8, 0x54, 0x92, 0xbf, 0x74, 0x2a, 0x85, 0x50,
    0xbb, 0xf5, 0x24, 0xa4, 0xb5, 0x16, 0xc3, 0x80,

    /* U+8138 "脸" */
    0xe1, 0x14, 0x52, 0x91, 0x7c, 0x1a, 0x7d, 0x40,
    0x3a, 0x8d, 0x2a, 0xa5, 0x54, 0x12, 0xbf, 0x80,

    /* U+813E "脾" */
    0xe2, 0x15, 0xfe, 0xa4, 0xf7, 0xfa, 0x93, 0x5f,
    0xf8, 0xa5, 0x24, 0xaf, 0xf4, 0x12, 0x82, 0x0,

    /* U+8146 "腆" */
    0xe2, 0x95, 0xfe, 0xaa, 0xf5, 0x5a, 0xff, 0x55,
    0x7a, 0xad, 0xff, 0xa0, 0x14, 0x8a, 0xa0, 0x80,

    /* U+814A "腊" */
    0x72, 0x8a, 0xf9, 0x4a, 0x39, 0x45, 0xfe, 0xa0,
    0x1d, 0xf2, 0xa2, 0x57, 0xca, 0x8a, 0xdf, 0x0,

    /* U+814B "腋" */
    0xe2, 0x15, 0xfe, 0x94, 0x72, 0xfa, 0x93, 0x55,
    0x7e, 0x95, 0x6a, 0xa8, 0x95, 0x2a, 0xa8, 0x80,

    /* U+8150 "腐" */
    0x2, 0xf, 0xfd, 0x11, 0x25, 0xf7, 0x94, 0x91,
    0x97, 0xfa, 0x89, 0x56, 0xea, 0x26, 0x5b, 0x80,

    /* U+8151 "腑" */
    0xe1, 0x15, 0xfe, 0xa0, 0x74, 0xaa, 0x95, 0x55,
    0xfb, 0x95, 0x5a, 0xaa, 0xd5, 0x4a, 0xcb, 0x0,

    /* U+8154 "腔" */
    0xe1, 0x15, 0xfe, 0xa0, 0xf1, 0x4a, 0x45, 0x50,
    0x79, 0xf5, 0x8, 0xa1, 0x14, 0x22, 0xbf, 0x80,

    /* U+8155 "腕" */
    0xe1, 0x15, 0xfe, 0xa0, 0xf2, 0xa, 0x6f, 0x55,
    0x7a, 0xad, 0xb7, 0xa2, 0x94, 0x96, 0xa3, 0x80,

    /* U+8165 "腥" */
    0xef, 0xf5, 0x6, 0xbf, 0xf4, 0x1a, 0xff, 0x52,
    0x3b, 0xfd, 0x88, 0xaf, 0xf4, 0x22, 0xff, 0x80,

    /* U+816E "腮" */
    0xef, 0xf5, 0x26, 0xbf, 0xf4, 0x9a, 0x93, 0x5f,
    0xf8, 0x85, 0x2a, 0xac, 0x36, 0x96, 0x8e, 0x0,

    /* U+8170 "腰" */
    0xef, 0xf4, 0x52, 0xbf, 0xf5, 0x5a, 0xff, 0x42,
    0x3b, 0xfd, 0x12, 0xa6, 0x94, 0x32, 0xb9, 0x80,

    /* U+8179 "腹" */
    0x74, 0xa, 0xfd, 0x71, 0x3b, 0xe5, 0x44, 0xaf,
    0x9c, 0x82, 0xbe, 0x5a, 0x4a, 0x32, 0xd9, 0x80,

    /* U+817A "腺" */
    0xe1, 0x15, 0xfe, 0xa0, 0xf7, 0xfa, 0x83, 0x5f,
    0xf8, 0x45, 0xeb, 0xa5, 0x95, 0x2a, 0xcc, 0x80,

    /* U+817B "腻" */
    0xe0, 0xb5, 0xfe, 0x82, 0x77, 0xca, 0x9, 0x7f,
    0x3a, 0x55, 0x5a, 0xaa, 0x54, 0xa6, 0xa2, 0x80,

    /* U+817E "腾" */
    0xe5, 0x55, 0xfe, 0x88, 0x77, 0xfa, 0x45, 0x5f,
    0x79, 0x25, 0x3f, 0xa0, 0x35, 0xf6, 0x81, 0x80,

    /* U+817F "腿" */
    0xf3, 0xf5, 0x46, 0x8f, 0xf1, 0x1b, 0xbf, 0x55,
    0x3a, 0xad, 0x52, 0xab, 0x36, 0x82, 0x8f, 0x80,

    /* U+8180 "膀" */
    0xe1, 0x15, 0xfe, 0x91, 0x77, 0xfa, 0x83, 0x42,
    0x3b, 0xfd, 0x10, 0xa3, 0xf4, 0x86, 0xa3, 0x0,

    /* U+818A "膊" */
    0xe1, 0x55, 0xfe, 0x84, 0x77, 0xfa, 0x93, 0x5f,
    0xfa, 0x4d, 0x2, 0xaf, 0xf4, 0x8a, 0x8b, 0x0,

    /* U+818F "膏" */
    0x4, 0x1f, 0xfc, 0x82, 0x1f, 0xc0, 0x1, 0xff,
    0xe8, 0x29, 0xfc, 0x20, 0x87, 0xf0, 0x82, 0x0,

    /* U+8198 "膘" */
    0xef, 0xf4, 0x52, 0xbf, 0xf5, 0x5a, 0xff, 0x40,
    0x39, 0xf5, 0x0, 0xaf, 0xf4, 0xaa, 0xac, 0x80,

    /* U+819B "膛" */
    0xe9, 0x34, 0xaa, 0xbf, 0xf4, 0x1a, 0x7d, 0x48,
    0xb9, 0xf5, 0x8, 0xa7, 0xd4, 0x22, 0xbf, 0x80,

    /* U+819C "膜" */
    0xe4, 0x97, 0xfe, 0x92, 0x77, 0xea, 0x85, 0x5f,
    0xba, 0x15, 0xff, 0xa3, 0x14, 0x92, 0xe1, 0x80,

    /* U+819D "膝" */
    0xe1, 0x15, 0xfe, 0x95, 0x74, 0x9a, 0x29, 0x58,
    0xfa, 0x4d, 0x2a, 0xa3, 0x94, 0xaa, 0xac, 0x80,

    /* U+81A8 "膨" */
    0xe4, 0x35, 0xea, 0x92, 0x77, 0x8a, 0x3, 0x5e,
    0xba, 0x65, 0x78, 0xa9, 0x34, 0xaa, 0xba, 0x0,

    /* U+81B3 "膳" */
    0xe4, 0x55, 0xfe, 0x84, 0x73, 0xea, 0x11, 0x5f,
    0xf9, 0x55, 0x7f, 0xa4, 0x54, 0x8a, 0x9f, 0x0,

    /* U+81C0 "臀" */
    0xfd, 0xd0, 0xab, 0xf9, 0xd5, 0xef, 0xe5, 0x53,
    0x31, 0x9b, 0xfe, 0x40, 0x4f, 0xf9, 0x1, 0x0,

    /* U+81C2 "臂" */
    0x78, 0x89, 0x7d, 0xe5, 0x35, 0xfa, 0x88, 0xff,
    0x90, 0x13, 0xfe, 0x40, 0x4f, 0xf9, 0x1, 0x0,

    /* U+81C3 "臃" */
    0xe2, 0x17, 0xfe, 0x95, 0x74, 0xab, 0xbf, 0x4c,
    0xba, 0xfd, 0xd2, 0xa7, 0xf5, 0x4a, 0xcf, 0x80,

    /* U+81C6 "臆" */
    0xe1, 0x15, 0xfa, 0x92, 0x7f, 0xfa, 0x85, 0x5f,
    0xba, 0x15, 0x7e, 0xa5, 0x15, 0x8a, 0xce, 0x80,

    /* U+81E3 "臣" */
    0xff, 0xf0, 0x82, 0x10, 0x7f, 0xe8, 0x5, 0x0,
    0xa0, 0x17, 0xfe, 0x84, 0x10, 0x83, 0xff, 0x80,

    /* U+81EA "自" */
    0x8, 0x8, 0x3f, 0xf0, 0x1f, 0xfc, 0x6, 0x3,
    0xff, 0x80, 0xc0, 0x7f, 0xe0,

    /* U+81ED "臭" */
    0x8, 0xf, 0xf9, 0x1, 0x3f, 0xe4, 0x4, 0xff,
    0x81, 0x27, 0xff, 0xa, 0x6, 0x33, 0x1, 0x80,

    /* U+81F3 "至" */
    0xff, 0xe1, 0x0, 0x44, 0x10, 0x47, 0xf4, 0x8,
    0x81, 0x3, 0xfe, 0x4, 0x0, 0x83, 0xff, 0x80,

    /* U+81F4 "致" */
    0xfa, 0x4, 0x41, 0xf, 0xca, 0x2e, 0xa4, 0x44,
    0x88, 0x97, 0xca, 0x20, 0x87, 0x2b, 0x18, 0x80,

    /* U+81FB "臻" */
    0xf1, 0x4, 0xf9, 0x4, 0x4b, 0xef, 0x20, 0x5f,
    0xc9, 0x57, 0xc9, 0x2f, 0xe6, 0xab, 0x24, 0x80,

    /* U+81FC "臼" */
    0x8, 0x6, 0x3, 0xf, 0xc0, 0x18, 0x3, 0x0,
    0x7e, 0xfc, 0x1, 0x80, 0x30, 0x7, 0xff, 0x80,

    /* U+8200 "舀" */
    0x3, 0xfe, 0x24, 0x29, 0x21, 0x7, 0x3e, 0x3,
    0xef, 0x80, 0xc0, 0x7f, 0xe0,

    /* U+8205 "舅" */
    0xfb, 0xf0, 0x7, 0xef, 0xc0, 0x1f, 0xfe, 0x88,
    0x9f, 0xf2, 0x22, 0xff, 0xe2, 0x7, 0x87, 0x0,

    /* U+8206 "舆" */
    0x24, 0x9, 0xd9, 0x21, 0x37, 0x64, 0x44, 0xdd,
    0x91, 0x17, 0xff, 0x0, 0x4, 0x13, 0x1, 0x80,

    /* U+820C "舌" */
    0x3, 0xcf, 0x80, 0x10, 0x2, 0xf, 0xfe, 0x8,
    0x1, 0x3, 0xfe, 0x40, 0x48, 0x9, 0xff, 0x0,

    /* U+820D "舍" */
    0xe, 0x6, 0x33, 0x1, 0x9f, 0xc0, 0x41, 0xff,
    0xc1, 0x3, 0xfe, 0x40, 0x48, 0x9, 0xff, 0x0,

    /* U+8212 "舒" */
    0x33, 0xe9, 0x6, 0x15, 0x3c, 0x42, 0x3f, 0xf9,
    0x48, 0x37, 0xc4, 0x88, 0x91, 0x13, 0xe6, 0x0,

    /* U+8214 "舔" */
    0x17, 0xdc, 0x40, 0x88, 0x17, 0xff, 0x48, 0x50,
    0x88, 0x8f, 0x9a, 0x9a, 0xb2, 0x57, 0xd8, 0x0,

    /* U+821C "舜" */
    0x7f, 0xc4, 0x88, 0x92, 0x7f, 0xf8, 0x2, 0xf1,
    0x12, 0xf3, 0xd4, 0x8a, 0x82, 0xfd, 0x82, 0x0,

    /* U+821E "舞" */
    0x40, 0xf, 0xfe, 0xaa, 0x7f, 0xf2, 0xa9, 0xff,
    0xd0, 0x23, 0xff, 0xaa, 0x82, 0x7f, 0x82, 0x0,

    /* U+821F "舟" */
    0x8, 0x7, 0xf0, 0x82, 0x14, 0x42, 0x49, 0xff,
    0xc8, 0x21, 0x44, 0x44, 0x88, 0x12, 0xe, 0x0,

    /* U+822A "航" */
    0x22, 0xe, 0x21, 0x7f, 0xb8, 0x5, 0x79, 0xe9,
    0x15, 0x23, 0xa4, 0x54, 0xaa, 0x96, 0xe3, 0x80,

    /* U+822C "般" */
    0x21, 0xcf, 0x29, 0x25, 0x34, 0xa5, 0xe7, 0xf0,
    0x12, 0xfb, 0x51, 0x59, 0x49, 0x12, 0x6d, 0x80,

    /* U+8230 "舰" */
    0x27, 0xce, 0x89, 0x51, 0x3a, 0xa5, 0x55, 0xea,
    0x95, 0x53, 0xa8, 0x52, 0xaa, 0x96, 0xe3, 0x80,

    /* U+8231 "舱" */
    0x21, 0xe, 0x51, 0x51, 0x3c, 0x15, 0x7d, 0xe8,
    0x95, 0x13, 0xae, 0x54, 0xa, 0x86, 0xcf, 0x80,

    /* U+8235 "舵" */
    0x21, 0xf, 0xfd, 0x40, 0xba, 0x5, 0x45, 0xe9,
    0x15, 0xc3, 0xa0, 0x54, 0x2a, 0x86, 0xcf, 0x80,

    /* U+8236 "舶" */
    0x20, 0x8e, 0x21, 0x5f, 0xba, 0x15, 0x43, 0xe8,
    0x55, 0xfb, 0xa1, 0x54, 0x2a, 0x86, 0xdf, 0x80,

    /* U+8237 "舷" */
    0x22, 0xe, 0x21, 0x7f, 0xb8, 0x85, 0x21, 0xe8,
    0x97, 0xe3, 0x88, 0x52, 0x4a, 0x8a, 0xfe, 0x80,

    /* U+8239 "船" */
    0x23, 0xcf, 0x49, 0x29, 0x35, 0x25, 0xc7, 0xf0,
    0x12, 0xfb, 0x51, 0x5a, 0x29, 0x46, 0x6f, 0x80,

    /* U+8247 "艇" */
    0x26, 0x2e, 0x59, 0x49, 0x3a, 0x25, 0x6f, 0xe4,
    0x94, 0x93, 0xb2, 0x52, 0xea, 0xa2, 0xd3, 0x80,

    /* U+8258 "艘" */
    0x22, 0x8e, 0x9d, 0x52, 0xbb, 0x75, 0x4b, 0xef,
    0xd4, 0x23, 0xbf, 0x52, 0x2a, 0x3a, 0xd8, 0x80,

    /* U+826F "良" */
    0x8, 0x3f, 0xe8, 0xb, 0xfe, 0x80, 0xbf, 0xe8,
    0x82, 0x11, 0x82, 0xac, 0x4c, 0xc,

    /* U+8270 "艰" */
    0x7, 0xfe, 0x84, 0x5f, 0xca, 0x15, 0x42, 0xaf,
    0xc9, 0x21, 0x25, 0x54, 0x4a, 0xaa, 0x18, 0x80,

    /* U+8272 "色" */
    0x20, 0x7, 0xe1, 0x4, 0x7f, 0xe4, 0x44, 0x88,
    0x9f, 0xf2, 0x0, 0x40, 0x28, 0x4, 0xff, 0x80,

    /* U+8273 "艳" */
    0x44, 0x8, 0xf3, 0xa2, 0x2f, 0xf4, 0x93, 0xd2,
    0x53, 0xfa, 0x40, 0xe8, 0x29, 0x5, 0x1f, 0x80,

    /* U+827A "艺" */
    0x11, 0x1f, 0xfc, 0x44, 0x0, 0x7, 0xf8, 0x2,
    0x1, 0x80, 0xc0, 0x20, 0x8, 0x4, 0xff, 0x80,

    /* U+827E "艾" */
    0x11, 0x1f, 0xfc, 0x44, 0x0, 0x2, 0x8, 0x41,
    0x4, 0x40, 0x50, 0x4, 0x3, 0x63, 0x83, 0x80,

    /* U+8282 "节" */
    0x11, 0x1f, 0xfc, 0x44, 0x0, 0x7, 0xfc, 0x10,
    0x82, 0x10, 0x42, 0x9, 0x81, 0x0, 0x20, 0x0,

    /* U+828B "芋" */
    0x11, 0x1f, 0xfc, 0x44, 0x0, 0x7, 0xfc, 0x8,
    0x1, 0x7, 0xff, 0x4, 0x0, 0x80, 0x70, 0x0,

    /* U+828D "芍" */
    0x11, 0x1f, 0xfc, 0x44, 0x10, 0x3, 0xfe, 0x80,
    0x62, 0x8, 0x21, 0x4, 0x20, 0x4, 0x3, 0x0,

    /* U+8292 "芒" */
    0x11, 0x1f, 0xfc, 0x44, 0x2, 0x0, 0x21, 0xff,
    0xc8, 0x1, 0x0, 0x20, 0x4, 0x0, 0xff, 0x0,

    /* U+829C "芜" */
    0x11, 0x1f, 0xfc, 0x44, 0x3f, 0xe0, 0x40, 0x8,
    0x3f, 0xf8, 0x50, 0xa, 0x2, 0x47, 0x8f, 0x80,

    /* U+829D "芝" */
    0x11, 0x1f, 0xfc, 0x44, 0x2, 0xf, 0xfc, 0x1,
    0x0, 0x40, 0x30, 0x18, 0xc, 0x2, 0x7f, 0x80,

    /* U+82A5 "芥" */
    0x11, 0x1f, 0xfc, 0x44, 0x2, 0x0, 0xa0, 0x63,
    0x34, 0x58, 0x88, 0x11, 0x4, 0x21, 0x4, 0x0,

    /* U+82A6 "芦" */
    0x11, 0x1f, 0xfc, 0x44, 0x2, 0x7, 0xfc, 0x80,
    0x90, 0x13, 0xfe, 0x40, 0x8, 0x2, 0x0, 0x0,

    /* U+82AC "芬" */
    0x11, 0x1f, 0xfc, 0x44, 0x0, 0x1, 0x10, 0x41,
    0x30, 0x19, 0xfc, 0x8, 0x82, 0x11, 0x86, 0x0,

    /* U+82AD "芭" */
    0x11, 0x1f, 0xfc, 0x44, 0x0, 0x7, 0xfc, 0x88,
    0x91, 0x13, 0xfe, 0x40, 0x8, 0x4, 0xff, 0x80,

    /* U+82AF "芯" */
    0x11, 0x1f, 0xfc, 0x44, 0x0, 0x0, 0x40, 0x24,
    0x14, 0x92, 0x81, 0x50, 0xb2, 0x14, 0x3e, 0x0,

    /* U+82B1 "花" */
    0x11, 0x1f, 0xfc, 0x44, 0x0, 0x1, 0x20, 0x44,
    0x58, 0xb5, 0x78, 0x22, 0x4, 0x44, 0x87, 0x80,

    /* U+82B3 "芳" */
    0x11, 0x1f, 0xfc, 0x44, 0x2, 0xf, 0xfe, 0x10,
    0x3, 0xf0, 0x42, 0x10, 0x44, 0xb, 0x6, 0x0,

    /* U+82B9 "芹" */
    0x11, 0x1f, 0xfc, 0x44, 0x0, 0x63, 0xf0, 0x40,
    0xf, 0xf9, 0x8, 0x21, 0x8, 0x22, 0x4, 0x0,

    /* U+82BD "芽" */
    0x11, 0x1f, 0xfc, 0x44, 0x0, 0x7, 0xfc, 0x42,
    0x10, 0x43, 0xff, 0x9, 0x6, 0x23, 0xc, 0x0,

    /* U+82C7 "苇" */
    0x11, 0x1f, 0xfc, 0x44, 0x2, 0x7, 0xfc, 0x8,
    0xf, 0xe0, 0x20, 0xff, 0xe0, 0x84, 0x13, 0x0,

    /* U+82CD "苍" */
    0x11, 0x1f, 0xfc, 0x44, 0x2, 0x1, 0xb1, 0xc1,
    0xcf, 0xe1, 0x4, 0x23, 0x84, 0x4, 0x7f, 0x80,

    /* U+82CF "苏" */
    0x11, 0x1f, 0xfc, 0x44, 0x4, 0x7, 0xf8, 0x11,
    0x12, 0x34, 0x85, 0x10, 0x84, 0x13, 0xc, 0x0,

    /* U+82D1 "苑" */
    0x11, 0x1f, 0xfc, 0x44, 0x10, 0x3, 0xbc, 0x94,
    0xaa, 0x90, 0x96, 0x12, 0x4, 0x47, 0x7, 0x80,

    /* U+82D4 "苔" */
    0x11, 0x1f, 0xfc, 0x20, 0x8, 0x82, 0x8, 0xff,
    0x80, 0x9, 0xfc, 0x20, 0x84, 0x10, 0xfe, 0x0,

    /* U+82D7 "苗" */
    0x11, 0x1f, 0xfc, 0x44, 0x0, 0x7, 0xfc, 0x88,
    0x91, 0x13, 0xfe, 0x44, 0x48, 0x89, 0xff, 0x0,

    /* U+82DB "苛" */
    0x11, 0x1f, 0xfc, 0x44, 0x0, 0xf, 0xfe, 0x0,
    0x8f, 0x91, 0x12, 0x22, 0x47, 0xc8, 0x7, 0x0,

    /* U+82DE "苞" */
    0x11, 0x1f, 0xfc, 0x44, 0x10, 0x3, 0xfc, 0x80,
    0xaf, 0x91, 0x12, 0x3e, 0xc4, 0x4, 0x7f, 0x80,

    /* U+82DF "苟" */
    0x11, 0x1f, 0xfc, 0x44, 0x10, 0x3, 0xfe, 0x80,
    0x6f, 0xc9, 0x9, 0x21, 0x27, 0xe4, 0x3, 0x0,

    /* U+82E5 "若" */
    0x11, 0x1f, 0xfc, 0x44, 0x4, 0xf, 0xfe, 0x20,
    0x8, 0x3, 0xfe, 0xa0, 0x44, 0x8, 0xff, 0x0,

    /* U+82E6 "苦" */
    0x11, 0x1f, 0xfc, 0x44, 0x2, 0xf, 0xfe, 0x8,
    0x1, 0x3, 0xfe, 0x40, 0x48, 0x9, 0xff, 0x0,

    /* U+82EB "苫" */
    0x11, 0x1f, 0xfc, 0x44, 0x2, 0x0, 0x7e, 0x8,
    0x1, 0x3, 0xfe, 0x40, 0x48, 0x9, 0xff, 0x0,

    /* U+82EF "苯" */
    0x11, 0x1f, 0xfc, 0x44, 0x2, 0xf, 0xfe, 0x8,
    0x3, 0x80, 0xa8, 0x24, 0x9b, 0xec, 0x10, 0x0,

    /* U+82F1 "英" */
    0x11, 0x1f, 0xfc, 0x44, 0x2, 0x7, 0xfc, 0x88,
    0x91, 0x17, 0xff, 0xa, 0x6, 0x33, 0x1, 0x80,

    /* U+82F9 "苹" */
    0x11, 0x1f, 0xfc, 0x44, 0x3f, 0xe0, 0x40, 0x88,
    0x89, 0x27, 0xff, 0x4, 0x0, 0x80, 0x10, 0x0,

    /* U+8301 "茁" */
    0x11, 0x1f, 0xfc, 0x44, 0x2, 0x2, 0x48, 0x49,
    0xf, 0xe0, 0x20, 0x44, 0x48, 0x89, 0xff, 0x0,

    /* U+8302 "茂" */
    0x11, 0x1f, 0xfc, 0x44, 0x2, 0x27, 0xfe, 0x88,
    0x10, 0x92, 0x14, 0x41, 0x8, 0x56, 0x31, 0x80,

    /* U+8303 "范" */
    0x11, 0x1f, 0xfc, 0x44, 0x20, 0x2, 0xfd, 0x10,
    0x92, 0x10, 0x4e, 0x28, 0x9, 0x6, 0x1f, 0x80,

    /* U+8304 "茄" */
    0x11, 0x1f, 0xfc, 0x44, 0x10, 0xf, 0xde, 0x4a,
    0x49, 0x49, 0x29, 0x45, 0x28, 0xa6, 0x67, 0x80,

    /* U+8305 "茅" */
    0x11, 0x1f, 0xfc, 0x44, 0x3f, 0xe0, 0x8, 0x12,
    0x3f, 0xf8, 0xa2, 0x24, 0x98, 0x80, 0x70, 0x0,

    /* U+830E "茎" */
    0x11, 0x1f, 0xfc, 0x44, 0x3f, 0xe0, 0x8, 0x1e,
    0x3c, 0x39, 0xfc, 0x4, 0x0, 0x83, 0xff, 0x80,

    /* U+8327 "茧" */
    0x11, 0x1f, 0xfc, 0x44, 0x2, 0x7, 0xfc, 0x88,
    0x91, 0x13, 0xfe, 0x4, 0x0, 0x8b, 0xfe, 0x80,

    /* U+8328 "茨" */
    0x11, 0x1f, 0xfc, 0x44, 0x2, 0x4, 0x7e, 0x52,
    0x44, 0x50, 0x8, 0x22, 0x88, 0x8a, 0x60, 0x80,

    /* U+832B "茫" */
    0x11, 0x1f, 0xfc, 0x44, 0x21, 0x2, 0x11, 0x1f,
    0xd1, 0x0, 0x20, 0x24, 0x8, 0x82, 0x1f, 0x80,

    /* U+832C "茬" */
    0x11, 0x1f, 0xfc, 0x44, 0x4, 0xf, 0xfe, 0x22,
    0x8, 0x43, 0x7f, 0xa1, 0x4, 0x20, 0xbf, 0x80,

    /* U+8335 "茵" */
    0x11, 0x1f, 0xfc, 0x44, 0x3f, 0xe4, 0x4, 0x88,
    0x97, 0xd2, 0x22, 0x4a, 0x4a, 0x29, 0xff, 0x0,

    /* U+8336 "茶" */
    0x11, 0x1f, 0xfc, 0x44, 0x2, 0x1, 0xb1, 0xc1,
    0xc1, 0x3, 0xfe, 0x4, 0x4, 0x93, 0x31, 0x80,

    /* U+8338 "茸" */
    0x11, 0x1f, 0xfc, 0x44, 0x7f, 0xf2, 0x8, 0x7f,
    0x8, 0x21, 0xfc, 0x20, 0x9f, 0xfc, 0x2, 0x0,

    /* U+8339 "茹" */
    0x11, 0x1f, 0xfc, 0x44, 0x10, 0x2, 0x3f, 0xf4,
    0x52, 0x8c, 0x51, 0x52, 0x24, 0x7f, 0x60, 0x0,

    /* U+8346 "荆" */
    0x24, 0x3f, 0xd4, 0x92, 0x80, 0x5f, 0xea, 0x49,
    0x49, 0x2f, 0xf5, 0x24, 0x28, 0x86, 0x13, 0x80,

    /* U+8349 "草" */
    0x11, 0x1f, 0xfc, 0x44, 0x3f, 0xe4, 0x4, 0xff,
    0x90, 0x13, 0xfe, 0x4, 0x1f, 0xfc, 0x10, 0x0,

    /* U+8350 "荐" */
    0x11, 0x1f, 0xfc, 0x44, 0x7f, 0xf1, 0x0, 0x4f,
    0x98, 0x25, 0x8, 0x2f, 0xe4, 0x20, 0x8c, 0x0,

    /* U+8352 "荒" */
    0x11, 0x1f, 0xfc, 0x44, 0x2, 0xf, 0xfe, 0x40,
    0xf, 0xf0, 0x0, 0x24, 0x84, 0x97, 0x13, 0x80,

    /* U+8354 "荔" */
    0x11, 0x1f, 0xfc, 0x54, 0x3f, 0xe0, 0x84, 0xe3,
    0x88, 0x27, 0xdf, 0x28, 0xa9, 0x26, 0x69, 0x80,

    /* U+835A "荚" */
    0x11, 0x1f, 0xfc, 0x44, 0x2, 0x7, 0xfc, 0x49,
    0x5, 0x47, 0xff, 0xa, 0x6, 0x33, 0x1, 0x80,

    /* U+8361 "荡" */
    0x11, 0x1f, 0xfc, 0x44, 0x27, 0xe2, 0x9, 0x2,
    0x13, 0xf8, 0x15, 0x24, 0xa9, 0x26, 0x9, 0x80,

    /* U+8363 "荣" */
    0x11, 0x1f, 0xfc, 0x44, 0x7f, 0xf8, 0x2, 0x8,
    0x3f, 0xf8, 0xa8, 0x24, 0x98, 0x8c, 0x10, 0x0,

    /* U+8364 "荤" */
    0x11, 0x1f, 0xfc, 0x44, 0x7f, 0xf8, 0x82, 0xff,
    0x89, 0x3, 0xfe, 0x4, 0x1f, 0xfc, 0x10, 0x0,

    /* U+8367 "荧" */
    0x11, 0x1f, 0xfc, 0x44, 0x7f, 0xf8, 0x2, 0x8,
    0x9, 0x12, 0x24, 0xa, 0x6, 0x33, 0x1, 0x80,

    /* U+836B "荫" */
    0x11, 0x1f, 0xfc, 0x44, 0x0, 0xf, 0x7f, 0x28,
    0x69, 0xfc, 0xa1, 0x97, 0xfc, 0x86, 0x21, 0x80,

    /* U+836F "药" */
    0x11, 0x1f, 0xfc, 0x94, 0x22, 0xf, 0x7e, 0x48,
    0x50, 0xf, 0xd1, 0x1, 0x23, 0x7, 0x83, 0x0,

    /* U+8377 "荷" */
    0x11, 0x1f, 0xfc, 0x44, 0x0, 0x2, 0xfe, 0x40,
    0x93, 0xd6, 0x4a, 0x49, 0x49, 0xe9, 0x3, 0x0,

    /* U+8386 "莆" */
    0x11, 0x1f, 0xfc, 0x44, 0x2, 0x4f, 0xfe, 0x88,
    0x9f, 0xf2, 0x22, 0x7f, 0xc8, 0x89, 0x13, 0x0,

    /* U+8389 "莉" */
    0x11, 0x1f, 0xfc, 0x44, 0x6, 0x17, 0x12, 0x22,
    0x7f, 0x49, 0x89, 0x59, 0x32, 0x84, 0x41, 0x80,

    /* U+838E "莎" */
    0x11, 0x1f, 0xfc, 0x44, 0x20, 0x2, 0x11, 0xa,
    0x92, 0x48, 0x9, 0x20, 0x48, 0x32, 0x38, 0x0,

    /* U+83AB "莫" */
    0x11, 0x1f, 0xfc, 0x44, 0x3f, 0xe4, 0x4, 0xff,
    0x90, 0x17, 0xff, 0xa, 0x6, 0x33, 0x1, 0x80,

    /* U+83B1 "莱" */
    0x11, 0x1f, 0xfc, 0x44, 0x2, 0x7, 0xfc, 0x49,
    0x5, 0x47, 0xff, 0xe, 0x6, 0xb3, 0x11, 0x80,

    /* U+83B2 "莲" */
    0x11, 0x1f, 0xfc, 0x44, 0x41, 0x5, 0xfe, 0x12,
    0x33, 0xfa, 0x8, 0x5f, 0xf4, 0x22, 0x7f, 0x80,

    /* U+83B7 "获" */
    0x11, 0x1f, 0xfc, 0x44, 0x50, 0x4, 0x15, 0x42,
    0x4b, 0xfb, 0x8, 0xa2, 0x84, 0x8b, 0x20, 0x80,

    /* U+83B9 "莹" */
    0x11, 0x1f, 0xfc, 0x44, 0x7f, 0xf8, 0x2, 0xff,
    0x81, 0x3, 0xfe, 0x4, 0x80, 0x8b, 0xff, 0x80,

    /* U+83BD "莽" */
    0x11, 0x1f, 0xfc, 0x44, 0x2, 0x4f, 0xfe, 0x22,
    0x38, 0x38, 0x88, 0xff, 0xe2, 0x21, 0x84, 0x0,

    /* U+83C7 "菇" */
    0x11, 0x1f, 0xfc, 0x44, 0x0, 0x2, 0x11, 0xef,
    0xd4, 0x44, 0xbe, 0x54, 0x44, 0x8b, 0x5f, 0x0,

    /* U+83CA "菊" */
    0x11, 0x1f, 0xfd, 0x44, 0x3f, 0xf4, 0x3, 0x49,
    0x45, 0x4b, 0xfd, 0xe, 0x22, 0xa5, 0x93, 0x0,

    /* U+83CC "菌" */
    0x11, 0x1f, 0xfc, 0x44, 0x3f, 0xe4, 0x14, 0xbc,
    0x91, 0x12, 0xfa, 0x4e, 0x4a, 0xa9, 0xff, 0x0,

    /* U+83CF "菏" */
    0x11, 0x1f, 0xfc, 0x44, 0x27, 0xf2, 0x5, 0x1e,
    0x92, 0x50, 0x4a, 0x2f, 0x48, 0xa, 0x3, 0x0,

    /* U+83DC "菜" */
    0x11, 0x1f, 0xfc, 0x44, 0x0, 0xe7, 0xe0, 0x90,
    0x89, 0x27, 0xff, 0x15, 0x4, 0x93, 0x11, 0x80,

    /* U+83E0 "菠" */
    0x11, 0x1f, 0xfc, 0x44, 0x20, 0x82, 0xff, 0x12,
    0x53, 0xf0, 0x62, 0x2a, 0x49, 0x32, 0x59, 0x80,

    /* U+83E9 "菩" */
    0x11, 0x1f, 0xfc, 0x44, 0x2, 0x7, 0xfc, 0x22,
    0x3f, 0xf8, 0x0, 0x3f, 0x84, 0x10, 0xfe, 0x0,

    /* U+83F1 "菱" */
    0x11, 0x1f, 0xfc, 0x54, 0x3f, 0xe0, 0x41, 0xff,
    0xc4, 0x47, 0xff, 0x20, 0x83, 0xe3, 0x83, 0x80,

    /* U+83F2 "菲" */
    0x11, 0x1f, 0xfc, 0x44, 0x5, 0x7, 0xbc, 0x14,
    0x1e, 0xf0, 0x50, 0xfb, 0xe1, 0x40, 0x28, 0x0,

    /* U+8404 "萄" */
    0x11, 0x1f, 0xfd, 0x44, 0x3f, 0xfa, 0x2, 0x7e,
    0x52, 0xb, 0xf9, 0x8, 0x29, 0x25, 0xfd, 0x80,

    /* U+840C "萌" */
    0x11, 0x1f, 0xfc, 0x44, 0x0, 0xf, 0x7f, 0x28,
    0x7d, 0xfc, 0xa1, 0x97, 0xfe, 0x84, 0x21, 0x80,

    /* U+840D "萍" */
    0x11, 0x1f, 0xfc, 0x44, 0x20, 0x2, 0xff, 0x2,
    0x12, 0x48, 0x2a, 0x2f, 0xe8, 0x22, 0x4, 0x0,

    /* U+840E "萎" */
    0x11, 0x1f, 0xfc, 0x54, 0x7f, 0xf2, 0x49, 0x88,
    0xc2, 0x7, 0xff, 0x10, 0x83, 0xe3, 0x83, 0x80,

    /* U+841D "萝" */
    0x11, 0x1f, 0xfc, 0x44, 0x3f, 0xe4, 0xa4, 0xff,
    0x82, 0x0, 0xfe, 0x64, 0x80, 0x60, 0xf0, 0x0,

    /* U+8424 "萤" */
    0x11, 0x1f, 0xfc, 0x44, 0x7f, 0xf8, 0x42, 0xff,
    0x91, 0x12, 0x22, 0x7f, 0xc0, 0x8b, 0xfe, 0x80,

    /* U+8425 "营" */
    0x11, 0x1f, 0xfc, 0x44, 0x7f, 0xfa, 0xa, 0x7f,
    0x0, 0x3, 0xfe, 0x40, 0x48, 0x9, 0xff, 0x0,

    /* U+8427 "萧" */
    0x11, 0x1f, 0xfc, 0x54, 0x3f, 0xe0, 0x45, 0xff,
    0xc1, 0x13, 0xfe, 0x44, 0x49, 0xca, 0x55, 0x0,

    /* U+8428 "萨" */
    0x11, 0x1f, 0xfc, 0x44, 0x70, 0x4a, 0xff, 0x48,
    0xb0, 0xa5, 0x7f, 0xa8, 0x1d, 0x2, 0x40, 0x0,

    /* U+843D "落" */
    0x11, 0x1f, 0xfc, 0x44, 0x21, 0x2, 0x7d, 0x18,
    0x90, 0xe0, 0x63, 0x27, 0xc8, 0x8a, 0x1f, 0x0,

    /* U+8457 "著" */
    0x11, 0x1f, 0xfc, 0x44, 0x4, 0x17, 0xf4, 0x11,
    0x3f, 0xf9, 0x2, 0x7f, 0xd4, 0x8, 0xff, 0x0,

    /* U+845B "葛" */
    0x11, 0x1f, 0xfc, 0x44, 0x3f, 0xe4, 0x4, 0xff,
    0x90, 0x13, 0xff, 0x88, 0x2a, 0x85, 0xfb, 0x0,

    /* U+8461 "葡" */
    0x11, 0x1f, 0xfd, 0x44, 0x3f, 0xf8, 0xa2, 0xff,
    0x52, 0x4b, 0xf9, 0x49, 0x2f, 0xe5, 0x25, 0x80,

    /* U+8463 "董" */
    0x11, 0x1f, 0xfc, 0x44, 0x2, 0xf, 0xfe, 0x49,
    0xf, 0xe1, 0x24, 0x7f, 0xc0, 0x83, 0xff, 0x80,

    /* U+846B "葫" */
    0x11, 0x1f, 0xfc, 0x44, 0x11, 0xff, 0xa2, 0x47,
    0xc8, 0x8f, 0xd1, 0x8b, 0xf1, 0x47, 0xf1, 0x80,

    /* U+846C "葬" */
    0x11, 0x1f, 0xfc, 0x44, 0x7f, 0xf4, 0xa5, 0x57,
    0x4, 0x8f, 0xf, 0x11, 0x1f, 0xfc, 0x84, 0x0,

    /* U+8471 "葱" */
    0x11, 0x1f, 0xfc, 0x44, 0x1f, 0xe4, 0x95, 0x2a,
    0x88, 0x90, 0x24, 0x12, 0x4a, 0x6, 0x3e, 0x0,

    /* U+8475 "葵" */
    0x11, 0x1f, 0xfc, 0x44, 0x3d, 0x20, 0x98, 0xa1,
    0x4f, 0xd6, 0x21, 0x7f, 0xc2, 0x23, 0x83, 0x80,

    /* U+8482 "蒂" */
    0x11, 0x1f, 0xfc, 0x44, 0x2, 0xf, 0xfe, 0x22,
    0x3f, 0xfc, 0x21, 0x7f, 0xc8, 0x89, 0x13, 0x0,

    /* U+848B "蒋" */
    0x11, 0x1f, 0xfc, 0x44, 0x10, 0xfa, 0xe2, 0xc5,
    0x88, 0x51, 0x7f, 0x64, 0x54, 0x48, 0x83, 0x0,

    /* U+8499 "蒙" */
    0x11, 0x1f, 0xfc, 0x44, 0x7f, 0xf8, 0x2, 0xff,
    0x83, 0x9, 0xb6, 0xcb, 0x6, 0x53, 0x31, 0x80,

    /* U+849C "蒜" */
    0x11, 0x1f, 0xfc, 0x44, 0x0, 0x7, 0xbc, 0x0,
    0x3e, 0xf9, 0x4, 0x71, 0xd5, 0x55, 0x86, 0x0,

    /* U+84B2 "蒲" */
    0x11, 0x1f, 0xfc, 0x44, 0x20, 0xa2, 0xff, 0x2,
    0x13, 0xf8, 0x49, 0x2f, 0xe9, 0x26, 0x25, 0x80,

    /* U+84B8 "蒸" */
    0x11, 0x1f, 0xfc, 0x44, 0x3f, 0xc0, 0x23, 0xea,
    0x89, 0x26, 0x63, 0x3f, 0x8a, 0x4a, 0x24, 0x80,

    /* U+84C4 "蓄" */
    0x11, 0x1f, 0xfc, 0x54, 0x7f, 0xf1, 0x20, 0x48,
    0xbf, 0xfa, 0x22, 0x7f, 0xc8, 0x89, 0xff, 0x0,

    /* U+84C9 "蓉" */
    0x11, 0x1f, 0xfc, 0x54, 0x7f, 0xf9, 0x12, 0xc9,
    0x86, 0xc7, 0x7, 0x3f, 0x84, 0x10, 0xfe, 0x0,

    /* U+84D1 "蓑" */
    0x11, 0x1f, 0xfc, 0x54, 0x7f, 0xf2, 0x9, 0xff,
    0xc8, 0x21, 0xfd, 0x11, 0x5d, 0x90, 0xc1, 0x80,

    /* U+84D6 "蓖" */
    0x11, 0x1f, 0xfd, 0x55, 0x25, 0x25, 0x54, 0xff,
    0x90, 0x83, 0xdf, 0x42, 0x9, 0xc7, 0xcf, 0x80,

    /* U+84DD "蓝" */
    0x11, 0x1f, 0xfc, 0x44, 0x1, 0x9, 0x3f, 0x29,
    0x24, 0x13, 0xfe, 0x4a, 0x49, 0x4b, 0xff, 0x80,

    /* U+84DF "蓟" */
    0x11, 0x1f, 0xfc, 0xc4, 0x24, 0x1f, 0xd3, 0x4a,
    0x7f, 0x4d, 0x29, 0xfd, 0x20, 0x7, 0xf3, 0x80,

    /* U+84EC "蓬" */
    0x11, 0x1f, 0xfc, 0x44, 0x43, 0xc5, 0x88, 0xe,
    0x36, 0x3a, 0x10, 0x5f, 0xc8, 0x42, 0xff, 0x80,

    /* U+8511 "蔑" */
    0x11, 0x1f, 0xfc, 0x44, 0x3f, 0xe4, 0xa4, 0xff,
    0x80, 0x93, 0xff, 0x42, 0x8c, 0x26, 0x5b, 0x80,

    /* U+8513 "蔓" */
    0x11, 0x1f, 0xfc, 0x44, 0x1f, 0xc2, 0x9, 0xff,
    0xe4, 0x4f, 0xff, 0x20, 0x83, 0xe3, 0x83, 0x80,

    /* U+8517 "蔗" */
    0x11, 0x1f, 0xfc, 0x54, 0x3f, 0xf4, 0x88, 0xff,
    0xd2, 0x22, 0x7c, 0x40, 0xa, 0xaa, 0x8a, 0x80,

    /* U+851A "蔚" */
    0x11, 0x1f, 0xfc, 0x44, 0x7e, 0x28, 0x45, 0xfb,
    0xe0, 0x17, 0xea, 0x90, 0xda, 0x8a, 0xcb, 0x0,

    /* U+8521 "蔡" */
    0x11, 0x1f, 0xfc, 0x44, 0x1d, 0xee, 0xa4, 0xa3,
    0x3b, 0xd8, 0x0, 0x7f, 0xc4, 0x93, 0x31, 0x80,

    /* U+852B "蔫" */
    0x11, 0x1f, 0xfc, 0x44, 0x7f, 0xf0, 0x40, 0x4f,
    0x89, 0x7, 0xff, 0x20, 0xf, 0xfe, 0x54, 0x80,

    /* U+852C "蔬" */
    0x11, 0x1f, 0xfc, 0x44, 0x0, 0x4f, 0x7e, 0x24,
    0x89, 0xed, 0x80, 0xa5, 0x56, 0xab, 0x25, 0x80,

    /* U+8537 "蔷" */
    0x11, 0x1f, 0xfc, 0x54, 0x3f, 0xe2, 0x48, 0x2a,
    0x3f, 0xfa, 0x2, 0x5f, 0x4a, 0x29, 0xff, 0x0,

    /* U+853C "蔼" */
    0x11, 0x1f, 0xfc, 0x44, 0x27, 0xe2, 0x84, 0x1f,
    0xb2, 0x12, 0x7f, 0x51, 0x2d, 0x55, 0x3f, 0x0,

    /* U+853D "蔽" */
    0x11, 0x1f, 0xfc, 0x44, 0x55, 0xa, 0xbe, 0x44,
    0xbf, 0x15, 0x4a, 0xf9, 0x55, 0x32, 0xb9, 0x80,

    /* U+8549 "蕉" */
    0x11, 0x1f, 0xfc, 0x44, 0x11, 0x7, 0xff, 0x84,
    0x1f, 0xf2, 0x10, 0x7f, 0xea, 0x4a, 0x24, 0x80,

    /* U+854A "蕊" */
    0x11, 0x1f, 0xfc, 0x10, 0x9, 0x25, 0x3, 0x1f,
    0x0, 0x1, 0x4a, 0xa5, 0x34, 0x20, 0x73, 0x80,

    /* U+8574 "蕴" */
    0x11, 0x1f, 0xfc, 0x44, 0x23, 0xe4, 0x45, 0x4f,
    0x91, 0x14, 0x7f, 0xea, 0xa1, 0x57, 0x7f, 0x80,

    /* U+857E "蕾" */
    0x11, 0x1f, 0xfc, 0x44, 0x7f, 0xfb, 0x5a, 0x8,
    0x1f, 0xf2, 0x22, 0x7f, 0xc8, 0x89, 0xff, 0x0,

    /* U+8584 "薄" */
    0x11, 0x1f, 0xfc, 0x44, 0x41, 0x45, 0xfe, 0x14,
    0xa3, 0xf2, 0x52, 0x1f, 0xe8, 0x8a, 0xb, 0x0,

    /* U+859B "薛" */
    0x11, 0x1f, 0xfd, 0x4, 0x7b, 0xf9, 0x25, 0xe4,
    0xa3, 0xff, 0x84, 0x97, 0xf2, 0x13, 0xc2, 0x0,

    /* U+85AA "薪" */
    0x11, 0x1f, 0xfc, 0x44, 0x10, 0x3f, 0xb8, 0xa4,
    0x3e, 0xf9, 0x12, 0xfa, 0x4e, 0x4a, 0xb1, 0x0,

    /* U+85AF "薯" */
    0x11, 0x1f, 0xfd, 0x29, 0x3f, 0xe0, 0x82, 0xfe,
    0x82, 0x27, 0xff, 0x60, 0x54, 0x8, 0xff, 0x0,

    /* U+85C9 "藉" */
    0x11, 0x1f, 0xfc, 0x44, 0x11, 0x2f, 0x7e, 0x44,
    0xbd, 0xf9, 0x21, 0x77, 0xf4, 0x84, 0x9f, 0x80,

    /* U+85CF "藏" */
    0x11, 0x1f, 0xfc, 0x44, 0x0, 0x5b, 0xff, 0x55,
    0x3b, 0xe9, 0x4d, 0xef, 0x55, 0x4a, 0xbe, 0x80,

    /* U+85D0 "藐" */
    0x11, 0x1f, 0xfc, 0x44, 0x73, 0xe5, 0x44, 0x4f,
    0xb5, 0x11, 0xbe, 0x52, 0x92, 0x55, 0xb3, 0x80,

    /* U+85D5 "藕" */
    0x11, 0x1f, 0xfc, 0x44, 0x13, 0xef, 0x54, 0x4f,
    0xbd, 0x51, 0x7f, 0x79, 0x35, 0xf4, 0xa1, 0x80,

    /* U+85E4 "藤" */
    0x11, 0x1f, 0xfc, 0x44, 0xfa, 0xa9, 0x7f, 0xe5,
    0x27, 0xff, 0xaa, 0x93, 0xb3, 0xaa, 0xcc, 0x80,

    /* U+85E9 "藩" */
    0x11, 0x1f, 0xfc, 0x44, 0x4f, 0xe4, 0xa9, 0x3f,
    0xd2, 0xa1, 0x93, 0x1f, 0xca, 0x4a, 0x7f, 0x0,

    /* U+85FB "藻" */
    0x11, 0x1f, 0xfc, 0x44, 0x23, 0xe2, 0x45, 0xf,
    0x93, 0xb8, 0x55, 0x2f, 0xe8, 0xaa, 0x24, 0x80,

    /* U+8611 "蘑" */
    0x11, 0x1f, 0xfd, 0x22, 0x3e, 0xf4, 0xa8, 0xd5,
    0x57, 0xec, 0x40, 0x9f, 0xe6, 0x5, 0x7f, 0x80,

    /* U+8638 "蘸" */
    0x11, 0x1f, 0xfc, 0x44, 0x7d, 0x25, 0x3f, 0xfc,
    0xaa, 0xfd, 0x52, 0xdb, 0xf1, 0x3, 0xea, 0x80,

    /* U+864E "虎" */
    0x7, 0xc0, 0x81, 0xff, 0xa2, 0x14, 0x78, 0xb8,
    0x51, 0xfa, 0x0, 0x4f, 0x89, 0x16, 0xc3, 0x80,

    /* U+864F "虏" */
    0x7, 0xc0, 0x81, 0xff, 0xa2, 0x14, 0x78, 0xb8,
    0x51, 0xfa, 0x20, 0x7f, 0xe9, 0x6, 0xc7, 0x0,

    /* U+8650 "虐" */
    0x7, 0xc0, 0x81, 0xff, 0xa2, 0x15, 0xf8, 0x88,
    0x57, 0xfa, 0x80, 0x7f, 0xea, 0x2, 0x7f, 0x0,

    /* U+8651 "虑" */
    0x7, 0xc0, 0x81, 0xff, 0xa2, 0x14, 0x78, 0xb8,
    0x51, 0xfa, 0x20, 0x4a, 0x4b, 0x16, 0x9e, 0x80,

    /* U+865A "虚" */
    0x7, 0xc0, 0x81, 0xff, 0xa2, 0x14, 0x78, 0xb8,
    0x51, 0xfa, 0x28, 0x55, 0x49, 0xb2, 0xff, 0x80,

    /* U+865E "虞" */
    0x7, 0xc0, 0x81, 0xff, 0xa2, 0x14, 0xfc, 0xa9,
    0x17, 0xf2, 0x12, 0xbf, 0xf1, 0x10, 0xc1, 0x80,

    /* U+866B "虫" */
    0x4, 0x0, 0x81, 0xff, 0x22, 0x24, 0x44, 0x88,
    0x9f, 0xf0, 0x20, 0x4, 0x40, 0xf7, 0xe0, 0x80,

    /* U+8671 "虱" */
    0xff, 0x80, 0x10, 0x3a, 0x78, 0x41, 0x9, 0xfd,
    0x24, 0xa7, 0xf4, 0x10, 0xa2, 0x97, 0xe9, 0x0,

    /* U+8679 "虹" */
    0x23, 0xe4, 0x13, 0xe2, 0x54, 0x4a, 0x89, 0x51,
    0x3e, 0x21, 0x4, 0x28, 0x87, 0x13, 0x2f, 0x80,

    /* U+867D "虽" */
    0x3f, 0x84, 0x10, 0xfe, 0x2, 0x7, 0xfc, 0x88,
    0x91, 0x13, 0xfe, 0x4, 0x0, 0x8b, 0xfe, 0x80,

    /* U+867E "虾" */
    0x27, 0xe4, 0x23, 0xe4, 0x54, 0x8a, 0x99, 0x52,
    0xbe, 0x49, 0x8, 0x29, 0x7, 0x23, 0x24, 0x0,

    /* U+8680 "蚀" */
    0x41, 0xc, 0x22, 0xbf, 0x84, 0x94, 0x92, 0x92,
    0x53, 0xfa, 0x8, 0x51, 0x4c, 0x35, 0x38, 0x80,

    /* U+8681 "蚁" */
    0x21, 0x4, 0x17, 0xea, 0xd5, 0x1a, 0xa3, 0x54,
    0x7e, 0x51, 0xa, 0x28, 0x87, 0x2b, 0x28, 0x80,

    /* U+8682 "蚂" */
    0x27, 0xc4, 0xb, 0xe9, 0x55, 0x2a, 0xa5, 0x57,
    0xfe, 0x9, 0x1, 0x2b, 0xa7, 0x7, 0x27, 0x0,

    /* U+868A "蚊" */
    0x21, 0x4, 0x13, 0xff, 0xd5, 0x2a, 0xa5, 0x54,
    0xbe, 0x51, 0xa, 0x28, 0x87, 0x2b, 0x38, 0x80,

    /* U+868C "蚌" */
    0x20, 0x84, 0x13, 0xef, 0xd4, 0x4a, 0x89, 0x57,
    0xfe, 0x21, 0x4, 0x2b, 0xe7, 0x13, 0x22, 0x0,

    /* U+8695 "蚕" */
    0x7f, 0xc1, 0x3, 0xff, 0x88, 0x82, 0x9, 0x88,
    0xdf, 0xf2, 0x22, 0x7f, 0xc0, 0x8b, 0xfe, 0x80,

    /* U+869C "蚜" */
    0x23, 0xe4, 0x2b, 0xe5, 0x55, 0x2a, 0xbf, 0x52,
    0xbe, 0x51, 0x12, 0x2a, 0x47, 0x8b, 0x23, 0x0,

    /* U+86A4 "蚤" */
    0x7f, 0xc8, 0x88, 0xc6, 0x7, 0xf, 0x1e, 0x8,
    0x1f, 0xf2, 0x22, 0x7f, 0xc0, 0x8b, 0xfe, 0x80,

    /* U+86C0 "蛀" */
    0x21, 0x4, 0x13, 0xef, 0xd4, 0x4a, 0x89, 0x51,
    0x3e, 0xf9, 0x4, 0x28, 0x87, 0x13, 0x2f, 0x80,

    /* U+86C6 "蛆" */
    0x23, 0xc4, 0x4b, 0xe9, 0x55, 0xea, 0xa5, 0x54,
    0xbe, 0xf1, 0x12, 0x2a, 0x47, 0x4b, 0x3f, 0x80,

    /* U+86C7 "蛇" */
    0x21, 0x4, 0xff, 0xf0, 0xd5, 0xa, 0xa5, 0x55,
    0x3e, 0xc1, 0x10, 0x2a, 0x27, 0x47, 0x27, 0x80,

    /* U+86CA "蛊" */
    0x4, 0xf, 0xf9, 0x11, 0x3f, 0xe0, 0x45, 0xff,
    0x40, 0x3, 0xfe, 0x4a, 0x49, 0x4b, 0xff, 0x80,

    /* U+86CB "蛋" */
    0xff, 0xe0, 0x84, 0x9f, 0x12, 0xd, 0xfe, 0x8,
    0x1f, 0xf2, 0x22, 0x7f, 0xc0, 0x8b, 0xfe, 0x80,

    /* U+86D4 "蛔" */
    0x2f, 0xe5, 0x7, 0xe0, 0xd5, 0xda, 0xab, 0x55,
    0x7e, 0xa9, 0x5d, 0x28, 0x27, 0x7, 0x3f, 0x80,

    /* U+86D9 "蛙" */
    0x20, 0x84, 0x7f, 0xe2, 0x54, 0x4a, 0xbf, 0x50,
    0x3e, 0x21, 0x1f, 0x28, 0x87, 0x13, 0x2f, 0x80,

    /* U+86DB "蛛" */
    0x25, 0x4, 0xa3, 0xff, 0x54, 0x8a, 0x91, 0x5f,
    0xfe, 0x41, 0x1c, 0x2d, 0x47, 0x27, 0x24, 0x0,

    /* U+86E4 "蛤" */
    0x20, 0x84, 0x13, 0xe5, 0x57, 0x1a, 0x9d, 0x50,
    0x3e, 0xf9, 0x11, 0x2a, 0x27, 0x47, 0x2f, 0x80,

    /* U+86EE "蛮" */
    0x4, 0x1f, 0xfc, 0x24, 0x24, 0xa9, 0x12, 0x7f,
    0x9, 0x21, 0x24, 0x3f, 0xa0, 0x87, 0xff, 0x80,

    /* U+86F0 "蛰" */
    0x21, 0x1e, 0xf8, 0x85, 0x1a, 0xae, 0x24, 0x4a,
    0xdf, 0xe1, 0x24, 0x3f, 0x80, 0x87, 0xff, 0x80,

    /* U+86F9 "蛹" */
    0x2f, 0xc4, 0x53, 0xe4, 0x57, 0xfa, 0x93, 0x5f,
    0xfe, 0x49, 0x7f, 0x29, 0x27, 0x27, 0x25, 0x80,

    /* U+86FE "蛾" */
    0x22, 0xc5, 0x97, 0xd2, 0x57, 0xfa, 0x49, 0x49,
    0x7d, 0xa9, 0x62, 0x24, 0x46, 0x97, 0x34, 0x80,

    /* U+8700 "蜀" */
    0xff, 0xf2, 0x27, 0xff, 0x90, 0x7, 0xff, 0x10,
    0x5f, 0xca, 0x49, 0x7f, 0x21, 0x27, 0xfb, 0x0,

    /* U+8702 "蜂" */
    0x21, 0x4, 0x3f, 0xe8, 0xd4, 0xea, 0xeb, 0x57,
    0xfe, 0x21, 0x1f, 0x28, 0x87, 0xff, 0x22, 0x0,

    /* U+8712 "蜒" */
    0x2c, 0x24, 0xbb, 0xf1, 0x54, 0x2a, 0x97, 0x5a,
    0xbf, 0x51, 0x2a, 0x2d, 0xe7, 0x43, 0x27, 0x80,

    /* U+8715 "蜕" */
    0x22, 0x24, 0x2b, 0xef, 0xd5, 0x1a, 0xa3, 0x54,
    0x7e, 0xf9, 0xa, 0x29, 0x47, 0x4b, 0x31, 0x80,

    /* U+8717 "蜗" */
    0x27, 0xc4, 0x8b, 0xf1, 0x57, 0xea, 0x91, 0x5f,
    0xfe, 0x49, 0x55, 0x2c, 0x67, 0x7, 0x21, 0x80,

    /* U+8718 "蜘" */
    0x24, 0x4, 0x9f, 0xfe, 0xd5, 0x5a, 0xab, 0x5f,
    0x7e, 0xa9, 0x15, 0x25, 0xa6, 0x9f, 0x20, 0x0,

    /* U+871C "蜜" */
    0x4, 0x1f, 0xfe, 0x54, 0xa9, 0x2a, 0xfa, 0x8,
    0x1f, 0xf2, 0x22, 0x7f, 0xc0, 0x8b, 0xfe, 0x80,

    /* U+8721 "蜡" */
    0x21, 0x44, 0x7f, 0xe5, 0x54, 0xaa, 0xff, 0x50,
    0x3e, 0xf9, 0x11, 0x2b, 0xe7, 0x47, 0x2f, 0x80,

    /* U+8747 "蝇" */
    0x27, 0xc4, 0x8b, 0xff, 0x54, 0x8a, 0xff, 0x52,
    0x7f, 0xf9, 0x49, 0x2f, 0xe7, 0x23, 0x23, 0x80,

    /* U+8749 "蝉" */
    0x22, 0x24, 0x2b, 0xef, 0xd5, 0x5a, 0xbf, 0x55,
    0x7e, 0xf9, 0x4, 0x2b, 0xe7, 0x13, 0x22, 0x0,

    /* U+874E "蝎" */
    0x23, 0xe4, 0x47, 0xef, 0xd5, 0x1a, 0xbf, 0x52,
    0x3e, 0xf9, 0x29, 0x2a, 0xa7, 0x77, 0x21, 0x80,

    /* U+8757 "蝗" */
    0x20, 0x84, 0x7f, 0xe8, 0xd5, 0xfa, 0xa3, 0x54,
    0x7f, 0xf9, 0x4, 0x2b, 0xe7, 0x13, 0x3f, 0x80,

    /* U+8774 "蝴" */
    0x24, 0xe4, 0x97, 0xfe, 0xda, 0x7b, 0x4b, 0x69,
    0x7f, 0xb9, 0x55, 0x2a, 0xa7, 0x57, 0x3d, 0x80,

    /* U+8776 "蝶" */
    0x22, 0xa4, 0xff, 0xea, 0xd5, 0x7a, 0xa1, 0x57,
    0xfe, 0x21, 0x3f, 0x29, 0xc7, 0x57, 0x32, 0x80,

    /* U+878D "融" */
    0xfc, 0x80, 0x11, 0xef, 0xa5, 0x57, 0xaa, 0x5,
    0x7f, 0xfd, 0x54, 0xfe, 0xb2, 0x5e, 0x5c, 0x80,

    /* U+879F "螟" */
    0x27, 0xe4, 0x87, 0xef, 0x55, 0x2a, 0xbd, 0x54,
    0xbe, 0xf1, 0x8, 0x2f, 0xe7, 0x4b, 0x30, 0x80,

    /* U+87BA "螺" */
    0x2f, 0xe5, 0x27, 0xff, 0xd4, 0x9a, 0xff, 0x55,
    0x3f, 0x41, 0x12, 0x2f, 0xa6, 0xab, 0x2c, 0x80,

    /* U+87F9 "蟹" */
    0x3b, 0xe9, 0x27, 0xf9, 0xaa, 0xa7, 0xde, 0xac,
    0x9f, 0x7c, 0xa2, 0x7f, 0xc8, 0x8b, 0xfe, 0x80,

    /* U+8815 "蠕" */
    0x2f, 0xe4, 0x23, 0xff, 0xd4, 0x9a, 0xd5, 0x50,
    0x3f, 0xf9, 0x8, 0x2f, 0xe7, 0x57, 0x2a, 0x80,

    /* U+8822 "蠢" */
    0x8, 0xf, 0xf8, 0x44, 0x7f, 0xf5, 0x15, 0x3e,
    0x7e, 0xfd, 0x55, 0xfb, 0xe4, 0x97, 0xef, 0x0,

    /* U+8840 "血" */
    0x4, 0x1, 0x1, 0xff, 0x25, 0x24, 0xa4, 0x94,
    0x92, 0x92, 0x52, 0x4a, 0x49, 0x4b, 0xff, 0x80,

    /* U+8845 "衅" */
    0x20, 0x88, 0x97, 0xeb, 0x54, 0x4a, 0xbf, 0x51,
    0x2a, 0x25, 0x5f, 0xbc, 0x98, 0x10, 0x2, 0x0,

    /* U+884C "行" */
    0x27, 0xc8, 0x2, 0x0, 0x17, 0xf4, 0x9, 0x81,
    0x10, 0x22, 0x4, 0x40, 0x88, 0x11, 0xe, 0x0,

    /* U+884D "衍" */
    0x29, 0xe8, 0x82, 0x0, 0x14, 0xf4, 0x45, 0x80,
    0x90, 0x12, 0x22, 0x44, 0x49, 0x9, 0x23, 0x0,

    /* U+8854 "衔" */
    0x24, 0xe8, 0xc2, 0x20, 0x17, 0x74, 0x45, 0x88,
    0x93, 0x92, 0x22, 0x44, 0x48, 0xc9, 0x13, 0x0,

    /* U+8857 "街" */
    0x24, 0xeb, 0xe2, 0x10, 0x12, 0x75, 0xf5, 0x80,
    0x91, 0x12, 0xfa, 0x44, 0x48, 0xe9, 0x63, 0x0,

    /* U+8859 "衙" */
    0x3e, 0xe9, 0x2, 0x78, 0x15, 0x74, 0xa5, 0xbe,
    0x90, 0x12, 0xf2, 0x52, 0x4a, 0x49, 0x7b, 0x0,

    /* U+8861 "衡" */
    0x2e, 0xea, 0x42, 0x7c, 0x1a, 0xf5, 0xf5, 0xaa,
    0x97, 0xd2, 0x22, 0x5f, 0x49, 0x49, 0x47, 0x0,

    /* U+8863 "衣" */
    0x8, 0x0, 0x83, 0xff, 0x85, 0x1, 0x24, 0x45,
    0x18, 0x45, 0x8, 0x24, 0x85, 0x8, 0xc0, 0x80,

    /* U+8865 "补" */
    0x41, 0x4, 0x23, 0xc4, 0x8, 0x82, 0x18, 0x52,
    0x9c, 0x4d, 0x48, 0x21, 0x4, 0x20, 0x84, 0x0,

    /* U+8868 "表" */
    0x4, 0xf, 0xf8, 0x10, 0x3f, 0xe0, 0x41, 0xff,
    0xc2, 0x80, 0x91, 0xe1, 0x45, 0x90, 0xc1, 0x80,

    /* U+886B "衫" */
    0x40, 0x24, 0x1b, 0xcc, 0x8, 0x2, 0x2, 0x51,
    0x9c, 0xc5, 0x40, 0x20, 0x24, 0x18, 0x9c, 0x0,

    /* U+886C "衬" */
    0x40, 0x44, 0xb, 0xdf, 0x88, 0x22, 0x4, 0x54,
    0x9c, 0x55, 0x4a, 0x20, 0x44, 0x8, 0x87, 0x0,

    /* U+8870 "衰" */
    0x4, 0x1f, 0xfc, 0x0, 0x1f, 0xc2, 0x9, 0xff,
    0xc8, 0x21, 0xfd, 0x11, 0x5d, 0x90, 0xc1, 0x80,

    /* U+8877 "衷" */
    0x4, 0x1f, 0xfc, 0x10, 0x3f, 0xe4, 0x44, 0xff,
    0x81, 0x0, 0xd1, 0xe1, 0x45, 0x90, 0xc1, 0x80,

    /* U+8881 "袁" */
    0x4, 0xf, 0xf8, 0x10, 0x7f, 0xf2, 0x8, 0x41,
    0xf, 0xe0, 0x91, 0xe1, 0x45, 0x90, 0xc1, 0x80,

    /* U+8884 "袄" */
    0x80, 0xc9, 0xe3, 0x84, 0x10, 0x85, 0x10, 0xdf,
    0xf4, 0x42, 0x14, 0x42, 0x88, 0x89, 0x60, 0x80,

    /* U+888B "袋" */
    0x12, 0x44, 0x7f, 0xb8, 0x10, 0x92, 0xe, 0x8,
    0x3f, 0xf8, 0x90, 0xe1, 0x45, 0x90, 0xc1, 0x80,

    /* U+888D "袍" */
    0x88, 0x9, 0xfb, 0xc1, 0x17, 0xa4, 0x94, 0xb2,
    0xbb, 0xd2, 0xc6, 0x48, 0x9, 0x5, 0x1f, 0x80,

    /* U+8892 "袒" */
    0x8f, 0xc9, 0xb, 0xa1, 0x14, 0x24, 0xfc, 0xd0,
    0xb2, 0x13, 0x42, 0x4f, 0xc8, 0x1, 0x7f, 0x80,

    /* U+8896 "袖" */
    0x81, 0x8, 0x23, 0xbf, 0x94, 0x94, 0x92, 0xb2,
    0x7b, 0xfa, 0xc9, 0x49, 0x29, 0x25, 0x3f, 0x80,

    /* U+889C "袜" */
    0x81, 0x8, 0x23, 0xbf, 0x90, 0x84, 0x10, 0xaf,
    0xb8, 0x42, 0x9c, 0x45, 0x49, 0x25, 0x4, 0x0,

    /* U+88AB "被" */
    0x81, 0x9, 0xff, 0xa4, 0x94, 0x84, 0xfe, 0xb8,
    0x7a, 0x8a, 0xca, 0x48, 0x89, 0x29, 0x58, 0x80,

    /* U+88AD "袭" */
    0x8, 0x9f, 0xfc, 0x4a, 0x11, 0x9c, 0xde, 0x8,
    0x3f, 0xf8, 0x90, 0xe1, 0x45, 0x90, 0xc1, 0x80,

    /* U+88B1 "袱" */
    0x84, 0xa8, 0x97, 0xa2, 0x15, 0xf5, 0x88, 0xd1,
    0x36, 0x52, 0x4a, 0x49, 0x49, 0x45, 0x28, 0x80,

    /* U+88C1 "裁" */
    0x11, 0x4f, 0xa4, 0x44, 0x7f, 0xf0, 0x10, 0x22,
    0x7f, 0x51, 0x4, 0xd4, 0xa9, 0x2d, 0x98, 0x80,

    /* U+88C2 "裂" */
    0xfc, 0x24, 0x25, 0xf4, 0xe2, 0x92, 0x86, 0x28,
    0x3f, 0xf8, 0x90, 0xe1, 0x45, 0x90, 0xc1, 0x80,

    /* U+88C5 "装" */
    0x91, 0xb, 0xfc, 0x44, 0x18, 0x8d, 0x7c, 0x8,
    0x3f, 0xf8, 0x90, 0xe1, 0x45, 0x90, 0xc1, 0x80,

    /* U+88D4 "裔" */
    0x4, 0x1f, 0xfc, 0x48, 0x70, 0xa2, 0xc8, 0x60,
    0xdf, 0xf2, 0x8a, 0x6f, 0xca, 0x29, 0x7d, 0x0,

    /* U+88D5 "裕" */
    0x82, 0x88, 0x8b, 0xa4, 0x91, 0x44, 0x44, 0xb0,
    0x79, 0xf2, 0xa2, 0x44, 0x48, 0x89, 0x1f, 0x0,

    /* U+88D9 "裙" */
    0x8f, 0xc8, 0x4b, 0xbf, 0x91, 0x24, 0xfc, 0xa4,
    0x39, 0x2, 0xfe, 0x48, 0x49, 0x9, 0x3f, 0x0,

    /* U+88E4 "裤" */
    0x80, 0x89, 0xff, 0xa4, 0x17, 0xf4, 0xa0, 0xb5,
    0x3a, 0xfa, 0xc4, 0x4f, 0xe9, 0x11, 0x42, 0x0,

    /* U+88F3 "裳" */
    0x24, 0x9f, 0xfe, 0x0, 0xdf, 0xd2, 0x8, 0x7f,
    0x1, 0x7, 0xff, 0x11, 0x5d, 0x90, 0xc1, 0x80,

    /* U+88F4 "裴" */
    0xa, 0x1f, 0x7c, 0x28, 0x3d, 0xe0, 0xa0, 0x24,
    0x3f, 0xf8, 0xa2, 0xe2, 0x44, 0x31, 0xf1, 0x80,

    /* U+88F8 "裸" */
    0x8f, 0xe9, 0x27, 0xbf, 0x94, 0x94, 0xfe, 0xa2,
    0x3b, 0xfa, 0x9c, 0x45, 0x49, 0x25, 0x4, 0x0,

    /* U+88F9 "裹" */
    0x4, 0x1f, 0xfd, 0x11, 0x3f, 0xe4, 0x45, 0xff,
    0xc9, 0x26, 0x53, 0x11, 0x5d, 0x90, 0xc1, 0x80,

    /* U+8902 "褂" */
    0x84, 0x89, 0xd3, 0x92, 0x12, 0x45, 0xfc, 0xc1,
    0x71, 0x23, 0x74, 0x44, 0x88, 0xf1, 0x62, 0x0,

    /* U+8910 "褐" */
    0x87, 0xc8, 0x8b, 0x9f, 0x12, 0x24, 0x7c, 0xa4,
    0x39, 0xfa, 0xc5, 0x45, 0x68, 0xf5, 0x1, 0x80,

    /* U+8912 "褒" */
    0x4, 0x1f, 0xfc, 0xa1, 0x27, 0xec, 0x10, 0xbf,
    0xd1, 0x50, 0xd1, 0xe1, 0x45, 0x90, 0xc1, 0x80,

    /* U+8925 "褥" */
    0x8f, 0xe9, 0x3, 0xbf, 0x95, 0x54, 0xa4, 0xb6,
    0x7a, 0x12, 0xff, 0x4a, 0x49, 0x29, 0x43, 0x0,

    /* U+892A "褪" */
    0x89, 0xe8, 0xa7, 0x87, 0x90, 0x94, 0xde, 0xca,
    0xb1, 0x5b, 0x2a, 0x45, 0xa9, 0x41, 0x27, 0x80,

    /* U+8944 "襄" */
    0x4, 0x1f, 0xfd, 0x29, 0x3d, 0xe1, 0x10, 0xff,
    0x84, 0x47, 0xff, 0x11, 0x5d, 0x90, 0xc1, 0x80,

    /* U+895F "襟" */
    0x84, 0x49, 0xdf, 0x91, 0x17, 0x75, 0x54, 0xdf,
    0xf0, 0x3, 0x7f, 0x41, 0x8, 0xa9, 0x2c, 0x80,

    /* U+897F "西" */
    0xff, 0xe2, 0x20, 0x44, 0x7f, 0xf9, 0x13, 0x22,
    0x64, 0x4d, 0xf, 0xc0, 0x30, 0x7, 0xff, 0x80,

    /* U+8981 "要" */
    0xff, 0xe1, 0x41, 0xff, 0x25, 0x27, 0xfc, 0x10,
    0x3f, 0xf8, 0x84, 0x31, 0x1, 0xc3, 0xc7, 0x80,

    /* U+8986 "覆" */
    0xff, 0xe9, 0x49, 0xff, 0x12, 0x4, 0x7f, 0x30,
    0x8a, 0x12, 0x7e, 0xd4, 0x48, 0x71, 0x71, 0x80,

    /* U+89C1 "见" */
    0x7f, 0xc8, 0x9, 0x1, 0x22, 0x24, 0x44, 0x88,
    0x91, 0x10, 0x50, 0xa, 0x22, 0x47, 0x8f, 0x80,

    /* U+89C2 "观" */
    0x7, 0xde, 0x88, 0x55, 0x4a, 0xa5, 0x54, 0xaa,
    0x89, 0x51, 0x8, 0x52, 0xaa, 0x96, 0x23, 0x80,

    /* U+89C4 "规" */
    0x27, 0xc4, 0x8b, 0xd5, 0x12, 0xa2, 0x55, 0xea,
    0x89, 0x51, 0x8, 0x52, 0xaa, 0x96, 0x23, 0x80,

    /* U+89C5 "觅" */
    0x1, 0xff, 0xc9, 0x21, 0x12, 0x47, 0xfc, 0x80,
    0x91, 0x12, 0x22, 0xa, 0x2, 0x47, 0x8f, 0x80,

    /* U+89C6 "视" */
    0x8f, 0xc9, 0xb, 0xa5, 0x14, 0xa4, 0x94, 0x92,
    0xba, 0x52, 0x88, 0x42, 0xa8, 0x95, 0x63, 0x80,

    /* U+89C8 "览" */
    0x12, 0x12, 0x7e, 0x4a, 0x4a, 0x27, 0xfc, 0x80,
    0x91, 0x12, 0x22, 0xa, 0x2, 0x47, 0x8f, 0x80,

    /* U+89C9 "觉" */
    0x48, 0x44, 0x93, 0xff, 0xc0, 0x1b, 0xfa, 0x41,
    0x9, 0x21, 0x24, 0xa, 0x2, 0x47, 0x8f, 0x80,

    /* U+89D2 "角" */
    0x20, 0xf, 0xc4, 0x13, 0xff, 0x44, 0x5f, 0xf4,
    0x45, 0xff, 0x44, 0x51, 0x18, 0x4c,

    /* U+89E3 "解" */
    0x23, 0xe7, 0x25, 0x24, 0xff, 0x35, 0x40, 0xfa,
    0x95, 0x7b, 0xf2, 0x55, 0xea, 0x8a, 0x51, 0x0,

    /* U+89E6 "触" */
    0x40, 0x8e, 0x12, 0x4f, 0xfd, 0x5a, 0xab, 0xf5,
    0x6a, 0xff, 0xc4, 0xa8, 0xb5, 0x1e, 0xac, 0x80,

    /* U+8A00 "言" */
    0x8, 0x0, 0x83, 0xff, 0x80, 0x7, 0xfc, 0x0,
    0x1f, 0xf0, 0x0, 0x7f, 0xc8, 0x9, 0xff, 0x0,

    /* U+8A79 "詹" */
    0x1f, 0x4, 0x21, 0xff, 0xe4, 0x47, 0x6, 0x84,
    0x1f, 0xfa, 0x0, 0x5f, 0xca, 0xa, 0x7f, 0x0,

    /* U+8A89 "誉" */
    0x48, 0x44, 0x93, 0xff, 0x88, 0x82, 0x9, 0x88,
    0xdf, 0xf0, 0x0, 0x7f, 0xc8, 0x9, 0xff, 0x0,

    /* U+8A8A "誊" */
    0x24, 0x84, 0xa1, 0xff, 0x8, 0x8f, 0xfe, 0x49,
    0x17, 0xd4, 0x1, 0x7f, 0xc4, 0x10, 0xfe, 0x0,

    /* U+8A93 "誓" */
    0x20, 0xde, 0xe0, 0x90, 0x1b, 0xfe, 0x48, 0x51,
    0x3f, 0xf8, 0x0, 0x7f, 0xc8, 0x9, 0xff, 0x0,

    /* U+8B66 "警" */
    0x52, 0x1f, 0xfd, 0x55, 0x3a, 0xc0, 0xa5, 0xff,
    0xc0, 0x3, 0xfe, 0x20, 0x84, 0x10, 0xfe, 0x0,

    /* U+8B6C "譬" */
    0x78, 0x89, 0xfd, 0xe9, 0x43, 0xff, 0x88, 0x9f,
    0xde, 0x20, 0x20, 0xff, 0xe4, 0x10, 0xfe, 0x0,

    /* U+8BA1 "计" */
    0x41, 0x4, 0x20, 0x4, 0x0, 0x8c, 0xfe, 0x82,
    0x10, 0x42, 0x8, 0x51, 0xc, 0x21, 0x4, 0x0,

    /* U+8BA2 "订" */
    0x47, 0xe4, 0x10, 0x2, 0x0, 0x4e, 0x8, 0x41,
    0x8, 0x21, 0x4, 0x28, 0x86, 0x10, 0x8e, 0x0,

    /* U+8BA3 "讣" */
    0x41, 0x4, 0x20, 0x4, 0x0, 0x8e, 0x18, 0x42,
    0x88, 0x49, 0x8, 0x29, 0x6, 0x20, 0x84, 0x0,

    /* U+8BA4 "认" */
    0x41, 0x4, 0x20, 0x4, 0x0, 0x8e, 0x10, 0x42,
    0x8, 0xa1, 0x14, 0x24, 0x46, 0x88, 0xa0, 0x80,

    /* U+8BA5 "讥" */
    0x8f, 0x89, 0x10, 0x22, 0x4, 0x4c, 0x88, 0x91,
    0x12, 0x22, 0x44, 0x48, 0xad, 0x15, 0x43, 0x80,

    /* U+8BA8 "讨" */
    0x40, 0x44, 0x8, 0x3f, 0x80, 0x2e, 0x4, 0x48,
    0x88, 0x91, 0x12, 0x28, 0x46, 0x8, 0x87, 0x0,

    /* U+8BA9 "让" */
    0x41, 0x4, 0x20, 0x4, 0x0, 0x8e, 0x1e, 0x42,
    0x8, 0x41, 0x8, 0x29, 0x6, 0x20, 0xbf, 0x80,

    /* U+8BAB "讫" */
    0x84, 0x8, 0xfc, 0x20, 0x8, 0xc, 0xfc, 0x81,
    0x10, 0x42, 0x10, 0x44, 0xd, 0x5, 0x1f, 0x80,

    /* U+8BAD "训" */
    0x88, 0x29, 0x24, 0x24, 0x84, 0x9c, 0x92, 0x92,
    0x52, 0x4a, 0x49, 0x49, 0x2d, 0x25, 0x40, 0x80,

    /* U+8BAE "议" */
    0x82, 0x9, 0x24, 0x24, 0x84, 0x1c, 0x44, 0x88,
    0x91, 0x12, 0x14, 0x51, 0xc, 0x51, 0x31, 0x80,

    /* U+8BAF "讯" */
    0x9f, 0x88, 0x10, 0x12, 0x2, 0x4c, 0x48, 0xbf,
    0x11, 0x22, 0x24, 0x54, 0xac, 0x95, 0x11, 0x0,

    /* U+8BB0 "记" */
    0x8f, 0xc8, 0x8, 0x1, 0x0, 0x2c, 0x4, 0x9f,
    0x92, 0x2, 0x40, 0x58, 0x2d, 0x5, 0x1f, 0x80,

    /* U+8BB2 "讲" */
    0x84, 0x48, 0x88, 0x7f, 0x82, 0x2c, 0x44, 0x88,
    0x97, 0xfa, 0x22, 0x44, 0x4d, 0x9, 0x41, 0x0,

    /* U+8BB3 "讳" */
    0x82, 0x8, 0x40, 0x7f, 0x81, 0xc, 0xfc, 0x84,
    0x17, 0xfa, 0x11, 0x42, 0x2c, 0x59, 0x8, 0x0,

    /* U+8BB6 "讶" */
    0x8f, 0xe8, 0x88, 0x11, 0x4, 0x2c, 0xfe, 0x82,
    0x90, 0x52, 0x12, 0x64, 0x4b, 0x9, 0x3, 0x0,

    /* U+8BB8 "许" */
    0x88, 0x9, 0xf8, 0x44, 0x0, 0x8c, 0x10, 0xbf,
    0xd0, 0x42, 0x8, 0x41, 0xc, 0x21, 0x4, 0x0,

    /* U+8BB9 "讹" */
    0x85, 0x8, 0xa0, 0x24, 0x84, 0xad, 0x98, 0x96,
    0x12, 0x42, 0x48, 0x49, 0x2d, 0x25, 0x23, 0x80,

    /* U+8BBA "论" */
    0x81, 0x8, 0x50, 0x11, 0xc, 0x1c, 0x40, 0x88,
    0x91, 0x22, 0x38, 0x44, 0x2c, 0x85, 0xf, 0x80,

    /* U+8BBC "讼" */
    0x84, 0x88, 0x90, 0x21, 0x4, 0x2d, 0x2, 0x84,
    0x10, 0x82, 0x22, 0x54, 0x4d, 0x35, 0x38, 0x80,

    /* U+8BBD "讽" */
    0x8f, 0xc9, 0x8, 0x33, 0x5, 0x6c, 0x94, 0x92,
    0x92, 0xb2, 0x56, 0x4c, 0x4d, 0xd, 0x40, 0x80,

    /* U+8BBE "设" */
    0x87, 0x88, 0x90, 0x12, 0x2, 0x4d, 0x8e, 0x80,
    0x13, 0xf2, 0x42, 0x44, 0x8c, 0x61, 0x73, 0x80,

    /* U+8BBF "访" */
    0x82, 0x8, 0x20, 0x7f, 0x82, 0xc, 0x40, 0x8f,
    0x91, 0x12, 0x22, 0x48, 0x4d, 0x9, 0x46, 0x0,

    /* U+8BC0 "诀" */
    0x82, 0x8, 0x40, 0x3f, 0x1, 0x2c, 0x24, 0x84,
    0x97, 0xfa, 0x10, 0x45, 0xd, 0x11, 0x41, 0x80,

    /* U+8BC1 "证" */
    0x9f, 0xe8, 0x20, 0x4, 0x0, 0x8c, 0x90, 0x93,
    0xd2, 0x42, 0x48, 0x49, 0xd, 0x21, 0x7f, 0x80,

    /* U+8BC4 "评" */
    0x8f, 0xe8, 0x20, 0x24, 0x82, 0xac, 0x10, 0x9f,
    0xd0, 0x42, 0x8, 0x51, 0xc, 0x21, 0x4, 0x0,

    /* U+8BC5 "诅" */
    0x4f, 0xc5, 0x8, 0x21, 0x7, 0xec, 0x84, 0x90,
    0x93, 0xf2, 0x42, 0x48, 0x4d, 0x9, 0x7f, 0x80,

    /* U+8BC6 "识" */
    0x8f, 0xc9, 0x8, 0x21, 0x4, 0x2c, 0x84, 0x9f,
    0x90, 0x2, 0x0, 0x44, 0x8d, 0x9, 0x40, 0x80,

    /* U+8BC8 "诈" */
    0x84, 0x8, 0x80, 0x1f, 0x85, 0xd, 0x20, 0x87,
    0xd0, 0x82, 0x10, 0x53, 0xec, 0x41, 0x8, 0x0,

    /* U+8BC9 "诉" */
    0x80, 0xc9, 0xe0, 0x20, 0x4, 0xc, 0xfe, 0x91,
    0x12, 0x62, 0x46, 0x58, 0xad, 0x11, 0x42, 0x0,

    /* U+8BCA "诊" */
    0x81, 0x8, 0x50, 0x11, 0xc, 0x5c, 0x30, 0x98,
    0x90, 0x22, 0x19, 0x4c, 0x4c, 0x31, 0x38, 0x0,

    /* U+8BCC "诌" */
    0x84, 0x8, 0xf8, 0x21, 0x8, 0x4c, 0xfe, 0x80,
    0x50, 0xa, 0x7f, 0x40, 0x2c, 0x5, 0x3f, 0x80,

    /* U+8BCD "词" */
    0x8f, 0xe8, 0x4, 0x3e, 0x80, 0x1c, 0xfa, 0x91,
    0x52, 0x2a, 0x45, 0x4f, 0xac, 0x5, 0x3, 0x80,

    /* U+8BD1 "译" */
    0x4f, 0xe5, 0x4, 0x11, 0x1, 0xce, 0xc6, 0x42,
    0x9, 0xf1, 0x8, 0x2f, 0xe6, 0x20, 0x84, 0x0,

    /* U+8BD5 "试" */
    0x81, 0x48, 0x24, 0x7f, 0x80, 0x8c, 0x10, 0xbe,
    0x11, 0x22, 0x24, 0x44, 0xac, 0xed, 0x60, 0x80,

    /* U+8BD7 "诗" */
    0x81, 0x8, 0xf8, 0x4, 0x0, 0x8c, 0xfe, 0x80,
    0x93, 0xfa, 0x22, 0x52, 0x4c, 0x9, 0x7, 0x0,

    /* U+8BDA "诚" */
    0x40, 0xa4, 0x14, 0x3f, 0x84, 0x4c, 0xea, 0x95,
    0x52, 0xaa, 0x52, 0x4e, 0x4d, 0x15, 0x4c, 0x80,

    /* U+8BDB "诛" */
    0x89, 0x9, 0x20, 0x3f, 0x8, 0x8c, 0x10, 0xbf,
    0xd0, 0x42, 0x1c, 0x45, 0x4d, 0x25, 0x4, 0x0,

    /* U+8BDD "话" */
    0x80, 0xc9, 0xe0, 0x4, 0x0, 0x8c, 0xfe, 0x82,
    0x10, 0x42, 0x3e, 0x54, 0x4c, 0x89, 0x1f, 0x0,

    /* U+8BDE "诞" */
    0x9c, 0x28, 0xb8, 0x21, 0x8, 0x2d, 0xd6, 0x8a,
    0x95, 0x52, 0xaa, 0x49, 0xee, 0x81, 0x4f, 0x80,

    /* U+8BE1 "诡" */
    0x44, 0x4, 0xf0, 0x22, 0xf, 0xfc, 0x80, 0x97,
    0x92, 0x92, 0x56, 0x4a, 0xd, 0x45, 0x47, 0x80,

    /* U+8BE2 "询" */
    0x84, 0x8, 0xfc, 0x20, 0x8b, 0xdc, 0x4a, 0x8f,
    0x51, 0x2a, 0x25, 0x57, 0xac, 0x5, 0x3, 0x0,

    /* U+8BE3 "诣" */
    0x88, 0x29, 0x18, 0x3c, 0x4, 0x1c, 0x7e, 0x80,
    0x13, 0xfa, 0x41, 0x5f, 0xed, 0x5, 0x3f, 0x80,

    /* U+8BE5 "该" */
    0x41, 0x5, 0xfc, 0x8, 0x2, 0x2c, 0xf8, 0x82,
    0x10, 0x8a, 0x62, 0x40, 0x8c, 0x69, 0x30, 0x80,

    /* U+8BE6 "详" */
    0x44, 0x44, 0x50, 0x3f, 0x80, 0x8e, 0x10, 0x4f,
    0x88, 0x41, 0x8, 0x2f, 0xe6, 0x20, 0x84, 0x0,

    /* U+8BE7 "诧" */
    0x81, 0xb, 0xfc, 0x40, 0x88, 0xdc, 0xe0, 0x84,
    0x10, 0xfa, 0xf0, 0x42, 0xc, 0x45, 0x7, 0x80,

    /* U+8BEB "诫" */
    0x80, 0xa8, 0x14, 0x7f, 0x80, 0x4c, 0xaa, 0x95,
    0x57, 0xea, 0x52, 0x4a, 0x4d, 0x55, 0x4c, 0x80,

    /* U+8BEC "诬" */
    0x4f, 0xe4, 0x20, 0x4, 0x2, 0xae, 0x54, 0x4a,
    0x8a, 0xe9, 0x49, 0x21, 0x6, 0x20, 0xbf, 0x80,

    /* U+8BED "语" */
    0x8f, 0xe8, 0x40, 0x3f, 0x2, 0x2c, 0x44, 0xbf,
    0xd0, 0x2, 0x7f, 0x48, 0x2d, 0x5, 0x3f, 0x80,

    /* U+8BEF "误" */
    0x8f, 0xc9, 0x8, 0x21, 0x7, 0xec, 0x0, 0x9f,
    0x90, 0x42, 0xff, 0x41, 0xc, 0x51, 0x71, 0x80,

    /* U+8BF1 "诱" */
    0x47, 0xc4, 0x20, 0x3f, 0x81, 0xcc, 0x54, 0xb2,
    0x51, 0xf2, 0x12, 0x42, 0x6c, 0x85, 0x63, 0x0,

    /* U+8BF2 "诲" */
    0x88, 0x9, 0xfc, 0x40, 0x7, 0xec, 0xa4, 0x92,
    0x97, 0xfa, 0x52, 0x49, 0x4d, 0xfd, 0x1, 0x0,

    /* U+8BF4 "说" */
    0x88, 0x48, 0x90, 0x3f, 0x4, 0x2c, 0x84, 0x90,
    0x93, 0xf2, 0x24, 0x54, 0xad, 0x15, 0x43, 0x80,

    /* U+8BF5 "诵" */
    0x8f, 0xc8, 0x50, 0x4, 0x7, 0xfc, 0x92, 0x9f,
    0xd2, 0x4a, 0x7f, 0x59, 0x2d, 0x25, 0x25, 0x80,

    /* U+8BF7 "请" */
    0x81, 0x9, 0xf8, 0x4, 0x7, 0xec, 0x10, 0xbf,
    0xd2, 0x12, 0x7e, 0x58, 0x4d, 0xf9, 0x21, 0x0,

    /* U+8BF8 "诸" */
    0x82, 0x9, 0xf4, 0x9, 0x1, 0x4d, 0xfe, 0x84,
    0x11, 0xf2, 0xe2, 0x47, 0xcc, 0x89, 0x1f, 0x0,

    /* U+8BFA "诺" */
    0x84, 0x4b, 0xfc, 0x11, 0x1, 0xd, 0xfe, 0x84,
    0x11, 0x2, 0x7f, 0x54, 0x2c, 0x85, 0x1f, 0x80,

    /* U+8BFB "读" */
    0x81, 0x9, 0xf8, 0x4, 0xf, 0xfc, 0x42, 0xa5,
    0x12, 0x22, 0xff, 0x41, 0xc, 0xc9, 0x60, 0x80,

    /* U+8BFD "诽" */
    0x84, 0x88, 0x90, 0x73, 0x82, 0x4c, 0x48, 0xb9,
    0xd1, 0x22, 0x24, 0x5c, 0xec, 0x91, 0x12, 0x0,

    /* U+8BFE "课" */
    0x4f, 0xe5, 0x24, 0x3f, 0x84, 0x9c, 0xfe, 0x82,
    0x13, 0xfa, 0x1c, 0x45, 0x4d, 0x25, 0x4, 0x0,

    /* U+8C01 "谁" */
    0x85, 0x8, 0x90, 0x3f, 0x8c, 0x4c, 0xfe, 0x91,
    0x12, 0x22, 0x7f, 0x58, 0x8d, 0x11, 0x3f, 0x80,

    /* U+8C03 "调" */
    0x8f, 0xe9, 0x24, 0x2e, 0x84, 0x9c, 0xba, 0x90,
    0x52, 0xea, 0x55, 0x5b, 0xad, 0x5, 0x41, 0x80,

    /* U+8C05 "谅" */
    0x81, 0xb, 0xfc, 0x0, 0x7, 0xec, 0x84, 0x90,
    0x93, 0xf2, 0x8, 0x69, 0x4a, 0x25, 0xc, 0x0,

    /* U+8C06 "谆" */
    0x81, 0xb, 0xfc, 0x21, 0x7, 0xec, 0x0, 0x9f,
    0x90, 0x22, 0x8, 0x5f, 0xec, 0x21, 0xc, 0x0,

    /* U+8C08 "谈" */
    0x41, 0x4, 0xa4, 0x25, 0x0, 0x8c, 0x28, 0x98,
    0xd0, 0x42, 0x29, 0x49, 0x4c, 0x51, 0x31, 0x80,

    /* U+8C0A "谊" */
    0x81, 0xb, 0xfc, 0x40, 0x87, 0xec, 0x84, 0x9f,
    0x92, 0x12, 0x7e, 0x48, 0x4d, 0x9, 0x7f, 0x80,

    /* U+8C0B "谋" */
    0x44, 0x45, 0xfc, 0x11, 0x3, 0xec, 0x44, 0x8f,
    0x90, 0x42, 0x7f, 0x43, 0x8c, 0xa9, 0x24, 0x80,

    /* U+8C0D "谍" */
    0x45, 0x45, 0xfc, 0x15, 0x2, 0xec, 0x40, 0x8f,
    0xd0, 0x42, 0x7f, 0x43, 0x8c, 0xa9, 0x24, 0x80,

    /* U+8C0E "谎" */
    0x84, 0x8b, 0xfc, 0x12, 0x1, 0xd, 0xfe, 0x90,
    0x13, 0xf2, 0x0, 0x4a, 0x8d, 0x55, 0x4b, 0x80,

    /* U+8C10 "谐" */
    0x88, 0x89, 0xd4, 0x23, 0x5, 0x5c, 0xce, 0x82,
    0x13, 0xfa, 0x41, 0x5f, 0xed, 0x5, 0x3f, 0x80,

    /* U+8C13 "谓" */
    0x9f, 0xea, 0x24, 0x7f, 0x88, 0x9d, 0xfe, 0x90,
    0x93, 0xf2, 0x42, 0x4f, 0xcd, 0x9, 0x23, 0x0,

    /* U+8C17 "谗" */
    0x87, 0x89, 0x10, 0x7f, 0x84, 0x9c, 0xfe, 0x85,
    0x17, 0x3a, 0x18, 0x4c, 0xcc, 0x61, 0x3, 0x0,

    /* U+8C1A "谚" */
    0x81, 0x9, 0xfc, 0x11, 0x1, 0x4c, 0xfe, 0x91,
    0x12, 0xca, 0x46, 0x4b, 0x2d, 0x19, 0x5c, 0x0,

    /* U+8C1C "谜" */
    0x90, 0x89, 0x54, 0x7, 0x0, 0x4d, 0xbe, 0x91,
    0x12, 0x72, 0x55, 0x68, 0x8a, 0x81, 0x4f, 0x80,

    /* U+8C22 "谢" */
    0x84, 0x49, 0xc8, 0x2f, 0x87, 0x2c, 0xa4, 0x9e,
    0x92, 0xb2, 0xf2, 0x46, 0x4d, 0x49, 0x5b, 0x0,

    /* U+8C23 "谣" */
    0x40, 0x65, 0xf0, 0x24, 0xe2, 0xa4, 0x80, 0x9f,
    0xd0, 0x42, 0x7f, 0x41, 0xd, 0x25, 0x3f, 0x80,

    /* U+8C24 "谤" */
    0x81, 0x9, 0xfc, 0x11, 0x7, 0xfc, 0x82, 0x82,
    0x13, 0xfa, 0x10, 0x53, 0xec, 0x85, 0x63, 0x0,

    /* U+8C26 "谦" */
    0x88, 0x8b, 0xfc, 0x14, 0xf, 0xec, 0x54, 0xbf,
    0xd1, 0x52, 0xfe, 0x45, 0xd, 0xb1, 0x55, 0x80,

    /* U+8C28 "谨" */
    0x84, 0x49, 0xfc, 0x11, 0x7, 0xfc, 0x92, 0x92,
    0x53, 0xfa, 0x8, 0x4f, 0xec, 0x21, 0x3f, 0x80,

    /* U+8C29 "谩" */
    0x47, 0xc4, 0x88, 0x1f, 0x2, 0x2c, 0xfe, 0x95,
    0x53, 0xfa, 0x22, 0x42, 0x8c, 0x21, 0x3b, 0x80,

    /* U+8C2C "谬" */
    0x4e, 0xe4, 0x44, 0x2a, 0x83, 0x3c, 0xaa, 0x87,
    0x11, 0x12, 0xcd, 0x46, 0xc, 0x19, 0x3c, 0x0,

    /* U+8C2D "谭" */
    0x4f, 0xe4, 0x50, 0x3f, 0x85, 0x5e, 0xfe, 0x48,
    0x89, 0xf1, 0x22, 0x2f, 0xe6, 0x20, 0x84, 0x0,

    /* U+8C30 "谰" */
    0x93, 0xe9, 0x4, 0x4, 0x8b, 0xfd, 0x12, 0xaf,
    0xd5, 0x5a, 0xab, 0x57, 0xee, 0x75, 0x55, 0x80,

    /* U+8C31 "谱" */
    0x88, 0x4b, 0xfc, 0x12, 0x6, 0x6d, 0xfe, 0x80,
    0x13, 0xf2, 0x42, 0x5f, 0xcd, 0x9, 0x3f, 0x0,

    /* U+8C34 "谴" */
    0x90, 0x89, 0x7c, 0xa, 0x83, 0xfd, 0x80, 0x97,
    0x92, 0x92, 0x5f, 0x4a, 0x2d, 0x45, 0x5f, 0x80,

    /* U+8C37 "谷" */
    0x11, 0x4, 0x13, 0x11, 0x85, 0x3, 0x19, 0x80,
    0xcf, 0xe1, 0x4, 0x20, 0x84, 0x10, 0xfe, 0x0,

    /* U+8C41 "豁" */
    0x21, 0x5f, 0x46, 0xa2, 0x38, 0xa2, 0x23, 0xf8,
    0x8, 0xff, 0xd1, 0x8a, 0x31, 0x47, 0xef, 0x80,

    /* U+8C46 "豆" */
    0xff, 0xe0, 0x1, 0xff, 0x20, 0x24, 0x4, 0xff,
    0x80, 0x1, 0x4, 0x10, 0x82, 0x23, 0xff, 0x80,

    /* U+8C4C "豌" */
    0xf1, 0x1, 0xff, 0xa0, 0xd2, 0xa, 0x6f, 0xd5,
    0x42, 0xad, 0x37, 0xa2, 0x96, 0x97, 0x23, 0x80,

    /* U+8C61 "象" */
    0x3f, 0x8, 0x23, 0xff, 0x22, 0x27, 0xfc, 0x38,
    0x79, 0x90, 0xcc, 0xe7, 0x43, 0x27, 0x98, 0x0,

    /* U+8C62 "豢" */
    0x24, 0x44, 0x93, 0xff, 0x88, 0x8f, 0xfe, 0x88,
    0xa6, 0xab, 0x38, 0x1a, 0x9c, 0x4c, 0x30, 0x0,

    /* U+8C6A "豪" */
    0x4, 0x1f, 0xfc, 0x82, 0x1f, 0xc0, 0x1, 0xff,
    0xe3, 0x9, 0xb6, 0xcb, 0x6, 0x53, 0x31, 0x80,

    /* U+8C6B "豫" */
    0xf3, 0x82, 0x92, 0xbf, 0xa2, 0x9f, 0x7e, 0xa6,
    0x1b, 0x6a, 0x16, 0x4d, 0xa8, 0x57, 0x36, 0x0,

    /* U+8C79 "豹" */
    0x14, 0x1c, 0x81, 0x5f, 0x94, 0x1d, 0x2, 0x64,
    0x54, 0x4d, 0x89, 0x50, 0x32, 0x5, 0x83, 0x0,

    /* U+8C7A "豺" */
    0x10, 0x5c, 0x9, 0x5f, 0x90, 0x2d, 0xc, 0x61,
    0x94, 0x55, 0x92, 0x54, 0x52, 0x9, 0x87, 0x0,

    /* U+8C89 "貉" */
    0x24, 0x18, 0xf9, 0xa1, 0x6a, 0x44, 0x31, 0x49,
    0xe, 0x1b, 0x7e, 0xa8, 0x45, 0xb, 0x3f, 0x0,

    /* U+8C8C "貌" */
    0x11, 0x1c, 0xf9, 0x51, 0x13, 0xed, 0x44, 0x68,
    0x95, 0xf5, 0x94, 0x52, 0xb2, 0x95, 0xa3, 0x80,

    /* U+8D1D "贝" */
    0x7f, 0xc8, 0x9, 0x11, 0x22, 0x24, 0x44, 0x88,
    0x91, 0x12, 0x22, 0xa, 0x6, 0x33, 0x1, 0x80,

    /* U+8D1E "贞" */
    0x4, 0x0, 0xfc, 0x10, 0x3f, 0xe4, 0x4, 0x88,
    0x91, 0x12, 0x22, 0xa, 0x6, 0x33, 0x1, 0x80,

    /* U+8D1F "负" */
    0x20, 0x7, 0xe1, 0x4, 0x7f, 0xe4, 0x4, 0x88,
    0x91, 0x12, 0x22, 0xa, 0x6, 0x33, 0x1, 0x80,

    /* U+8D21 "贡" */
    0x7f, 0xc0, 0x83, 0xff, 0x80, 0x7, 0xfc, 0x80,
    0x91, 0x12, 0x22, 0xa, 0x6, 0x33, 0x1, 0x80,

    /* U+8D22 "财" */
    0xf8, 0x51, 0xa, 0xbf, 0xd4, 0x2a, 0x8d, 0x51,
    0xaa, 0x55, 0x52, 0x24, 0x4a, 0xa, 0x27, 0x0,

    /* U+8D23 "责" */
    0x4, 0x1f, 0xfc, 0x10, 0x3f, 0xe0, 0x41, 0xff,
    0xd0, 0x12, 0x22, 0x44, 0x43, 0x63, 0x83, 0x80,

    /* U+8D24 "贤" */
    0x17, 0xf2, 0x86, 0x49, 0x48, 0xc1, 0x66, 0xff,
    0x90, 0x12, 0x22, 0x44, 0x43, 0x63, 0x83, 0x80,

    /* U+8D25 "败" */
    0xfa, 0x11, 0x42, 0xaf, 0xd6, 0x2a, 0xa5, 0x54,
    0xaa, 0xa5, 0x54, 0x21, 0xa, 0x52, 0x31, 0x80,

    /* U+8D26 "账" */
    0xfa, 0x51, 0x4a, 0xaa, 0x55, 0x8a, 0xa1, 0x5f,
    0xea, 0xa5, 0x54, 0x22, 0x4a, 0x4a, 0x2c, 0x80,

    /* U+8D27 "货" */
    0x12, 0x24, 0x5b, 0xbc, 0x11, 0x12, 0x1e, 0xff,
    0x90, 0x12, 0x22, 0x44, 0x43, 0x63, 0x83, 0x80,

    /* U+8D28 "质" */
    0x1, 0xcf, 0xc1, 0x8, 0x3f, 0xf4, 0x20, 0xbf,
    0x94, 0x12, 0x92, 0x52, 0x48, 0xa2, 0x63, 0x0,

    /* U+8D29 "贩" */
    0xf8, 0x71, 0x72, 0xa8, 0x55, 0xa, 0xbf, 0x54,
    0x6a, 0x8d, 0x5a, 0x22, 0x8a, 0xaa, 0x28, 0x80,

    /* U+8D2A "贪" */
    0xe, 0x6, 0x33, 0x11, 0x9f, 0xc0, 0x10, 0xff,
    0x90, 0x12, 0x22, 0x44, 0x43, 0x63, 0x83, 0x80,

    /* U+8D2B "贫" */
    0x11, 0x4, 0x13, 0x1, 0x9f, 0xc1, 0x8, 0x43,
    0x1f, 0xf2, 0x22, 0x44, 0x43, 0x63, 0x83, 0x80,

    /* U+8D2C "贬" */
    0xf8, 0x71, 0xf2, 0xa4, 0x54, 0x4a, 0xff, 0x50,
    0x6a, 0x15, 0x42, 0x20, 0x8a, 0x62, 0x33, 0x80,

    /* U+8D2D "购" */
    0xfa, 0x11, 0x7e, 0xb0, 0xd4, 0x9a, 0x93, 0x52,
    0x6a, 0xad, 0x55, 0x27, 0x6a, 0x6, 0x23, 0x0,

    /* U+8D2E "贮" */
    0xf9, 0x11, 0x12, 0xaf, 0xd5, 0x1a, 0xa3, 0x50,
    0x2a, 0x5, 0x40, 0x20, 0xa, 0x2, 0x2f, 0x80,

    /* U+8D2F "贯" */
    0x3f, 0x84, 0x93, 0xff, 0x92, 0x43, 0xf8, 0x0,
    0x1f, 0xf2, 0x22, 0x44, 0x43, 0x63, 0x83, 0x80,

    /* U+8D30 "贰" */
    0x1, 0x5f, 0xfc, 0x4, 0x3e, 0x80, 0x11, 0xfe,
    0x11, 0x42, 0xa4, 0x54, 0xa5, 0xf, 0x18, 0x80,

    /* U+8D31 "贱" */
    0xf9, 0x51, 0x26, 0xa7, 0xd7, 0x8a, 0x91, 0x53,
    0xeb, 0xc5, 0x49, 0x20, 0xca, 0x36, 0x39, 0x80,

    /* U+8D34 "贴" */
    0xf8, 0x91, 0x12, 0xa3, 0xd4, 0x4a, 0x89, 0x51,
    0x2a, 0xfd, 0x51, 0x22, 0x2a, 0x46, 0x2f, 0x80,

    /* U+8D35 "贵" */
    0x4, 0xf, 0xf9, 0x11, 0x3f, 0xe0, 0x41, 0xff,
    0xd0, 0x12, 0x22, 0x44, 0x43, 0x63, 0x83, 0x80,

    /* U+8D37 "贷" */
    0x12, 0x44, 0x7f, 0xb8, 0x10, 0x92, 0xe, 0xff,
    0x90, 0x12, 0x22, 0x44, 0x43, 0x63, 0x83, 0x80,

    /* U+8D38 "贸" */
    0xf7, 0xf0, 0x26, 0x28, 0xfe, 0x60, 0x0, 0x7f,
    0x8, 0x21, 0x24, 0x24, 0x83, 0x63, 0x83, 0x80,

    /* U+8D39 "费" */
    0x12, 0x1f, 0xf8, 0x49, 0x7f, 0xf9, 0x23, 0xff,
    0xd0, 0x12, 0x22, 0x44, 0x43, 0x63, 0x83, 0x80,

    /* U+8D3A "贺" */
    0x20, 0x1f, 0x7c, 0xa8, 0xa5, 0x19, 0xbe, 0x0,
    0x1f, 0xf2, 0x22, 0x44, 0x43, 0x63, 0x83, 0x80,

    /* U+8D3C "贼" */
    0xf8, 0xb1, 0x16, 0xbf, 0xd4, 0x4a, 0xab, 0x55,
    0x6b, 0xed, 0x52, 0x22, 0x4a, 0x96, 0x24, 0x80,

    /* U+8D3E "贾" */
    0xff, 0xe2, 0x23, 0xff, 0xc8, 0x9f, 0xfe, 0x0,
    0x1f, 0xf2, 0x22, 0x44, 0x43, 0x63, 0x83, 0x80,

    /* U+8D3F "贿" */
    0xf9, 0x11, 0xfe, 0xa4, 0x55, 0xa, 0xbf, 0x5c,
    0x6a, 0xfd, 0x51, 0x23, 0xea, 0x46, 0x29, 0x80,

    /* U+8D41 "赁" */
    0x2f, 0xc8, 0x23, 0x7f, 0xa0, 0x84, 0xfc, 0x0,
    0x1f, 0xf2, 0x22, 0x44, 0x43, 0x63, 0x83, 0x80,

    /* U+8D42 "赂" */
    0xf9, 0x11, 0x3e, 0xa8, 0xd6, 0xaa, 0x89, 0x52,
    0xab, 0x8d, 0x5f, 0x22, 0x2a, 0x46, 0x2f, 0x80,

    /* U+8D43 "赃" */
    0xf8, 0x91, 0x7e, 0xa8, 0x55, 0x2a, 0xa5, 0x57,
    0xea, 0x95, 0x52, 0x22, 0x4a, 0x4a, 0x37, 0x80,

    /* U+8D44 "资" */
    0x44, 0x4, 0xfc, 0x24, 0x91, 0x4c, 0xc6, 0x0,
    0x1f, 0xf2, 0x22, 0x44, 0x43, 0x63, 0x83, 0x80,

    /* U+8D4A "赊" */
    0xf9, 0x91, 0x4a, 0xb0, 0xd5, 0xea, 0x81, 0x50,
    0x2b, 0xfd, 0x44, 0x22, 0xca, 0x96, 0x26, 0x0,

    /* U+8D4B "赋" */
    0xf7, 0x72, 0xa, 0xff, 0xd8, 0x2b, 0x15, 0x6a,
    0xad, 0x75, 0xaa, 0x25, 0x4a, 0xb6, 0x38, 0x80,

    /* U+8D4C "赌" */
    0xf9, 0x11, 0xf6, 0xa5, 0x54, 0xca, 0xff, 0x52,
    0x2a, 0xfd, 0x51, 0x27, 0xea, 0x46, 0x2f, 0x80,

    /* U+8D4E "赎" */
    0xf9, 0x11, 0xfa, 0xa4, 0x57, 0xfa, 0xa3, 0x5b,
    0x2a, 0xa5, 0x7f, 0x21, 0xa, 0x4a, 0x30, 0x80,

    /* U+8D4F "赏" */
    0x24, 0x9f, 0xfe, 0x0, 0xdf, 0xd2, 0x8, 0xff,
    0x90, 0x12, 0x22, 0x44, 0x43, 0x63, 0x83, 0x80,

    /* U+8D50 "赐" */
    0xfb, 0xf1, 0x46, 0xaf, 0xd5, 0x1a, 0xbf, 0x52,
    0x2a, 0x7d, 0x55, 0x24, 0xaa, 0x26, 0x29, 0x80,

    /* U+8D54 "赔" */
    0xf8, 0x91, 0x7e, 0xa0, 0x55, 0x1a, 0x95, 0x5f,
    0xea, 0x5, 0x5f, 0x22, 0x2a, 0x46, 0x2f, 0x80,

    /* U+8D56 "赖" */
    0x21, 0x1f, 0xb8, 0x89, 0x7f, 0xfa, 0xa3, 0x55,
    0x7e, 0xa9, 0x15, 0x70, 0x95, 0xa8, 0x88, 0x80,

    /* U+8D58 "赘" */
    0x22, 0x1f, 0x7c, 0x91, 0x7e, 0xa4, 0x89, 0x7f,
    0xc8, 0x21, 0x24, 0x24, 0x83, 0x63, 0x83, 0x80,

    /* U+8D5A "赚" */
    0xfa, 0x55, 0xfe, 0xaa, 0x57, 0xfa, 0xab, 0x5f,
    0xea, 0xad, 0x7f, 0x22, 0x8a, 0xda, 0x2a, 0x80,

    /* U+8D5B "赛" */
    0x4, 0x1f, 0xfe, 0x44, 0xbf, 0xe1, 0x11, 0xff,
    0xc8, 0x23, 0xfe, 0xa4, 0xa1, 0x41, 0xc7, 0x0,

    /* U+8D5E "赞" */
    0xa2, 0x9f, 0x7c, 0x92, 0x7d, 0xf5, 0x15, 0x34,
    0xdf, 0xf2, 0x22, 0x44, 0x43, 0x63, 0x83, 0x80,

    /* U+8D60 "赠" */
    0xfa, 0x51, 0xfe, 0xa4, 0xd6, 0xba, 0xff, 0x50,
    0x2a, 0xf5, 0x52, 0x23, 0xca, 0x4a, 0x2f, 0x0,

    /* U+8D61 "赡" */
    0xe7, 0xd5, 0x12, 0xff, 0xd4, 0xaa, 0xe3, 0x51,
    0x2b, 0xfd, 0x40, 0xf, 0xea, 0x86, 0x5f, 0x80,

    /* U+8D62 "赢" */
    0x4, 0x1f, 0xfd, 0x0, 0x3f, 0xe2, 0x9, 0xff,
    0xea, 0xaf, 0x55, 0xaa, 0xfc, 0x96, 0xaa, 0x80,

    /* U+8D63 "赣" */
    0x21, 0x1f, 0x79, 0x59, 0x7c, 0xc8, 0xe7, 0xf7,
    0xa2, 0x27, 0xdf, 0x22, 0x3f, 0x10, 0x9d, 0x80,

    /* U+8D64 "赤" */
    0x4, 0xf, 0xf8, 0x10, 0x2, 0xf, 0xfe, 0x22,
    0x14, 0x52, 0x89, 0x91, 0x24, 0x21, 0xc, 0x0,

    /* U+8D66 "赦" */
    0x11, 0xf, 0xa0, 0x47, 0x89, 0x2f, 0xd4, 0x52,
    0x9b, 0x55, 0x5a, 0x28, 0x89, 0x2a, 0x68, 0x80,

    /* U+8D6B "赫" */
    0x20, 0x9f, 0x7c, 0x82, 0x10, 0x4f, 0xbe, 0xa2,
    0x94, 0x56, 0xdb, 0x55, 0x4a, 0x2a, 0xcb, 0x0,

    /* U+8D70 "走" */
    0x4, 0xf, 0xf8, 0x10, 0x2, 0xf, 0xfe, 0x8,
    0x9, 0x1, 0x3e, 0x24, 0xb, 0x82, 0xf, 0x80,

    /* U+8D74 "赴" */
    0x11, 0xf, 0xa0, 0x44, 0x8, 0xcf, 0xd4, 0x22,
    0x54, 0x42, 0xe8, 0x51, 0x16, 0x2, 0x3f, 0x80,

    /* U+8D75 "赵" */
    0x10, 0xf, 0x84, 0x48, 0x88, 0xaf, 0xd4, 0x21,
    0x14, 0x52, 0xe9, 0x52, 0x36, 0x2, 0x3f, 0x80,

    /* U+8D76 "赶" */
    0x13, 0xef, 0x90, 0x42, 0x8, 0x4f, 0xbe, 0x21,
    0x14, 0x22, 0xe4, 0x50, 0x96, 0x2, 0x3f, 0x80,

    /* U+8D77 "起" */
    0x13, 0xcf, 0x8, 0x41, 0x8, 0x2f, 0xbc, 0x24,
    0x14, 0x8a, 0xd1, 0x51, 0xf6, 0x2, 0x3f, 0x80,

    /* U+8D81 "趁" */
    0x21, 0x8e, 0x48, 0xb2, 0x90, 0x8f, 0x64, 0x43,
    0x29, 0x8d, 0x86, 0xa7, 0x1c, 0x2, 0x7f, 0x80,

    /* U+8D85 "超" */
    0x13, 0xef, 0xa4, 0x44, 0x89, 0x3f, 0xc0, 0x27,
    0xd4, 0x8a, 0xf1, 0x53, 0xf6, 0x2, 0x3f, 0x80,

    /* U+8D8A "越" */
    0x10, 0xaf, 0x7c, 0x4a, 0x9, 0x5f, 0xaa, 0x24,
    0x94, 0xb2, 0xdb, 0x52, 0xb6, 0x2, 0x3f, 0x80,

    /* U+8D8B "趋" */
    0x11, 0xf, 0x3c, 0x48, 0x88, 0x2f, 0xbe, 0x20,
    0x54, 0xfa, 0xc1, 0x53, 0xf6, 0x2, 0x3f, 0x80,

    /* U+8D9F "趟" */
    0x14, 0xaf, 0x58, 0x42, 0x9, 0xff, 0xa2, 0x27,
    0x54, 0xaa, 0xdd, 0x52, 0x76, 0x2, 0x3f, 0x80,

    /* U+8DA3 "趣" */
    0x2f, 0x8e, 0xa0, 0x9f, 0x92, 0x9f, 0x7a, 0x4a,
    0xad, 0xd5, 0x6d, 0xa1, 0x3c, 0x2, 0x7f, 0x80,

    /* U+8DB3 "足" */
    0x7f, 0xc8, 0x9, 0x1, 0x20, 0x27, 0xfc, 0x8,
    0x9, 0x1, 0x3e, 0x24, 0xb, 0x82, 0xf, 0x80,

    /* U+8DB4 "趴" */
    0xf4, 0x92, 0x92, 0x52, 0x7a, 0x42, 0x48, 0x49,
    0x2d, 0x25, 0x42, 0xa8, 0x55, 0xb, 0x40, 0x80,

    /* U+8DBE "趾" */
    0xf1, 0x12, 0x22, 0x44, 0x7a, 0x82, 0x5e, 0x4a,
    0x2d, 0x45, 0x28, 0xa5, 0x16, 0xa3, 0x3f, 0x80,

    /* U+8DC3 "跃" */
    0xf0, 0xd2, 0xe2, 0x44, 0x78, 0x82, 0x10, 0x5f,
    0xec, 0x45, 0x14, 0xa2, 0x96, 0x8b, 0x20, 0x80,

    /* U+8DCB "跋" */
    0xf2, 0x92, 0x4a, 0x7f, 0xf9, 0x2, 0x20, 0x47,
    0xac, 0x95, 0x12, 0xa5, 0x56, 0x93, 0x2d, 0x80,

    /* U+8DCC "跌" */
    0xf5, 0x12, 0xa2, 0x5f, 0x7c, 0x82, 0x10, 0x42,
    0x2b, 0xfd, 0x88, 0xa2, 0x96, 0x8b, 0x20, 0x80,

    /* U+8DD1 "跑" */
    0xf4, 0x12, 0xfe, 0x60, 0xfb, 0xd2, 0x4a, 0x49,
    0x6d, 0xed, 0x23, 0xa4, 0x16, 0x87, 0xf, 0x80,

    /* U+8DDD "距" */
    0xf7, 0xf2, 0x82, 0x50, 0x7b, 0xf2, 0x42, 0x48,
    0x6d, 0xd, 0x3f, 0xa4, 0x16, 0x83, 0x1f, 0x80,

    /* U+8DDF "跟" */
    0xf7, 0xf2, 0x86, 0x5f, 0xfa, 0x12, 0x42, 0x4f,
    0xed, 0x25, 0x25, 0xa4, 0x56, 0xab, 0x18, 0x80,

    /* U+8DE8 "跨" */
    0xf1, 0x13, 0xfe, 0x4a, 0x7a, 0x22, 0xba, 0x40,
    0x2d, 0xfd, 0x10, 0xa3, 0xd6, 0xb, 0x6, 0x0,

    /* U+8DEA "跪" */
    0xf2, 0x12, 0x7a, 0x51, 0x7b, 0xf2, 0xc0, 0x4b,
    0xed, 0x4d, 0x2b, 0xa5, 0x16, 0xa7, 0x23, 0x80,

    /* U+8DEF "路" */
    0xf2, 0x12, 0x7a, 0x51, 0x7d, 0x42, 0x10, 0x45,
    0x2f, 0x1d, 0x3e, 0xa4, 0x56, 0x8b, 0x1f, 0x0,

    /* U+8DF3 "跳" */
    0xf2, 0x92, 0x52, 0x6a, 0xfb, 0x62, 0x28, 0x45,
    0x2d, 0xb5, 0x55, 0xa2, 0x96, 0x97, 0x23, 0x80,

    /* U+8DF5 "践" */
    0xf1, 0x52, 0x26, 0x47, 0xfb, 0x82, 0x10, 0x43,
    0xed, 0xc5, 0x9, 0xa0, 0xd6, 0x37, 0x39, 0x80,

    /* U+8DFA "跺" */
    0xf7, 0x92, 0x92, 0x52, 0x7a, 0x42, 0x8e, 0x42,
    0x2c, 0x45, 0x7f, 0xa3, 0x96, 0xab, 0x24, 0x80,

    /* U+8E0A "踊" */
    0xf7, 0xd2, 0x52, 0x44, 0x7b, 0xf2, 0x52, 0x4f,
    0xed, 0x4d, 0x3f, 0xa5, 0x36, 0xa7, 0x15, 0x80,

    /* U+8E0C "踌" */
    0xf0, 0x92, 0xfe, 0x42, 0x7b, 0xf2, 0x10, 0x5f,
    0xec, 0x95, 0x3f, 0xaa, 0x56, 0x2b, 0x3, 0x0,

    /* U+8E0F "踏" */
    0xf0, 0x93, 0xd6, 0x4b, 0x7a, 0x52, 0x98, 0x40,
    0x2d, 0xfd, 0x21, 0xa7, 0xf6, 0x87, 0x1f, 0x80,

    /* U+8E1E "踞" */
    0xf7, 0xf2, 0x86, 0x50, 0xfb, 0xf2, 0x48, 0x4f,
    0xed, 0x25, 0x3f, 0xa6, 0x37, 0x47, 0x2f, 0x80,

    /* U+8E22 "踢" */
    0xf7, 0xf2, 0x86, 0x5f, 0xfa, 0x12, 0x7e, 0x44,
    0x2d, 0xfd, 0x55, 0xa4, 0xb7, 0x27, 0x9, 0x80,

    /* U+8E29 "踩" */
    0xf0, 0x73, 0xf2, 0x48, 0xfc, 0x92, 0x44, 0x42,
    0x2b, 0xfd, 0x9c, 0xa5, 0x57, 0x27, 0x4, 0x0,

    /* U+8E2A "踪" */
    0xf1, 0x13, 0xfe, 0x60, 0xf8, 0x2, 0x7c, 0x40,
    0x2b, 0xfd, 0x88, 0xa5, 0x57, 0x27, 0xc, 0x0,

    /* U+8E44 "蹄" */
    0xf1, 0x13, 0xfe, 0x51, 0x79, 0x42, 0xfe, 0x52,
    0x6d, 0xf5, 0x2a, 0xa5, 0x56, 0xbb, 0x4, 0x0,

    /* U+8E48 "蹈" */
    0xf0, 0x73, 0xf2, 0x48, 0xfc, 0xa2, 0x20, 0x59,
    0xee, 0xd, 0x77, 0xa8, 0x37, 0x7, 0x3f, 0x80,

    /* U+8E4B "蹋" */
    0xf7, 0xd2, 0x8a, 0x5f, 0x7a, 0x22, 0x7c, 0x60,
    0x2b, 0xbd, 0x55, 0xa6, 0x77, 0x57, 0x19, 0x80,

    /* U+8E66 "蹦" */
    0xe1, 0x15, 0x26, 0xbf, 0xf0, 0x2, 0xee, 0x55,
    0x6f, 0xbd, 0x55, 0xae, 0xf7, 0x57, 0x2d, 0x80,

    /* U+8E6C "蹬" */
    0xf6, 0xb2, 0x5a, 0x6a, 0xfa, 0x22, 0x7c, 0x50,
    0x6d, 0xf5, 0x22, 0xa7, 0xd6, 0x53, 0x3f, 0x80,

    /* U+8E6D "蹭" */
    0xf4, 0x53, 0xfe, 0x64, 0xfe, 0xb2, 0xfe, 0x40,
    0x2d, 0xf5, 0x22, 0xa7, 0xd6, 0x8b, 0x1f, 0x0,

    /* U+8E72 "蹲" */
    0xf4, 0x53, 0xfe, 0x4a, 0x7f, 0xf2, 0xaa, 0x55,
    0x6f, 0x7d, 0x41, 0xaf, 0xf6, 0x8b, 0xb, 0x0,

    /* U+8E7F "蹿" */
    0xf1, 0x13, 0xfe, 0x6a, 0xfa, 0x22, 0x92, 0x4f,
    0xad, 0x55, 0x7f, 0xa9, 0x37, 0xff, 0x4, 0x0,

    /* U+8E81 "躁" */
    0xf7, 0xd2, 0x8a, 0x5f, 0x7f, 0x72, 0xaa, 0x5d,
    0xec, 0x45, 0x7f, 0xa3, 0x96, 0xab, 0x24, 0x80,

    /* U+8E87 "躇" */
    0xf4, 0x93, 0xfe, 0x52, 0x79, 0x2, 0xfa, 0x44,
    0xaf, 0xfd, 0x22, 0xaf, 0xd6, 0x8b, 0x1f, 0x0,

    /* U+8EAB "身" */
    0x8, 0x7, 0xf0, 0x82, 0x1f, 0xc2, 0x8, 0x7f,
    0x48, 0x37, 0xfc, 0x4, 0x83, 0x13, 0x8e, 0x0,

    /* U+8EAC "躬" */
    0x23, 0xef, 0x5, 0x20, 0xbd, 0xf4, 0xa0, 0xf4,
    0x12, 0xff, 0xc1, 0x28, 0x29, 0x6, 0x67, 0x0,

    /* U+8EAF "躯" */
    0x27, 0xee, 0x81, 0x59, 0x3a, 0xa5, 0x54, 0xe9,
    0x15, 0x27, 0xaa, 0x36, 0x4a, 0x82, 0xdf, 0x80,

    /* U+8EB2 "躲" */
    0x27, 0x8e, 0x91, 0x52, 0x3a, 0x45, 0x8e, 0xe2,
    0x14, 0x47, 0xff, 0x33, 0x8a, 0xaa, 0xe4, 0x80,

    /* U+8EBA "躺" */
    0x29, 0x2e, 0xa9, 0x44, 0x3b, 0xf5, 0x42, 0xef,
    0x55, 0xaf, 0xb5, 0x37, 0xaa, 0x86, 0xd1, 0x80,

    /* U+8F66 "车" */
    0x8, 0x1f, 0xfc, 0x40, 0x12, 0x4, 0x40, 0xff,
    0x81, 0x0, 0x20, 0xff, 0xe0, 0x80, 0x10, 0x0,

    /* U+8F67 "轧" */
    0x22, 0x1f, 0x41, 0x8, 0x51, 0xa, 0x21, 0xf4,
    0x8, 0x81, 0xd0, 0xe2, 0x24, 0x44, 0x87, 0x80,

    /* U+8F68 "轨" */
    0x22, 0x1e, 0x41, 0x8, 0x57, 0xca, 0x29, 0xe5,
    0x8, 0xa1, 0x94, 0xe4, 0xa4, 0x94, 0xa3, 0x80,

    /* U+8F69 "轩" */
    0x27, 0xde, 0x21, 0x4, 0x50, 0x8a, 0x11, 0xef,
    0xc8, 0x41, 0x88, 0xe1, 0x4, 0x20, 0x84, 0x0,

    /* U+8F6C "转" */
    0x21, 0x1e, 0xf9, 0x4, 0x50, 0x8a, 0xff, 0xe4,
    0x9, 0xf1, 0x82, 0xe2, 0x84, 0x20, 0x82, 0x0,

    /* U+8F6E "轮" */
    0x21, 0x1e, 0x51, 0x11, 0x54, 0x1a, 0x41, 0xe8,
    0x89, 0x21, 0xb8, 0xe4, 0x24, 0x84, 0x8f, 0x80,

    /* U+8F6F "软" */
    0x22, 0x1f, 0x41, 0xf, 0xd2, 0x1a, 0x55, 0xf2,
    0x8, 0x41, 0xd4, 0xe2, 0x84, 0x88, 0xa0, 0x80,

    /* U+8F70 "轰" */
    0x10, 0x1f, 0xfc, 0x90, 0x3f, 0xe0, 0x41, 0xff,
    0xc1, 0x7, 0xdf, 0x8a, 0x2e, 0x3a, 0x28, 0x80,

    /* U+8F74 "轴" */
    0x21, 0x1e, 0x21, 0x3f, 0xd4, 0x9a, 0x93, 0xf2,
    0x4b, 0xf9, 0xc9, 0xe9, 0x25, 0x24, 0xbf, 0x80,

    /* U+8F7B "轻" */
    0x27, 0xde, 0x9, 0x2, 0x50, 0x8a, 0x69, 0xf0,
    0xc9, 0xf1, 0x88, 0xe1, 0x4, 0x20, 0xbf, 0x80,

    /* U+8F7D "载" */
    0x11, 0x4f, 0xa4, 0x44, 0x7f, 0xf2, 0x11, 0xfa,
    0x54, 0x53, 0xe4, 0x10, 0xbf, 0xac, 0x48, 0x80,

    /* U+8F7F "轿" */
    0x20, 0xde, 0xe1, 0x4, 0x57, 0xfa, 0x29, 0xe8,
    0x8a, 0x99, 0x92, 0xe2, 0x44, 0x88, 0xa1, 0x0,

    /* U+8F83 "较" */
    0x21, 0x1e, 0xfd, 0x0, 0x52, 0x2a, 0x83, 0xe8,
    0x89, 0x11, 0x94, 0xe1, 0x4, 0x50, 0xb1, 0x80,

    /* U+8F85 "辅" */
    0x21, 0x5d, 0xfd, 0x4, 0x57, 0xfa, 0x93, 0xff,
    0xca, 0x49, 0xff, 0xe9, 0x25, 0x24, 0xa5, 0x80,

    /* U+8F86 "辆" */
    0x2f, 0xfe, 0x51, 0xa, 0x57, 0xfa, 0xab, 0xf5,
    0x4a, 0xa9, 0xeb, 0xe8, 0x25, 0x4, 0xa1, 0x80,

    /* U+8F88 "辈" */
    0xa, 0xf, 0x78, 0x28, 0x3d, 0xe0, 0xa1, 0xff,
    0xc9, 0x3, 0xfe, 0x4, 0x1f, 0xfc, 0x10, 0x0,

    /* U+8F89 "辉" */
    0x27, 0xf4, 0x86, 0xa4, 0x3b, 0xf2, 0x21, 0xf9,
    0x15, 0xfa, 0x84, 0x57, 0xeb, 0x12, 0x42, 0x0,

    /* U+8F8A "辊" */
    0x27, 0xfe, 0x85, 0x1f, 0xd2, 0x1a, 0x7f, 0xe0,
    0x9, 0x29, 0xb6, 0xe4, 0x84, 0xb4, 0x9b, 0x80,

    /* U+8F90 "辐" */
    0x2f, 0xfe, 0x1, 0x1f, 0x52, 0x2a, 0x7d, 0xe0,
    0xb, 0xf9, 0xc9, 0xef, 0xe5, 0x24, 0xbf, 0x80,

    /* U+8F91 "辑" */
    0x27, 0xde, 0x89, 0x1f, 0x50, 0xa, 0xff, 0xe8,
    0x89, 0xf1, 0xa2, 0xe5, 0xe5, 0xc8, 0x81, 0x0,

    /* U+8F93 "输" */
    0x21, 0x1e, 0x51, 0x11, 0x55, 0xda, 0x1, 0xfd,
    0x4a, 0xa9, 0xf5, 0xea, 0xa5, 0xc4, 0xa9, 0x80,

    /* U+8F95 "辕" */
    0x21, 0x1e, 0xf9, 0x4, 0x57, 0xfa, 0x45, 0xe8,
    0x89, 0xf1, 0x94, 0xec, 0xa4, 0xa8, 0x98, 0x80,

    /* U+8F96 "辖" */
    0x21, 0x1f, 0xfd, 0x24, 0xd3, 0xea, 0x11, 0xef,
    0x88, 0x41, 0xff, 0xe4, 0x44, 0x88, 0x9f, 0x0,

    /* U+8F97 "辗" */
    0x2f, 0xff, 0x5, 0x3f, 0xd4, 0xaa, 0xff, 0xf2,
    0x8b, 0xf9, 0xd4, 0xea, 0xa5, 0x48, 0xcc, 0x80,

    /* U+8F99 "辙" */
    0x44, 0x9f, 0xd1, 0x23, 0xc9, 0x5d, 0xd3, 0xd5,
    0x53, 0xab, 0x55, 0xce, 0x49, 0x55, 0x2c, 0x80,

    /* U+8F9B "辛" */
    0x8, 0x0, 0x81, 0xff, 0x10, 0x41, 0x11, 0xff,
    0xc1, 0x0, 0x20, 0x7f, 0xc0, 0x80, 0x10, 0x0,

    /* U+8F9C "辜" */
    0x4, 0x1f, 0xfc, 0x10, 0x1f, 0xc2, 0x8, 0xff,
    0x84, 0x47, 0xff, 0x4, 0xf, 0xf8, 0x10, 0x0,

    /* U+8F9E "辞" */
    0x19, 0x1c, 0x10, 0x8f, 0x90, 0xaf, 0x94, 0x4f,
    0xc8, 0x27, 0xc4, 0x8b, 0xf1, 0x13, 0xe2, 0x0,

    /* U+8F9F "辟" */
    0x79, 0x9, 0x11, 0x2f, 0xbc, 0xa4, 0x14, 0x8f,
    0xde, 0x23, 0x44, 0xab, 0xe5, 0x10, 0xe2, 0x0,

    /* U+8FA3 "辣" */
    0x40, 0x84, 0xff, 0xe2, 0x2b, 0xf5, 0x4b, 0xf9,
    0x49, 0xf9, 0xc, 0xfa, 0xc4, 0x97, 0x2, 0x0,

    /* U+8FA8 "辨" */
    0x22, 0x9f, 0x7d, 0x29, 0x25, 0x2f, 0xbe, 0x55,
    0x8, 0xa7, 0xdf, 0x22, 0x88, 0x91, 0x22, 0x0,

    /* U+8FA9 "辩" */
    0x49, 0x4, 0x93, 0xef, 0xa8, 0xa5, 0xd5, 0xef,
    0xc9, 0x21, 0x24, 0xf5, 0xe4, 0xd1, 0x12, 0x0,

    /* U+8FAB "辫" */
    0x24, 0x9f, 0x3d, 0x45, 0x2f, 0xaf, 0x5e, 0x51,
    0xa, 0x27, 0xff, 0x40, 0x88, 0xd1, 0x62, 0x0,

    /* U+8FB0 "辰" */
    0x7f, 0xe8, 0x1, 0x7f, 0x20, 0x7, 0xfe, 0xa2,
    0x14, 0x4a, 0x8a, 0x50, 0x8a, 0xca, 0x60, 0x80,

    /* U+8FB1 "辱" */
    0x7f, 0xe8, 0x1, 0xff, 0xa8, 0xa5, 0x49, 0x30,
    0xc0, 0x27, 0xff, 0x20, 0x82, 0x10, 0xe, 0x0,

    /* U+8FB9 "边" */
    0x82, 0x8, 0x40, 0x3f, 0x81, 0x1c, 0x22, 0x84,
    0x51, 0xa, 0x21, 0x48, 0xd4, 0x2, 0x7f, 0x80,

    /* U+8FBD "辽" */
    0x9f, 0xc8, 0x8, 0x2, 0x0, 0x8c, 0x10, 0x82,
    0x10, 0x42, 0x8, 0x47, 0x14, 0x2, 0x7f, 0x80,

    /* U+8FBE "达" */
    0x81, 0x8, 0x20, 0x4, 0xf, 0xfc, 0x10, 0x85,
    0x10, 0xa2, 0x22, 0x48, 0x34, 0x2, 0x7f, 0x80,

    /* U+8FC1 "迁" */
    0x80, 0xc9, 0xe0, 0x4, 0x0, 0x8d, 0xfe, 0x82,
    0x10, 0x42, 0x8, 0x41, 0x14, 0x2, 0x7f, 0x80,

    /* U+8FC2 "迂" */
    0x8f, 0xc8, 0x20, 0x4, 0x0, 0x8d, 0xfe, 0x82,
    0x10, 0x42, 0x8, 0x47, 0x14, 0x2, 0x7f, 0x80,

    /* U+8FC4 "迄" */
    0x88, 0x9, 0xfc, 0x40, 0x7, 0xec, 0x8, 0x86,
    0x11, 0x2, 0x41, 0x47, 0xf4, 0x2, 0x7f, 0x80,

    /* U+8FC5 "迅" */
    0x9f, 0x88, 0x10, 0x12, 0x2, 0x4d, 0xf8, 0x89,
    0x11, 0x2a, 0x25, 0x44, 0x54, 0x2, 0x7f, 0x80,

    /* U+8FC7 "过" */
    0x80, 0x88, 0x10, 0x7f, 0x80, 0x4c, 0x88, 0x89,
    0x11, 0x22, 0x4, 0x43, 0x94, 0x2, 0x7f, 0x80,

    /* U+8FC8 "迈" */
    0x9f, 0xe8, 0x80, 0x10, 0x3, 0xec, 0x44, 0x88,
    0x92, 0x12, 0x42, 0x51, 0x94, 0x2, 0x7f, 0x80,

    /* U+8FCE "迎" */
    0x84, 0xb, 0x3c, 0x44, 0x88, 0x9d, 0x12, 0xa2,
    0x55, 0x4a, 0xcb, 0x41, 0x14, 0x22, 0x7f, 0x80,

    /* U+8FD0 "运" */
    0x8f, 0xc8, 0x0, 0x0, 0xf, 0xfc, 0x40, 0x88,
    0x92, 0x12, 0x4d, 0x5e, 0x34, 0x2, 0x7f, 0x80,

    /* U+8FD1 "近" */
    0x80, 0xc9, 0xe0, 0x20, 0x4, 0xc, 0xfe, 0x91,
    0x12, 0x22, 0x44, 0x50, 0x94, 0x2, 0x7f, 0x80,

    /* U+8FD4 "返" */
    0x80, 0xe9, 0xe0, 0x20, 0x4, 0xc, 0xfe, 0x98,
    0x52, 0x92, 0x4c, 0x56, 0x74, 0x2, 0x7f, 0x80,

    /* U+8FD8 "还" */
    0x9f, 0xe8, 0x20, 0x8, 0x1, 0xc, 0x68, 0x94,
    0x94, 0x8a, 0x10, 0x42, 0x14, 0x2, 0x7f, 0x80,

    /* U+8FD9 "这" */
    0x82, 0x8, 0x20, 0x7f, 0x80, 0x2c, 0x44, 0x85,
    0x10, 0x42, 0x14, 0x4c, 0x74, 0x2, 0x7f, 0x80,

    /* U+8FDB "进" */
    0x84, 0x88, 0x90, 0x7f, 0x82, 0x4c, 0x48, 0xbf,
    0xd1, 0x22, 0x24, 0x48, 0x94, 0x2, 0x7f, 0x80,

    /* U+8FDC "远" */
    0x8f, 0xc8, 0x0, 0x0, 0xf, 0xfc, 0x48, 0x89,
    0x12, 0x22, 0x45, 0x50, 0xf4, 0x2, 0x7f, 0x80,

    /* U+8FDD "违" */
    0x82, 0xb, 0xfc, 0x8, 0x7, 0xec, 0x20, 0xbf,
    0xd0, 0x8a, 0x11, 0x42, 0xd4, 0x42, 0x7f, 0x80,

    /* U+8FDE "连" */
    0x82, 0xb, 0xfc, 0x10, 0x4, 0x8c, 0x90, 0x9f,
    0xd0, 0x42, 0xff, 0x41, 0x14, 0x22, 0x7f, 0x80,

    /* U+8FDF "迟" */
    0x8f, 0xc9, 0x8, 0x21, 0x7, 0xec, 0x80, 0x92,
    0x12, 0x22, 0x82, 0x50, 0x34, 0x2, 0x7f, 0x80,

    /* U+8FE2 "迢" */
    0x9f, 0xe8, 0x44, 0x10, 0x8c, 0x6c, 0x0, 0x9f,
    0x92, 0x12, 0x42, 0x4f, 0xd4, 0x2, 0x7f, 0x80,

    /* U+8FEA "迪" */
    0x81, 0x8, 0x20, 0x3f, 0x84, 0x9c, 0x92, 0x9f,
    0xd2, 0x4a, 0x49, 0x4f, 0xf4, 0x2, 0x7f, 0x80,

    /* U+8FEB "迫" */
    0x81, 0x8, 0x40, 0x3f, 0x4, 0x2c, 0x84, 0x9f,
    0x92, 0x12, 0x42, 0x4f, 0xd4, 0x2, 0x7f, 0x80,

    /* U+8FED "迭" */
    0x89, 0x9, 0x20, 0x3f, 0x8, 0x8c, 0x10, 0xbf,
    0xd0, 0xa2, 0x22, 0x58, 0x34, 0x2, 0x7f, 0x80,

    /* U+8FF0 "述" */
    0x81, 0x48, 0x24, 0x4, 0xf, 0xfc, 0x10, 0x87,
    0x11, 0x52, 0xc9, 0x41, 0x14, 0x2, 0x7f, 0x80,

    /* U+8FF7 "迷" */
    0x81, 0x9, 0x24, 0x15, 0x0, 0x8d, 0xfe, 0x87,
    0x11, 0x52, 0xc9, 0x41, 0x14, 0x2, 0x7f, 0x80,

    /* U+8FF8 "迸" */
    0x88, 0x48, 0x90, 0x7f, 0x82, 0x4c, 0x48, 0xbf,
    0xd1, 0x22, 0x24, 0x48, 0x94, 0x2, 0x7f, 0x80,

    /* U+8FF9 "迹" */
    0x82, 0x8, 0x20, 0x7f, 0x82, 0x4d, 0x4c, 0xa9,
    0x59, 0x2a, 0x24, 0x49, 0x94, 0x2, 0x7f, 0x80,

    /* U+8FFD "追" */
    0x82, 0x9, 0xf8, 0x21, 0x7, 0xec, 0x80, 0x9f,
    0x92, 0x12, 0x42, 0x4f, 0xd4, 0x2, 0x7f, 0x80,

    /* U+9000 "退" */
    0x8f, 0xc9, 0x8, 0x3f, 0x4, 0x2c, 0xfc, 0x94,
    0x52, 0x52, 0x54, 0x4c, 0x74, 0x2, 0x7f, 0x80,

    /* U+9001 "送" */
    0x84, 0x48, 0x50, 0x3f, 0x80, 0x8c, 0x10, 0x9f,
    0xd0, 0x42, 0x14, 0x4c, 0x74, 0x2, 0x7f, 0x80,

    /* U+9002 "适" */
    0x80, 0xc9, 0xe0, 0x4, 0xf, 0xfc, 0x10, 0x9f,
    0x92, 0x12, 0x42, 0x4f, 0xd4, 0x2, 0x7f, 0x80,

    /* U+9003 "逃" */
    0x85, 0xa, 0xa8, 0x36, 0x2, 0x8c, 0xd8, 0xaa,
    0x91, 0x42, 0x49, 0x51, 0xf4, 0x2, 0x7f, 0x80,

    /* U+9006 "逆" */
    0x84, 0x48, 0x50, 0x7f, 0x80, 0x8c, 0x92, 0x92,
    0x53, 0xfa, 0x8, 0x42, 0x14, 0x82, 0x7f, 0x80,

    /* U+9009 "选" */
    0x89, 0x9, 0xf8, 0x44, 0x0, 0x8d, 0xfe, 0x89,
    0x11, 0x22, 0x45, 0x50, 0xf4, 0x2, 0x7f, 0x80,

    /* U+900A "逊" */
    0x9c, 0x88, 0x90, 0x22, 0x5, 0x6c, 0xea, 0xb5,
    0x52, 0x22, 0x44, 0x59, 0x94, 0x2, 0x7f, 0x80,

    /* U+900F "透" */
    0x8f, 0xc8, 0x20, 0x7f, 0x82, 0xad, 0x92, 0x9f,
    0x90, 0x9a, 0x21, 0x58, 0xd4, 0x2, 0x7f, 0x80,

    /* U+9010 "逐" */
    0x9f, 0xe8, 0x40, 0x14, 0x8d, 0xac, 0x58, 0xb6,
    0x91, 0x4a, 0xc9, 0x46, 0x14, 0x2, 0x7f, 0x80,

    /* U+9012 "递" */
    0x84, 0x48, 0x50, 0x3f, 0x80, 0x9c, 0xfe, 0x92,
    0x13, 0xfa, 0x29, 0x49, 0x74, 0x2, 0x7f, 0x80,

    /* U+9014 "途" */
    0x83, 0x88, 0x88, 0x60, 0x83, 0xec, 0x10, 0x9f,
    0xd0, 0x42, 0x2a, 0x4b, 0x34, 0x2, 0x7f, 0x80,

    /* U+9017 "逗" */
    0x9f, 0xe8, 0x0, 0x3f, 0x4, 0x2c, 0xfc, 0x80,
    0x12, 0x12, 0x24, 0x5f, 0xf4, 0x2, 0x7f, 0x80,

    /* U+901A "通" */
    0x8f, 0xc8, 0x50, 0x4, 0x7, 0xfc, 0x92, 0x9f,
    0xd2, 0x4a, 0x7f, 0x49, 0x34, 0x2, 0x7f, 0x80,

    /* U+901B "逛" */
    0x95, 0xe9, 0x8, 0x51, 0x2, 0x2c, 0xde, 0xa8,
    0x91, 0x12, 0x22, 0x59, 0xf4, 0x2, 0x7f, 0x80,

    /* U+901D "逝" */
    0x88, 0x69, 0x30, 0x74, 0x4, 0xfc, 0x94, 0x9a,
    0x96, 0x52, 0x4a, 0x5a, 0x54, 0x2, 0x7f, 0x80,

    /* U+901E "逞" */
    0x8f, 0xc9, 0x8, 0x3f, 0x0, 0xd, 0xfe, 0x82,
    0x13, 0xf2, 0x8, 0x5f, 0xf4, 0x2, 0x7f, 0x80,

    /* U+901F "速" */
    0x81, 0xb, 0xfc, 0x4, 0x7, 0xfc, 0x92, 0x9f,
    0xd0, 0xe2, 0x2a, 0x59, 0x34, 0x22, 0x7f, 0x80,

    /* U+9020 "造" */
    0x89, 0x9, 0xf8, 0x44, 0x0, 0x8d, 0xfe, 0x80,
    0x13, 0xf2, 0x42, 0x4f, 0xd4, 0x2, 0x7f, 0x80,

    /* U+9022 "逢" */
    0x82, 0x8, 0x78, 0x31, 0x1, 0xcd, 0xc6, 0x82,
    0x13, 0xf2, 0x8, 0x5f, 0xf4, 0x22, 0x7f, 0x80,

    /* U+902E "逮" */
    0x82, 0x9, 0xf8, 0x9, 0xf, 0xfc, 0x24, 0x9f,
    0x94, 0x92, 0x54, 0x52, 0x74, 0xc2, 0x7f, 0x80,

    /* U+9038 "逸" */
    0x87, 0x89, 0x10, 0x7f, 0x84, 0x9c, 0x92, 0x9f,
    0xd0, 0xd2, 0x29, 0x59, 0xf4, 0x2, 0x7f, 0x80,

    /* U+903B "逻" */
    0x9f, 0xea, 0x94, 0x7f, 0x81, 0xc, 0x7e, 0xb8,
    0x50, 0x92, 0xc, 0x4e, 0x14, 0x2, 0x7f, 0x80,

    /* U+903C "逼" */
    0x8f, 0xe8, 0x0, 0x1f, 0x2, 0x2c, 0xfe, 0x92,
    0x53, 0xfa, 0x49, 0x4f, 0xf4, 0x2, 0x7f, 0x80,

    /* U+903E "逾" */
    0x43, 0x84, 0x88, 0x3e, 0xcd, 0x14, 0xea, 0x15,
    0x7b, 0xa9, 0x51, 0x2a, 0x6a, 0x2, 0x3f, 0x80,

    /* U+9041 "遁" */
    0x9f, 0xca, 0x20, 0x7f, 0x88, 0x8d, 0x7c, 0xa8,
    0x95, 0xf2, 0xa2, 0x57, 0xd4, 0x2, 0x7f, 0x80,

    /* U+9042 "遂" */
    0x88, 0x48, 0x90, 0x7f, 0x83, 0xd, 0xb2, 0x8a,
    0x96, 0xe2, 0x2a, 0x59, 0x34, 0xc2, 0x7f, 0x80,

    /* U+9047 "遇" */
    0x8f, 0xc9, 0x28, 0x3f, 0x4, 0xac, 0xfc, 0x82,
    0x17, 0xfa, 0x89, 0x57, 0xb4, 0x2, 0x7f, 0x80,

    /* U+904D "遍" */
    0x81, 0xb, 0xfc, 0x40, 0x8f, 0xfd, 0x0, 0xbf,
    0xd6, 0xab, 0x7f, 0x4a, 0xb4, 0x2, 0x7f, 0x80,

    /* U+904F "遏" */
    0x8f, 0xc9, 0x8, 0x3f, 0x4, 0x2c, 0xfe, 0xa2,
    0x52, 0xaa, 0x7d, 0x40, 0x74, 0x2, 0x7f, 0x80,

    /* U+9053 "道" */
    0x84, 0x8b, 0xfc, 0x8, 0x7, 0xec, 0x84, 0x9f,
    0x92, 0x12, 0x42, 0x4f, 0xd4, 0x2, 0x7f, 0x80,

    /* U+9057 "遗" */
    0x81, 0x9, 0xf8, 0x25, 0xf, 0xfc, 0x0, 0x9f,
    0x92, 0x52, 0x4a, 0x42, 0x95, 0x8a, 0x7f, 0x80,

    /* U+9063 "遣" */
    0x81, 0x9, 0xf8, 0x25, 0xf, 0xfc, 0x0, 0x9f,
    0x12, 0x22, 0x7e, 0x48, 0x55, 0xa, 0x7f, 0x80,

    /* U+9065 "遥" */
    0x4f, 0xe4, 0x4, 0x29, 0x47, 0xf4, 0x10, 0x1f,
    0xf8, 0x41, 0x29, 0x27, 0xea, 0x2, 0x3f, 0x80,

    /* U+906D "遭" */
    0x82, 0x8b, 0xfc, 0xa, 0x7, 0xfc, 0xaa, 0x9f,
    0xd2, 0xaa, 0x7f, 0x44, 0x54, 0x8a, 0x7f, 0x80,

    /* U+906E "遮" */
    0x81, 0xb, 0xfc, 0x40, 0xa, 0x2d, 0xfe, 0xa8,
    0x95, 0xf3, 0x0, 0x4a, 0xb4, 0x2, 0x7f, 0x80,

    /* U+9075 "遵" */
    0x84, 0x4b, 0xfc, 0xa, 0x7, 0xfc, 0xaa, 0x9b,
    0xd2, 0xa, 0xff, 0x44, 0x54, 0x5a, 0x7f, 0x80,

    /* U+907F "避" */
    0x9c, 0x8a, 0xfc, 0x55, 0x4e, 0xa5, 0x3e, 0x39,
    0x3d, 0xfa, 0xa4, 0x5c, 0x94, 0x2, 0x7f, 0x80,

    /* U+9080 "邀" */
    0x88, 0x8b, 0xd0, 0x4b, 0x8f, 0x9d, 0x2a, 0xbd,
    0x51, 0x2b, 0xfa, 0x52, 0x54, 0xd6, 0x7f, 0x80,

    /* U+9091 "邑" */
    0x7f, 0x10, 0x47, 0xf0, 0x0, 0xff, 0xa2, 0x28,
    0x8b, 0xfe, 0x80, 0x20, 0x17, 0xfc,

    /* U+9093 "邓" */
    0xfb, 0xe1, 0x46, 0x28, 0xc5, 0x25, 0x24, 0xa4,
    0x48, 0x89, 0x11, 0x52, 0xc9, 0x42, 0x8, 0x0,

    /* U+90A2 "邢" */
    0xfd, 0xe9, 0x25, 0x24, 0xa4, 0xa4, 0x95, 0xfa,
    0x52, 0x4a, 0x49, 0x49, 0xc9, 0x22, 0x24, 0x0,

    /* U+90A3 "那" */
    0xfd, 0xe4, 0xa4, 0x94, 0xfe, 0xa2, 0x54, 0x4a,
    0x7f, 0x49, 0x29, 0x25, 0xc8, 0xa2, 0x64, 0x0,

    /* U+90A6 "邦" */
    0x11, 0xff, 0xa4, 0x44, 0x88, 0xa7, 0xd4, 0x22,
    0x44, 0x4f, 0xe9, 0x11, 0xc4, 0x23, 0x4, 0x0,

    /* U+90AA "邪" */
    0xfd, 0xe9, 0x25, 0x24, 0xc4, 0xaf, 0xd4, 0x52,
    0x4a, 0x4a, 0x49, 0x49, 0xd1, 0x20, 0x64, 0x0,

    /* U+90AE "邮" */
    0x10, 0xe2, 0x17, 0xfa, 0xc9, 0x59, 0x2d, 0x25,
    0x7f, 0xac, 0x95, 0x92, 0xf2, 0x53, 0xfa, 0x0,

    /* U+90AF "邯" */
    0x45, 0xe8, 0xa7, 0xfc, 0xa2, 0xa4, 0x54, 0x8a,
    0x5f, 0x4a, 0x29, 0x45, 0xc8, 0xa1, 0xf4, 0x0,

    /* U+90B1 "邱" */
    0xd, 0xee, 0x25, 0x4, 0xa0, 0xa7, 0xd4, 0x92,
    0x52, 0x4a, 0x49, 0x49, 0xc9, 0xa3, 0xc4, 0x0,

    /* U+90B5 "邵" */
    0xfd, 0xe4, 0xa4, 0x94, 0xa2, 0xa8, 0xd4, 0x2,
    0x7f, 0x4c, 0x29, 0x85, 0xd0, 0xa3, 0xf4, 0x0,

    /* U+90B9 "邹" */
    0x41, 0xef, 0x26, 0x24, 0x88, 0xaf, 0xd4, 0xa,
    0x41, 0x4f, 0xe9, 0x5, 0xc0, 0xa3, 0xf4, 0x0,

    /* U+90BB "邻" */
    0x11, 0xe5, 0x25, 0x14, 0xc1, 0xa2, 0x14, 0x22,
    0x7f, 0xc8, 0x29, 0x49, 0xc6, 0x20, 0x34, 0x0,

    /* U+90C1 "郁" */
    0x21, 0xff, 0xa4, 0x84, 0xa0, 0xa7, 0xd5, 0x8a,
    0x5f, 0x4a, 0x29, 0x7d, 0xc8, 0xa1, 0x34, 0x0,

    /* U+90CA "郊" */
    0x10, 0xff, 0xd4, 0x2, 0xa2, 0x58, 0x2c, 0x89,
    0x51, 0x29, 0x45, 0x10, 0xe5, 0x13, 0x1a, 0x0,

    /* U+90CE "郎" */
    0x23, 0xff, 0x46, 0x28, 0xfd, 0x28, 0xa9, 0x14,
    0xbe, 0x8c, 0x91, 0x92, 0x35, 0x5b, 0x28, 0x0,

    /* U+90D1 "郑" */
    0x45, 0xe5, 0x25, 0xf4, 0x88, 0xa1, 0x14, 0x22,
    0x7f, 0x48, 0x89, 0x29, 0xc8, 0xa2, 0x4, 0x0,

    /* U+90DD "郝" */
    0x11, 0xef, 0xa4, 0x44, 0x88, 0xaf, 0xf4, 0x4a,
    0x59, 0x4d, 0x39, 0x25, 0xc8, 0xa2, 0x34, 0x0,

    /* U+90E1 "郡" */
    0x7d, 0xe2, 0xa7, 0xfc, 0x8a, 0xa7, 0xd4, 0x22,
    0x48, 0x4b, 0xe9, 0xc5, 0xc8, 0xa1, 0xf4, 0x0,

    /* U+90E7 "郧" */
    0x7c, 0xe8, 0x95, 0xf2, 0x80, 0x5f, 0xed, 0x5,
    0x64, 0xac, 0x95, 0x28, 0xe8, 0x92, 0xa, 0x0,

    /* U+90E8 "部" */
    0x11, 0xef, 0xa4, 0x4, 0xa2, 0xa2, 0x95, 0xfe,
    0x40, 0x4b, 0xe9, 0x45, 0xc8, 0xa1, 0xf4, 0x0,

    /* U+90ED "郭" */
    0x11, 0xff, 0xe5, 0x14, 0xbe, 0xa0, 0x14, 0xfa,
    0x42, 0x48, 0xb9, 0xf9, 0xc2, 0x20, 0xc4, 0x0,

    /* U+90F4 "郴" */
    0x24, 0xe4, 0x97, 0xfe, 0x92, 0x52, 0x4c, 0xd9,
    0x5b, 0xad, 0xad, 0x24, 0xe4, 0x90, 0x92, 0x0,

    /* U+90F8 "郸" */
    0x44, 0xe5, 0x17, 0xfa, 0xc9, 0x5f, 0xed, 0x25,
    0x7f, 0xa8, 0x85, 0xfe, 0xe2, 0x10, 0x42, 0x0,

    /* U+90FD "都" */
    0x21, 0xfe, 0xa4, 0xa4, 0x98, 0xaf, 0xd4, 0x42,
    0x5f, 0x4e, 0x29, 0x7d, 0xc8, 0xa1, 0xf4, 0x0,

    /* U+9102 "鄂" */
    0xee, 0xf5, 0x57, 0xba, 0x80, 0x57, 0xcc, 0x1,
    0x7f, 0xaa, 0x5, 0x7c, 0xe0, 0x90, 0x62, 0x0,

    /* U+9119 "鄙" */
    0x7c, 0xe8, 0x95, 0xf2, 0x88, 0x5f, 0xec, 0x21,
    0x7f, 0xac, 0x15, 0xba, 0xf5, 0x53, 0xfa, 0x0,

    /* U+9149 "酉" */
    0xff, 0xe1, 0x40, 0x28, 0x3f, 0xe4, 0xa4, 0xa4,
    0x98, 0xf2, 0x2, 0x7f, 0xc8, 0x9, 0xff, 0x0,

    /* U+914B "酋" */
    0x20, 0x82, 0x23, 0xff, 0x85, 0x7, 0xfc, 0x94,
    0x9c, 0xf2, 0x2, 0x7f, 0xc8, 0x9, 0xff, 0x0,

    /* U+914C "酌" */
    0xfa, 0xa, 0x41, 0x4f, 0xfd, 0x1a, 0xc3, 0x52,
    0x76, 0x2c, 0x45, 0xf8, 0x31, 0x7, 0xe3, 0x0,

    /* U+914D "配" */
    0xfb, 0xea, 0x5, 0x40, 0xfc, 0x1a, 0x83, 0x57,
    0xf6, 0x84, 0x50, 0xfa, 0x31, 0x47, 0xe7, 0x80,

    /* U+9152 "酒" */
    0x9f, 0xe8, 0x90, 0x12, 0x4f, 0xf5, 0x4a, 0x29,
    0x46, 0x3a, 0x81, 0x5f, 0xf2, 0x6, 0x7f, 0x80,

    /* U+9157 "酗" */
    0xfa, 0x2a, 0x45, 0x45, 0x7d, 0xba, 0xab, 0x55,
    0x76, 0xac, 0x5b, 0xfb, 0x71, 0x47, 0xef, 0x80,

    /* U+915A "酚" */
    0xf9, 0x4a, 0x29, 0x48, 0xfd, 0x1a, 0xc1, 0x57,
    0xf6, 0x4c, 0x49, 0xfa, 0x31, 0x47, 0xf3, 0x0,

    /* U+915D "酝" */
    0xfb, 0xca, 0x1, 0x40, 0x7c, 0xa, 0xff, 0x52,
    0x36, 0x44, 0x52, 0xfa, 0x51, 0x97, 0xfc, 0x80,

    /* U+915E "酞" */
    0xf9, 0xa, 0x21, 0x44, 0x7f, 0xfa, 0x91, 0x55,
    0x36, 0xa4, 0x54, 0xfc, 0x51, 0xcb, 0xe4, 0x80,

    /* U+9163 "酣" */
    0xfa, 0x4a, 0x49, 0x5f, 0xfd, 0x2a, 0xa5, 0x54,
    0xb6, 0xf4, 0x52, 0xfa, 0x51, 0x4b, 0xef, 0x0,

    /* U+9165 "酥" */
    0xf8, 0x6a, 0x71, 0x42, 0x7c, 0x4a, 0xff, 0x51,
    0x36, 0x64, 0x56, 0xfc, 0xb1, 0x13, 0xe2, 0x0,

    /* U+916A "酪" */
    0xf9, 0xa, 0x3d, 0x48, 0xfe, 0xaa, 0x89, 0x52,
    0xb7, 0x8c, 0x5f, 0xfa, 0x31, 0x47, 0xef, 0x80,

    /* U+916C "酬" */
    0xfa, 0xaa, 0x55, 0x4a, 0xfd, 0xda, 0xef, 0x55,
    0x76, 0xac, 0x55, 0xfa, 0xb1, 0x57, 0xf2, 0x80,

    /* U+916E "酮" */
    0xfb, 0xea, 0x45, 0x4f, 0xfd, 0x1a, 0xbb, 0x55,
    0x76, 0xac, 0x55, 0xfb, 0xb1, 0x47, 0xe9, 0x80,

    /* U+9171 "酱" */
    0x12, 0x12, 0x7d, 0x54, 0x88, 0x63, 0x70, 0xa0,
    0x3f, 0xfa, 0x52, 0x73, 0xc8, 0x9, 0xff, 0x0,

    /* U+9175 "酵" */
    0xf9, 0xa, 0xf5, 0x45, 0x7f, 0xfa, 0x91, 0x57,
    0xb7, 0x14, 0x44, 0xff, 0xf1, 0x13, 0xe6, 0x0,

    /* U+9176 "酶" */
    0xfa, 0xa, 0x7d, 0x50, 0x7d, 0xea, 0xb5, 0x55,
    0xb7, 0xfc, 0x5a, 0xfa, 0xd1, 0x7f, 0xe1, 0x0,

    /* U+9177 "酷" */
    0xfa, 0x8a, 0x7d, 0x52, 0x7c, 0x4a, 0xff, 0x50,
    0x36, 0xfc, 0x51, 0xfa, 0x31, 0x47, 0xef, 0x80,

    /* U+9178 "酸" */
    0xfa, 0x4a, 0x89, 0x5f, 0xfc, 0xaa, 0x95, 0x5c,
    0xf6, 0x74, 0x72, 0xfa, 0x51, 0x33, 0xf9, 0x80,

    /* U+917F "酿" */
    0xf8, 0x8a, 0x7d, 0x48, 0xfd, 0xfa, 0xa3, 0x57,
    0xf6, 0xa4, 0x55, 0xfa, 0x51, 0x5b, 0xec, 0x80,

    /* U+9187 "醇" */
    0xf9, 0xa, 0xfd, 0x49, 0x7d, 0xea, 0x81, 0x57,
    0xb6, 0x14, 0x44, 0xff, 0xf1, 0x13, 0xe6, 0x0,

    /* U+9189 "醉" */
    0xf8, 0x8a, 0x7d, 0x45, 0x7c, 0xaa, 0xab, 0x50,
    0x36, 0x24, 0x5f, 0xf8, 0x91, 0x13, 0xe2, 0x0,

    /* U+918B "醋" */
    0xf9, 0x4a, 0x7d, 0x45, 0x7c, 0xaa, 0xff, 0x50,
    0x36, 0xfc, 0x51, 0xfb, 0xf1, 0x47, 0xef, 0x80,

    /* U+9192 "醒" */
    0xfb, 0xea, 0x45, 0x4f, 0xfd, 0x1a, 0xbf, 0x55,
    0x36, 0xfc, 0x64, 0xfb, 0xf1, 0x13, 0xef, 0x80,

    /* U+919A "醚" */
    0xf0, 0x89, 0x55, 0x17, 0x78, 0x49, 0xdf, 0x69,
    0x35, 0x74, 0xb5, 0xf4, 0x92, 0x83, 0xef, 0x80,

    /* U+919B "醛" */
    0xfa, 0x4a, 0xfd, 0x49, 0x7c, 0xca, 0xa5, 0x58,
    0x76, 0xf4, 0x44, 0xfb, 0xd1, 0x13, 0xff, 0x80,

    /* U+91C7 "采" */
    0x1, 0xcf, 0xc0, 0x21, 0x22, 0x42, 0x10, 0x8,
    0x3f, 0xf8, 0xa8, 0x24, 0x98, 0x8c, 0x10, 0x0,

    /* U+91C9 "釉" */
    0x19, 0x1c, 0x20, 0xbf, 0xdc, 0x96, 0x93, 0xf2,
    0x4b, 0xfb, 0x49, 0x79, 0x35, 0x24, 0xbf, 0x80,

    /* U+91CA "释" */
    0x1f, 0xfd, 0x4, 0x91, 0x59, 0xc6, 0xc7, 0xe2,
    0x9, 0xf3, 0x88, 0x6f, 0xf4, 0x20, 0x84, 0x0,

    /* U+91CC "里" */
    0x7f, 0xc8, 0x89, 0x11, 0x3f, 0xe4, 0x44, 0x88,
    0x9f, 0xf0, 0x20, 0x7f, 0xc0, 0x83, 0xff, 0x80,

    /* U+91CD "重" */
    0x7f, 0xc0, 0x83, 0xff, 0xa2, 0x27, 0xfc, 0x88,
    0x9f, 0xf0, 0x20, 0x7f, 0xc0, 0x83, 0xff, 0x80,

    /* U+91CE "野" */
    0xfb, 0xf5, 0x7, 0xe5, 0x54, 0x4a, 0xff, 0xf1,
    0x48, 0x37, 0xc4, 0x20, 0x87, 0x13, 0xe, 0x0,

    /* U+91CF "量" */
    0x7f, 0xc8, 0x9, 0xff, 0x20, 0x2f, 0xfe, 0x88,
    0x9f, 0xf2, 0x22, 0x7f, 0xc0, 0x83, 0xff, 0x80,

    /* U+91D1 "金" */
    0x4, 0x1, 0x40, 0xc6, 0x60, 0x33, 0xf8, 0x8,
    0x1, 0x3, 0xfe, 0x24, 0x82, 0xa3, 0xff, 0x80,

    /* U+91DC "釜" */
    0x31, 0x9a, 0x2c, 0x38, 0x18, 0xcc, 0x6, 0x7f,
    0x1, 0x3, 0xfe, 0x24, 0x82, 0xa3, 0xff, 0x80,

    /* U+9274 "鉴" */
    0x12, 0x12, 0x7e, 0x54, 0x48, 0x49, 0x4, 0x3e,
    0x9, 0x23, 0xfe, 0xa4, 0xa2, 0xa3, 0xff, 0x80,

    /* U+9488 "针" */
    0x41, 0xe, 0x22, 0x4, 0x78, 0x84, 0xfe, 0x82,
    0x3c, 0x42, 0x8, 0x51, 0xc, 0x21, 0x4, 0x0,

    /* U+9489 "钉" */
    0x47, 0xee, 0x12, 0x2, 0x78, 0x44, 0x8, 0x81,
    0x3c, 0x22, 0x4, 0x50, 0x8c, 0x11, 0xe, 0x0,

    /* U+948E "钎" */
    0x40, 0xce, 0xe2, 0x4, 0x78, 0x84, 0x10, 0x9f,
    0xfc, 0x42, 0x8, 0x51, 0xc, 0x21, 0x4, 0x0,

    /* U+9492 "钒" */
    0x4f, 0x8d, 0x12, 0x22, 0x74, 0x44, 0xc8, 0x95,
    0x3a, 0x22, 0x44, 0x48, 0xad, 0x15, 0x43, 0x80,

    /* U+9493 "钓" */
    0x44, 0xe, 0x82, 0x1f, 0xfa, 0x14, 0x82, 0x84,
    0x7c, 0x4a, 0x9, 0x50, 0x2c, 0x5, 0x3, 0x0,

    /* U+9499 "钙" */
    0x4f, 0xec, 0x22, 0x4, 0x74, 0xf4, 0x90, 0x92,
    0x3b, 0xfa, 0x1, 0x40, 0x2c, 0x5, 0x3, 0x0,

    /* U+949D "钝" */
    0x41, 0xd, 0xfe, 0x4, 0x74, 0x94, 0x92, 0x92,
    0x7b, 0xfa, 0x8, 0x41, 0xc, 0x25, 0x3, 0x80,

    /* U+949E "钞" */
    0x41, 0xc, 0x22, 0x15, 0x72, 0x94, 0x52, 0x92,
    0x38, 0x4a, 0x2, 0x40, 0x8c, 0x61, 0x30, 0x0,

    /* U+949F "钟" */
    0x41, 0xc, 0x22, 0x3f, 0xf4, 0x94, 0x92, 0x92,
    0x7b, 0xfa, 0x8, 0x41, 0xc, 0x21, 0x4, 0x0,

    /* U+94A0 "钠" */
    0x41, 0xc, 0x22, 0x3f, 0xf4, 0x94, 0x92, 0x95,
    0x7a, 0xaa, 0x63, 0x48, 0x2d, 0x5, 0x21, 0x80,

    /* U+94A1 "钡" */
    0x4f, 0xed, 0x6, 0x24, 0xf4, 0x94, 0x92, 0x92,
    0x7a, 0x4a, 0x49, 0x42, 0x8c, 0x89, 0x20, 0x80,

    /* U+94A2 "钢" */
    0x4f, 0xed, 0x6, 0x20, 0xf6, 0x34, 0xaa, 0x92,
    0x7a, 0xaa, 0x63, 0x48, 0x2d, 0x5, 0x21, 0x80,

    /* U+94A5 "钥" */
    0x47, 0xee, 0x86, 0x10, 0xfb, 0xf4, 0x42, 0x88,
    0x7d, 0xfa, 0x21, 0x54, 0x2c, 0x85, 0x21, 0x80,

    /* U+94A6 "钦" */
    0x44, 0xe, 0x82, 0x1f, 0xfa, 0x14, 0x94, 0x82,
    0x3c, 0x42, 0x14, 0x52, 0x8c, 0x89, 0x20, 0x80,

    /* U+94A7 "钧" */
    0x44, 0xc, 0xfe, 0x20, 0xf0, 0x14, 0x62, 0x82,
    0x78, 0xa, 0x5, 0x43, 0x2d, 0x85, 0x3, 0x0,

    /* U+94A8 "钨" */
    0x41, 0xe, 0xfa, 0x11, 0x7a, 0x24, 0x4c, 0x88,
    0x3d, 0xfa, 0x1, 0x57, 0xac, 0x5, 0x7, 0x0,

    /* U+94A9 "钩" */
    0x44, 0xe, 0xfe, 0x20, 0xf9, 0x14, 0x22, 0x84,
    0x7d, 0x2a, 0x25, 0x4f, 0x6c, 0x5, 0x3, 0x0,

    /* U+94AE "钮" */
    0x4f, 0xcc, 0x4a, 0x9, 0x71, 0x24, 0x24, 0x9f,
    0xb9, 0x12, 0x22, 0x44, 0x4c, 0x89, 0x7f, 0x80,

    /* U+94B1 "钱" */
    0x41, 0x4e, 0x26, 0x7, 0xfb, 0x84, 0x10, 0x83,
    0xfd, 0xc2, 0x9, 0x50, 0xcc, 0x35, 0x39, 0x80,

    /* U+94B3 "钳" */
    0x44, 0x4e, 0x8a, 0x3f, 0xfa, 0x24, 0x44, 0x88,
    0xbd, 0xf2, 0x22, 0x54, 0x4c, 0x89, 0x1f, 0x0,

    /* U+94B5 "钵" */
    0x41, 0xc, 0x22, 0x3f, 0xf0, 0x84, 0x38, 0x87,
    0x39, 0x52, 0x2a, 0x4b, 0xac, 0x21, 0x4, 0x0,

    /* U+94BB "钻" */
    0x41, 0xe, 0x22, 0x7, 0xf8, 0x84, 0x10, 0x8f,
    0xfd, 0xa, 0x21, 0x54, 0x2c, 0x85, 0x1f, 0x80,

    /* U+94BE "钾" */
    0x4f, 0xed, 0x26, 0x24, 0xf7, 0xf4, 0x92, 0x92,
    0x7b, 0xfa, 0x8, 0x41, 0xc, 0x21, 0x4, 0x0,

    /* U+94C0 "铀" */
    0x41, 0xc, 0x22, 0x3f, 0xf4, 0x94, 0x92, 0x92,
    0x7b, 0xfa, 0x49, 0x49, 0x2d, 0x25, 0x3f, 0x80,

    /* U+94C1 "铁" */
    0x49, 0xd, 0x22, 0x3f, 0x74, 0x85, 0x10, 0x82,
    0x3b, 0xfa, 0x8, 0x42, 0x8c, 0x89, 0x60, 0x80,

    /* U+94C2 "铂" */
    0x40, 0x8e, 0x22, 0x1f, 0xfa, 0x14, 0x42, 0x88,
    0x7d, 0xfa, 0x21, 0x54, 0x2c, 0x85, 0x1f, 0x80,

    /* U+94C3 "铃" */
    0x41, 0xc, 0x52, 0x11, 0x74, 0x14, 0x10, 0x81,
    0x3b, 0xfa, 0x2, 0x44, 0x8c, 0x61, 0x3, 0x0,

    /* U+94C5 "铅" */
    0x43, 0xce, 0x4a, 0x9, 0x79, 0x24, 0xc6, 0x80,
    0x3d, 0xfa, 0x21, 0x54, 0x2c, 0x85, 0x1f, 0x80,

    /* U+94C6 "铆" */
    0x42, 0xd, 0x9e, 0x2a, 0xf5, 0x54, 0xaa, 0x95,
    0x7a, 0xaa, 0x75, 0x4a, 0xec, 0x91, 0x22, 0x0,

    /* U+94DC "铜" */
    0x4f, 0xed, 0x6, 0x2e, 0xf4, 0x14, 0xba, 0x95,
    0x7a, 0xaa, 0x55, 0x4b, 0xad, 0x5, 0x21, 0x80,

    /* U+94DD "铝" */
    0x47, 0xcc, 0x8a, 0x11, 0x72, 0x24, 0x7c, 0x80,
    0x3b, 0xfa, 0x41, 0x48, 0x2d, 0x5, 0x3f, 0x80,

    /* U+94E1 "铡" */
    0x4f, 0xad, 0x16, 0x2a, 0xf5, 0x54, 0xaa, 0x95,
    0x7a, 0xaa, 0x55, 0x42, 0x2c, 0xa5, 0x23, 0x80,

    /* U+94E3 "铣" */
    0x49, 0xd, 0x22, 0x3f, 0x78, 0x84, 0x10, 0xbf,
    0xf9, 0x22, 0x24, 0x48, 0xad, 0x15, 0x43, 0x80,

    /* U+94EC "铬" */
    0x44, 0xc, 0xfa, 0x21, 0x7a, 0x44, 0x30, 0x89,
    0x3e, 0x1a, 0x7e, 0x48, 0x4d, 0x9, 0x3f, 0x0,

    /* U+94ED "铭" */
    0x42, 0xc, 0x7e, 0x10, 0xf5, 0x14, 0x14, 0x81,
    0x39, 0xfa, 0xe1, 0x44, 0x2c, 0x85, 0x1f, 0x80,

    /* U+94F0 "铰" */
    0x41, 0xd, 0xfe, 0x0, 0x72, 0x24, 0x82, 0xa8,
    0xb9, 0x12, 0x14, 0x41, 0xc, 0x51, 0x31, 0x80,

    /* U+94F1 "铱" */
    0x42, 0xc, 0x22, 0x3f, 0xf1, 0x4, 0x50, 0x9a,
    0x7d, 0x52, 0x24, 0x44, 0x8c, 0xa9, 0x18, 0x80,

    /* U+94F2 "铲" */
    0x41, 0xd, 0xfe, 0x11, 0x71, 0x44, 0xfe, 0x90,
    0x3a, 0x2, 0x40, 0x48, 0xd, 0x1, 0x40, 0x0,

    /* U+94F6 "银" */
    0x4f, 0xcd, 0xa, 0x3f, 0x74, 0x24, 0x84, 0x9f,
    0xba, 0x4a, 0x4a, 0x48, 0x8d, 0x49, 0x30, 0x80,

    /* U+94F8 "铸" */
    0x41, 0xd, 0xfe, 0x4, 0x77, 0xf4, 0x20, 0xbf,
    0xf9, 0x12, 0x7f, 0x54, 0x4c, 0x49, 0x3, 0x0,

    /* U+94FA "铺" */
    0x41, 0x4d, 0xfe, 0x4, 0x77, 0xf4, 0x92, 0x9f,
    0xfa, 0x4a, 0x7f, 0x49, 0x2d, 0x25, 0x25, 0x80,

    /* U+94FE "链" */
    0x50, 0x8d, 0x7e, 0x4, 0x71, 0x25, 0xa4, 0x97,
    0xfa, 0x12, 0x5f, 0x48, 0x4e, 0x89, 0x4f, 0x80,

    /* U+9500 "销" */
    0x49, 0x2c, 0xaa, 0x4, 0x77, 0xf4, 0x82, 0x9f,
    0xfa, 0xa, 0x7f, 0x48, 0x2d, 0x5, 0x21, 0x80,

    /* U+9501 "锁" */
    0x49, 0x2c, 0xaa, 0x4, 0x77, 0xf4, 0x82, 0x92,
    0x7a, 0x4a, 0x49, 0x42, 0x8c, 0x89, 0x20, 0x80,

    /* U+9504 "锄" */
    0x4e, 0x8d, 0x52, 0x2f, 0xf7, 0x54, 0xaa, 0x95,
    0x7b, 0xaa, 0x55, 0x4b, 0xab, 0x95, 0x85, 0x80,

    /* U+9505 "锅" */
    0x47, 0xcc, 0x8a, 0x11, 0x73, 0xe4, 0x10, 0x9f,
    0xfa, 0x4a, 0x55, 0x4c, 0x6d, 0x5, 0x21, 0x80,

    /* U+9508 "锈" */
    0x47, 0xcc, 0x22, 0x3f, 0xf1, 0xc4, 0x54, 0xb2,
    0x79, 0xf2, 0x12, 0x42, 0x6c, 0x85, 0x63, 0x0,

    /* U+950B "锋" */
    0x42, 0xc, 0x7a, 0x31, 0x71, 0xc4, 0xd6, 0x8f,
    0xb8, 0x42, 0x3e, 0x41, 0xd, 0xfd, 0x4, 0x0,

    /* U+950C "锌" */
    0x42, 0xc, 0x22, 0x3f, 0xf2, 0x24, 0x28, 0xbf,
    0xf8, 0x42, 0x8, 0x4f, 0xec, 0x21, 0x4, 0x0,

    /* U+9510 "锐" */
    0x48, 0x4c, 0x92, 0x3f, 0x74, 0x24, 0x84, 0x90,
    0xbb, 0xf2, 0x24, 0x44, 0xad, 0x15, 0x43, 0x80,

    /* U+9511 "锑" */
    0x44, 0x4c, 0x52, 0x3f, 0xf0, 0x94, 0xfe, 0x92,
    0x3b, 0xfa, 0x19, 0x45, 0x2d, 0x2d, 0x4, 0x0,

    /* U+9517 "锗" */
    0x42, 0xd, 0xf6, 0x9, 0x71, 0x45, 0xfe, 0x84,
    0x39, 0xf2, 0xe2, 0x47, 0xcc, 0x89, 0x1f, 0x0,

    /* U+9519 "错" */
    0x44, 0x8d, 0xfa, 0x12, 0x72, 0x45, 0xfe, 0x80,
    0x3b, 0xf2, 0x42, 0x4f, 0xcd, 0x9, 0x3f, 0x0,

    /* U+951A "锚" */
    0x44, 0x4d, 0xfe, 0x11, 0x70, 0x4, 0xfe, 0x92,
    0x7a, 0x4a, 0x7f, 0x49, 0x2d, 0x25, 0x3f, 0x80,

    /* U+9521 "锡" */
    0x4f, 0xcd, 0xa, 0x3f, 0x74, 0x24, 0xfc, 0x88,
    0x3b, 0xfa, 0x95, 0x44, 0xad, 0x25, 0x9, 0x80,

    /* U+9523 "锣" */
    0x4f, 0xed, 0x56, 0x2a, 0xf7, 0xf4, 0x20, 0x87,
    0xf9, 0xa, 0xd2, 0x41, 0x4c, 0x31, 0x38, 0x0,

    /* U+9524 "锤" */
    0x40, 0xcc, 0xe2, 0x4, 0x77, 0xf4, 0x54, 0x9f,
    0xf9, 0x52, 0x2a, 0x4f, 0xec, 0x21, 0x1f, 0x0,

    /* U+9525 "锥" */
    0x45, 0xc, 0x92, 0x3f, 0xf4, 0x45, 0xfe, 0x91,
    0x3a, 0x22, 0x7f, 0x48, 0x8d, 0x11, 0x3f, 0x80,

    /* U+9526 "锦" */
    0x42, 0xd, 0xfe, 0x20, 0xf7, 0xf4, 0x82, 0x9f,
    0xf8, 0x42, 0x7f, 0x49, 0x2d, 0x2d, 0x4, 0x0,

    /* U+9528 "锨" */
    0x42, 0x8d, 0x92, 0x23, 0xf4, 0x54, 0xf6, 0x94,
    0xba, 0x92, 0x52, 0x4a, 0xad, 0x55, 0x4c, 0x80,

    /* U+952D "锭" */
    0x41, 0xd, 0xfe, 0x20, 0xf0, 0x4, 0xfe, 0x82,
    0x39, 0x42, 0x2f, 0x45, 0xd, 0x61, 0x23, 0x80,

    /* U+952E "键" */
    0x40, 0x8f, 0x7e, 0x22, 0xf7, 0xf5, 0xa, 0xb7,
    0xfa, 0x22, 0x5f, 0x58, 0x8d, 0x91, 0x4f, 0x80,

    /* U+952F "锯" */
    0x4f, 0xed, 0x6, 0x20, 0xf7, 0xf4, 0x88, 0x9f,
    0xfa, 0x22, 0x5f, 0x4a, 0x2d, 0x45, 0x4f, 0x80,

    /* U+9530 "锰" */
    0x47, 0xcc, 0x12, 0x4, 0x77, 0xf4, 0x10, 0x86,
    0x38, 0x2, 0x7f, 0x4a, 0xad, 0x55, 0x7f, 0x80,

    /* U+9539 "锹" */
    0x42, 0x8d, 0x92, 0x12, 0xf2, 0xd5, 0xec, 0x89,
    0x3b, 0x22, 0x7a, 0x55, 0x4c, 0xa9, 0x18, 0x80,

    /* U+953B "锻" */
    0x42, 0xed, 0x96, 0x22, 0xf7, 0x54, 0x92, 0x9c,
    0x3a, 0x7a, 0x49, 0x5e, 0xad, 0x9, 0x26, 0x80,

    /* U+9540 "镀" */
    0x41, 0xd, 0xfe, 0x29, 0x77, 0xf4, 0xa4, 0x97,
    0xba, 0x2, 0x5e, 0x4a, 0x4d, 0x31, 0x59, 0x80,

    /* U+9541 "镁" */
    0x42, 0x8d, 0xfe, 0x4, 0x73, 0xe4, 0x10, 0x9f,
    0xf8, 0x42, 0x7f, 0x41, 0xc, 0x51, 0x31, 0x80,

    /* U+9547 "镇" */
    0x41, 0xd, 0xfe, 0x4, 0x73, 0xe4, 0x44, 0x8f,
    0xb9, 0x12, 0x22, 0x4f, 0xec, 0x89, 0x20, 0x80,

    /* U+954A "镊" */
    0x4f, 0xec, 0x8a, 0x1f, 0x72, 0x24, 0x5e, 0x9c,
    0xb8, 0x2, 0x77, 0x4a, 0xac, 0x89, 0x2a, 0x80,

    /* U+954D "镍" */
    0x41, 0xc, 0xfa, 0x11, 0x73, 0xe4, 0x44, 0x8f,
    0xb8, 0x42, 0x7f, 0x43, 0x8c, 0xa9, 0x24, 0x80,

    /* U+9550 "镐" */
    0x41, 0xd, 0xfe, 0x11, 0x73, 0xe4, 0x0, 0x9f,
    0xfa, 0xa, 0x5d, 0x4a, 0xad, 0x75, 0x21, 0x80,

    /* U+9551 "镑" */
    0x41, 0xd, 0xfe, 0x11, 0x77, 0xf4, 0x82, 0x82,
    0x3b, 0xfa, 0x10, 0x43, 0xec, 0x85, 0x63, 0x0,

    /* U+955C "镜" */
    0x41, 0xd, 0xfa, 0x12, 0x7f, 0xf4, 0x84, 0x9f,
    0xba, 0x12, 0x7e, 0x44, 0x8d, 0x15, 0x43, 0x80,

    /* U+9563 "镣" */
    0x41, 0xd, 0xfe, 0x2a, 0xf3, 0xe4, 0xc6, 0xaf,
    0xb9, 0x12, 0x3e, 0x41, 0xd, 0x29, 0x4c, 0x80,

    /* U+956D "镭" */
    0x4f, 0xec, 0x22, 0x3f, 0xf4, 0x94, 0x54, 0x80,
    0x3b, 0xfa, 0x49, 0x4f, 0xed, 0x25, 0x3f, 0x80,

    /* U+9570 "镰" */
    0x41, 0xd, 0xfe, 0x29, 0x77, 0xf4, 0xaa, 0x9f,
    0xfa, 0xaa, 0x7f, 0x4a, 0x8d, 0xd9, 0x4a, 0x80,

    /* U+9576 "镶" */
    0x41, 0xf, 0xfe, 0x2a, 0xf7, 0x74, 0x44, 0x9f,
    0xf9, 0x12, 0x7f, 0x42, 0xad, 0xa9, 0x18, 0x80,

    /* U+957F "长" */
    0x20, 0x84, 0x20, 0x88, 0x16, 0x2, 0x1, 0xff,
    0xc9, 0x1, 0x10, 0x21, 0x5, 0x10, 0xc1, 0x80,

    /* U+95E8 "门" */
    0x9f, 0xe8, 0x4, 0x0, 0xc0, 0x18, 0x3, 0x0,
    0x60, 0xc, 0x1, 0x80, 0x30, 0x6, 0x3, 0x80,

    /* U+95EA "闪" */
    0x9f, 0xe8, 0x4, 0x10, 0xc2, 0x18, 0x43, 0x14,
    0x62, 0x8c, 0x89, 0xa0, 0xb0, 0x6, 0x3, 0x80,

    /* U+95ED "闭" */
    0x9f, 0xe8, 0x4, 0x8, 0xc1, 0x1b, 0xfb, 0x4,
    0x61, 0x8c, 0x51, 0xb2, 0x30, 0xc6, 0x3, 0x80,

    /* U+95EE "问" */
    0x9f, 0xe8, 0x4, 0x0, 0xcf, 0x99, 0x13, 0x22,
    0x64, 0x4c, 0xf9, 0x80, 0x30, 0x6, 0x3, 0x80,

    /* U+95EF "闯" */
    0x9f, 0xe8, 0x4, 0x7c, 0xc0, 0x99, 0x13, 0x3f,
    0x60, 0x2d, 0xf5, 0x80, 0xb0, 0xe6, 0x1, 0x80,

    /* U+95F0 "闰" */
    0x9f, 0xe8, 0x4, 0x0, 0xdf, 0xd8, 0x43, 0x8,
    0x67, 0xcc, 0x21, 0x84, 0x37, 0xf6, 0x1, 0x80,

    /* U+95F2 "闲" */
    0x9f, 0xe8, 0x4, 0x10, 0xc2, 0x1b, 0xfb, 0x8,
    0x63, 0x8c, 0xa9, 0xa4, 0xb0, 0x86, 0x3, 0x80,

    /* U+95F4 "间" */
    0x9f, 0xe8, 0x4, 0x0, 0xcf, 0x99, 0x13, 0x22,
    0x67, 0xcc, 0x89, 0x91, 0x33, 0xe6, 0x1, 0x80,

    /* U+95F7 "闷" */
    0x9f, 0xe8, 0x4, 0x20, 0xc2, 0x18, 0x3, 0x12,
    0x6a, 0x2d, 0x41, 0xc9, 0x30, 0xe6, 0x1, 0x80,

    /* U+95F8 "闸" */
    0x9f, 0xe8, 0x4, 0xfe, 0xd2, 0x5b, 0xfb, 0x49,
    0x69, 0x2d, 0xfd, 0x84, 0x30, 0x86, 0x13, 0x80,

    /* U+95F9 "闹" */
    0x9f, 0xe8, 0x4, 0x10, 0xdf, 0xd8, 0x43, 0x7f,
    0x69, 0x2d, 0x25, 0xa5, 0xb0, 0x86, 0x11, 0x80,

    /* U+95FA "闺" */
    0x9f, 0xe8, 0x4, 0x10, 0xcf, 0x98, 0x43, 0x7f,
    0x61, 0xc, 0xf9, 0x84, 0x37, 0xf6, 0x1, 0x80,

    /* U+95FB "闻" */
    0x9f, 0xe8, 0x4, 0x0, 0xdf, 0xd9, 0x13, 0x3e,
    0x64, 0x4c, 0xf9, 0x91, 0xb7, 0xe6, 0x5, 0x80,

    /* U+95FD "闽" */
    0x9f, 0xe8, 0x4, 0x10, 0xdf, 0xda, 0x4b, 0x49,
    0x6f, 0xec, 0x21, 0x85, 0x37, 0xd6, 0x1, 0x80,

    /* U+9600 "阀" */
    0x9f, 0xe8, 0x4, 0x4a, 0xc9, 0x3a, 0x3b, 0xdc,
    0x68, 0xad, 0x15, 0xa1, 0x34, 0x56, 0xb1, 0x80,

    /* U+9601 "阁" */
    0x9f, 0xe9, 0x4, 0x3c, 0xc8, 0x9a, 0xa3, 0x8,
    0x66, 0xcf, 0x7, 0x9f, 0x32, 0x26, 0x7d, 0x80,

    /* U+9602 "阂" */
    0x9f, 0xe8, 0x4, 0x10, 0xdf, 0xd8, 0x83, 0x24,
    0x6f, 0x2c, 0x49, 0xb2, 0x31, 0xa6, 0xc2, 0x80,

    /* U+9605 "阅" */
    0x9f, 0xe8, 0x4, 0x44, 0xc5, 0x19, 0xf3, 0x22,
    0x64, 0x4c, 0xf9, 0x8a, 0x32, 0x56, 0x8e, 0x80,

    /* U+9609 "阉" */
    0x9f, 0xe8, 0x84, 0xfe, 0xc8, 0x9b, 0xfb, 0xc9,
    0xef, 0xed, 0x25, 0xbf, 0xb0, 0x86, 0xe, 0x80,

    /* U+960E "阎" */
    0x9f, 0xea, 0x4, 0x7c, 0xd0, 0x98, 0xa3, 0x67,
    0x68, 0x2d, 0xdd, 0xa0, 0xb7, 0xf6, 0x1, 0x80,

    /* U+9610 "阐" */
    0x9f, 0xea, 0x24, 0x28, 0xdf, 0xda, 0x4b, 0x7f,
    0x69, 0x2d, 0xfd, 0x84, 0x37, 0xf6, 0x11, 0x80,

    /* U+9611 "阑" */
    0x9f, 0xe8, 0x4, 0x10, 0xdf, 0xd8, 0x43, 0x7f,
    0x6d, 0x6d, 0x75, 0xbf, 0xb2, 0xa6, 0x92, 0x80,

    /* U+9614 "阔" */
    0x9f, 0xe8, 0x4, 0x6, 0xe7, 0x1a, 0x23, 0x9f,
    0x68, 0x8c, 0x7d, 0xa8, 0xb9, 0xf6, 0x1, 0x80,

    /* U+961C "阜" */
    0x8, 0xf, 0xf9, 0x1, 0x3f, 0xe4, 0x0, 0xff,
    0x90, 0x13, 0xfe, 0x4, 0x1f, 0xfc, 0x10, 0x0,

    /* U+961F "队" */
    0xf1, 0x12, 0x22, 0x44, 0x50, 0x8a, 0x11, 0x22,
    0x24, 0xa4, 0x94, 0xe4, 0x50, 0x8a, 0x20, 0x80,

    /* U+962E "阮" */
    0xef, 0xd4, 0x2, 0x80, 0x50, 0xd, 0xff, 0x49,
    0x29, 0x25, 0x24, 0xe8, 0xb1, 0x16, 0x43, 0x80,

    /* U+9632 "防" */
    0xe2, 0x14, 0x22, 0xff, 0xd2, 0xc, 0x41, 0x4f,
    0xa9, 0x15, 0x22, 0xe8, 0x51, 0xa, 0x46, 0x0,

    /* U+9633 "阳" */
    0xf7, 0xf2, 0x86, 0x50, 0xd2, 0x1a, 0x43, 0x2f,
    0xe5, 0xc, 0xa1, 0xe4, 0x30, 0x86, 0x1f, 0x80,

    /* U+9634 "阴" */
    0xf7, 0xf2, 0x86, 0x50, 0xd3, 0xfa, 0x43, 0x28,
    0x65, 0xfc, 0xa1, 0xe4, 0x31, 0x6, 0x41, 0x80,

    /* U+9635 "阵" */
    0xe2, 0x15, 0xfe, 0x90, 0x54, 0x8c, 0x91, 0x5f,
    0xe8, 0x45, 0x8, 0xef, 0xf0, 0x22, 0x4, 0x0,

    /* U+9636 "阶" */
    0xe1, 0x14, 0x52, 0x91, 0x5c, 0x1c, 0x45, 0x48,
    0xa9, 0x15, 0x22, 0xe4, 0x50, 0x8a, 0x21, 0x0,

    /* U+963B "阻" */
    0xef, 0xd5, 0xa, 0xa1, 0x57, 0xec, 0x85, 0x50,
    0xab, 0xf5, 0x42, 0xe8, 0x51, 0xa, 0x7f, 0x80,

    /* U+963F "阿" */
    0xef, 0xf4, 0xa, 0x81, 0x57, 0xac, 0x95, 0x52,
    0xaa, 0x55, 0x7a, 0xe0, 0x50, 0xa, 0x7, 0x0,

    /* U+9640 "陀" */
    0xe1, 0x15, 0xfe, 0xa0, 0xd2, 0xc, 0x45, 0x49,
    0x29, 0xc5, 0x20, 0xe4, 0x30, 0x86, 0xf, 0x80,

    /* U+9644 "附" */
    0xe4, 0x54, 0x8a, 0xaf, 0xd4, 0x2d, 0x85, 0x54,
    0xaa, 0x55, 0x4a, 0xe8, 0x51, 0xa, 0x23, 0x0,

    /* U+9645 "际" */
    0xe7, 0xd4, 0x2, 0x80, 0x57, 0xfc, 0x11, 0x42,
    0x2a, 0x55, 0x49, 0xe9, 0x32, 0x26, 0xc, 0x0,

    /* U+9646 "陆" */
    0xe1, 0x14, 0x22, 0xbf, 0xd0, 0x8c, 0x11, 0x5f,
    0xe8, 0x45, 0x49, 0xe9, 0x31, 0x26, 0x3f, 0x80,

    /* U+9647 "陇" */
    0xe4, 0x94, 0x8a, 0xff, 0xd2, 0x8c, 0x51, 0x4a,
    0x69, 0x55, 0x2c, 0xe9, 0x31, 0x66, 0x53, 0x80,

    /* U+9648 "陈" */
    0xe2, 0x15, 0xfe, 0x90, 0x54, 0x8c, 0x91, 0x5f,
    0xe8, 0x45, 0x2a, 0xe5, 0x31, 0x26, 0xc, 0x0,

    /* U+964B "陋" */
    0xe7, 0xf4, 0x12, 0xaf, 0xd5, 0x5c, 0xab, 0x56,
    0xea, 0x8d, 0x51, 0xea, 0x71, 0x2, 0x3f, 0x80,

    /* U+964C "陌" */
    0xef, 0xf4, 0x22, 0x88, 0x57, 0xfc, 0x83, 0x50,
    0x6b, 0xfd, 0x41, 0xe8, 0x31, 0x6, 0x3f, 0x80,

    /* U+964D "降" */
    0xe2, 0x14, 0x7a, 0xb1, 0x51, 0xcd, 0xc7, 0x42,
    0x2f, 0xfd, 0x48, 0xe9, 0x11, 0xfe, 0x4, 0x0,

    /* U+9650 "限" */
    0xef, 0xd5, 0xa, 0xbf, 0x54, 0x2c, 0x85, 0x5f,
    0xaa, 0x4d, 0x4a, 0xe8, 0x91, 0x4a, 0x30, 0x80,

    /* U+9655 "陕" */
    0xe1, 0x15, 0xfe, 0x84, 0x54, 0x9c, 0x55, 0x42,
    0x2b, 0xfd, 0x8, 0xe2, 0x90, 0x8a, 0x60, 0x80,

    /* U+965B "陛" */
    0xe8, 0x95, 0xde, 0xa2, 0x64, 0x5a, 0xef, 0x42,
    0x28, 0x45, 0x7f, 0xc1, 0x10, 0x22, 0x3f, 0x80,

    /* U+9661 "陡" */
    0xe1, 0x14, 0xfa, 0x84, 0x50, 0x8c, 0xff, 0x42,
    0x29, 0x45, 0x2f, 0xe5, 0x11, 0x62, 0x43, 0x80,

    /* U+9662 "院" */
    0xe1, 0x15, 0xfe, 0xa0, 0xd3, 0xec, 0x1, 0x40,
    0x2b, 0xfd, 0x14, 0xe2, 0x90, 0x96, 0x63, 0x80,

    /* U+9664 "除" */
    0xe3, 0x94, 0x8a, 0xe0, 0xd3, 0xec, 0x11, 0x42,
    0x2b, 0xfd, 0x8, 0xe9, 0x52, 0x26, 0xc, 0x0,

    /* U+9668 "陨" */
    0xe7, 0xd4, 0x8a, 0x9f, 0x50, 0xc, 0xff, 0x50,
    0x6a, 0x4d, 0x49, 0xe2, 0x90, 0x8a, 0x20, 0x80,

    /* U+9669 "险" */
    0xe1, 0x14, 0x52, 0x91, 0x54, 0x1c, 0x7d, 0x40,
    0x2a, 0x8d, 0x2a, 0xe5, 0x50, 0x12, 0x3f, 0x80,

    /* U+966A "陪" */
    0xe1, 0x15, 0xfa, 0x80, 0x54, 0x2c, 0x49, 0x7f,
    0xe8, 0x5, 0x7e, 0xe8, 0x51, 0xa, 0x3f, 0x0,

    /* U+9675 "陵" */
    0xe1, 0x14, 0xfa, 0x84, 0x57, 0xfc, 0x45, 0x54,
    0x68, 0xf5, 0x22, 0xea, 0x90, 0x22, 0x3b, 0x80,

    /* U+9676 "陶" */
    0xe8, 0x15, 0xfe, 0xe0, 0xd7, 0xdd, 0x23, 0x5f,
    0x68, 0x8d, 0x55, 0xef, 0xb0, 0x6, 0x3, 0x0,

    /* U+9677 "陷" */
    0xe2, 0x14, 0x7a, 0x91, 0x5c, 0x4c, 0x21, 0x59,
    0xea, 0xd, 0x77, 0xe8, 0x31, 0x6, 0x3f, 0x80,

    /* U+9685 "隅" */
    0xef, 0xf5, 0x26, 0xbf, 0xd4, 0x9c, 0xff, 0x42,
    0x2b, 0xfd, 0x49, 0xe9, 0x71, 0xf6, 0x21, 0x80,

    /* U+9686 "隆" */
    0xe3, 0xd5, 0x8a, 0x8e, 0x56, 0x3c, 0x39, 0x52,
    0x2b, 0xfd, 0x88, 0xef, 0xf0, 0x22, 0x7f, 0x80,

    /* U+968B "隋" */
    0xe1, 0x15, 0xfe, 0x88, 0x53, 0xfd, 0x89, 0x4f,
    0xe9, 0x15, 0x3e, 0xe4, 0x50, 0xfa, 0x11, 0x0,

    /* U+968F "随" */
    0xe1, 0x16, 0xfe, 0xa4, 0x51, 0xec, 0x65, 0x77,
    0xaa, 0x95, 0x5e, 0xea, 0x52, 0x82, 0x4f, 0x80,

    /* U+9690 "隐" */
    0xe3, 0xd4, 0x8a, 0xbf, 0xd0, 0x1c, 0xff, 0x40,
    0x6b, 0xfd, 0x10, 0xe5, 0x51, 0x96, 0x5e, 0x80,

    /* U+9694 "隔" */
    0xef, 0xf4, 0x2, 0x9f, 0x52, 0x2c, 0x7d, 0x40,
    0x2b, 0xfd, 0x55, 0xef, 0xf1, 0x26, 0x25, 0x80,

    /* U+9698 "隘" */
    0xe8, 0x34, 0x8a, 0xbf, 0xd0, 0xc, 0x45, 0x50,
    0x68, 0x5, 0x7f, 0xea, 0xb1, 0x56, 0x7f, 0x80,

    /* U+9699 "隙" */
    0xe5, 0x55, 0x26, 0x88, 0x67, 0xfa, 0x83, 0x5f,
    0xea, 0xd, 0x7f, 0xc1, 0x11, 0x2a, 0x4c, 0x80,

    /* U+969C "障" */
    0xe1, 0x15, 0xfa, 0x92, 0x5f, 0xfc, 0x85, 0x5f,
    0xaa, 0x15, 0x7e, 0xe1, 0x13, 0xfe, 0x4, 0x0,

    /* U+96A7 "隧" */
    0xf1, 0x55, 0x7e, 0x84, 0x6b, 0x4a, 0x9b, 0x4d,
    0xae, 0x6d, 0x75, 0xc9, 0x92, 0x82, 0x8f, 0x80,

    /* U+96B6 "隶" */
    0x4, 0xf, 0xf8, 0x11, 0x7f, 0xf0, 0x44, 0xff,
    0x89, 0x10, 0xb4, 0xd, 0x6, 0x93, 0x31, 0x80,

    /* U+96BE "难" */
    0x2, 0x9e, 0x50, 0x5f, 0xce, 0x45, 0x7e, 0xa9,
    0x9, 0x21, 0x3f, 0x54, 0x8a, 0x92, 0x1f, 0x80,

    /* U+96C0 "雀" */
    0x4, 0x4, 0x91, 0x31, 0x41, 0x91, 0xc1, 0xc4,
    0xf, 0xf9, 0x10, 0x3f, 0xc4, 0x40, 0xff, 0x80,

    /* U+96C1 "雁" */
    0x7f, 0xe8, 0x1, 0x2a, 0x25, 0xf5, 0x48, 0xbf,
    0xdd, 0x22, 0xbf, 0x54, 0x8a, 0x92, 0x5f, 0x80,

    /* U+96C4 "雄" */
    0x42, 0x88, 0x53, 0xdf, 0xa6, 0x45, 0x7e, 0xa9,
    0x15, 0x25, 0x3f, 0xac, 0x95, 0x90, 0xdf, 0x80,

    /* U+96C5 "雅" */
    0xf9, 0x4a, 0x29, 0x4f, 0xcb, 0x2f, 0xbe, 0x64,
    0x94, 0x92, 0x9f, 0x92, 0x52, 0x48, 0xcf, 0x80,

    /* U+96C6 "集" */
    0x24, 0xf, 0xfb, 0x10, 0x3f, 0xe4, 0x40, 0xff,
    0x81, 0x7, 0xff, 0x15, 0x4, 0x93, 0x11, 0x80,

    /* U+96C7 "雇" */
    0x2, 0xf, 0xfd, 0x0, 0xbf, 0xf4, 0x90, 0xbf,
    0xdc, 0x42, 0xff, 0x51, 0xa, 0x22, 0x7f, 0x80,

    /* U+96CC "雌" */
    0x29, 0x45, 0x28, 0xaf, 0xd5, 0x2b, 0xff, 0x54,
    0xaa, 0x95, 0x5f, 0xaa, 0x57, 0x4b, 0x3f, 0x80,

    /* U+96CD "雍" */
    0x4, 0x1f, 0xfc, 0x89, 0x23, 0xf8, 0xc9, 0xcf,
    0xd1, 0x24, 0xbf, 0xf4, 0x84, 0x93, 0x1f, 0x80,

    /* U+96CF "雏" */
    0x42, 0x8e, 0x52, 0x5f, 0x96, 0x4f, 0x7e, 0x29,
    0x5, 0x27, 0xbf, 0x14, 0x82, 0x93, 0xdf, 0x80,

    /* U+96D5 "雕" */
    0xfd, 0x54, 0xab, 0xd7, 0xd3, 0xaf, 0x5f, 0xa,
    0xbd, 0x56, 0xaf, 0xf5, 0x50, 0xaa, 0x37, 0x80,

    /* U+96E8 "雨" */
    0xff, 0xe0, 0x80, 0x10, 0x7f, 0xf8, 0x43, 0x4a,
    0x65, 0x2c, 0x21, 0xa5, 0x32, 0x96, 0x10, 0x80,

    /* U+96EA "雪" */
    0x7f, 0xc0, 0x83, 0xff, 0xc2, 0x1b, 0x5a, 0x8,
    0x1f, 0xf0, 0x2, 0x7f, 0xc0, 0x9, 0xff, 0x0,

    /* U+96F6 "零" */
    0x7f, 0xc0, 0x83, 0xff, 0xda, 0xd0, 0xe0, 0x63,
    0x31, 0x18, 0x10, 0x7f, 0xc1, 0x10, 0x1c, 0x0,

    /* U+96F7 "雷" */
    0x7f, 0xc0, 0x83, 0xff, 0xc2, 0x1b, 0x5a, 0x0,
    0x1f, 0xf2, 0x22, 0x7f, 0xc8, 0x89, 0xff, 0x0,

    /* U+96F9 "雹" */
    0x7f, 0xc0, 0x83, 0xff, 0xc2, 0x1b, 0x5a, 0x0,
    0xf, 0xf3, 0x12, 0xbe, 0xc4, 0x4, 0x7f, 0x80,

    /* U+96FE "雾" */
    0x7f, 0xc0, 0x83, 0xff, 0xd2, 0x91, 0xfc, 0xc1,
    0xf, 0xe6, 0x23, 0x3f, 0xc2, 0x9, 0x86, 0x0,

    /* U+9700 "需" */
    0x7f, 0xc0, 0x83, 0xff, 0xc2, 0x1b, 0x5a, 0x0,
    0x3f, 0xf8, 0x40, 0xff, 0xf2, 0x26, 0x45, 0x80,

    /* U+9704 "霄" */
    0x7f, 0xc0, 0x83, 0xff, 0xd2, 0x51, 0x50, 0xff,
    0x90, 0x13, 0xfe, 0x40, 0x4f, 0xf9, 0x1, 0x0,

    /* U+9707 "震" */
    0x7f, 0xc0, 0x83, 0xff, 0xda, 0xd0, 0x40, 0xff,
    0xd0, 0x3, 0xff, 0x51, 0x4a, 0x92, 0x61, 0x80,

    /* U+9709 "霉" */
    0x7f, 0xc0, 0x83, 0xff, 0xda, 0xd4, 0x40, 0xff,
    0xe9, 0x13, 0xff, 0x22, 0x47, 0xfc, 0x1, 0x0,

    /* U+970D "霍" */
    0x7f, 0xc0, 0x83, 0xff, 0xda, 0xd0, 0x40, 0x44,
    0x1f, 0xfe, 0x10, 0x7f, 0xc8, 0x41, 0xff, 0x80,

    /* U+9713 "霓" */
    0x7f, 0xc0, 0x83, 0xff, 0xd2, 0x57, 0xbc, 0x80,
    0x9e, 0xf2, 0x2, 0x7f, 0xc2, 0x27, 0x87, 0x80,

    /* U+9716 "霖" */
    0x7f, 0xc0, 0x83, 0xff, 0xc2, 0x1b, 0x5a, 0x8,
    0x8, 0x27, 0xdf, 0x20, 0x8e, 0x3a, 0xaa, 0x80,

    /* U+971C "霜" */
    0x7f, 0xc0, 0x83, 0xff, 0xc2, 0x1b, 0x5a, 0x0,
    0x8, 0xff, 0xd1, 0x23, 0xee, 0x46, 0xaf, 0x80,

    /* U+971E "霞" */
    0x7f, 0xc0, 0x83, 0xff, 0xda, 0xd0, 0x40, 0xf7,
    0x92, 0x13, 0xde, 0x42, 0x4f, 0x31, 0x19, 0x80,

    /* U+9732 "露" */
    0x7f, 0xc0, 0x83, 0xff, 0xd2, 0x5f, 0x7d, 0x38,
    0xbc, 0xe1, 0x63, 0xb7, 0xd4, 0x8b, 0xdf, 0x0,

    /* U+9738 "霸" */
    0x7f, 0xc0, 0x83, 0xff, 0xca, 0x92, 0x81, 0xff,
    0xca, 0x4b, 0xef, 0x55, 0x3f, 0xbc, 0x48, 0x80,

    /* U+9739 "霹" */
    0x7f, 0xc0, 0x83, 0xff, 0xca, 0x97, 0x88, 0x97,
    0xde, 0x52, 0x3f, 0x78, 0x95, 0x7c, 0xe2, 0x0,

    /* U+9752 "青" */
    0x4, 0xf, 0xf8, 0x10, 0x3f, 0xe0, 0x41, 0xff,
    0xc8, 0x21, 0xfc, 0x20, 0x87, 0xf0, 0x82, 0x0,

    /* U+9756 "靖" */
    0x41, 0x4, 0xfb, 0xc4, 0x3, 0xe9, 0x10, 0xbf,
    0xd5, 0x11, 0x3e, 0x34, 0x58, 0xf8, 0x11, 0x0,

    /* U+9759 "静" */
    0x21, 0x1f, 0x38, 0x89, 0x7d, 0xf2, 0xb, 0xff,
    0xd2, 0x2b, 0xdf, 0x48, 0x8f, 0x11, 0x26, 0x0,

    /* U+975B "靛" */
    0x20, 0x9f, 0x7c, 0x88, 0xfc, 0x2, 0x3f, 0xf9,
    0x12, 0xa3, 0xd7, 0x4a, 0x8f, 0xb1, 0x21, 0x80,

    /* U+975E "非" */
    0x11, 0x2, 0x23, 0xc7, 0x88, 0x81, 0x11, 0xe3,
    0xc4, 0x40, 0x88, 0xf1, 0xe2, 0x20, 0x44, 0x0,

    /* U+9760 "靠" */
    0x44, 0xf, 0xfa, 0x10, 0x7f, 0xf4, 0x4, 0xff,
    0x84, 0x47, 0x8f, 0x11, 0x1e, 0x3c, 0x44, 0x0,

    /* U+9761 "靡" */
    0x2, 0xf, 0xfd, 0x22, 0x3f, 0xf5, 0xdc, 0xd5,
    0x51, 0x43, 0xef, 0x45, 0xf, 0xbe, 0x14, 0x0,

    /* U+9762 "面" */
    0xff, 0xe0, 0x80, 0x20, 0x7f, 0xf9, 0x13, 0x3e,
    0x64, 0x4c, 0x89, 0x9f, 0x32, 0x27, 0xff, 0x80,

    /* U+9769 "革" */
    0x11, 0x1f, 0xfc, 0x44, 0xf, 0x80, 0x40, 0xff,
    0x91, 0x13, 0xfe, 0x4, 0x1f, 0xfc, 0x10, 0x0,

    /* U+9773 "靳" */
    0x50, 0x7f, 0x71, 0x48, 0x39, 0x2, 0x3f, 0xf4,
    0xaa, 0x97, 0xd2, 0x22, 0x5f, 0x48, 0x91, 0x0,

    /* U+9774 "靴" */
    0x52, 0x9f, 0x51, 0x4a, 0x3b, 0x52, 0x2d, 0xf7,
    0x2a, 0xa7, 0xd4, 0x22, 0xbf, 0x54, 0x8b, 0x80,

    /* U+9776 "靶" */
    0x53, 0xff, 0x55, 0x4a, 0xb9, 0x52, 0x2b, 0xf7,
    0xea, 0x87, 0xd0, 0x22, 0x3f, 0x44, 0x87, 0x80,

    /* U+978B "鞋" */
    0x50, 0x9f, 0x7d, 0x42, 0x38, 0x42, 0x3f, 0xf0,
    0x2a, 0x27, 0xdf, 0x20, 0x9f, 0x10, 0x8f, 0x80,

    /* U+978D "鞍" */
    0x51, 0x1f, 0xfd, 0x50, 0xb8, 0x82, 0x11, 0xff,
    0xea, 0x97, 0xe2, 0x22, 0x9f, 0x30, 0x99, 0x80,

    /* U+9798 "鞘" */
    0x54, 0xbf, 0x59, 0x42, 0x39, 0xf2, 0x23, 0xf7,
    0xea, 0x8f, 0xdf, 0x22, 0x3f, 0x44, 0x89, 0x80,

    /* U+97A0 "鞠" */
    0x52, 0x1f, 0x7d, 0x48, 0xba, 0xb2, 0x3b, 0xf2,
    0x6b, 0xff, 0xdd, 0x25, 0x7f, 0x24, 0x83, 0x0,

    /* U+97AD "鞭" */
    0x53, 0xff, 0x51, 0x4f, 0xbb, 0x52, 0x3f, 0xf5,
    0x6a, 0xff, 0xd4, 0x22, 0x9f, 0x60, 0x8b, 0x80,

    /* U+97E6 "韦" */
    0x4, 0x0, 0x83, 0xff, 0x82, 0x7, 0xfc, 0x8,
    0x3f, 0xf8, 0x21, 0x4, 0x20, 0x98, 0x10, 0x0,

    /* U+97E7 "韧" */
    0x23, 0xe4, 0x17, 0xf2, 0x91, 0x5f, 0xaa, 0x45,
    0x7f, 0x29, 0x25, 0x25, 0x25, 0xa4, 0x89, 0x80,

    /* U+97E9 "韩" */
    0x20, 0x9f, 0x10, 0x8f, 0xfc, 0x48, 0xbf, 0xf1,
    0x22, 0xff, 0xc5, 0x20, 0xbf, 0x1c, 0x82, 0x0,

    /* U+97ED "韭" */
    0x11, 0x1e, 0x3c, 0x44, 0x8, 0x8f, 0x1e, 0x22,
    0x4, 0x47, 0x8f, 0x11, 0x2, 0x23, 0xff, 0x80,

    /* U+97F3 "音" */
    0x4, 0xf, 0xf8, 0x82, 0x8, 0x8f, 0xfe, 0x0,
    0xf, 0xe1, 0x4, 0x3f, 0x84, 0x10, 0xfe, 0x0,

    /* U+97F5 "韵" */
    0x22, 0x1f, 0x7d, 0x50, 0xa8, 0x1f, 0x92, 0x1,
    0x7e, 0xc, 0x45, 0xfb, 0x31, 0x7, 0xe3, 0x0,

    /* U+97F6 "韶" */
    0x27, 0xff, 0x25, 0x44, 0xa9, 0x1f, 0xc6, 0x0,
    0x3e, 0xfc, 0x51, 0xfa, 0x31, 0x47, 0xef, 0x80,

    /* U+9875 "页" */
    0xff, 0xe0, 0x81, 0xff, 0x20, 0x24, 0x44, 0x88,
    0x91, 0x12, 0x22, 0xa, 0x6, 0x33, 0x1, 0x80,

    /* U+9876 "顶" */
    0xef, 0xe8, 0x21, 0x3f, 0xa4, 0x14, 0x92, 0x92,
    0x52, 0x4a, 0x49, 0x42, 0x88, 0x8b, 0x20, 0x80,

    /* U+9877 "顷" */
    0x8f, 0xf0, 0x22, 0x3f, 0xf4, 0x18, 0x93, 0x12,
    0x62, 0x4d, 0x49, 0xc2, 0x80, 0x88, 0x20, 0x80,

    /* U+9879 "项" */
    0xf, 0xfc, 0x21, 0x3f, 0xa4, 0x14, 0x92, 0x92,
    0x52, 0x4b, 0x49, 0xc2, 0x80, 0x88, 0x20, 0x80,

    /* U+987A "顺" */
    0x8b, 0xf5, 0x12, 0xaf, 0xd5, 0x1a, 0xab, 0x55,
    0x6a, 0xad, 0x55, 0xa8, 0x95, 0x2a, 0x28, 0x80,

    /* U+987B "须" */
    0x2f, 0xe8, 0x22, 0x3f, 0x84, 0x12, 0x92, 0x92,
    0x62, 0x48, 0x49, 0x22, 0x88, 0x8a, 0x20, 0x80,

    /* U+987D "顽" */
    0x73, 0xe0, 0x10, 0xf, 0xfd, 0x15, 0x2a, 0xa5,
    0x54, 0xaa, 0x95, 0x58, 0x8a, 0x2a, 0x8, 0x80,

    /* U+987E "顾" */
    0xfb, 0xf0, 0x12, 0xef, 0xd5, 0x1a, 0xab, 0x75,
    0x68, 0xad, 0x15, 0xa8, 0x96, 0x2a, 0x88, 0x80,

    /* U+987F "顿" */
    0x23, 0xff, 0x10, 0x8f, 0xd5, 0x1a, 0xab, 0x55,
    0x7e, 0xa9, 0x15, 0x28, 0x86, 0x28, 0x88, 0x80,

    /* U+9881 "颁" */
    0x53, 0xea, 0x12, 0x2f, 0xc5, 0x10, 0x6b, 0xf5,
    0x52, 0xaa, 0x55, 0x48, 0x89, 0x2a, 0x68, 0x80,

    /* U+9882 "颂" */
    0x53, 0xea, 0x12, 0x2f, 0xc5, 0x10, 0x6a, 0x85,
    0x50, 0xaa, 0x95, 0x90, 0x95, 0x2b, 0x28, 0x80,

    /* U+9884 "预" */
    0xfb, 0xe1, 0x11, 0x4f, 0x91, 0x1f, 0xaa, 0x55,
    0x4c, 0xa9, 0x15, 0x20, 0x84, 0x29, 0x88, 0x80,

    /* U+9885 "颅" */
    0x23, 0xe7, 0x10, 0x8f, 0xbd, 0x14, 0xaa, 0x95,
    0x5e, 0xaa, 0x15, 0x40, 0x88, 0x2a, 0x8, 0x80,

    /* U+9886 "领" */
    0x23, 0xe4, 0x11, 0x4f, 0xc7, 0x12, 0x2a, 0x25,
    0x7e, 0xa8, 0x55, 0x50, 0x84, 0x28, 0x48, 0x80,

    /* U+9887 "颇" */
    0x23, 0xff, 0x12, 0xaf, 0xd1, 0x1f, 0xab, 0x15,
    0x72, 0xad, 0x55, 0x90, 0x95, 0x2b, 0x8, 0x80,

    /* U+9888 "颈" */
    0xfb, 0xe1, 0x10, 0x4f, 0x91, 0x1d, 0xaa, 0x5,
    0x7e, 0xa9, 0x15, 0x20, 0x87, 0x2b, 0x8, 0x80,

    /* U+988A "颊" */
    0x23, 0xff, 0x10, 0x8f, 0xd5, 0x17, 0x2a, 0x45,
    0x7e, 0xa9, 0x15, 0x50, 0x89, 0x2a, 0x8, 0x80,

    /* U+9890 "颐" */
    0xfb, 0xf2, 0x12, 0x4f, 0xdd, 0x1a, 0xab, 0x55,
    0x6a, 0xad, 0xd5, 0x90, 0x92, 0x2b, 0xe8, 0x80,

    /* U+9891 "频" */
    0x23, 0xf7, 0x12, 0x8f, 0xd1, 0x1f, 0xaa, 0x45,
    0x5a, 0xad, 0x55, 0x10, 0x84, 0x2b, 0x8, 0x80,

    /* U+9893 "颓" */
    0x1b, 0xfc, 0x10, 0x8f, 0xfd, 0x17, 0x2b, 0x55,
    0x5c, 0xaa, 0x95, 0x50, 0x8b, 0x2a, 0x48, 0x80,

    /* U+9896 "颖" */
    0x9b, 0xfc, 0x12, 0x2f, 0xbd, 0x10, 0xab, 0xe5,
    0x48, 0xaf, 0xd5, 0x20, 0x8e, 0x2a, 0xa8, 0x80,

    /* U+9897 "颗" */
    0xfb, 0xf5, 0x13, 0xef, 0xd5, 0x1f, 0xaa, 0x45,
    0x7e, 0xa9, 0x15, 0x70, 0x95, 0x28, 0x88, 0x80,

    /* U+9898 "题" */
    0xfb, 0xf1, 0x13, 0xef, 0xc5, 0x1f, 0xaa, 0x5,
    0x7e, 0x21, 0xa, 0xba, 0x3c, 0x2, 0x7f, 0x80,

    /* U+989C "颜" */
    0x23, 0xff, 0x11, 0x4f, 0x91, 0x1f, 0xab, 0x25,
    0x68, 0xac, 0x55, 0xb0, 0x91, 0x2a, 0xc8, 0x80,

    /* U+989D "额" */
    0x13, 0xff, 0x92, 0x9f, 0x9d, 0x1c, 0xaa, 0x65,
    0x73, 0xab, 0xd5, 0x48, 0x89, 0x29, 0xe8, 0x80,

    /* U+98A0 "颠" */
    0x23, 0xff, 0x90, 0x8f, 0xbd, 0x14, 0xaa, 0xf5,
    0x52, 0xaa, 0x55, 0xfc, 0x89, 0x2a, 0x18, 0x80,

    /* U+98A4 "颤" */
    0x13, 0xff, 0x92, 0xaf, 0xdd, 0x18, 0xab, 0xf5,
    0x52, 0xab, 0xd5, 0x48, 0x8b, 0xab, 0x88, 0x80,

    /* U+98A7 "颧" */
    0x53, 0xff, 0x11, 0x4f, 0xd5, 0x1f, 0xaa, 0xa5,
    0x7e, 0xac, 0x95, 0xf8, 0x92, 0x2b, 0xe8, 0x80,

    /* U+98CE "风" */
    0x7f, 0xc8, 0x9, 0x5, 0x28, 0xa4, 0xa4, 0x88,
    0x91, 0x12, 0x52, 0x51, 0x48, 0xe, 0x0, 0x80,

    /* U+98D8 "飘" */
    0xff, 0xe5, 0x47, 0xf9, 0xd5, 0xbf, 0xea, 0x5,
    0x5e, 0xa8, 0x1b, 0xff, 0x6a, 0x46, 0xd0, 0x80,

    /* U+98DE "飞" */
    0xff, 0x0, 0x24, 0x5, 0x0, 0xc0, 0x14, 0x2,
    0x40, 0x40, 0x8, 0x0, 0xa0, 0x14, 0x1, 0x0,

    /* U+98DF "食" */
    0xe, 0x6, 0x33, 0x11, 0x9f, 0xc2, 0x8, 0x7f,
    0x8, 0x21, 0xfd, 0x22, 0x45, 0x30, 0xc1, 0x80,

    /* U+9910 "餐" */
    0x7b, 0xe8, 0x5, 0xe5, 0x64, 0xc3, 0xe6, 0x41,
    0x3f, 0xf1, 0x5, 0x3f, 0x84, 0x4b, 0xe7, 0x80,

    /* U+9965 "饥" */
    0x47, 0x8e, 0x92, 0x52, 0x12, 0x44, 0x48, 0x89,
    0x11, 0x22, 0x24, 0x54, 0xac, 0x95, 0x23, 0x80,

    /* U+996D "饭" */
    0x40, 0xed, 0xe2, 0xa0, 0x4, 0x4, 0xfe, 0x98,
    0x52, 0x8a, 0x4a, 0x48, 0x8d, 0x29, 0x58, 0x80,

    /* U+996E "饮" */
    0x44, 0xe, 0x82, 0x5f, 0x92, 0x14, 0x94, 0x82,
    0x10, 0x42, 0x14, 0x52, 0x8c, 0x89, 0x20, 0x80,

    /* U+996F "饯" */
    0x42, 0x8c, 0x4a, 0x8f, 0x8f, 0x4, 0x20, 0x87,
    0xd7, 0x82, 0x12, 0x41, 0x8c, 0x65, 0x73, 0x80,

    /* U+9970 "饰" */
    0x44, 0xc, 0xfe, 0xa4, 0x0, 0x84, 0xfe, 0x92,
    0x52, 0x4a, 0x49, 0x49, 0x2d, 0x2d, 0x4, 0x0,

    /* U+9971 "饱" */
    0x44, 0xc, 0xfe, 0xa0, 0x83, 0xd4, 0x4a, 0x89,
    0x51, 0xea, 0x23, 0x54, 0xc, 0x85, 0xf, 0x80,

    /* U+9972 "饲" */
    0x47, 0xee, 0x6, 0x5e, 0x90, 0x14, 0x7a, 0x89,
    0x51, 0x2a, 0x25, 0x57, 0xac, 0x5, 0x3, 0x80,

    /* U+9975 "饵" */
    0x4f, 0xec, 0x8a, 0x9f, 0x2, 0x24, 0x44, 0x8f,
    0x91, 0x12, 0x22, 0x45, 0xed, 0xc9, 0x1, 0x0,

    /* U+9976 "饶" */
    0x42, 0xc, 0x4e, 0xbe, 0x1, 0x24, 0x1a, 0x9c,
    0xd0, 0x2, 0x7f, 0x42, 0x8c, 0x95, 0x63, 0x80,

    /* U+997A "饺" */
    0x41, 0xd, 0xfe, 0x80, 0x2, 0x24, 0x82, 0xa8,
    0x91, 0x12, 0x14, 0x41, 0xc, 0x51, 0x31, 0x80,

    /* U+997C "饼" */
    0x44, 0x2c, 0x4a, 0xbf, 0x81, 0x24, 0x24, 0x84,
    0x93, 0xfa, 0x12, 0x42, 0x4c, 0x89, 0x21, 0x0,

    /* U+997F "饿" */
    0x42, 0xcd, 0x96, 0x92, 0xf, 0xf4, 0x48, 0x89,
    0x51, 0xaa, 0xe2, 0x44, 0x4c, 0x95, 0x34, 0x80,

    /* U+9981 "馁" */
    0x40, 0xed, 0xe2, 0xa8, 0x82, 0x94, 0x54, 0x84,
    0x13, 0xfa, 0x12, 0x46, 0x8c, 0x31, 0x39, 0x80,

    /* U+9985 "馅" */
    0x42, 0xc, 0x7a, 0x91, 0xc, 0x44, 0x20, 0x99,
    0xd2, 0xa, 0x77, 0x48, 0x2d, 0x5, 0x3f, 0x80,

    /* U+9986 "馆" */
    0x41, 0xd, 0xfe, 0xa0, 0x83, 0xe4, 0x44, 0x8f,
    0x91, 0x2, 0x3f, 0x54, 0x2c, 0x85, 0x1f, 0x80,

    /* U+9988 "馈" */
    0x41, 0xd, 0xfa, 0xa5, 0x7, 0xe4, 0x10, 0xbf,
    0xd2, 0x12, 0x4a, 0x49, 0x4c, 0x51, 0x31, 0x80,

    /* U+998B "馋" */
    0x47, 0x8d, 0x12, 0xbf, 0x8c, 0x94, 0xfe, 0x85,
    0x17, 0x3a, 0x18, 0x4c, 0xcc, 0x61, 0x3, 0x0,

    /* U+998F "馏" */
    0x42, 0xd, 0xbe, 0xa2, 0x85, 0x54, 0xd6, 0x80,
    0x13, 0xfa, 0x49, 0x4f, 0xed, 0x25, 0x3f, 0x80,

    /* U+9992 "馒" */
    0x47, 0xce, 0x8a, 0x5f, 0x12, 0x24, 0xfe, 0x95,
    0x53, 0xfa, 0x22, 0x52, 0x8c, 0x21, 0x3b, 0x80,

    /* U+9996 "首" */
    0x20, 0x82, 0x23, 0xff, 0x82, 0x7, 0xfc, 0x80,
    0x9f, 0xf2, 0x2, 0x7f, 0xc8, 0x9, 0xff, 0x0,

    /* U+9999 "香" */
    0x3, 0xcf, 0x80, 0x10, 0x7f, 0xf1, 0x50, 0x49,
    0x3f, 0xf9, 0x4, 0x3f, 0x84, 0x10, 0xfe, 0x0,

    /* U+9A6C "马" */
    0x7f, 0x80, 0x10, 0x82, 0x10, 0x42, 0x8, 0x7f,
    0xc0, 0x8, 0x1, 0xff, 0x20, 0x4, 0x7, 0x0,

    /* U+9A6D "驭" */
    0xf3, 0xe2, 0x46, 0x48, 0xc9, 0x19, 0x23, 0xf4,
    0x42, 0x51, 0x4a, 0xc8, 0x81, 0x28, 0xd8, 0x80,

    /* U+9A6E "驮" */
    0xe1, 0x4, 0x22, 0x84, 0x57, 0xfa, 0x11, 0xe5,
    0x4, 0xa1, 0x94, 0xd4, 0x42, 0x89, 0xa0, 0x80,

    /* U+9A6F "驯" */
    0xe4, 0x24, 0x96, 0x92, 0xd2, 0x5a, 0x4b, 0xe9,
    0x45, 0x29, 0xa5, 0xd4, 0xa2, 0x95, 0xa0, 0x80,

    /* U+9A70 "驰" */
    0xe1, 0x4, 0xa2, 0x95, 0xd3, 0xda, 0xd3, 0xea,
    0x45, 0x59, 0xa8, 0xd4, 0x22, 0x85, 0x8f, 0x80,

    /* U+9A71 "驱" */
    0xe7, 0xe4, 0x82, 0x99, 0x52, 0xaa, 0x55, 0xe9,
    0x5, 0x21, 0xaa, 0xd6, 0x42, 0x81, 0x9f, 0x80,

    /* U+9A73 "驳" */
    0xf2, 0x22, 0x2a, 0x42, 0x48, 0xa9, 0x23, 0xf0,
    0x2, 0x89, 0x4a, 0xc8, 0x81, 0x28, 0xd8, 0x80,

    /* U+9A74 "驴" */
    0xf1, 0x2, 0x12, 0x4f, 0xc9, 0x19, 0x23, 0xf7,
    0xc2, 0x81, 0x50, 0xca, 0x1, 0x40, 0xd0, 0x0,

    /* U+9A76 "驶" */
    0xe1, 0x5, 0xfe, 0xa4, 0xd4, 0x9a, 0x93, 0xff,
    0xc4, 0x41, 0xa8, 0xd2, 0x2, 0xa1, 0xa3, 0x80,

    /* U+9A79 "驹" */
    0xe4, 0x4, 0xfe, 0xa0, 0xd0, 0x1a, 0x7b, 0xe9,
    0x45, 0x29, 0xa5, 0xd7, 0xa2, 0x5, 0x83, 0x0,

    /* U+9A7B "驻" */
    0xe2, 0x4, 0x22, 0xbf, 0xd0, 0x8a, 0x11, 0xe2,
    0x5, 0xf1, 0x88, 0xd1, 0x2, 0x21, 0xbf, 0x80,

    /* U+9A7C "驼" */
    0xe1, 0x5, 0xfe, 0xa0, 0xd2, 0xa, 0x45, 0xe9,
    0x5, 0xc1, 0xa0, 0xd4, 0x22, 0x85, 0x8f, 0x80,

    /* U+9A7E "驾" */
    0x20, 0x1f, 0x7c, 0xa8, 0xa5, 0x1b, 0xfe, 0x1,
    0x8, 0x21, 0xff, 0x0, 0x3f, 0xe4, 0x3, 0x0,

    /* U+9A82 "骂" */
    0xfb, 0xf1, 0x47, 0xef, 0x80, 0x7, 0xf8, 0x1,
    0x8, 0x21, 0xff, 0x0, 0x3f, 0xe4, 0x3, 0x0,

    /* U+9A84 "骄" */
    0xe0, 0xc4, 0xe2, 0x84, 0x57, 0xfa, 0x29, 0xe8,
    0x86, 0x99, 0x92, 0xd2, 0x42, 0x89, 0xa1, 0x0,

    /* U+9A86 "骆" */
    0xe2, 0x4, 0x7a, 0x91, 0x55, 0x4a, 0x11, 0xe5,
    0x7, 0x19, 0xbe, 0xd4, 0x42, 0x89, 0x9f, 0x0,

    /* U+9A87 "骇" */
    0xe1, 0x5, 0xfe, 0x88, 0x52, 0x2a, 0xf9, 0xe2,
    0x4, 0x89, 0xe2, 0xd0, 0x82, 0x69, 0xb0, 0x80,

    /* U+9A8B "骋" */
    0xe1, 0x5, 0xfa, 0xa5, 0x57, 0xea, 0x95, 0xff,
    0xc5, 0x1, 0xbe, 0xd0, 0x42, 0x9, 0x86, 0x0,

    /* U+9A8C "验" */
    0xe1, 0x4, 0x52, 0x91, 0x54, 0x1a, 0x7d, 0xe0,
    0x6, 0x89, 0xaa, 0xd5, 0x42, 0x11, 0xbf, 0x80,

    /* U+9A8F "骏" */
    0xf2, 0x42, 0x89, 0x7f, 0xa9, 0x4a, 0x45, 0xf4,
    0x64, 0xf1, 0xe2, 0xd4, 0x82, 0x71, 0xb1, 0x80,

    /* U+9A91 "骑" */
    0xe1, 0x5, 0xfe, 0x84, 0x51, 0x4a, 0x45, 0xff,
    0xc4, 0x11, 0xba, 0xd5, 0x42, 0xe9, 0x83, 0x0,

    /* U+9A97 "骗" */
    0xe1, 0x4, 0xfe, 0x90, 0xd3, 0xfa, 0x41, 0xef,
    0xc5, 0xa9, 0xb5, 0xd7, 0xe2, 0xd5, 0xaa, 0x80,

    /* U+9A9A "骚" */
    0xef, 0xe5, 0x26, 0x91, 0x51, 0xca, 0xc7, 0xe2,
    0x5, 0xf9, 0xa9, 0xd7, 0xe2, 0x29, 0xbe, 0x80,

    /* U+9AA1 "骡" */
    0xef, 0xe5, 0x26, 0xbf, 0xd4, 0x9a, 0xff, 0xe5,
    0x7, 0x41, 0x92, 0xdf, 0xa2, 0xa9, 0xac, 0x80,

    /* U+9AA4 "骤" */
    0xef, 0xe5, 0x46, 0xba, 0xd5, 0x5a, 0xed, 0xf6,
    0x64, 0x71, 0xb8, 0xd9, 0xa2, 0xa9, 0xa4, 0x80,

    /* U+9AA8 "骨" */
    0x3f, 0x84, 0x10, 0xf2, 0x12, 0x4f, 0xff, 0x41,
    0x4f, 0xe1, 0x4, 0x3f, 0x84, 0x10, 0x86, 0x0,

    /* U+9AB8 "骸" */
    0x70, 0x8a, 0xfd, 0x44, 0x7d, 0x28, 0xf8, 0xe2,
    0x14, 0x8b, 0xa2, 0x50, 0x8e, 0x29, 0x58, 0x80,

    /* U+9AD3 "髓" */
    0x70, 0x4b, 0x3d, 0x52, 0x78, 0xf9, 0xe4, 0xeb,
    0xd5, 0x4b, 0xaf, 0x55, 0x2f, 0x41, 0x47, 0x80,

    /* U+9AD8 "高" */
    0x4, 0x1f, 0xfc, 0x82, 0x1f, 0xc0, 0x1, 0xff,
    0xe0, 0xc, 0xf9, 0x91, 0x33, 0xe6, 0x1, 0x80,

    /* U+9B03 "鬃" */
    0x7c, 0x68, 0x33, 0xf1, 0xa4, 0xcf, 0xff, 0x0,
    0x4f, 0xe0, 0x0, 0xff, 0xe4, 0x93, 0x31, 0x80,

    /* U+9B3C "鬼" */
    0x8, 0xf, 0xf9, 0x11, 0x3f, 0xe4, 0x44, 0xff,
    0x82, 0xa0, 0x5a, 0x13, 0xc4, 0x47, 0xf, 0x80,

    /* U+9B41 "魁" */
    0x42, 0x5f, 0x2a, 0xa1, 0x7d, 0x2a, 0x95, 0xf0,
    0xca, 0xf2, 0xa2, 0x5c, 0x4a, 0x6, 0x7f, 0x80,

    /* U+9B42 "魂" */
    0x4, 0x1d, 0xf8, 0x29, 0x7, 0xef, 0xa4, 0x9f,
    0x90, 0xa4, 0xaa, 0xb5, 0xda, 0xa4, 0x27, 0x80,

    /* U+9B44 "魄" */
    0x44, 0x11, 0xfb, 0xa9, 0x57, 0xea, 0xa5, 0xdf,
    0xa8, 0xa5, 0x2a, 0xa5, 0xdd, 0x24, 0x47, 0x80,

    /* U+9B4F "魏" */
    0x1a, 0x1c, 0xf8, 0x95, 0x7f, 0xe7, 0x55, 0x5f,
    0x90, 0x57, 0xd5, 0x4a, 0xce, 0x56, 0x33, 0x80,

    /* U+9B54 "魔" */
    0x2, 0xf, 0xfd, 0x22, 0x3f, 0xf5, 0xdc, 0xd5,
    0x57, 0xf2, 0x92, 0x5f, 0xc8, 0xa6, 0xe7, 0x80,

    /* U+9C7C "鱼" */
    0x20, 0x7, 0xe1, 0x4, 0x7f, 0xe4, 0x44, 0xff,
    0x91, 0x12, 0x22, 0x7f, 0xc0, 0x3, 0xff, 0x80,

    /* U+9C81 "鲁" */
    0x3f, 0x8, 0x23, 0xff, 0x22, 0x27, 0xfc, 0x88,
    0xbf, 0xf9, 0x4, 0x3f, 0x84, 0x10, 0xfe, 0x0,

    /* U+9C8D "鲍" */
    0x42, 0xe, 0x7e, 0x50, 0xfd, 0xda, 0xab, 0xf5,
    0x6a, 0xef, 0xd3, 0x2, 0x3, 0x47, 0x87, 0x80,

    /* U+9C9C "鲜" */
    0x42, 0x2e, 0x2a, 0x4f, 0xfc, 0x4a, 0x89, 0xf7,
    0xea, 0x27, 0xc4, 0x3, 0xe3, 0x13, 0x82, 0x0,

    /* U+9CA4 "鲤" */
    0x43, 0xee, 0x56, 0x4a, 0xfd, 0xfa, 0xab, 0xf5,
    0x6a, 0xff, 0xc4, 0x3, 0xe3, 0x13, 0x9f, 0x80,

    /* U+9CB8 "鲸" */
    0x40, 0x8e, 0x7e, 0x40, 0x7d, 0xfa, 0xa3, 0xf4,
    0x6a, 0xff, 0xc4, 0x2, 0xa3, 0x57, 0x86, 0x0,

    /* U+9CC3 "鳃" */
    0x43, 0xee, 0x56, 0x4f, 0xfd, 0x5a, 0xab, 0xf7,
    0xea, 0x47, 0xd5, 0x6, 0x23, 0x4b, 0x87, 0x0,

    /* U+9CD6 "鳖" */
    0xaa, 0x4, 0x7f, 0xf1, 0x54, 0xab, 0xf8, 0x84,
    0xff, 0xf2, 0x22, 0x7f, 0xc0, 0x3, 0xff, 0x80,

    /* U+9CDE "鳞" */
    0x44, 0xae, 0x5a, 0x5f, 0xfd, 0x6a, 0xcb, 0xf4,
    0xaa, 0xff, 0xea, 0x3, 0x43, 0x5f, 0x91, 0x0,

    /* U+9E1F "鸟" */
    0x8, 0x7, 0xf0, 0x82, 0x14, 0x42, 0x58, 0x40,
    0xf, 0xf8, 0x1, 0xff, 0x20, 0x4, 0x7, 0x0,

    /* U+9E21 "鸡" */
    0x1, 0x1e, 0xf8, 0x51, 0x4a, 0xa5, 0x4c, 0xa8,
    0x9, 0xf9, 0x1, 0x57, 0xaa, 0x6, 0x7, 0x0,

    /* U+9E23 "鸣" */
    0x1, 0x1e, 0xfa, 0x51, 0x4a, 0xa9, 0x4d, 0x28,
    0x25, 0xfc, 0x81, 0xf7, 0xa0, 0x4, 0x7, 0x0,

    /* U+9E25 "鸥" */
    0xf9, 0x10, 0x7b, 0x29, 0x55, 0xaa, 0xad, 0x24,
    0x24, 0xfd, 0x41, 0xcb, 0xb0, 0x7, 0xe3, 0x0,

    /* U+9E26 "鸦" */
    0xf9, 0xa, 0x79, 0x49, 0x49, 0xaf, 0xac, 0x64,
    0x14, 0xfa, 0x81, 0x97, 0xb2, 0x4, 0xc3, 0x0,

    /* U+9E2D "鸭" */
    0xf9, 0x15, 0x7a, 0xa9, 0x7d, 0xaa, 0xad, 0x54,
    0x3e, 0xf9, 0x1, 0x27, 0xa4, 0x4, 0x83, 0x0,

    /* U+9E2F "鸯" */
    0x4, 0x7, 0xf0, 0x92, 0x7f, 0xf1, 0x11, 0xd1,
    0xcf, 0xe1, 0x24, 0x3f, 0xe0, 0x7, 0xfb, 0x0,

    /* U+9E33 "鸳" */
    0x20, 0x7, 0x7b, 0x29, 0x15, 0x61, 0x23, 0xd3,
    0xcf, 0xe1, 0x24, 0x3f, 0xe0, 0x7, 0xfb, 0x0,

    /* U+9E35 "鸵" */
    0x41, 0x1e, 0xfe, 0x50, 0xe9, 0xb, 0x25, 0x5,
    0x3e, 0xc0, 0x50, 0x2a, 0x39, 0x44, 0xc7, 0x80,

    /* U+9E3D "鸽" */
    0x21, 0x4, 0x79, 0x49, 0x47, 0xa7, 0x2c, 0x4,
    0x3e, 0xfc, 0x41, 0x8f, 0xb1, 0x7, 0xe3, 0x0,

    /* U+9E3F "鸿" */
    0x80, 0x88, 0x38, 0x75, 0x44, 0xe4, 0x94, 0x12,
    0x2, 0x7a, 0x61, 0x5b, 0xb0, 0x6, 0x3, 0x0,

    /* U+9E43 "鹃" */
    0xf9, 0x11, 0x7b, 0xe9, 0x1, 0xaf, 0xad, 0x14,
    0x3e, 0xfc, 0x41, 0xff, 0xb1, 0x6, 0x63, 0x0,

    /* U+9E45 "鹅" */
    0x29, 0x1a, 0xf9, 0x49, 0x7f, 0xa5, 0x2c, 0xa4,
    0x1c, 0xfe, 0xa1, 0x4b, 0xa9, 0x7, 0x53, 0x0,

    /* U+9E4A "鹊" */
    0x51, 0x1f, 0x79, 0x49, 0x29, 0xaf, 0xec, 0x4,
    0x3e, 0xfc, 0x41, 0xff, 0xb1, 0x7, 0xe3, 0x0,

    /* U+9E4F "鹏" */
    0xee, 0x55, 0x5e, 0xaa, 0xf7, 0x7a, 0xab, 0x55,
    0x3b, 0xbd, 0x51, 0xab, 0xb5, 0x45, 0xdb, 0x0,

    /* U+9E64 "鹤" */
    0x21, 0x1f, 0x7a, 0xa9, 0x29, 0xa7, 0xad, 0xa4,
    0x1e, 0xfa, 0x81, 0x7b, 0xaa, 0x5, 0xe3, 0x0,

    /* U+9E70 "鹰" */
    0x2, 0xf, 0xfd, 0x2a, 0x2b, 0xf7, 0x48, 0xaf,
    0xd2, 0x92, 0x7f, 0x40, 0x2b, 0xf6, 0x1, 0x80,

    /* U+9E7F "鹿" */
    0x2, 0xf, 0xfd, 0x24, 0x3f, 0xf4, 0x92, 0xff,
    0xd4, 0x42, 0xea, 0x51, 0x8a, 0xa6, 0x63, 0x80,

    /* U+9E93 "麓" */
    0x11, 0x1f, 0xfd, 0x4d, 0x4a, 0x97, 0xfe, 0x92,
    0x5f, 0xfd, 0x8, 0xbd, 0xe4, 0x21, 0xf7, 0x80,

    /* U+9EA6 "麦" */
    0x4, 0xf, 0xf8, 0x10, 0x3f, 0xe0, 0x41, 0xff,
    0xc2, 0x0, 0xfe, 0x70, 0x81, 0xe3, 0xc3, 0x80,

    /* U+9EBB "麻" */
    0x2, 0xf, 0xfd, 0x22, 0x24, 0x47, 0xfe, 0x91,
    0x16, 0x62, 0xee, 0x6a, 0xa9, 0x12, 0x22, 0x0,

    /* U+9EC4 "黄" */
    0x11, 0xf, 0xf8, 0x44, 0x7f, 0xf0, 0x40, 0xff,
    0x91, 0x13, 0xfe, 0x44, 0x4f, 0xfb, 0x1, 0x80,

    /* U+9ECD "黍" */
    0x3, 0xcf, 0x80, 0x10, 0x7f, 0xf2, 0x49, 0x88,
    0xc6, 0xc7, 0x27, 0x24, 0x82, 0xa1, 0xb3, 0x0,

    /* U+9ECE "黎" */
    0xfa, 0x4, 0x7f, 0xea, 0xba, 0x5a, 0x92, 0x48,
    0xc6, 0xc7, 0x27, 0x24, 0x82, 0xa1, 0xb3, 0x0,

    /* U+9ED1 "黑" */
    0x7f, 0xc8, 0x89, 0x55, 0x22, 0x27, 0xfc, 0x8,
    0x1f, 0xf0, 0x20, 0xff, 0xea, 0x4a, 0x24, 0x80,

    /* U+9ED4 "黔" */
    0xf8, 0x95, 0x13, 0xe5, 0x57, 0x1f, 0x88, 0x40,
    0xbe, 0xf9, 0x1, 0xf8, 0x40, 0xa, 0xa2, 0x0,

    /* U+9ED8 "默" */
    0xfc, 0xb2, 0x97, 0x72, 0x4b, 0xff, 0xc8, 0x21,
    0x3f, 0x20, 0x8a, 0xfd, 0x40, 0x2a, 0xa8, 0x80,

    /* U+9F0E "鼎" */
    0x3f, 0x84, 0x12, 0xfe, 0xd0, 0x5b, 0xfb, 0x41,
    0x7f, 0xf8, 0x50, 0xfb, 0xe9, 0x46, 0x28, 0x80,

    /* U+9F13 "鼓" */
    0x20, 0x9f, 0x90, 0x8f, 0xfc, 0x40, 0x9, 0xf7,
    0xe2, 0x8f, 0xd1, 0x51, 0x4b, 0x13, 0x9d, 0x80,

    /* U+9F20 "鼠" */
    0xf7, 0xa0, 0x2f, 0x7a, 0x2, 0xff, 0x80, 0xa,
    0xaa, 0x66, 0xaa, 0xa6, 0x6e, 0xe4,

    /* U+9F3B "鼻" */
    0x8, 0x7, 0xf0, 0x82, 0x1f, 0xc2, 0x8, 0xff,
    0x91, 0x13, 0xfe, 0x44, 0x5f, 0xfc, 0x82, 0x0,

    /* U+9F50 "齐" */
    0x4, 0x1f, 0xfc, 0x82, 0x8, 0x80, 0xe0, 0x63,
    0x30, 0x19, 0x4, 0x20, 0x84, 0x11, 0x2, 0x0,

    /* U+9F7F "齿" */
    0x4, 0x4, 0xf8, 0x90, 0x12, 0xf, 0xfe, 0x0,
    0x11, 0x12, 0x22, 0x4a, 0x4a, 0x29, 0xff, 0x0,

    /* U+9F84 "龄" */
    0x20, 0x97, 0x12, 0x85, 0x53, 0x1f, 0x88, 0x0,
    0xaa, 0xfd, 0x41, 0xd9, 0x51, 0x13, 0xe1, 0x0,

    /* U+9F8B "龋" */
    0x20, 0x77, 0x72, 0x82, 0x51, 0xff, 0xaa, 0x7,
    0xea, 0x25, 0x5f, 0xda, 0xb1, 0x77, 0xe9, 0x80,

    /* U+9F99 "龙" */
    0x9, 0x1, 0x13, 0xff, 0x85, 0x0, 0xa0, 0x24,
    0x84, 0xa1, 0x18, 0x22, 0x28, 0xc6, 0x27, 0x80,

    /* U+9F9A "龚" */
    0x8, 0x9f, 0xfc, 0x4a, 0x11, 0x9c, 0xde, 0x22,
    0x1f, 0xf0, 0x88, 0xff, 0xe4, 0x13, 0x1, 0x80,

    /* U+9F9F "龟" */
    0x20, 0x7, 0xe1, 0x4, 0x7f, 0xe4, 0x44, 0xff,
    0x91, 0x12, 0x22, 0x7f, 0xc0, 0x84, 0xf, 0x80,

    /* U+FF01 "！" */
    0x5f, 0xf4, 0x90, 0x40,

    /* U+FF05 "％" */
    0x45, 0x49, 0x20, 0x41, 0x4, 0x9, 0x25, 0x44,

    /* U+FF08 "（" */
    0x29, 0x49, 0x24, 0x48, 0x80,

    /* U+FF09 "）" */
    0x89, 0x12, 0x49, 0x4a, 0x0,

    /* U+FF0B "＋" */
    0x10, 0x20, 0x47, 0xf1, 0x2, 0x4, 0x0,

    /* U+FF0C "，" */
    0xf6,

    /* U+FF0D "－" */
    0xfe,

    /* U+FF0E "．" */
    0xf0,

    /* U+FF1A "：" */
    0xf0, 0xf,

    /* U+FF1B "；" */
    0xf0, 0x3d, 0x80,

    /* U+FF1F "？" */
    0x74, 0x62, 0x11, 0x10, 0x80, 0x20,

    /* U+FF5E "～" */
    0x38, 0x28, 0x8a, 0xe, 0x0
};


/*---------------------
 *  GLYPH DESCRIPTION
 *--------------------*/

static const lv_font_fmt_txt_glyph_dsc_t glyph_dsc[] = {
    {.bitmap_index = 0, .adv_w = 0, .box_w = 0, .box_h = 0, .ofs_x = 0, .ofs_y = 0} /* id = 0 reserved */,
    {.bitmap_index = 0, .adv_w = 96, .box_w = 1, .box_h = 1, .ofs_x = 0, .ofs_y = 0},
    {.bitmap_index = 1, .adv_w = 64, .box_w = 1, .box_h = 9, .ofs_x = 1, .ofs_y = 0},
    {.bitmap_index = 3, .adv_w = 96, .box_w = 3, .box_h = 3, .ofs_x = 1, .ofs_y = 6},
    {.bitmap_index = 5, .adv_w = 112, .box_w = 6, .box_h = 9, .ofs_x = 0, .ofs_y = 0},
    {.bitmap_index = 12, .adv_w = 96, .box_w = 5, .box_h = 11, .ofs_x = 0, .ofs_y = -1},
    {.bitmap_index = 19, .adv_w = 128, .box_w = 7, .box_h = 9, .ofs_x = 0, .ofs_y = 0},
    {.bitmap_index = 27, .adv_w = 112, .box_w = 6, .box_h = 9, .ofs_x = 0, .ofs_y = 0},
    {.bitmap_index = 34, .adv_w = 64, .box_w = 1, .box_h = 3, .ofs_x = 1, .ofs_y = 6},
    {.bitmap_index = 35, .adv_w = 96, .box_w = 3, .box_h = 11, .ofs_x = 1, .ofs_y = -1},
    {.bitmap_index = 40, .adv_w = 96, .box_w = 3, .box_h = 11, .ofs_x = 1, .ofs_y = -1},
    {.bitmap_index = 45, .adv_w = 96, .box_w = 5, .box_h = 5, .ofs_x = 0, .ofs_y = 1},
    {.bitmap_index = 49, .adv_w = 96, .box_w = 5, .box_h = 5, .ofs_x = 0, .ofs_y = 1},
    {.bitmap_index = 53, .adv_w = 64, .box_w = 2, .box_h = 3, .ofs_x = 0, .ofs_y = -2},
    {.bitmap_index = 54, .adv_w = 96, .box_w = 5, .box_h = 1, .ofs_x = 0, .ofs_y = 3},
    {.bitmap_index = 55, .adv_w = 64, .box_w = 1, .box_h = 1, .ofs_x = 1, .ofs_y = 0},
    {.bitmap_index = 56, .adv_w = 96, .box_w = 5, .box_h = 11, .ofs_x = 0, .ofs_y = -1},
    {.bitmap_index = 63, .adv_w = 96, .box_w = 5, .box_h = 9, .ofs_x = 0, .ofs_y = 0},
    {.bitmap_index = 69, .adv_w = 96, .box_w = 3, .box_h = 9, .ofs_x = 1, .ofs_y = 0},
    {.bitmap_index = 73, .adv_w = 96, .box_w = 5, .box_h = 9, .ofs_x = 0, .ofs_y = 0},
    {.bitmap_index = 79, .adv_w = 96, .box_w = 5, .box_h = 9, .ofs_x = 0, .ofs_y = 0},
    {.bitmap_index = 85, .adv_w = 96, .box_w = 5, .box_h = 9, .ofs_x = 0, .ofs_y = 0},
    {.bitmap_index = 91, .adv_w = 96, .box_w = 5, .box_h = 9, .ofs_x = 0, .ofs_y = 0},
    {.bitmap_index = 97, .adv_w = 96, .box_w = 5, .box_h = 9, .ofs_x = 0, .ofs_y = 0},
    {.bitmap_index = 103, .adv_w = 96, .box_w = 5, .box_h = 9, .ofs_x = 0, .ofs_y = 0},
    {.bitmap_index = 109, .adv_w = 96, .box_w = 5, .box_h = 9, .ofs_x = 0, .ofs_y = 0},
    {.bitmap_index = 115, .adv_w = 96, .box_w = 5, .box_h = 9, .ofs_x = 0, .ofs_y = 0},
    {.bitmap_index = 121, .adv_w = 64, .box_w = 1, .box_h = 6, .ofs_x = 1, .ofs_y = 0},
    {.bitmap_index = 122, .adv_w = 64, .box_w = 2, .box_h = 8, .ofs_x = 0, .ofs_y = -2},
    {.bitmap_index = 124, .adv_w = 80, .box_w = 4, .box_h = 7, .ofs_x = 0, .ofs_y = 0},
    {.bitmap_index = 128, .adv_w = 96, .box_w = 5, .box_h = 3, .ofs_x = 0, .ofs_y = 2},
    {.bitmap_index = 130, .adv_w = 80, .box_w = 4, .box_h = 7, .ofs_x = 0, .ofs_y = 0},
    {.bitmap_index = 134, .adv_w = 96, .box_w = 5, .box_h = 9, .ofs_x = 0, .ofs_y = 0},
    {.bitmap_index = 140, .adv_w = 128, .box_w = 7, .box_h = 10, .ofs_x = 0, .ofs_y = -1},
    {.bitmap_index = 149, .adv_w = 128, .box_w = 7, .box_h = 9, .ofs_x = 0, .ofs_y = 0},
    {.bitmap_index = 157, .adv_w = 112, .box_w = 6, .box_h = 9, .ofs_x = 0, .ofs_y = 0},
    {.bitmap_index = 164, .adv_w = 112, .box_w = 6, .box_h = 9, .ofs_x = 0, .ofs_y = 0},
    {.bitmap_index = 171, .adv_w = 112, .box_w = 6, .box_h = 9, .ofs_x = 0, .ofs_y = 0},
    {.bitmap_index = 178, .adv_w = 112, .box_w = 6, .box_h = 9, .ofs_x = 0, .ofs_y = 0},
    {.bitmap_index = 185, .adv_w = 112, .box_w = 6, .box_h = 9, .ofs_x = 0, .ofs_y = 0},
    {.bitmap_index = 192, .adv_w = 112, .box_w = 6, .box_h = 9, .ofs_x = 0, .ofs_y = 0},
    {.bitmap_index = 199, .adv_w = 112, .box_w = 6, .box_h = 9, .ofs_x = 0, .ofs_y = 0},
    {.bitmap_index = 206, .adv_w = 64, .box_w = 3, .box_h = 9, .ofs_x = 0, .ofs_y = 0},
    {.bitmap_index = 210, .adv_w = 96, .box_w = 5, .box_h = 9, .ofs_x = 0, .ofs_y = 0},
    {.bitmap_index = 216, .adv_w = 112, .box_w = 6, .box_h = 9, .ofs_x = 0, .ofs_y = 0},
    {.bitmap_index = 223, .adv_w = 96, .box_w = 5, .box_h = 9, .ofs_x = 0, .ofs_y = 0},
    {.bitmap_index = 229, .adv_w = 128, .box_w = 7, .box_h = 9, .ofs_x = 0, .ofs_y = 0},
    {.bitmap_index = 237, .adv_w = 112, .box_w = 6, .box_h = 9, .ofs_x = 0, .ofs_y = 0},
    {.bitmap_index = 244, .adv_w = 128, .box_w = 7, .box_h = 9, .ofs_x = 0, .ofs_y = 0},
    {.bitmap_index = 252, .adv_w = 112, .box_w = 6, .box_h = 9, .ofs_x = 0, .ofs_y = 0},
    {.bitmap_index = 259, .adv_w = 128, .box_w = 7, .box_h = 9, .ofs_x = 0, .ofs_y = 0},
    {.bitmap_index = 267, .adv_w = 112, .box_w = 6, .box_h = 9, .ofs_x = 0, .ofs_y = 0},
    {.bitmap_index = 274, .adv_w = 112, .box_w = 6, .box_h = 9, .ofs_x = 0, .ofs_y = 0},
    {.bitmap_index = 281, .adv_w = 128, .box_w = 7, .box_h = 9, .ofs_x = 0, .ofs_y = 0},
    {.bitmap_index = 289, .adv_w = 112, .box_w = 6, .box_h = 9, .ofs_x = 0, .ofs_y = 0},
    {.bitmap_index = 296, .adv_w = 128, .box_w = 7, .box_h = 9, .ofs_x = 0, .ofs_y = 0},
    {.bitmap_index = 304, .adv_w = 160, .box_w = 9, .box_h = 9, .ofs_x = 0, .ofs_y = 0},
    {.bitmap_index = 315, .adv_w = 128, .box_w = 7, .box_h = 9, .ofs_x = 0, .ofs_y = 0},
    {.bitmap_index = 323, .adv_w = 128, .box_w = 7, .box_h = 9, .ofs_x = 0, .ofs_y = 0},
    {.bitmap_index = 331, .adv_w = 112, .box_w = 6, .box_h = 9, .ofs_x = 0, .ofs_y = 0},
    {.bitmap_index = 338, .adv_w = 96, .box_w = 3, .box_h = 11, .ofs_x = 1, .ofs_y = -1},
    {.bitmap_index = 343, .adv_w = 96, .box_w = 5, .box_h = 11, .ofs_x = 0, .ofs_y = -1},
    {.bitmap_index = 350, .adv_w = 96, .box_w = 3, .box_h = 11, .ofs_x = 1, .ofs_y = -1},
    {.bitmap_index = 355, .adv_w = 96, .box_w = 5, .box_h = 3, .ofs_x = 0, .ofs_y = 6},
    {.bitmap_index = 357, .adv_w = 96, .box_w = 5, .box_h = 1, .ofs_x = 0, .ofs_y = -2},
    {.bitmap_index = 358, .adv_w = 80, .box_w = 2, .box_h = 2, .ofs_x = 1, .ofs_y = 7},
    {.bitmap_index = 359, .adv_w = 96, .box_w = 5, .box_h = 6, .ofs_x = 0, .ofs_y = 0},
    {.bitmap_index = 363, .adv_w = 96, .box_w = 5, .box_h = 9, .ofs_x = 0, .ofs_y = 0},
    {.bitmap_index = 369, .adv_w = 96, .box_w = 5, .box_h = 6, .ofs_x = 0, .ofs_y = 0},
    {.bitmap_index = 373, .adv_w = 96, .box_w = 5, .box_h = 9, .ofs_x = 0, .ofs_y = 0},
    {.bitmap_index = 379, .adv_w = 96, .box_w = 5, .box_h = 6, .ofs_x = 0, .ofs_y = 0},
    {.bitmap_index = 383, .adv_w = 80, .box_w = 4, .box_h = 9, .ofs_x = 0, .ofs_y = 0},
    {.bitmap_index = 388, .adv_w = 96, .box_w = 5, .box_h = 8, .ofs_x = 0, .ofs_y = -2},
    {.bitmap_index = 393, .adv_w = 96, .box_w = 5, .box_h = 9, .ofs_x = 0, .ofs_y = 0},
    {.bitmap_index = 399, .adv_w = 64, .box_w = 3, .box_h = 9, .ofs_x = 0, .ofs_y = 0},
    {.bitmap_index = 403, .adv_w = 64, .box_w = 3, .box_h = 11, .ofs_x = 0, .ofs_y = -2},
    {.bitmap_index = 408, .adv_w = 96, .box_w = 5, .box_h = 9, .ofs_x = 0, .ofs_y = 0},
    {.bitmap_index = 414, .adv_w = 64, .box_w = 3, .box_h = 9, .ofs_x = 0, .ofs_y = 0},
    {.bitmap_index = 418, .adv_w = 128, .box_w = 7, .box_h = 6, .ofs_x = 0, .ofs_y = 0},
    {.bitmap_index = 424, .adv_w = 96, .box_w = 5, .box_h = 6, .ofs_x = 0, .ofs_y = 0},
    {.bitmap_index = 428, .adv_w = 96, .box_w = 5, .box_h = 6, .ofs_x = 0, .ofs_y = 0},
    {.bitmap_index = 432, .adv_w = 96, .box_w = 5, .box_h = 8, .ofs_x = 0, .ofs_y = -2},
    {.bitmap_index = 437, .adv_w = 96, .box_w = 5, .box_h = 8, .ofs_x = 0, .ofs_y = -2},
    {.bitmap_index = 442, .adv_w = 80, .box_w = 4, .box_h = 6, .ofs_x = 0, .ofs_y = 0},
    {.bitmap_index = 445, .adv_w = 96, .box_w = 5, .box_h = 6, .ofs_x = 0, .ofs_y = 0},
    {.bitmap_index = 449, .adv_w = 80, .box_w = 4, .box_h = 9, .ofs_x = 0, .ofs_y = 0},
    {.bitmap_index = 454, .adv_w = 96, .box_w = 5, .box_h = 6, .ofs_x = 0, .ofs_y = 0},
    {.bitmap_index = 458, .adv_w = 96, .box_w = 5, .box_h = 6, .ofs_x = 0, .ofs_y = 0},
    {.bitmap_index = 462, .adv_w = 128, .box_w = 7, .box_h = 6, .ofs_x = 0, .ofs_y = 0},
    {.bitmap_index = 468, .adv_w = 96, .box_w = 5, .box_h = 6, .ofs_x = 0, .ofs_y = 0},
    {.bitmap_index = 472, .adv_w = 96, .box_w = 5, .box_h = 8, .ofs_x = 0, .ofs_y = -2},
    {.bitmap_index = 477, .adv_w = 96, .box_w = 5, .box_h = 6, .ofs_x = 0, .ofs_y = 0},
    {.bitmap_index = 481, .adv_w = 112, .box_w = 4, .box_h = 11, .ofs_x = 1, .ofs_y = -1},
    {.bitmap_index = 487, .adv_w = 64, .box_w = 1, .box_h = 11, .ofs_x = 1, .ofs_y = -1},
    {.bitmap_index = 489, .adv_w = 112, .box_w = 4, .box_h = 11, .ofs_x = 1, .ofs_y = -1},
    {.bitmap_index = 495, .adv_w = 96, .box_w = 5, .box_h = 3, .ofs_x = 0, .ofs_y = 3},
    {.bitmap_index = 497, .adv_w = 80, .box_w = 4, .box_h = 4, .ofs_x = 0, .ofs_y = 6},
    {.bitmap_index = 499, .adv_w = 192, .box_w = 2, .box_h = 2, .ofs_x = 5, .ofs_y = 3},
    {.bitmap_index = 500, .adv_w = 96, .box_w = 5, .box_h = 5, .ofs_x = 0, .ofs_y = 1},
    {.bitmap_index = 504, .adv_w = 96, .box_w = 5, .box_h = 5, .ofs_x = 0, .ofs_y = 1},
    {.bitmap_index = 508, .adv_w = 192, .box_w = 11, .box_h = 1, .ofs_x = 0, .ofs_y = 4},
    {.bitmap_index = 510, .adv_w = 192, .box_w = 2, .box_h = 4, .ofs_x = 8, .ofs_y = 6},
    {.bitmap_index = 511, .adv_w = 192, .box_w = 2, .box_h = 4, .ofs_x = 1, .ofs_y = 6},
    {.bitmap_index = 512, .adv_w = 192, .box_w = 5, .box_h = 4, .ofs_x = 5, .ofs_y = 6},
    {.bitmap_index = 515, .adv_w = 192, .box_w = 5, .box_h = 4, .ofs_x = 1, .ofs_y = 6},
    {.bitmap_index = 518, .adv_w = 192, .box_w = 10, .box_h = 2, .ofs_x = 1, .ofs_y = 3},
    {.bitmap_index = 521, .adv_w = 192, .box_w = 1, .box_h = 1, .ofs_x = 0, .ofs_y = 0},
    {.bitmap_index = 522, .adv_w = 192, .box_w = 3, .box_h = 3, .ofs_x = 1, .ofs_y = -1},
    {.bitmap_index = 524, .adv_w = 192, .box_w = 4, .box_h = 4, .ofs_x = 1, .ofs_y = -1},
    {.bitmap_index = 526, .adv_w = 192, .box_w = 5, .box_h = 6, .ofs_x = 3, .ofs_y = 2},
    {.bitmap_index = 530, .adv_w = 192, .box_w = 3, .box_h = 11, .ofs_x = 7, .ofs_y = -1},
    {.bitmap_index = 535, .adv_w = 192, .box_w = 3, .box_h = 11, .ofs_x = 1, .ofs_y = -1},
    {.bitmap_index = 540, .adv_w = 192, .box_w = 6, .box_h = 11, .ofs_x = 4, .ofs_y = -1},
    {.bitmap_index = 549, .adv_w = 192, .box_w = 6, .box_h = 11, .ofs_x = 1, .ofs_y = -1},
    {.bitmap_index = 558, .adv_w = 192, .box_w = 4, .box_h = 8, .ofs_x = 6, .ofs_y = 2},
    {.bitmap_index = 562, .adv_w = 192, .box_w = 4, .box_h = 8, .ofs_x = 1, .ofs_y = -1},
    {.bitmap_index = 566, .adv_w = 192, .box_w = 5, .box_h = 8, .ofs_x = 5, .ofs_y = 2},
    {.bitmap_index = 571, .adv_w = 192, .box_w = 5, .box_h = 8, .ofs_x = 1, .ofs_y = -1},
    {.bitmap_index = 576, .adv_w = 192, .box_w = 5, .box_h = 11, .ofs_x = 5, .ofs_y = -1},
    {.bitmap_index = 583, .adv_w = 192, .box_w = 5, .box_h = 11, .ofs_x = 1, .ofs_y = -1},
    {.bitmap_index = 590, .adv_w = 192, .box_w = 3, .box_h = 11, .ofs_x = 7, .ofs_y = -1},
    {.bitmap_index = 595, .adv_w = 192, .box_w = 3, .box_h = 11, .ofs_x = 1, .ofs_y = -1},
    {.bitmap_index = 600, .adv_w = 192, .box_w = 2, .box_h = 2, .ofs_x = 5, .ofs_y = 3},
    {.bitmap_index = 601, .adv_w = 192, .box_w = 9, .box_h = 1, .ofs_x = 1, .ofs_y = 4},
    {.bitmap_index = 603, .adv_w = 192, .box_w = 11, .box_h = 1, .ofs_x = 0, .ofs_y = 4},
    {.bitmap_index = 605, .adv_w = 192, .box_w = 11, .box_h = 11, .ofs_x = 0, .ofs_y = -1},
    {.bitmap_index = 621, .adv_w = 192, .box_w = 11, .box_h = 11, .ofs_x = 0, .ofs_y = -1},
    {.bitmap_index = 637, .adv_w = 192, .box_w = 11, .box_h = 11, .ofs_x = 0, .ofs_y = -1},
    {.bitmap_index = 653, .adv_w = 192, .box_w = 11, .box_h = 11, .ofs_x = 0, .ofs_y = -1},
    {.bitmap_index = 669, .adv_w = 192, .box_w = 11, .box_h = 11, .ofs_x = 0, .ofs_y = -1},
    {.bitmap_index = 685, .adv_w = 192, .box_w = 11, .box_h = 11, .ofs_x = 0, .ofs_y = -1},
    {.bitmap_index = 701, .adv_w = 192, .box_w = 11, .box_h = 11, .ofs_x = 0, .ofs_y = -1},
    {.bitmap_index = 717, .adv_w = 192, .box_w = 11, .box_h = 11, .ofs_x = 0, .ofs_y = -1},
    {.bitmap_index = 733, .adv_w = 192, .box_w = 11, .box_h = 11, .ofs_x = 0, .ofs_y = -1},
    {.bitmap_index = 749, .adv_w = 192, .box_w = 11, .box_h = 11, .ofs_x = 0, .ofs_y = -1},
    {.bitmap_index = 765, .adv_w = 192, .box_w = 11, .box_h = 11, .ofs_x = 0, .ofs_y = -1},
    {.bitmap_index = 781, .adv_w = 192, .box_w = 11, .box_h = 11, .ofs_x = 0, .ofs_y = -1},
    {.bitmap_index = 797, .adv_w = 192, .box_w = 11, .box_h = 11, .ofs_x = 0, .ofs_y = -1},
    {.bitmap_index = 813, .adv_w = 192, .box_w = 11, .box_h = 11, .ofs_x = 0, .ofs_y = -1},
    {.bitmap_index = 829, .adv_w = 192, .box_w = 11, .box_h = 11, .ofs_x = 0, .ofs_y = -1},
    {.bitmap_index = 845, .adv_w = 192, .box_w = 11, .box_h = 11, .ofs_x = 0, .ofs_y = -1},
    {.bitmap_index = 861, .adv_w = 192, .box_w = 11, .box_h = 11, .ofs_x = 0, .ofs_y = -1},
    {.bitmap_index = 877, .adv_w = 192, .box_w = 11, .box_h = 11, .ofs_x = 0, .ofs_y = -1},
    {.bitmap_index = 893, .adv_w = 192, .box_w = 11, .box_h = 11, .ofs_x = 0, .ofs_y = -1},
    {.bitmap_index = 909, .adv_w = 192, .box_w = 11, .box_h = 11, .ofs_x = 0, .ofs_y = -1},
    {.bitmap_index = 925, .adv_w = 192, .box_w = 11, .box_h = 11, .ofs_x = 0, .ofs_y = -1},
    {.bitmap_index = 941, .adv_w = 192, .box_w = 11, .box_h = 11, .ofs_x = 0, .ofs_y = -1},
    {.bitmap_index = 957, .adv_w = 192, .box_w = 11, .box_h = 11, .ofs_x = 0, .ofs_y = -1},
    {.bitmap_index = 973, .adv_w = 192, .box_w = 11, .box_h = 11, .ofs_x = 0, .ofs_y = -1},
    {.bitmap_index = 989, .adv_w = 192, .box_w = 9, .box_h = 11, .ofs_x = 1, .ofs_y = -1},
    {.bitmap_index = 1002, .adv_w = 192, .box_w = 11, .box_h = 11, .ofs_x = 0, .ofs_y = -1},
    {.bitmap_index = 1018, .adv_w = 192, .box_w = 11, .box_h = 11, .ofs_x = 0, .ofs_y = -1},
    {.bitmap_index = 1034, .adv_w = 192, .box_w = 11, .box_h = 11, .ofs_x = 0, .ofs_y = -1},
    {.bitmap_index = 1050, .adv_w = 192, .box_w = 11, .box_h = 11, .ofs_x = 0, .ofs_y = -1},
    {.bitmap_index = 1066, .adv_w = 192, .box_w = 11, .box_h = 11, .ofs_x = 0, .ofs_y = -1},
    {.bitmap_index = 1082, .adv_w = 192, .box_w = 11, .box_h = 11, .ofs_x = 0, .ofs_y = -1},
    {.bitmap_index = 1098, .adv_w = 192, .box_w = 11, .box_h = 11, .ofs_x = 0, .ofs_y = -1},
    {.bitmap_index = 1114, .adv_w = 192, .box_w = 11, .box_h = 11, .ofs_x = 0, .ofs_y = -1},
    {.bitmap_index = 1130, .adv_w = 192, .box_w = 11, .box_h = 11, .ofs_x = 0, .ofs_y = -1},
    {.bitmap_index = 1146, .adv_w = 192, .box_w = 11, .box_h = 11, .ofs_x = 0, .ofs_y = -1},
    {.bitmap_index = 1162, .adv_w = 192, .box_w = 11, .box_h = 11, .ofs_x = 0, .ofs_y = -1},
    {.bitmap_index = 1178, .adv_w = 192, .box_w = 11, .box_h = 11, .ofs_x = 0, .ofs_y = -1},
    {.bitmap_index = 1194, .adv_w = 192, .box_w = 11, .box_h = 11, .ofs_x = 0, .ofs_y = -1},
    {.bitmap_index = 1210, .adv_w = 192, .box_w = 11, .box_h = 11, .ofs_x = 0, .ofs_y = -1},
    {.bitmap_index = 1226, .adv_w = 192, .box_w = 11, .box_h = 11, .ofs_x = 0, .ofs_y = -1},
    {.bitmap_index = 1242, .adv_w = 192, .box_w = 11, .box_h = 11, .ofs_x = 0, .ofs_y = -1},
    {.bitmap_index = 1258, .adv_w = 192, .box_w = 11, .box_h = 11, .ofs_x = 0, .ofs_y = -1},
    {.bitmap_index = 1274, .adv_w = 192, .box_w = 11, .box_h = 11, .ofs_x = 0, .ofs_y = -1},
    {.bitmap_index = 1290, .adv_w = 192, .box_w = 11, .box_h = 11, .ofs_x = 0, .ofs_y = -1},
    {.bitmap_index = 1306, .adv_w = 192, .box_w = 11, .box_h = 11, .ofs_x = 0, .ofs_y = -1},
    {.bitmap_index = 1322, .adv_w = 192, .box_w = 11, .box_h = 11, .ofs_x = 0, .ofs_y = -1},
    {.bitmap_index = 1338, .adv_w = 192, .box_w = 11, .box_h = 11, .ofs_x = 0, .ofs_y = -1},
    {.bitmap_index = 1354, .adv_w = 192, .box_w = 11, .box_h = 11, .ofs_x = 0, .ofs_y = -1},
    {.bitmap_index = 1370, .adv_w = 192, .box_w = 11, .box_h = 11, .ofs_x = 0, .ofs_y = -1},
    {.bitmap_index = 1386, .adv_w = 192, .box_w = 11, .box_h = 11, .ofs_x = 0, .ofs_y = -1},
    {.bitmap_index = 1402, .adv_w = 192, .box_w = 11, .box_h = 11, .ofs_x = 0, .ofs_y = -1},
    {.bitmap_index = 1418, .adv_w = 192, .box_w = 11, .box_h = 11, .ofs_x = 0, .ofs_y = -1},
    {.bitmap_index = 1434, .adv_w = 192, .box_w = 11, .box_h = 11, .ofs_x = 0, .ofs_y = -1},
    {.bitmap_index = 1450, .adv_w = 192, .box_w = 11, .box_h = 11, .ofs_x = 0, .ofs_y = -1},
    {.bitmap_index = 1466, .adv_w = 192, .box_w = 10, .box_h = 11, .ofs_x = 1, .ofs_y = -1},
    {.bitmap_index = 1480, .adv_w = 192, .box_w = 11, .box_h = 11, .ofs_x = 0, .ofs_y = -1},
    {.bitmap_index = 1496, .adv_w = 192, .box_w = 11, .box_h = 11, .ofs_x = 0, .ofs_y = -1},
    {.bitmap_index = 1512, .adv_w = 192, .box_w = 11, .box_h = 11, .ofs_x = 0, .ofs_y = -1},
    {.bitmap_index = 1528, .adv_w = 192, .box_w = 11, .box_h = 11, .ofs_x = 0, .ofs_y = -1},
    {.bitmap_index = 1544, .adv_w = 192, .box_w = 11, .box_h = 11, .ofs_x = 0, .ofs_y = -1},
    {.bitmap_index = 1560, .adv_w = 192, .box_w = 11, .box_h = 11, .ofs_x = 0, .ofs_y = -1},
    {.bitmap_index = 1576, .adv_w = 192, .box_w = 9, .box_h = 11, .ofs_x = 1, .ofs_y = -1},
    {.bitmap_index = 1589, .adv_w = 192, .box_w = 11, .box_h = 11, .ofs_x = 0, .ofs_y = -1},
    {.bitmap_index = 1605, .adv_w = 192, .box_w = 11, .box_h = 11, .ofs_x = 0, .ofs_y = -1},
    {.bitmap_index = 1621, .adv_w = 192, .box_w = 11, .box_h = 11, .ofs_x = 0, .ofs_y = -1},
    {.bitmap_index = 1637, .adv_w = 192, .box_w = 11, .box_h = 9, .ofs_x = 0, .ofs_y = 0},
    {.bitmap_index = 1650, .adv_w = 192, .box_w = 11, .box_h = 11, .ofs_x = 0, .ofs_y = -1},
    {.bitmap_index = 1666, .adv_w = 192, .box_w = 11, .box_h = 11, .ofs_x = 0, .ofs_y = -1},
    {.bitmap_index = 1682, .adv_w = 192, .box_w = 11, .box_h = 11, .ofs_x = 0, .ofs_y = -1},
    {.bitmap_index = 1698, .adv_w = 192, .box_w = 11, .box_h = 11, .ofs_x = 0, .ofs_y = -1},
    {.bitmap_index = 1714, .adv_w = 192, .box_w = 11, .box_h = 11, .ofs_x = 0, .ofs_y = -1},
    {.bitmap_index = 1730, .adv_w = 192, .box_w = 11, .box_h = 11, .ofs_x = 0, .ofs_y = -1},
    {.bitmap_index = 1746, .adv_w = 192, .box_w = 11, .box_h = 11, .ofs_x = 0, .ofs_y = -1},
    {.bitmap_index = 1762, .adv_w = 192, .box_w = 11, .box_h = 11, .ofs_x = 0, .ofs_y = -1},
    {.bitmap_index = 1778, .adv_w = 192, .box_w = 11, .box_h = 11, .ofs_x = 0, .ofs_y = -1},
    {.bitmap_index = 1794, .adv_w = 192, .box_w = 11, .box_h = 11, .ofs_x = 0, .ofs_y = -1},
    {.bitmap_index = 1810, .adv_w = 192, .box_w = 11, .box_h = 11, .ofs_x = 0, .ofs_y = -1},
    {.bitmap_index = 1826, .adv_w = 192, .box_w = 11, .box_h = 11, .ofs_x = 0, .ofs_y = -1},
    {.bitmap_index = 1842, .adv_w = 192, .box_w = 11, .box_h = 11, .ofs_x = 0, .ofs_y = -1},
    {.bitmap_index = 1858, .adv_w = 192, .box_w = 11, .box_h = 11, .ofs_x = 0, .ofs_y = -1},
    {.bitmap_index = 1874, .adv_w = 192, .box_w = 11, .box_h = 11, .ofs_x = 0, .ofs_y = -1},
    {.bitmap_index = 1890, .adv_w = 192, .box_w = 11, .box_h = 11, .ofs_x = 0, .ofs_y = -1},
    {.bitmap_index = 1906, .adv_w = 192, .box_w = 11, .box_h = 11, .ofs_x = 0, .ofs_y = -1},
    {.bitmap_index = 1922, .adv_w = 192, .box_w = 11, .box_h = 11, .ofs_x = 0, .ofs_y = -1},
    {.bitmap_index = 1938, .adv_w = 192, .box_w = 11, .box_h = 11, .ofs_x = 0, .ofs_y = -1},
    {.bitmap_index = 1954, .adv_w = 192, .box_w = 11, .box_h = 11, .ofs_x = 0, .ofs_y = -1},
    {.bitmap_index = 1970, .adv_w = 192, .box_w = 11, .box_h = 11, .ofs_x = 0, .ofs_y = -1},
    {.bitmap_index = 1986, .adv_w = 192, .box_w = 11, .box_h = 11, .ofs_x = 0, .ofs_y = -1},
    {.bitmap_index = 2002, .adv_w = 192, .box_w = 11, .box_h = 11, .ofs_x = 0, .ofs_y = -1},
    {.bitmap_index = 2018, .adv_w = 192, .box_w = 11, .box_h = 11, .ofs_x = 0, .ofs_y = -1},
    {.bitmap_index = 2034, .adv_w = 192, .box_w = 11, .box_h = 11, .ofs_x = 0, .ofs_y = -1},
    {.bitmap_index = 2050, .adv_w = 192, .box_w = 11, .box_h = 11, .ofs_x = 0, .ofs_y = -1},
    {.bitmap_index = 2066, .adv_w = 192, .box_w = 11, .box_h = 11, .ofs_x = 0, .ofs_y = -1},
    {.bitmap_index = 2082, .adv_w = 192, .box_w = 11, .box_h = 11, .ofs_x = 0, .ofs_y = -1},
    {.bitmap_index = 2098, .adv_w = 192, .box_w = 11, .box_h = 11, .ofs_x = 0, .ofs_y = -1},
    {.bitmap_index = 2114, .adv_w = 192, .box_w = 11, .box_h = 11, .ofs_x = 0, .ofs_y = -1},
    {.bitmap_index = 2130, .adv_w = 192, .box_w = 11, .box_h = 11, .ofs_x = 0, .ofs_y = -1},
    {.bitmap_index = 2146, .adv_w = 192, .box_w = 11, .box_h = 11, .ofs_x = 0, .ofs_y = -1},
    {.bitmap_index = 2162, .adv_w = 192, .box_w = 11, .box_h = 11, .ofs_x = 0, .ofs_y = -1},
    {.bitmap_index = 2178, .adv_w = 192, .box_w = 11, .box_h = 11, .ofs_x = 0, .ofs_y = -1},
    {.bitmap_index = 2194, .adv_w = 192, .box_w = 11, .box_h = 11, .ofs_x = 0, .ofs_y = -1},
    {.bitmap_index = 2210, .adv_w = 192, .box_w = 11, .box_h = 11, .ofs_x = 0, .ofs_y = -1},
    {.bitmap_index = 2226, .adv_w = 192, .box_w = 11, .box_h = 11, .ofs_x = 0, .ofs_y = -1},
    {.bitmap_index = 2242, .adv_w = 192, .box_w = 11, .box_h = 11, .ofs_x = 0, .ofs_y = -1},
    {.bitmap_index = 2258, .adv_w = 192, .box_w = 11, .box_h = 11, .ofs_x = 0, .ofs_y = -1},
    {.bitmap_index = 2274, .adv_w = 192, .box_w = 11, .box_h = 11, .ofs_x = 0, .ofs_y = -1},
    {.bitmap_index = 2290, .adv_w = 192, .box_w = 11, .box_h = 11, .ofs_x = 0, .ofs_y = -1},
    {.bitmap_index = 2306, .adv_w = 192, .box_w = 11, .box_h = 11, .ofs_x = 0, .ofs_y = -1},
    {.bitmap_index = 2322, .adv_w = 192, .box_w = 11, .box_h = 11, .ofs_x = 0, .ofs_y = -1},
    {.bitmap_index = 2338, .adv_w = 192, .box_w = 10, .box_h = 11, .ofs_x = 1, .ofs_y = -1},
    {.bitmap_index = 2352, .adv_w = 192, .box_w = 11, .box_h = 11, .ofs_x = 0, .ofs_y = -1},
    {.bitmap_index = 2368, .adv_w = 192, .box_w = 11, .box_h = 11, .ofs_x = 0, .ofs_y = -1},
    {.bitmap_index = 2384, .adv_w = 192, .box_w = 11, .box_h = 11, .ofs_x = 0, .ofs_y = -1},
    {.bitmap_index = 2400, .adv_w = 192, .box_w = 11, .box_h = 11, .ofs_x = 0, .ofs_y = -1},
    {.bitmap_index = 2416, .adv_w = 192, .box_w = 11, .box_h = 11, .ofs_x = 0, .ofs_y = -1},
    {.bitmap_index = 2432, .adv_w = 192, .box_w = 11, .box_h = 11, .ofs_x = 0, .ofs_y = -1},
    {.bitmap_index = 2448, .adv_w = 192, .box_w = 11, .box_h = 11, .ofs_x = 0, .ofs_y = -1},
    {.bitmap_index = 2464, .adv_w = 192, .box_w = 11, .box_h = 11, .ofs_x = 0, .ofs_y = -1},
    {.bitmap_index = 2480, .adv_w = 192, .box_w = 11, .box_h = 11, .ofs_x = 0, .ofs_y = -1},
    {.bitmap_index = 2496, .adv_w = 192, .box_w = 11, .box_h = 11, .ofs_x = 0, .ofs_y = -1},
    {.bitmap_index = 2512, .adv_w = 192, .box_w = 11, .box_h = 11, .ofs_x = 0, .ofs_y = -1},
    {.bitmap_index = 2528, .adv_w = 192, .box_w = 11, .box_h = 11, .ofs_x = 0, .ofs_y = -1},
    {.bitmap_index = 2544, .adv_w = 192, .box_w = 11, .box_h = 11, .ofs_x = 0, .ofs_y = -1},
    {.bitmap_index = 2560, .adv_w = 192, .box_w = 11, .box_h = 11, .ofs_x = 0, .ofs_y = -1},
    {.bitmap_index = 2576, .adv_w = 192, .box_w = 11, .box_h = 11, .ofs_x = 0, .ofs_y = -1},
    {.bitmap_index = 2592, .adv_w = 192, .box_w = 11, .box_h = 11, .ofs_x = 0, .ofs_y = -1},
    {.bitmap_index = 2608, .adv_w = 192, .box_w = 11, .box_h = 11, .ofs_x = 0, .ofs_y = -1},
    {.bitmap_index = 2624, .adv_w = 192, .box_w = 11, .box_h = 11, .ofs_x = 0, .ofs_y = -1},
    {.bitmap_index = 2640, .adv_w = 192, .box_w = 11, .box_h = 11, .ofs_x = 0, .ofs_y = -1},
    {.bitmap_index = 2656, .adv_w = 192, .box_w = 11, .box_h = 11, .ofs_x = 0, .ofs_y = -1},
    {.bitmap_index = 2672, .adv_w = 192, .box_w = 11, .box_h = 11, .ofs_x = 0, .ofs_y = -1},
    {.bitmap_index = 2688, .adv_w = 192, .box_w = 11, .box_h = 11, .ofs_x = 0, .ofs_y = -1},
    {.bitmap_index = 2704, .adv_w = 192, .box_w = 11, .box_h = 11, .ofs_x = 0, .ofs_y = -1},
    {.bitmap_index = 2720, .adv_w = 192, .box_w = 11, .box_h = 11, .ofs_x = 0, .ofs_y = -1},
    {.bitmap_index = 2736, .adv_w = 192, .box_w = 11, .box_h = 11, .ofs_x = 0, .ofs_y = -1},
    {.bitmap_index = 2752, .adv_w = 192, .box_w = 11, .box_h = 11, .ofs_x = 0, .ofs_y = -1},
    {.bitmap_index = 2768, .adv_w = 192, .box_w = 11, .box_h = 11, .ofs_x = 0, .ofs_y = -1},
    {.bitmap_index = 2784, .adv_w = 192, .box_w = 11, .box_h = 11, .ofs_x = 0, .ofs_y = -1},
    {.bitmap_index = 2800, .adv_w = 192, .box_w = 11, .box_h = 11, .ofs_x = 0, .ofs_y = -1},
    {.bitmap_index = 2816, .adv_w = 192, .box_w = 11, .box_h = 11, .ofs_x = 0, .ofs_y = -1},
    {.bitmap_index = 2832, .adv_w = 192, .box_w = 11, .box_h = 11, .ofs_x = 0, .ofs_y = -1},
    {.bitmap_index = 2848, .adv_w = 192, .box_w = 11, .box_h = 11, .ofs_x = 0, .ofs_y = -1},
    {.bitmap_index = 2864, .adv_w = 192, .box_w = 11, .box_h = 11, .ofs_x = 0, .ofs_y = -1},
    {.bitmap_index = 2880, .adv_w = 192, .box_w = 11, .box_h = 11, .ofs_x = 0, .ofs_y = -1},
    {.bitmap_index = 2896, .adv_w = 192, .box_w = 11, .box_h = 11, .ofs_x = 0, .ofs_y = -1},
    {.bitmap_index = 2912, .adv_w = 192, .box_w = 11, .box_h = 11, .ofs_x = 0, .ofs_y = -1},
    {.bitmap_index = 2928, .adv_w = 192, .box_w = 11, .box_h = 11, .ofs_x = 0, .ofs_y = -1},
    {.bitmap_index = 2944, .adv_w = 192, .box_w = 11, .box_h = 11, .ofs_x = 0, .ofs_y = -1},
    {.bitmap_index = 2960, .adv_w = 192, .box_w = 11, .box_h = 11, .ofs_x = 0, .ofs_y = -1},
    {.bitmap_index = 2976, .adv_w = 192, .box_w = 11, .box_h = 11, .ofs_x = 0, .ofs_y = -1},
    {.bitmap_index = 2992, .adv_w = 192, .box_w = 11, .box_h = 11, .ofs_x = 0, .ofs_y = -1},
    {.bitmap_index = 3008, .adv_w = 192, .box_w = 11, .box_h = 11, .ofs_x = 0, .ofs_y = -1},
    {.bitmap_index = 3024, .adv_w = 192, .box_w = 11, .box_h = 11, .ofs_x = 0, .ofs_y = -1},
    {.bitmap_index = 3040, .adv_w = 192, .box_w = 11, .box_h = 11, .ofs_x = 0, .ofs_y = -1},
    {.bitmap_index = 3056, .adv_w = 192, .box_w = 11, .box_h = 11, .ofs_x = 0, .ofs_y = -1},
    {.bitmap_index = 3072, .adv_w = 192, .box_w = 11, .box_h = 11, .ofs_x = 0, .ofs_y = -1},
    {.bitmap_index = 3088, .adv_w = 192, .box_w = 11, .box_h = 11, .ofs_x = 0, .ofs_y = -1},
    {.bitmap_index = 3104, .adv_w = 192, .box_w = 11, .box_h = 11, .ofs_x = 0, .ofs_y = -1},
    {.bitmap_index = 3120, .adv_w = 192, .box_w = 11, .box_h = 11, .ofs_x = 0, .ofs_y = -1},
    {.bitmap_index = 3136, .adv_w = 192, .box_w = 11, .box_h = 11, .ofs_x = 0, .ofs_y = -1},
    {.bitmap_index = 3152, .adv_w = 192, .box_w = 11, .box_h = 11, .ofs_x = 0, .ofs_y = -1},
    {.bitmap_index = 3168, .adv_w = 192, .box_w = 11, .box_h = 11, .ofs_x = 0, .ofs_y = -1},
    {.bitmap_index = 3184, .adv_w = 192, .box_w = 11, .box_h = 11, .ofs_x = 0, .ofs_y = -1},
    {.bitmap_index = 3200, .adv_w = 192, .box_w = 11, .box_h = 11, .ofs_x = 0, .ofs_y = -1},
    {.bitmap_index = 3216, .adv_w = 192, .box_w = 11, .box_h = 11, .ofs_x = 0, .ofs_y = -1},
    {.bitmap_index = 3232, .adv_w = 192, .box_w = 11, .box_h = 11, .ofs_x = 0, .ofs_y = -1},
    {.bitmap_index = 3248, .adv_w = 192, .box_w = 11, .box_h = 11, .ofs_x = 0, .ofs_y = -1},
    {.bitmap_index = 3264, .adv_w = 192, .box_w = 11, .box_h = 11, .ofs_x = 0, .ofs_y = -1},
    {.bitmap_index = 3280, .adv_w = 192, .box_w = 11, .box_h = 11, .ofs_x = 0, .ofs_y = -1},
    {.bitmap_index = 3296, .adv_w = 192, .box_w = 11, .box_h = 11, .ofs_x = 0, .ofs_y = -1},
    {.bitmap_index = 3312, .adv_w = 192, .box_w = 11, .box_h = 11, .ofs_x = 0, .ofs_y = -1},
    {.bitmap_index = 3328, .adv_w = 192, .box_w = 11, .box_h = 11, .ofs_x = 0, .ofs_y = -1},
    {.bitmap_index = 3344, .adv_w = 192, .box_w = 11, .box_h = 11, .ofs_x = 0, .ofs_y = -1},
    {.bitmap_index = 3360, .adv_w = 192, .box_w = 11, .box_h = 11, .ofs_x = 0, .ofs_y = -1},
    {.bitmap_index = 3376, .adv_w = 192, .box_w = 11, .box_h = 11, .ofs_x = 0, .ofs_y = -1},
    {.bitmap_index = 3392, .adv_w = 192, .box_w = 11, .box_h = 11, .ofs_x = 0, .ofs_y = -1},
    {.bitmap_index = 3408, .adv_w = 192, .box_w = 11, .box_h = 11, .ofs_x = 0, .ofs_y = -1},
    {.bitmap_index = 3424, .adv_w = 192, .box_w = 11, .box_h = 11, .ofs_x = 0, .ofs_y = -1},
    {.bitmap_index = 3440, .adv_w = 192, .box_w = 11, .box_h = 11, .ofs_x = 0, .ofs_y = -1},
    {.bitmap_index = 3456, .adv_w = 192, .box_w = 11, .box_h = 11, .ofs_x = 0, .ofs_y = -1},
    {.bitmap_index = 3472, .adv_w = 192, .box_w = 11, .box_h = 11, .ofs_x = 0, .ofs_y = -1},
    {.bitmap_index = 3488, .adv_w = 192, .box_w = 11, .box_h = 11, .ofs_x = 0, .ofs_y = -1},
    {.bitmap_index = 3504, .adv_w = 192, .box_w = 11, .box_h = 11, .ofs_x = 0, .ofs_y = -1},
    {.bitmap_index = 3520, .adv_w = 192, .box_w = 11, .box_h = 11, .ofs_x = 0, .ofs_y = -1},
    {.bitmap_index = 3536, .adv_w = 192, .box_w = 11, .box_h = 11, .ofs_x = 0, .ofs_y = -1},
    {.bitmap_index = 3552, .adv_w = 192, .box_w = 11, .box_h = 11, .ofs_x = 0, .ofs_y = -1},
    {.bitmap_index = 3568, .adv_w = 192, .box_w = 11, .box_h = 11, .ofs_x = 0, .ofs_y = -1},
    {.bitmap_index = 3584, .adv_w = 192, .box_w = 11, .box_h = 11, .ofs_x = 0, .ofs_y = -1},
    {.bitmap_index = 3600, .adv_w = 192, .box_w = 11, .box_h = 11, .ofs_x = 0, .ofs_y = -1},
    {.bitmap_index = 3616, .adv_w = 192, .box_w = 11, .box_h = 11, .ofs_x = 0, .ofs_y = -1},
    {.bitmap_index = 3632, .adv_w = 192, .box_w = 11, .box_h = 11, .ofs_x = 0, .ofs_y = -1},
    {.bitmap_index = 3648, .adv_w = 192, .box_w = 11, .box_h = 11, .ofs_x = 0, .ofs_y = -1},
    {.bitmap_index = 3664, .adv_w = 192, .box_w = 11, .box_h = 11, .ofs_x = 0, .ofs_y = -1},
    {.bitmap_index = 3680, .adv_w = 192, .box_w = 11, .box_h = 11, .ofs_x = 0, .ofs_y = -1},
    {.bitmap_index = 3696, .adv_w = 192, .box_w = 11, .box_h = 11, .ofs_x = 0, .ofs_y = -1},
    {.bitmap_index = 3712, .adv_w = 192, .box_w = 11, .box_h = 11, .ofs_x = 0, .ofs_y = -1},
    {.bitmap_index = 3728, .adv_w = 192, .box_w = 11, .box_h = 11, .ofs_x = 0, .ofs_y = -1},
    {.bitmap_index = 3744, .adv_w = 192, .box_w = 11, .box_h = 11, .ofs_x = 0, .ofs_y = -1},
    {.bitmap_index = 3760, .adv_w = 192, .box_w = 11, .box_h = 11, .ofs_x = 0, .ofs_y = -1},
    {.bitmap_index = 3776, .adv_w = 192, .box_w = 11, .box_h = 11, .ofs_x = 0, .ofs_y = -1},
    {.bitmap_index = 3792, .adv_w = 192, .box_w = 11, .box_h = 11, .ofs_x = 0, .ofs_y = -1},
    {.bitmap_index = 3808, .adv_w = 192, .box_w = 11, .box_h = 11, .ofs_x = 0, .ofs_y = -1},
    {.bitmap_index = 3824, .adv_w = 192, .box_w = 11, .box_h = 11, .ofs_x = 0, .ofs_y = -1},
    {.bitmap_index = 3840, .adv_w = 192, .box_w = 11, .box_h = 11, .ofs_x = 0, .ofs_y = -1},
    {.bitmap_index = 3856, .adv_w = 192, .box_w = 11, .box_h = 11, .ofs_x = 0, .ofs_y = -1},
    {.bitmap_index = 3872, .adv_w = 192, .box_w = 11, .box_h = 11, .ofs_x = 0, .ofs_y = -1},
    {.bitmap_index = 3888, .adv_w = 192, .box_w = 11, .box_h = 11, .ofs_x = 0, .ofs_y = -1},
    {.bitmap_index = 3904, .adv_w = 192, .box_w = 11, .box_h = 11, .ofs_x = 0, .ofs_y = -1},
    {.bitmap_index = 3920, .adv_w = 192, .box_w = 11, .box_h = 11, .ofs_x = 0, .ofs_y = -1},
    {.bitmap_index = 3936, .adv_w = 192, .box_w = 11, .box_h = 11, .ofs_x = 0, .ofs_y = -1},
    {.bitmap_index = 3952, .adv_w = 192, .box_w = 11, .box_h = 11, .ofs_x = 0, .ofs_y = -1},
    {.bitmap_index = 3968, .adv_w = 192, .box_w = 11, .box_h = 11, .ofs_x = 0, .ofs_y = -1},
    {.bitmap_index = 3984, .adv_w = 192, .box_w = 11, .box_h = 11, .ofs_x = 0, .ofs_y = -1},
    {.bitmap_index = 4000, .adv_w = 192, .box_w = 11, .box_h = 11, .ofs_x = 0, .ofs_y = -1},
    {.bitmap_index = 4016, .adv_w = 192, .box_w = 11, .box_h = 11, .ofs_x = 0, .ofs_y = -1},
    {.bitmap_index = 4032, .adv_w = 192, .box_w = 11, .box_h = 11, .ofs_x = 0, .ofs_y = -1},
    {.bitmap_index = 4048, .adv_w = 192, .box_w = 11, .box_h = 11, .ofs_x = 0, .ofs_y = -1},
    {.bitmap_index = 4064, .adv_w = 192, .box_w = 11, .box_h = 11, .ofs_x = 0, .ofs_y = -1},
    {.bitmap_index = 4080, .adv_w = 192, .box_w = 11, .box_h = 11, .ofs_x = 0, .ofs_y = -1},
    {.bitmap_index = 4096, .adv_w = 192, .box_w = 11, .box_h = 11, .ofs_x = 0, .ofs_y = -1},
    {.bitmap_index = 4112, .adv_w = 192, .box_w = 11, .box_h = 11, .ofs_x = 0, .ofs_y = -1},
    {.bitmap_index = 4128, .adv_w = 192, .box_w = 11, .box_h = 11, .ofs_x = 0, .ofs_y = -1},
    {.bitmap_index = 4144, .adv_w = 192, .box_w = 11, .box_h = 11, .ofs_x = 0, .ofs_y = -1},
    {.bitmap_index = 4160, .adv_w = 192, .box_w = 11, .box_h = 11, .ofs_x = 0, .ofs_y = -1},
    {.bitmap_index = 4176, .adv_w = 192, .box_w = 11, .box_h = 11, .ofs_x = 0, .ofs_y = -1},
    {.bitmap_index = 4192, .adv_w = 192, .box_w = 11, .box_h = 11, .ofs_x = 0, .ofs_y = -1},
    {.bitmap_index = 4208, .adv_w = 192, .box_w = 11, .box_h = 11, .ofs_x = 0, .ofs_y = -1},
    {.bitmap_index = 4224, .adv_w = 192, .box_w = 11, .box_h = 11, .ofs_x = 0, .ofs_y = -1},
    {.bitmap_index = 4240, .adv_w = 192, .box_w = 11, .box_h = 11, .ofs_x = 0, .ofs_y = -1},
    {.bitmap_index = 4256, .adv_w = 192, .box_w = 11, .box_h = 11, .ofs_x = 0, .ofs_y = -1},
    {.bitmap_index = 4272, .adv_w = 192, .box_w = 11, .box_h = 11, .ofs_x = 0, .ofs_y = -1},
    {.bitmap_index = 4288, .adv_w = 192, .box_w = 11, .box_h = 11, .ofs_x = 0, .ofs_y = -1},
    {.bitmap_index = 4304, .adv_w = 192, .box_w = 11, .box_h = 11, .ofs_x = 0, .ofs_y = -1},
    {.bitmap_index = 4320, .adv_w = 192, .box_w = 11, .box_h = 11, .ofs_x = 0, .ofs_y = -1},
    {.bitmap_index = 4336, .adv_w = 192, .box_w = 11, .box_h = 11, .ofs_x = 0, .ofs_y = -1},
    {.bitmap_index = 4352, .adv_w = 192, .box_w = 11, .box_h = 11, .ofs_x = 0, .ofs_y = -1},
    {.bitmap_index = 4368, .adv_w = 192, .box_w = 11, .box_h = 11, .ofs_x = 0, .ofs_y = -1},
    {.bitmap_index = 4384, .adv_w = 192, .box_w = 11, .box_h = 11, .ofs_x = 0, .ofs_y = -1},
    {.bitmap_index = 4400, .adv_w = 192, .box_w = 11, .box_h = 11, .ofs_x = 0, .ofs_y = -1},
    {.bitmap_index = 4416, .adv_w = 192, .box_w = 11, .box_h = 11, .ofs_x = 0, .ofs_y = -1},
    {.bitmap_index = 4432, .adv_w = 192, .box_w = 11, .box_h = 11, .ofs_x = 0, .ofs_y = -1},
    {.bitmap_index = 4448, .adv_w = 192, .box_w = 11, .box_h = 11, .ofs_x = 0, .ofs_y = -1},
    {.bitmap_index = 4464, .adv_w = 192, .box_w = 11, .box_h = 11, .ofs_x = 0, .ofs_y = -1},
    {.bitmap_index = 4480, .adv_w = 192, .box_w = 11, .box_h = 11, .ofs_x = 0, .ofs_y = -1},
    {.bitmap_index = 4496, .adv_w = 192, .box_w = 11, .box_h = 11, .ofs_x = 0, .ofs_y = -1},
    {.bitmap_index = 4512, .adv_w = 192, .box_w = 11, .box_h = 11, .ofs_x = 0, .ofs_y = -1},
    {.bitmap_index = 4528, .adv_w = 192, .box_w = 11, .box_h = 11, .ofs_x = 0, .ofs_y = -1},
    {.bitmap_index = 4544, .adv_w = 192, .box_w = 11, .box_h = 11, .ofs_x = 0, .ofs_y = -1},
    {.bitmap_index = 4560, .adv_w = 192, .box_w = 11, .box_h = 11, .ofs_x = 0, .ofs_y = -1},
    {.bitmap_index = 4576, .adv_w = 192, .box_w = 11, .box_h = 11, .ofs_x = 0, .ofs_y = -1},
    {.bitmap_index = 4592, .adv_w = 192, .box_w = 11, .box_h = 11, .ofs_x = 0, .ofs_y = -1},
    {.bitmap_index = 4608, .adv_w = 192, .box_w = 11, .box_h = 11, .ofs_x = 0, .ofs_y = -1},
    {.bitmap_index = 4624, .adv_w = 192, .box_w = 11, .box_h = 11, .ofs_x = 0, .ofs_y = -1},
    {.bitmap_index = 4640, .adv_w = 192, .box_w = 11, .box_h = 11, .ofs_x = 0, .ofs_y = -1},
    {.bitmap_index = 4656, .adv_w = 192, .box_w = 11, .box_h = 11, .ofs_x = 0, .ofs_y = -1},
    {.bitmap_index = 4672, .adv_w = 192, .box_w = 11, .box_h = 11, .ofs_x = 0, .ofs_y = -1},
    {.bitmap_index = 4688, .adv_w = 192, .box_w = 11, .box_h = 11, .ofs_x = 0, .ofs_y = -1},
    {.bitmap_index = 4704, .adv_w = 192, .box_w = 11, .box_h = 11, .ofs_x = 0, .ofs_y = -1},
    {.bitmap_index = 4720, .adv_w = 192, .box_w = 11, .box_h = 11, .ofs_x = 0, .ofs_y = -1},
    {.bitmap_index = 4736, .adv_w = 192, .box_w = 11, .box_h = 11, .ofs_x = 0, .ofs_y = -1},
    {.bitmap_index = 4752, .adv_w = 192, .box_w = 11, .box_h = 11, .ofs_x = 0, .ofs_y = -1},
    {.bitmap_index = 4768, .adv_w = 192, .box_w = 11, .box_h = 11, .ofs_x = 0, .ofs_y = -1},
    {.bitmap_index = 4784, .adv_w = 192, .box_w = 11, .box_h = 11, .ofs_x = 0, .ofs_y = -1},
    {.bitmap_index = 4800, .adv_w = 192, .box_w = 11, .box_h = 11, .ofs_x = 0, .ofs_y = -1},
    {.bitmap_index = 4816, .adv_w = 192, .box_w = 11, .box_h = 11, .ofs_x = 0, .ofs_y = -1},
    {.bitmap_index = 4832, .adv_w = 192, .box_w = 11, .box_h = 11, .ofs_x = 0, .ofs_y = -1},
    {.bitmap_index = 4848, .adv_w = 192, .box_w = 11, .box_h = 11, .ofs_x = 0, .ofs_y = -1},
    {.bitmap_index = 4864, .adv_w = 192, .box_w = 11, .box_h = 11, .ofs_x = 0, .ofs_y = -1},
    {.bitmap_index = 4880, .adv_w = 192, .box_w = 11, .box_h = 11, .ofs_x = 0, .ofs_y = -1},
    {.bitmap_index = 4896, .adv_w = 192, .box_w = 11, .box_h = 11, .ofs_x = 0, .ofs_y = -1},
    {.bitmap_index = 4912, .adv_w = 192, .box_w = 11, .box_h = 11, .ofs_x = 0, .ofs_y = -1},
    {.bitmap_index = 4928, .adv_w = 192, .box_w = 11, .box_h = 11, .ofs_x = 0, .ofs_y = -1},
    {.bitmap_index = 4944, .adv_w = 192, .box_w = 11, .box_h = 11, .ofs_x = 0, .ofs_y = -1},
    {.bitmap_index = 4960, .adv_w = 192, .box_w = 11, .box_h = 11, .ofs_x = 0, .ofs_y = -1},
    {.bitmap_index = 4976, .adv_w = 192, .box_w = 11, .box_h = 11, .ofs_x = 0, .ofs_y = -1},
    {.bitmap_index = 4992, .adv_w = 192, .box_w = 11, .box_h = 11, .ofs_x = 0, .ofs_y = -1},
    {.bitmap_index = 5008, .adv_w = 192, .box_w = 11, .box_h = 11, .ofs_x = 0, .ofs_y = -1},
    {.bitmap_index = 5024, .adv_w = 192, .box_w = 11, .box_h = 11, .ofs_x = 0, .ofs_y = -1},
    {.bitmap_index = 5040, .adv_w = 192, .box_w = 11, .box_h = 11, .ofs_x = 0, .ofs_y = -1},
    {.bitmap_index = 5056, .adv_w = 192, .box_w = 11, .box_h = 11, .ofs_x = 0, .ofs_y = -1},
    {.bitmap_index = 5072, .adv_w = 192, .box_w = 11, .box_h = 11, .ofs_x = 0, .ofs_y = -1},
    {.bitmap_index = 5088, .adv_w = 192, .box_w = 11, .box_h = 11, .ofs_x = 0, .ofs_y = -1},
    {.bitmap_index = 5104, .adv_w = 192, .box_w = 11, .box_h = 11, .ofs_x = 0, .ofs_y = -1},
    {.bitmap_index = 5120, .adv_w = 192, .box_w = 11, .box_h = 11, .ofs_x = 0, .ofs_y = -1},
    {.bitmap_index = 5136, .adv_w = 192, .box_w = 11, .box_h = 11, .ofs_x = 0, .ofs_y = -1},
    {.bitmap_index = 5152, .adv_w = 192, .box_w = 11, .box_h = 11, .ofs_x = 0, .ofs_y = -1},
    {.bitmap_index = 5168, .adv_w = 192, .box_w = 11, .box_h = 11, .ofs_x = 0, .ofs_y = -1},
    {.bitmap_index = 5184, .adv_w = 192, .box_w = 11, .box_h = 11, .ofs_x = 0, .ofs_y = -1},
    {.bitmap_index = 5200, .adv_w = 192, .box_w = 11, .box_h = 11, .ofs_x = 0, .ofs_y = -1},
    {.bitmap_index = 5216, .adv_w = 192, .box_w = 11, .box_h = 11, .ofs_x = 0, .ofs_y = -1},
    {.bitmap_index = 5232, .adv_w = 192, .box_w = 11, .box_h = 11, .ofs_x = 0, .ofs_y = -1},
    {.bitmap_index = 5248, .adv_w = 192, .box_w = 11, .box_h = 11, .ofs_x = 0, .ofs_y = -1},
    {.bitmap_index = 5264, .adv_w = 192, .box_w = 11, .box_h = 11, .ofs_x = 0, .ofs_y = -1},
    {.bitmap_index = 5280, .adv_w = 192, .box_w = 11, .box_h = 11, .ofs_x = 0, .ofs_y = -1},
    {.bitmap_index = 5296, .adv_w = 192, .box_w = 11, .box_h = 11, .ofs_x = 0, .ofs_y = -1},
    {.bitmap_index = 5312, .adv_w = 192, .box_w = 11, .box_h = 11, .ofs_x = 0, .ofs_y = -1},
    {.bitmap_index = 5328, .adv_w = 192, .box_w = 11, .box_h = 11, .ofs_x = 0, .ofs_y = -1},
    {.bitmap_index = 5344, .adv_w = 192, .box_w = 11, .box_h = 11, .ofs_x = 0, .ofs_y = -1},
    {.bitmap_index = 5360, .adv_w = 192, .box_w = 11, .box_h = 11, .ofs_x = 0, .ofs_y = -1},
    {.bitmap_index = 5376, .adv_w = 192, .box_w = 11, .box_h = 11, .ofs_x = 0, .ofs_y = -1},
    {.bitmap_index = 5392, .adv_w = 192, .box_w = 11, .box_h = 11, .ofs_x = 0, .ofs_y = -1},
    {.bitmap_index = 5408, .adv_w = 192, .box_w = 11, .box_h = 11, .ofs_x = 0, .ofs_y = -1},
    {.bitmap_index = 5424, .adv_w = 192, .box_w = 11, .box_h = 11, .ofs_x = 0, .ofs_y = -1},
    {.bitmap_index = 5440, .adv_w = 192, .box_w = 11, .box_h = 11, .ofs_x = 0, .ofs_y = -1},
    {.bitmap_index = 5456, .adv_w = 192, .box_w = 11, .box_h = 11, .ofs_x = 0, .ofs_y = -1},
    {.bitmap_index = 5472, .adv_w = 192, .box_w = 11, .box_h = 11, .ofs_x = 0, .ofs_y = -1},
    {.bitmap_index = 5488, .adv_w = 192, .box_w = 11, .box_h = 11, .ofs_x = 0, .ofs_y = -1},
    {.bitmap_index = 5504, .adv_w = 192, .box_w = 11, .box_h = 11, .ofs_x = 0, .ofs_y = -1},
    {.bitmap_index = 5520, .adv_w = 192, .box_w = 11, .box_h = 11, .ofs_x = 0, .ofs_y = -1},
    {.bitmap_index = 5536, .adv_w = 192, .box_w = 11, .box_h = 11, .ofs_x = 0, .ofs_y = -1},
    {.bitmap_index = 5552, .adv_w = 192, .box_w = 11, .box_h = 11, .ofs_x = 0, .ofs_y = -1},
    {.bitmap_index = 5568, .adv_w = 192, .box_w = 11, .box_h = 11, .ofs_x = 0, .ofs_y = -1},
    {.bitmap_index = 5584, .adv_w = 192, .box_w = 11, .box_h = 11, .ofs_x = 0, .ofs_y = -1},
    {.bitmap_index = 5600, .adv_w = 192, .box_w = 11, .box_h = 11, .ofs_x = 0, .ofs_y = -1},
    {.bitmap_index = 5616, .adv_w = 192, .box_w = 11, .box_h = 11, .ofs_x = 0, .ofs_y = -1},
    {.bitmap_index = 5632, .adv_w = 192, .box_w = 10, .box_h = 11, .ofs_x = 1, .ofs_y = -1},
    {.bitmap_index = 5646, .adv_w = 192, .box_w = 11, .box_h = 11, .ofs_x = 0, .ofs_y = -1},
    {.bitmap_index = 5662, .adv_w = 192, .box_w = 11, .box_h = 11, .ofs_x = 0, .ofs_y = -1},
    {.bitmap_index = 5678, .adv_w = 192, .box_w = 11, .box_h = 11, .ofs_x = 0, .ofs_y = -1},
    {.bitmap_index = 5694, .adv_w = 192, .box_w = 11, .box_h = 11, .ofs_x = 0, .ofs_y = -1},
    {.bitmap_index = 5710, .adv_w = 192, .box_w = 11, .box_h = 11, .ofs_x = 0, .ofs_y = -1},
    {.bitmap_index = 5726, .adv_w = 192, .box_w = 11, .box_h = 11, .ofs_x = 0, .ofs_y = -1},
    {.bitmap_index = 5742, .adv_w = 192, .box_w = 11, .box_h = 11, .ofs_x = 0, .ofs_y = -1},
    {.bitmap_index = 5758, .adv_w = 192, .box_w = 11, .box_h = 11, .ofs_x = 0, .ofs_y = -1},
    {.bitmap_index = 5774, .adv_w = 192, .box_w = 11, .box_h = 11, .ofs_x = 0, .ofs_y = -1},
    {.bitmap_index = 5790, .adv_w = 192, .box_w = 11, .box_h = 11, .ofs_x = 0, .ofs_y = -1},
    {.bitmap_index = 5806, .adv_w = 192, .box_w = 11, .box_h = 11, .ofs_x = 0, .ofs_y = -1},
    {.bitmap_index = 5822, .adv_w = 192, .box_w = 11, .box_h = 11, .ofs_x = 0, .ofs_y = -1},
    {.bitmap_index = 5838, .adv_w = 192, .box_w = 11, .box_h = 11, .ofs_x = 0, .ofs_y = -1},
    {.bitmap_index = 5854, .adv_w = 192, .box_w = 11, .box_h = 11, .ofs_x = 0, .ofs_y = -1},
    {.bitmap_index = 5870, .adv_w = 192, .box_w = 11, .box_h = 11, .ofs_x = 0, .ofs_y = -1},
    {.bitmap_index = 5886, .adv_w = 192, .box_w = 11, .box_h = 11, .ofs_x = 0, .ofs_y = -1},
    {.bitmap_index = 5902, .adv_w = 192, .box_w = 11, .box_h = 11, .ofs_x = 0, .ofs_y = -1},
    {.bitmap_index = 5918, .adv_w = 192, .box_w = 11, .box_h = 11, .ofs_x = 0, .ofs_y = -1},
    {.bitmap_index = 5934, .adv_w = 192, .box_w = 11, .box_h = 11, .ofs_x = 0, .ofs_y = -1},
    {.bitmap_index = 5950, .adv_w = 192, .box_w = 11, .box_h = 11, .ofs_x = 0, .ofs_y = -1},
    {.bitmap_index = 5966, .adv_w = 192, .box_w = 11, .box_h = 11, .ofs_x = 0, .ofs_y = -1},
    {.bitmap_index = 5982, .adv_w = 192, .box_w = 11, .box_h = 11, .ofs_x = 0, .ofs_y = -1},
    {.bitmap_index = 5998, .adv_w = 192, .box_w = 11, .box_h = 11, .ofs_x = 0, .ofs_y = -1},
    {.bitmap_index = 6014, .adv_w = 192, .box_w = 11, .box_h = 11, .ofs_x = 0, .ofs_y = -1},
    {.bitmap_index = 6030, .adv_w = 192, .box_w = 11, .box_h = 11, .ofs_x = 0, .ofs_y = -1},
    {.bitmap_index = 6046, .adv_w = 192, .box_w = 11, .box_h = 11, .ofs_x = 0, .ofs_y = -1},
    {.bitmap_index = 6062, .adv_w = 192, .box_w = 11, .box_h = 11, .ofs_x = 0, .ofs_y = -1},
    {.bitmap_index = 6078, .adv_w = 192, .box_w = 11, .box_h = 11, .ofs_x = 0, .ofs_y = -1},
    {.bitmap_index = 6094, .adv_w = 192, .box_w = 11, .box_h = 11, .ofs_x = 0, .ofs_y = -1},
    {.bitmap_index = 6110, .adv_w = 192, .box_w = 11, .box_h = 11, .ofs_x = 0, .ofs_y = -1},
    {.bitmap_index = 6126, .adv_w = 192, .box_w = 11, .box_h = 11, .ofs_x = 0, .ofs_y = -1},
    {.bitmap_index = 6142, .adv_w = 192, .box_w = 11, .box_h = 11, .ofs_x = 0, .ofs_y = -1},
    {.bitmap_index = 6158, .adv_w = 192, .box_w = 11, .box_h = 11, .ofs_x = 0, .ofs_y = -1},
    {.bitmap_index = 6174, .adv_w = 192, .box_w = 11, .box_h = 11, .ofs_x = 0, .ofs_y = -1},
    {.bitmap_index = 6190, .adv_w = 192, .box_w = 11, .box_h = 11, .ofs_x = 0, .ofs_y = -1},
    {.bitmap_index = 6206, .adv_w = 192, .box_w = 11, .box_h = 11, .ofs_x = 0, .ofs_y = -1},
    {.bitmap_index = 6222, .adv_w = 192, .box_w = 11, .box_h = 11, .ofs_x = 0, .ofs_y = -1},
    {.bitmap_index = 6238, .adv_w = 192, .box_w = 11, .box_h = 11, .ofs_x = 0, .ofs_y = -1},
    {.bitmap_index = 6254, .adv_w = 192, .box_w = 11, .box_h = 11, .ofs_x = 0, .ofs_y = -1},
    {.bitmap_index = 6270, .adv_w = 192, .box_w = 11, .box_h = 11, .ofs_x = 0, .ofs_y = -1},
    {.bitmap_index = 6286, .adv_w = 192, .box_w = 11, .box_h = 11, .ofs_x = 0, .ofs_y = -1},
    {.bitmap_index = 6302, .adv_w = 192, .box_w = 11, .box_h = 11, .ofs_x = 0, .ofs_y = -1},
    {.bitmap_index = 6318, .adv_w = 192, .box_w = 11, .box_h = 11, .ofs_x = 0, .ofs_y = -1},
    {.bitmap_index = 6334, .adv_w = 192, .box_w = 11, .box_h = 11, .ofs_x = 0, .ofs_y = -1},
    {.bitmap_index = 6350, .adv_w = 192, .box_w = 11, .box_h = 11, .ofs_x = 0, .ofs_y = -1},
    {.bitmap_index = 6366, .adv_w = 192, .box_w = 11, .box_h = 11, .ofs_x = 0, .ofs_y = -1},
    {.bitmap_index = 6382, .adv_w = 192, .box_w = 11, .box_h = 11, .ofs_x = 0, .ofs_y = -1},
    {.bitmap_index = 6398, .adv_w = 192, .box_w = 11, .box_h = 11, .ofs_x = 0, .ofs_y = -1},
    {.bitmap_index = 6414, .adv_w = 192, .box_w = 11, .box_h = 11, .ofs_x = 0, .ofs_y = -1},
    {.bitmap_index = 6430, .adv_w = 192, .box_w = 11, .box_h = 11, .ofs_x = 0, .ofs_y = -1},
    {.bitmap_index = 6446, .adv_w = 192, .box_w = 11, .box_h = 11, .ofs_x = 0, .ofs_y = -1},
    {.bitmap_index = 6462, .adv_w = 192, .box_w = 11, .box_h = 11, .ofs_x = 0, .ofs_y = -1},
    {.bitmap_index = 6478, .adv_w = 192, .box_w = 11, .box_h = 11, .ofs_x = 0, .ofs_y = -1},
    {.bitmap_index = 6494, .adv_w = 192, .box_w = 11, .box_h = 11, .ofs_x = 0, .ofs_y = -1},
    {.bitmap_index = 6510, .adv_w = 192, .box_w = 11, .box_h = 11, .ofs_x = 0, .ofs_y = -1},
    {.bitmap_index = 6526, .adv_w = 192, .box_w = 11, .box_h = 11, .ofs_x = 0, .ofs_y = -1},
    {.bitmap_index = 6542, .adv_w = 192, .box_w = 11, .box_h = 11, .ofs_x = 0, .ofs_y = -1},
    {.bitmap_index = 6558, .adv_w = 192, .box_w = 11, .box_h = 11, .ofs_x = 0, .ofs_y = -1},
    {.bitmap_index = 6574, .adv_w = 192, .box_w = 11, .box_h = 11, .ofs_x = 0, .ofs_y = -1},
    {.bitmap_index = 6590, .adv_w = 192, .box_w = 11, .box_h = 11, .ofs_x = 0, .ofs_y = -1},
    {.bitmap_index = 6606, .adv_w = 192, .box_w = 11, .box_h = 11, .ofs_x = 0, .ofs_y = -1},
    {.bitmap_index = 6622, .adv_w = 192, .box_w = 11, .box_h = 11, .ofs_x = 0, .ofs_y = -1},
    {.bitmap_index = 6638, .adv_w = 192, .box_w = 11, .box_h = 11, .ofs_x = 0, .ofs_y = -1},
    {.bitmap_index = 6654, .adv_w = 192, .box_w = 11, .box_h = 11, .ofs_x = 0, .ofs_y = -1},
    {.bitmap_index = 6670, .adv_w = 192, .box_w = 11, .box_h = 11, .ofs_x = 0, .ofs_y = -1},
    {.bitmap_index = 6686, .adv_w = 192, .box_w = 11, .box_h = 11, .ofs_x = 0, .ofs_y = -1},
    {.bitmap_index = 6702, .adv_w = 192, .box_w = 11, .box_h = 11, .ofs_x = 0, .ofs_y = -1},
    {.bitmap_index = 6718, .adv_w = 192, .box_w = 11, .box_h = 11, .ofs_x = 0, .ofs_y = -1},
    {.bitmap_index = 6734, .adv_w = 192, .box_w = 11, .box_h = 11, .ofs_x = 0, .ofs_y = -1},
    {.bitmap_index = 6750, .adv_w = 192, .box_w = 11, .box_h = 11, .ofs_x = 0, .ofs_y = -1},
    {.bitmap_index = 6766, .adv_w = 192, .box_w = 11, .box_h = 11, .ofs_x = 0, .ofs_y = -1},
    {.bitmap_index = 6782, .adv_w = 192, .box_w = 11, .box_h = 11, .ofs_x = 0, .ofs_y = -1},
    {.bitmap_index = 6798, .adv_w = 192, .box_w = 11, .box_h = 11, .ofs_x = 0, .ofs_y = -1},
    {.bitmap_index = 6814, .adv_w = 192, .box_w = 11, .box_h = 11, .ofs_x = 0, .ofs_y = -1},
    {.bitmap_index = 6830, .adv_w = 192, .box_w = 11, .box_h = 11, .ofs_x = 0, .ofs_y = -1},
    {.bitmap_index = 6846, .adv_w = 192, .box_w = 11, .box_h = 11, .ofs_x = 0, .ofs_y = -1},
    {.bitmap_index = 6862, .adv_w = 192, .box_w = 11, .box_h = 11, .ofs_x = 0, .ofs_y = -1},
    {.bitmap_index = 6878, .adv_w = 192, .box_w = 11, .box_h = 11, .ofs_x = 0, .ofs_y = -1},
    {.bitmap_index = 6894, .adv_w = 192, .box_w = 11, .box_h = 11, .ofs_x = 0, .ofs_y = -1},
    {.bitmap_index = 6910, .adv_w = 192, .box_w = 11, .box_h = 11, .ofs_x = 0, .ofs_y = -1},
    {.bitmap_index = 6926, .adv_w = 192, .box_w = 11, .box_h = 11, .ofs_x = 0, .ofs_y = -1},
    {.bitmap_index = 6942, .adv_w = 192, .box_w = 11, .box_h = 11, .ofs_x = 0, .ofs_y = -1},
    {.bitmap_index = 6958, .adv_w = 192, .box_w = 11, .box_h = 11, .ofs_x = 0, .ofs_y = -1},
    {.bitmap_index = 6974, .adv_w = 192, .box_w = 11, .box_h = 11, .ofs_x = 0, .ofs_y = -1},
    {.bitmap_index = 6990, .adv_w = 192, .box_w = 11, .box_h = 11, .ofs_x = 0, .ofs_y = -1},
    {.bitmap_index = 7006, .adv_w = 192, .box_w = 11, .box_h = 11, .ofs_x = 0, .ofs_y = -1},
    {.bitmap_index = 7022, .adv_w = 192, .box_w = 11, .box_h = 11, .ofs_x = 0, .ofs_y = -1},
    {.bitmap_index = 7038, .adv_w = 192, .box_w = 11, .box_h = 11, .ofs_x = 0, .ofs_y = -1},
    {.bitmap_index = 7054, .adv_w = 192, .box_w = 11, .box_h = 11, .ofs_x = 0, .ofs_y = -1},
    {.bitmap_index = 7070, .adv_w = 192, .box_w = 11, .box_h = 11, .ofs_x = 0, .ofs_y = -1},
    {.bitmap_index = 7086, .adv_w = 192, .box_w = 11, .box_h = 11, .ofs_x = 0, .ofs_y = -1},
    {.bitmap_index = 7102, .adv_w = 192, .box_w = 11, .box_h = 11, .ofs_x = 0, .ofs_y = -1},
    {.bitmap_index = 7118, .adv_w = 192, .box_w = 11, .box_h = 11, .ofs_x = 0, .ofs_y = -1},
    {.bitmap_index = 7134, .adv_w = 192, .box_w = 11, .box_h = 11, .ofs_x = 0, .ofs_y = -1},
    {.bitmap_index = 7150, .adv_w = 192, .box_w = 11, .box_h = 11, .ofs_x = 0, .ofs_y = -1},
    {.bitmap_index = 7166, .adv_w = 192, .box_w = 11, .box_h = 11, .ofs_x = 0, .ofs_y = -1},
    {.bitmap_index = 7182, .adv_w = 192, .box_w = 11, .box_h = 11, .ofs_x = 0, .ofs_y = -1},
    {.bitmap_index = 7198, .adv_w = 192, .box_w = 11, .box_h = 11, .ofs_x = 0, .ofs_y = -1},
    {.bitmap_index = 7214, .adv_w = 192, .box_w = 11, .box_h = 11, .ofs_x = 0, .ofs_y = -1},
    {.bitmap_index = 7230, .adv_w = 192, .box_w = 11, .box_h = 11, .ofs_x = 0, .ofs_y = -1},
    {.bitmap_index = 7246, .adv_w = 192, .box_w = 6, .box_h = 11, .ofs_x = 4, .ofs_y = -1},
    {.bitmap_index = 7255, .adv_w = 192, .box_w = 11, .box_h = 11, .ofs_x = 0, .ofs_y = -1},
    {.bitmap_index = 7271, .adv_w = 192, .box_w = 10, .box_h = 11, .ofs_x = 1, .ofs_y = -1},
    {.bitmap_index = 7285, .adv_w = 192, .box_w = 11, .box_h = 11, .ofs_x = 0, .ofs_y = -1},
    {.bitmap_index = 7301, .adv_w = 192, .box_w = 11, .box_h = 11, .ofs_x = 0, .ofs_y = -1},
    {.bitmap_index = 7317, .adv_w = 192, .box_w = 10, .box_h = 11, .ofs_x = 1, .ofs_y = -1},
    {.bitmap_index = 7331, .adv_w = 192, .box_w = 11, .box_h = 11, .ofs_x = 0, .ofs_y = -1},
    {.bitmap_index = 7347, .adv_w = 192, .box_w = 11, .box_h = 11, .ofs_x = 0, .ofs_y = -1},
    {.bitmap_index = 7363, .adv_w = 192, .box_w = 11, .box_h = 11, .ofs_x = 0, .ofs_y = -1},
    {.bitmap_index = 7379, .adv_w = 192, .box_w = 11, .box_h = 11, .ofs_x = 0, .ofs_y = -1},
    {.bitmap_index = 7395, .adv_w = 192, .box_w = 11, .box_h = 11, .ofs_x = 0, .ofs_y = -1},
    {.bitmap_index = 7411, .adv_w = 192, .box_w = 11, .box_h = 11, .ofs_x = 0, .ofs_y = -1},
    {.bitmap_index = 7427, .adv_w = 192, .box_w = 11, .box_h = 11, .ofs_x = 0, .ofs_y = -1},
    {.bitmap_index = 7443, .adv_w = 192, .box_w = 11, .box_h = 11, .ofs_x = 0, .ofs_y = -1},
    {.bitmap_index = 7459, .adv_w = 192, .box_w = 11, .box_h = 11, .ofs_x = 0, .ofs_y = -1},
    {.bitmap_index = 7475, .adv_w = 192, .box_w = 11, .box_h = 11, .ofs_x = 0, .ofs_y = -1},
    {.bitmap_index = 7491, .adv_w = 192, .box_w = 11, .box_h = 11, .ofs_x = 0, .ofs_y = -1},
    {.bitmap_index = 7507, .adv_w = 192, .box_w = 11, .box_h = 11, .ofs_x = 0, .ofs_y = -1},
    {.bitmap_index = 7523, .adv_w = 192, .box_w = 11, .box_h = 11, .ofs_x = 0, .ofs_y = -1},
    {.bitmap_index = 7539, .adv_w = 192, .box_w = 11, .box_h = 11, .ofs_x = 0, .ofs_y = -1},
    {.bitmap_index = 7555, .adv_w = 192, .box_w = 11, .box_h = 11, .ofs_x = 0, .ofs_y = -1},
    {.bitmap_index = 7571, .adv_w = 192, .box_w = 11, .box_h = 11, .ofs_x = 0, .ofs_y = -1},
    {.bitmap_index = 7587, .adv_w = 192, .box_w = 11, .box_h = 11, .ofs_x = 0, .ofs_y = -1},
    {.bitmap_index = 7603, .adv_w = 192, .box_w = 11, .box_h = 11, .ofs_x = 0, .ofs_y = -1},
    {.bitmap_index = 7619, .adv_w = 192, .box_w = 11, .box_h = 11, .ofs_x = 0, .ofs_y = -1},
    {.bitmap_index = 7635, .adv_w = 192, .box_w = 11, .box_h = 11, .ofs_x = 0, .ofs_y = -1},
    {.bitmap_index = 7651, .adv_w = 192, .box_w = 11, .box_h = 11, .ofs_x = 0, .ofs_y = -1},
    {.bitmap_index = 7667, .adv_w = 192, .box_w = 11, .box_h = 11, .ofs_x = 0, .ofs_y = -1},
    {.bitmap_index = 7683, .adv_w = 192, .box_w = 11, .box_h = 11, .ofs_x = 0, .ofs_y = -1},
    {.bitmap_index = 7699, .adv_w = 192, .box_w = 11, .box_h = 11, .ofs_x = 0, .ofs_y = -1},
    {.bitmap_index = 7715, .adv_w = 192, .box_w = 11, .box_h = 11, .ofs_x = 0, .ofs_y = -1},
    {.bitmap_index = 7731, .adv_w = 192, .box_w = 11, .box_h = 11, .ofs_x = 0, .ofs_y = -1},
    {.bitmap_index = 7747, .adv_w = 192, .box_w = 11, .box_h = 11, .ofs_x = 0, .ofs_y = -1},
    {.bitmap_index = 7763, .adv_w = 192, .box_w = 11, .box_h = 11, .ofs_x = 0, .ofs_y = -1},
    {.bitmap_index = 7779, .adv_w = 192, .box_w = 11, .box_h = 11, .ofs_x = 0, .ofs_y = -1},
    {.bitmap_index = 7795, .adv_w = 192, .box_w = 11, .box_h = 11, .ofs_x = 0, .ofs_y = -1},
    {.bitmap_index = 7811, .adv_w = 192, .box_w = 11, .box_h = 11, .ofs_x = 0, .ofs_y = -1},
    {.bitmap_index = 7827, .adv_w = 192, .box_w = 11, .box_h = 11, .ofs_x = 0, .ofs_y = -1},
    {.bitmap_index = 7843, .adv_w = 192, .box_w = 11, .box_h = 11, .ofs_x = 0, .ofs_y = -1},
    {.bitmap_index = 7859, .adv_w = 192, .box_w = 11, .box_h = 11, .ofs_x = 0, .ofs_y = -1},
    {.bitmap_index = 7875, .adv_w = 192, .box_w = 11, .box_h = 11, .ofs_x = 0, .ofs_y = -1},
    {.bitmap_index = 7891, .adv_w = 192, .box_w = 11, .box_h = 11, .ofs_x = 0, .ofs_y = -1},
    {.bitmap_index = 7907, .adv_w = 192, .box_w = 11, .box_h = 11, .ofs_x = 0, .ofs_y = -1},
    {.bitmap_index = 7923, .adv_w = 192, .box_w = 11, .box_h = 11, .ofs_x = 0, .ofs_y = -1},
    {.bitmap_index = 7939, .adv_w = 192, .box_w = 11, .box_h = 11, .ofs_x = 0, .ofs_y = -1},
    {.bitmap_index = 7955, .adv_w = 192, .box_w = 11, .box_h = 11, .ofs_x = 0, .ofs_y = -1},
    {.bitmap_index = 7971, .adv_w = 192, .box_w = 11, .box_h = 11, .ofs_x = 0, .ofs_y = -1},
    {.bitmap_index = 7987, .adv_w = 192, .box_w = 11, .box_h = 11, .ofs_x = 0, .ofs_y = -1},
    {.bitmap_index = 8003, .adv_w = 192, .box_w = 11, .box_h = 11, .ofs_x = 0, .ofs_y = -1},
    {.bitmap_index = 8019, .adv_w = 192, .box_w = 11, .box_h = 11, .ofs_x = 0, .ofs_y = -1},
    {.bitmap_index = 8035, .adv_w = 192, .box_w = 9, .box_h = 9, .ofs_x = 1, .ofs_y = 0},
    {.bitmap_index = 8046, .adv_w = 192, .box_w = 11, .box_h = 11, .ofs_x = 0, .ofs_y = -1},
    {.bitmap_index = 8062, .adv_w = 192, .box_w = 11, .box_h = 11, .ofs_x = 0, .ofs_y = -1},
    {.bitmap_index = 8078, .adv_w = 192, .box_w = 11, .box_h = 11, .ofs_x = 0, .ofs_y = -1},
    {.bitmap_index = 8094, .adv_w = 192, .box_w = 11, .box_h = 11, .ofs_x = 0, .ofs_y = -1},
    {.bitmap_index = 8110, .adv_w = 192, .box_w = 11, .box_h = 11, .ofs_x = 0, .ofs_y = -1},
    {.bitmap_index = 8126, .adv_w = 192, .box_w = 11, .box_h = 11, .ofs_x = 0, .ofs_y = -1},
    {.bitmap_index = 8142, .adv_w = 192, .box_w = 11, .box_h = 11, .ofs_x = 0, .ofs_y = -1},
    {.bitmap_index = 8158, .adv_w = 192, .box_w = 11, .box_h = 11, .ofs_x = 0, .ofs_y = -1},
    {.bitmap_index = 8174, .adv_w = 192, .box_w = 11, .box_h = 11, .ofs_x = 0, .ofs_y = -1},
    {.bitmap_index = 8190, .adv_w = 192, .box_w = 11, .box_h = 11, .ofs_x = 0, .ofs_y = -1},
    {.bitmap_index = 8206, .adv_w = 192, .box_w = 11, .box_h = 11, .ofs_x = 0, .ofs_y = -1},
    {.bitmap_index = 8222, .adv_w = 192, .box_w = 11, .box_h = 11, .ofs_x = 0, .ofs_y = -1},
    {.bitmap_index = 8238, .adv_w = 192, .box_w = 11, .box_h = 11, .ofs_x = 0, .ofs_y = -1},
    {.bitmap_index = 8254, .adv_w = 192, .box_w = 11, .box_h = 11, .ofs_x = 0, .ofs_y = -1},
    {.bitmap_index = 8270, .adv_w = 192, .box_w = 11, .box_h = 11, .ofs_x = 0, .ofs_y = -1},
    {.bitmap_index = 8286, .adv_w = 192, .box_w = 11, .box_h = 11, .ofs_x = 0, .ofs_y = -1},
    {.bitmap_index = 8302, .adv_w = 192, .box_w = 11, .box_h = 11, .ofs_x = 0, .ofs_y = -1},
    {.bitmap_index = 8318, .adv_w = 192, .box_w = 11, .box_h = 11, .ofs_x = 0, .ofs_y = -1},
    {.bitmap_index = 8334, .adv_w = 192, .box_w = 11, .box_h = 11, .ofs_x = 0, .ofs_y = -1},
    {.bitmap_index = 8350, .adv_w = 192, .box_w = 11, .box_h = 11, .ofs_x = 0, .ofs_y = -1},
    {.bitmap_index = 8366, .adv_w = 192, .box_w = 11, .box_h = 11, .ofs_x = 0, .ofs_y = -1},
    {.bitmap_index = 8382, .adv_w = 192, .box_w = 11, .box_h = 11, .ofs_x = 0, .ofs_y = -1},
    {.bitmap_index = 8398, .adv_w = 192, .box_w = 11, .box_h = 11, .ofs_x = 0, .ofs_y = -1},
    {.bitmap_index = 8414, .adv_w = 192, .box_w = 11, .box_h = 11, .ofs_x = 0, .ofs_y = -1},
    {.bitmap_index = 8430, .adv_w = 192, .box_w = 11, .box_h = 11, .ofs_x = 0, .ofs_y = -1},
    {.bitmap_index = 8446, .adv_w = 192, .box_w = 11, .box_h = 11, .ofs_x = 0, .ofs_y = -1},
    {.bitmap_index = 8462, .adv_w = 192, .box_w = 11, .box_h = 11, .ofs_x = 0, .ofs_y = -1},
    {.bitmap_index = 8478, .adv_w = 192, .box_w = 11, .box_h = 11, .ofs_x = 0, .ofs_y = -1},
    {.bitmap_index = 8494, .adv_w = 192, .box_w = 11, .box_h = 11, .ofs_x = 0, .ofs_y = -1},
    {.bitmap_index = 8510, .adv_w = 192, .box_w = 11, .box_h = 11, .ofs_x = 0, .ofs_y = -1},
    {.bitmap_index = 8526, .adv_w = 192, .box_w = 9, .box_h = 11, .ofs_x = 1, .ofs_y = -1},
    {.bitmap_index = 8539, .adv_w = 192, .box_w = 11, .box_h = 11, .ofs_x = 0, .ofs_y = -1},
    {.bitmap_index = 8555, .adv_w = 192, .box_w = 11, .box_h = 11, .ofs_x = 0, .ofs_y = -1},
    {.bitmap_index = 8571, .adv_w = 192, .box_w = 11, .box_h = 11, .ofs_x = 0, .ofs_y = -1},
    {.bitmap_index = 8587, .adv_w = 192, .box_w = 11, .box_h = 11, .ofs_x = 0, .ofs_y = -1},
    {.bitmap_index = 8603, .adv_w = 192, .box_w = 11, .box_h = 11, .ofs_x = 0, .ofs_y = -1},
    {.bitmap_index = 8619, .adv_w = 192, .box_w = 11, .box_h = 11, .ofs_x = 0, .ofs_y = -1},
    {.bitmap_index = 8635, .adv_w = 192, .box_w = 11, .box_h = 11, .ofs_x = 0, .ofs_y = -1},
    {.bitmap_index = 8651, .adv_w = 192, .box_w = 11, .box_h = 11, .ofs_x = 0, .ofs_y = -1},
    {.bitmap_index = 8667, .adv_w = 192, .box_w = 11, .box_h = 11, .ofs_x = 0, .ofs_y = -1},
    {.bitmap_index = 8683, .adv_w = 192, .box_w = 11, .box_h = 11, .ofs_x = 0, .ofs_y = -1},
    {.bitmap_index = 8699, .adv_w = 192, .box_w = 11, .box_h = 11, .ofs_x = 0, .ofs_y = -1},
    {.bitmap_index = 8715, .adv_w = 192, .box_w = 11, .box_h = 11, .ofs_x = 0, .ofs_y = -1},
    {.bitmap_index = 8731, .adv_w = 192, .box_w = 11, .box_h = 11, .ofs_x = 0, .ofs_y = -1},
    {.bitmap_index = 8747, .adv_w = 192, .box_w = 11, .box_h = 11, .ofs_x = 0, .ofs_y = -1},
    {.bitmap_index = 8763, .adv_w = 192, .box_w = 11, .box_h = 11, .ofs_x = 0, .ofs_y = -1},
    {.bitmap_index = 8779, .adv_w = 192, .box_w = 11, .box_h = 11, .ofs_x = 0, .ofs_y = -1},
    {.bitmap_index = 8795, .adv_w = 192, .box_w = 11, .box_h = 11, .ofs_x = 0, .ofs_y = -1},
    {.bitmap_index = 8811, .adv_w = 192, .box_w = 11, .box_h = 11, .ofs_x = 0, .ofs_y = -1},
    {.bitmap_index = 8827, .adv_w = 192, .box_w = 11, .box_h = 11, .ofs_x = 0, .ofs_y = -1},
    {.bitmap_index = 8843, .adv_w = 192, .box_w = 11, .box_h = 11, .ofs_x = 0, .ofs_y = -1},
    {.bitmap_index = 8859, .adv_w = 192, .box_w = 11, .box_h = 11, .ofs_x = 0, .ofs_y = -1},
    {.bitmap_index = 8875, .adv_w = 192, .box_w = 11, .box_h = 11, .ofs_x = 0, .ofs_y = -1},
    {.bitmap_index = 8891, .adv_w = 192, .box_w = 11, .box_h = 11, .ofs_x = 0, .ofs_y = -1},
    {.bitmap_index = 8907, .adv_w = 192, .box_w = 11, .box_h = 11, .ofs_x = 0, .ofs_y = -1},
    {.bitmap_index = 8923, .adv_w = 192, .box_w = 11, .box_h = 11, .ofs_x = 0, .ofs_y = -1},
    {.bitmap_index = 8939, .adv_w = 192, .box_w = 11, .box_h = 11, .ofs_x = 0, .ofs_y = -1},
    {.bitmap_index = 8955, .adv_w = 192, .box_w = 11, .box_h = 11, .ofs_x = 0, .ofs_y = -1},
    {.bitmap_index = 8971, .adv_w = 192, .box_w = 11, .box_h = 11, .ofs_x = 0, .ofs_y = -1},
    {.bitmap_index = 8987, .adv_w = 192, .box_w = 11, .box_h = 11, .ofs_x = 0, .ofs_y = -1},
    {.bitmap_index = 9003, .adv_w = 192, .box_w = 11, .box_h = 11, .ofs_x = 0, .ofs_y = -1},
    {.bitmap_index = 9019, .adv_w = 192, .box_w = 11, .box_h = 11, .ofs_x = 0, .ofs_y = -1},
    {.bitmap_index = 9035, .adv_w = 192, .box_w = 11, .box_h = 11, .ofs_x = 0, .ofs_y = -1},
    {.bitmap_index = 9051, .adv_w = 192, .box_w = 11, .box_h = 11, .ofs_x = 0, .ofs_y = -1},
    {.bitmap_index = 9067, .adv_w = 192, .box_w = 11, .box_h = 11, .ofs_x = 0, .ofs_y = -1},
    {.bitmap_index = 9083, .adv_w = 192, .box_w = 11, .box_h = 11, .ofs_x = 0, .ofs_y = -1},
    {.bitmap_index = 9099, .adv_w = 192, .box_w = 11, .box_h = 11, .ofs_x = 0, .ofs_y = -1},
    {.bitmap_index = 9115, .adv_w = 192, .box_w = 11, .box_h = 11, .ofs_x = 0, .ofs_y = -1},
    {.bitmap_index = 9131, .adv_w = 192, .box_w = 11, .box_h = 11, .ofs_x = 0, .ofs_y = -1},
    {.bitmap_index = 9147, .adv_w = 192, .box_w = 11, .box_h = 11, .ofs_x = 0, .ofs_y = -1},
    {.bitmap_index = 9163, .adv_w = 192, .box_w = 11, .box_h = 11, .ofs_x = 0, .ofs_y = -1},
    {.bitmap_index = 9179, .adv_w = 192, .box_w = 11, .box_h = 11, .ofs_x = 0, .ofs_y = -1},
    {.bitmap_index = 9195, .adv_w = 192, .box_w = 11, .box_h = 11, .ofs_x = 0, .ofs_y = -1},
    {.bitmap_index = 9211, .adv_w = 192, .box_w = 11, .box_h = 11, .ofs_x = 0, .ofs_y = -1},
    {.bitmap_index = 9227, .adv_w = 192, .box_w = 11, .box_h = 11, .ofs_x = 0, .ofs_y = -1},
    {.bitmap_index = 9243, .adv_w = 192, .box_w = 11, .box_h = 11, .ofs_x = 0, .ofs_y = -1},
    {.bitmap_index = 9259, .adv_w = 192, .box_w = 11, .box_h = 11, .ofs_x = 0, .ofs_y = -1},
    {.bitmap_index = 9275, .adv_w = 192, .box_w = 11, .box_h = 11, .ofs_x = 0, .ofs_y = -1},
    {.bitmap_index = 9291, .adv_w = 192, .box_w = 11, .box_h = 11, .ofs_x = 0, .ofs_y = -1},
    {.bitmap_index = 9307, .adv_w = 192, .box_w = 11, .box_h = 11, .ofs_x = 0, .ofs_y = -1},
    {.bitmap_index = 9323, .adv_w = 192, .box_w = 11, .box_h = 11, .ofs_x = 0, .ofs_y = -1},
    {.bitmap_index = 9339, .adv_w = 192, .box_w = 11, .box_h = 11, .ofs_x = 0, .ofs_y = -1},
    {.bitmap_index = 9355, .adv_w = 192, .box_w = 11, .box_h = 11, .ofs_x = 0, .ofs_y = -1},
    {.bitmap_index = 9371, .adv_w = 192, .box_w = 11, .box_h = 11, .ofs_x = 0, .ofs_y = -1},
    {.bitmap_index = 9387, .adv_w = 192, .box_w = 11, .box_h = 11, .ofs_x = 0, .ofs_y = -1},
    {.bitmap_index = 9403, .adv_w = 192, .box_w = 11, .box_h = 11, .ofs_x = 0, .ofs_y = -1},
    {.bitmap_index = 9419, .adv_w = 192, .box_w = 11, .box_h = 11, .ofs_x = 0, .ofs_y = -1},
    {.bitmap_index = 9435, .adv_w = 192, .box_w = 11, .box_h = 11, .ofs_x = 0, .ofs_y = -1},
    {.bitmap_index = 9451, .adv_w = 192, .box_w = 11, .box_h = 11, .ofs_x = 0, .ofs_y = -1},
    {.bitmap_index = 9467, .adv_w = 192, .box_w = 11, .box_h = 11, .ofs_x = 0, .ofs_y = -1},
    {.bitmap_index = 9483, .adv_w = 192, .box_w = 11, .box_h = 11, .ofs_x = 0, .ofs_y = -1},
    {.bitmap_index = 9499, .adv_w = 192, .box_w = 11, .box_h = 11, .ofs_x = 0, .ofs_y = -1},
    {.bitmap_index = 9515, .adv_w = 192, .box_w = 11, .box_h = 11, .ofs_x = 0, .ofs_y = -1},
    {.bitmap_index = 9531, .adv_w = 192, .box_w = 11, .box_h = 11, .ofs_x = 0, .ofs_y = -1},
    {.bitmap_index = 9547, .adv_w = 192, .box_w = 11, .box_h = 11, .ofs_x = 0, .ofs_y = -1},
    {.bitmap_index = 9563, .adv_w = 192, .box_w = 11, .box_h = 11, .ofs_x = 0, .ofs_y = -1},
    {.bitmap_index = 9579, .adv_w = 192, .box_w = 11, .box_h = 11, .ofs_x = 0, .ofs_y = -1},
    {.bitmap_index = 9595, .adv_w = 192, .box_w = 11, .box_h = 11, .ofs_x = 0, .ofs_y = -1},
    {.bitmap_index = 9611, .adv_w = 192, .box_w = 11, .box_h = 11, .ofs_x = 0, .ofs_y = -1},
    {.bitmap_index = 9627, .adv_w = 192, .box_w = 11, .box_h = 11, .ofs_x = 0, .ofs_y = -1},
    {.bitmap_index = 9643, .adv_w = 192, .box_w = 11, .box_h = 11, .ofs_x = 0, .ofs_y = -1},
    {.bitmap_index = 9659, .adv_w = 192, .box_w = 11, .box_h = 11, .ofs_x = 0, .ofs_y = -1},
    {.bitmap_index = 9675, .adv_w = 192, .box_w = 11, .box_h = 11, .ofs_x = 0, .ofs_y = -1},
    {.bitmap_index = 9691, .adv_w = 192, .box_w = 11, .box_h = 11, .ofs_x = 0, .ofs_y = -1},
    {.bitmap_index = 9707, .adv_w = 192, .box_w = 11, .box_h = 11, .ofs_x = 0, .ofs_y = -1},
    {.bitmap_index = 9723, .adv_w = 192, .box_w = 11, .box_h = 11, .ofs_x = 0, .ofs_y = -1},
    {.bitmap_index = 9739, .adv_w = 192, .box_w = 11, .box_h = 11, .ofs_x = 0, .ofs_y = -1},
    {.bitmap_index = 9755, .adv_w = 192, .box_w = 11, .box_h = 11, .ofs_x = 0, .ofs_y = -1},
    {.bitmap_index = 9771, .adv_w = 192, .box_w = 11, .box_h = 11, .ofs_x = 0, .ofs_y = -1},
    {.bitmap_index = 9787, .adv_w = 192, .box_w = 11, .box_h = 11, .ofs_x = 0, .ofs_y = -1},
    {.bitmap_index = 9803, .adv_w = 192, .box_w = 11, .box_h = 11, .ofs_x = 0, .ofs_y = -1},
    {.bitmap_index = 9819, .adv_w = 192, .box_w = 11, .box_h = 11, .ofs_x = 0, .ofs_y = -1},
    {.bitmap_index = 9835, .adv_w = 192, .box_w = 11, .box_h = 11, .ofs_x = 0, .ofs_y = -1},
    {.bitmap_index = 9851, .adv_w = 192, .box_w = 11, .box_h = 11, .ofs_x = 0, .ofs_y = -1},
    {.bitmap_index = 9867, .adv_w = 192, .box_w = 11, .box_h = 11, .ofs_x = 0, .ofs_y = -1},
    {.bitmap_index = 9883, .adv_w = 192, .box_w = 11, .box_h = 11, .ofs_x = 0, .ofs_y = -1},
    {.bitmap_index = 9899, .adv_w = 192, .box_w = 11, .box_h = 11, .ofs_x = 0, .ofs_y = -1},
    {.bitmap_index = 9915, .adv_w = 192, .box_w = 11, .box_h = 11, .ofs_x = 0, .ofs_y = -1},
    {.bitmap_index = 9931, .adv_w = 192, .box_w = 11, .box_h = 11, .ofs_x = 0, .ofs_y = -1},
    {.bitmap_index = 9947, .adv_w = 192, .box_w = 11, .box_h = 11, .ofs_x = 0, .ofs_y = -1},
    {.bitmap_index = 9963, .adv_w = 192, .box_w = 11, .box_h = 11, .ofs_x = 0, .ofs_y = -1},
    {.bitmap_index = 9979, .adv_w = 192, .box_w = 11, .box_h = 11, .ofs_x = 0, .ofs_y = -1},
    {.bitmap_index = 9995, .adv_w = 192, .box_w = 11, .box_h = 11, .ofs_x = 0, .ofs_y = -1},
    {.bitmap_index = 10011, .adv_w = 192, .box_w = 11, .box_h = 11, .ofs_x = 0, .ofs_y = -1},
    {.bitmap_index = 10027, .adv_w = 192, .box_w = 11, .box_h = 11, .ofs_x = 0, .ofs_y = -1},
    {.bitmap_index = 10043, .adv_w = 192, .box_w = 11, .box_h = 11, .ofs_x = 0, .ofs_y = -1},
    {.bitmap_index = 10059, .adv_w = 192, .box_w = 11, .box_h = 11, .ofs_x = 0, .ofs_y = -1},
    {.bitmap_index = 10075, .adv_w = 192, .box_w = 11, .box_h = 11, .ofs_x = 0, .ofs_y = -1},
    {.bitmap_index = 10091, .adv_w = 192, .box_w = 11, .box_h = 11, .ofs_x = 0, .ofs_y = -1},
    {.bitmap_index = 10107, .adv_w = 192, .box_w = 11, .box_h = 11, .ofs_x = 0, .ofs_y = -1},
    {.bitmap_index = 10123, .adv_w = 192, .box_w = 11, .box_h = 11, .ofs_x = 0, .ofs_y = -1},
    {.bitmap_index = 10139, .adv_w = 192, .box_w = 11, .box_h = 11, .ofs_x = 0, .ofs_y = -1},
    {.bitmap_index = 10155, .adv_w = 192, .box_w = 11, .box_h = 11, .ofs_x = 0, .ofs_y = -1},
    {.bitmap_index = 10171, .adv_w = 192, .box_w = 11, .box_h = 11, .ofs_x = 0, .ofs_y = -1},
    {.bitmap_index = 10187, .adv_w = 192, .box_w = 11, .box_h = 11, .ofs_x = 0, .ofs_y = -1},
    {.bitmap_index = 10203, .adv_w = 192, .box_w = 11, .box_h = 11, .ofs_x = 0, .ofs_y = -1},
    {.bitmap_index = 10219, .adv_w = 192, .box_w = 11, .box_h = 11, .ofs_x = 0, .ofs_y = -1},
    {.bitmap_index = 10235, .adv_w = 192, .box_w = 11, .box_h = 11, .ofs_x = 0, .ofs_y = -1},
    {.bitmap_index = 10251, .adv_w = 192, .box_w = 11, .box_h = 11, .ofs_x = 0, .ofs_y = -1},
    {.bitmap_index = 10267, .adv_w = 192, .box_w = 11, .box_h = 11, .ofs_x = 0, .ofs_y = -1},
    {.bitmap_index = 10283, .adv_w = 192, .box_w = 11, .box_h = 11, .ofs_x = 0, .ofs_y = -1},
    {.bitmap_index = 10299, .adv_w = 192, .box_w = 11, .box_h = 11, .ofs_x = 0, .ofs_y = -1},
    {.bitmap_index = 10315, .adv_w = 192, .box_w = 11, .box_h = 11, .ofs_x = 0, .ofs_y = -1},
    {.bitmap_index = 10331, .adv_w = 192, .box_w = 11, .box_h = 11, .ofs_x = 0, .ofs_y = -1},
    {.bitmap_index = 10347, .adv_w = 192, .box_w = 11, .box_h = 11, .ofs_x = 0, .ofs_y = -1},
    {.bitmap_index = 10363, .adv_w = 192, .box_w = 11, .box_h = 11, .ofs_x = 0, .ofs_y = -1},
    {.bitmap_index = 10379, .adv_w = 192, .box_w = 11, .box_h = 11, .ofs_x = 0, .ofs_y = -1},
    {.bitmap_index = 10395, .adv_w = 192, .box_w = 11, .box_h = 11, .ofs_x = 0, .ofs_y = -1},
    {.bitmap_index = 10411, .adv_w = 192, .box_w = 11, .box_h = 11, .ofs_x = 0, .ofs_y = -1},
    {.bitmap_index = 10427, .adv_w = 192, .box_w = 11, .box_h = 11, .ofs_x = 0, .ofs_y = -1},
    {.bitmap_index = 10443, .adv_w = 192, .box_w = 11, .box_h = 11, .ofs_x = 0, .ofs_y = -1},
    {.bitmap_index = 10459, .adv_w = 192, .box_w = 11, .box_h = 11, .ofs_x = 0, .ofs_y = -1},
    {.bitmap_index = 10475, .adv_w = 192, .box_w = 11, .box_h = 11, .ofs_x = 0, .ofs_y = -1},
    {.bitmap_index = 10491, .adv_w = 192, .box_w = 11, .box_h = 11, .ofs_x = 0, .ofs_y = -1},
    {.bitmap_index = 10507, .adv_w = 192, .box_w = 11, .box_h = 11, .ofs_x = 0, .ofs_y = -1},
    {.bitmap_index = 10523, .adv_w = 192, .box_w = 11, .box_h = 11, .ofs_x = 0, .ofs_y = -1},
    {.bitmap_index = 10539, .adv_w = 192, .box_w = 11, .box_h = 11, .ofs_x = 0, .ofs_y = -1},
    {.bitmap_index = 10555, .adv_w = 192, .box_w = 11, .box_h = 11, .ofs_x = 0, .ofs_y = -1},
    {.bitmap_index = 10571, .adv_w = 192, .box_w = 11, .box_h = 11, .ofs_x = 0, .ofs_y = -1},
    {.bitmap_index = 10587, .adv_w = 192, .box_w = 11, .box_h = 11, .ofs_x = 0, .ofs_y = -1},
    {.bitmap_index = 10603, .adv_w = 192, .box_w = 11, .box_h = 11, .ofs_x = 0, .ofs_y = -1},
    {.bitmap_index = 10619, .adv_w = 192, .box_w = 11, .box_h = 11, .ofs_x = 0, .ofs_y = -1},
    {.bitmap_index = 10635, .adv_w = 192, .box_w = 11, .box_h = 11, .ofs_x = 0, .ofs_y = -1},
    {.bitmap_index = 10651, .adv_w = 192, .box_w = 11, .box_h = 11, .ofs_x = 0, .ofs_y = -1},
    {.bitmap_index = 10667, .adv_w = 192, .box_w = 11, .box_h = 11, .ofs_x = 0, .ofs_y = -1},
    {.bitmap_index = 10683, .adv_w = 192, .box_w = 11, .box_h = 11, .ofs_x = 0, .ofs_y = -1},
    {.bitmap_index = 10699, .adv_w = 192, .box_w = 11, .box_h = 11, .ofs_x = 0, .ofs_y = -1},
    {.bitmap_index = 10715, .adv_w = 192, .box_w = 11, .box_h = 11, .ofs_x = 0, .ofs_y = -1},
    {.bitmap_index = 10731, .adv_w = 192, .box_w = 11, .box_h = 11, .ofs_x = 0, .ofs_y = -1},
    {.bitmap_index = 10747, .adv_w = 192, .box_w = 11, .box_h = 11, .ofs_x = 0, .ofs_y = -1},
    {.bitmap_index = 10763, .adv_w = 192, .box_w = 11, .box_h = 11, .ofs_x = 0, .ofs_y = -1},
    {.bitmap_index = 10779, .adv_w = 192, .box_w = 11, .box_h = 11, .ofs_x = 0, .ofs_y = -1},
    {.bitmap_index = 10795, .adv_w = 192, .box_w = 11, .box_h = 11, .ofs_x = 0, .ofs_y = -1},
    {.bitmap_index = 10811, .adv_w = 192, .box_w = 11, .box_h = 11, .ofs_x = 0, .ofs_y = -1},
    {.bitmap_index = 10827, .adv_w = 192, .box_w = 11, .box_h = 11, .ofs_x = 0, .ofs_y = -1},
    {.bitmap_index = 10843, .adv_w = 192, .box_w = 11, .box_h = 11, .ofs_x = 0, .ofs_y = -1},
    {.bitmap_index = 10859, .adv_w = 192, .box_w = 11, .box_h = 11, .ofs_x = 0, .ofs_y = -1},
    {.bitmap_index = 10875, .adv_w = 192, .box_w = 11, .box_h = 11, .ofs_x = 0, .ofs_y = -1},
    {.bitmap_index = 10891, .adv_w = 192, .box_w = 11, .box_h = 11, .ofs_x = 0, .ofs_y = -1},
    {.bitmap_index = 10907, .adv_w = 192, .box_w = 11, .box_h = 11, .ofs_x = 0, .ofs_y = -1},
    {.bitmap_index = 10923, .adv_w = 192, .box_w = 11, .box_h = 11, .ofs_x = 0, .ofs_y = -1},
    {.bitmap_index = 10939, .adv_w = 192, .box_w = 11, .box_h = 11, .ofs_x = 0, .ofs_y = -1},
    {.bitmap_index = 10955, .adv_w = 192, .box_w = 9, .box_h = 11, .ofs_x = 1, .ofs_y = -1},
    {.bitmap_index = 10968, .adv_w = 192, .box_w = 11, .box_h = 11, .ofs_x = 0, .ofs_y = -1},
    {.bitmap_index = 10984, .adv_w = 192, .box_w = 11, .box_h = 11, .ofs_x = 0, .ofs_y = -1},
    {.bitmap_index = 11000, .adv_w = 192, .box_w = 11, .box_h = 11, .ofs_x = 0, .ofs_y = -1},
    {.bitmap_index = 11016, .adv_w = 192, .box_w = 11, .box_h = 11, .ofs_x = 0, .ofs_y = -1},
    {.bitmap_index = 11032, .adv_w = 192, .box_w = 11, .box_h = 11, .ofs_x = 0, .ofs_y = -1},
    {.bitmap_index = 11048, .adv_w = 192, .box_w = 11, .box_h = 11, .ofs_x = 0, .ofs_y = -1},
    {.bitmap_index = 11064, .adv_w = 192, .box_w = 11, .box_h = 11, .ofs_x = 0, .ofs_y = -1},
    {.bitmap_index = 11080, .adv_w = 192, .box_w = 11, .box_h = 11, .ofs_x = 0, .ofs_y = -1},
    {.bitmap_index = 11096, .adv_w = 192, .box_w = 11, .box_h = 11, .ofs_x = 0, .ofs_y = -1},
    {.bitmap_index = 11112, .adv_w = 192, .box_w = 11, .box_h = 11, .ofs_x = 0, .ofs_y = -1},
    {.bitmap_index = 11128, .adv_w = 192, .box_w = 11, .box_h = 11, .ofs_x = 0, .ofs_y = -1},
    {.bitmap_index = 11144, .adv_w = 192, .box_w = 11, .box_h = 11, .ofs_x = 0, .ofs_y = -1},
    {.bitmap_index = 11160, .adv_w = 192, .box_w = 11, .box_h = 11, .ofs_x = 0, .ofs_y = -1},
    {.bitmap_index = 11176, .adv_w = 192, .box_w = 11, .box_h = 11, .ofs_x = 0, .ofs_y = -1},
    {.bitmap_index = 11192, .adv_w = 192, .box_w = 11, .box_h = 11, .ofs_x = 0, .ofs_y = -1},
    {.bitmap_index = 11208, .adv_w = 192, .box_w = 11, .box_h = 11, .ofs_x = 0, .ofs_y = -1},
    {.bitmap_index = 11224, .adv_w = 192, .box_w = 11, .box_h = 11, .ofs_x = 0, .ofs_y = -1},
    {.bitmap_index = 11240, .adv_w = 192, .box_w = 11, .box_h = 11, .ofs_x = 0, .ofs_y = -1},
    {.bitmap_index = 11256, .adv_w = 192, .box_w = 11, .box_h = 11, .ofs_x = 0, .ofs_y = -1},
    {.bitmap_index = 11272, .adv_w = 192, .box_w = 11, .box_h = 11, .ofs_x = 0, .ofs_y = -1},
    {.bitmap_index = 11288, .adv_w = 192, .box_w = 11, .box_h = 11, .ofs_x = 0, .ofs_y = -1},
    {.bitmap_index = 11304, .adv_w = 192, .box_w = 11, .box_h = 11, .ofs_x = 0, .ofs_y = -1},
    {.bitmap_index = 11320, .adv_w = 192, .box_w = 11, .box_h = 11, .ofs_x = 0, .ofs_y = -1},
    {.bitmap_index = 11336, .adv_w = 192, .box_w = 11, .box_h = 11, .ofs_x = 0, .ofs_y = -1},
    {.bitmap_index = 11352, .adv_w = 192, .box_w = 11, .box_h = 11, .ofs_x = 0, .ofs_y = -1},
    {.bitmap_index = 11368, .adv_w = 192, .box_w = 11, .box_h = 11, .ofs_x = 0, .ofs_y = -1},
    {.bitmap_index = 11384, .adv_w = 192, .box_w = 11, .box_h = 11, .ofs_x = 0, .ofs_y = -1},
    {.bitmap_index = 11400, .adv_w = 192, .box_w = 11, .box_h = 11, .ofs_x = 0, .ofs_y = -1},
    {.bitmap_index = 11416, .adv_w = 192, .box_w = 11, .box_h = 11, .ofs_x = 0, .ofs_y = -1},
    {.bitmap_index = 11432, .adv_w = 192, .box_w = 11, .box_h = 11, .ofs_x = 0, .ofs_y = -1},
    {.bitmap_index = 11448, .adv_w = 192, .box_w = 11, .box_h = 11, .ofs_x = 0, .ofs_y = -1},
    {.bitmap_index = 11464, .adv_w = 192, .box_w = 11, .box_h = 11, .ofs_x = 0, .ofs_y = -1},
    {.bitmap_index = 11480, .adv_w = 192, .box_w = 11, .box_h = 11, .ofs_x = 0, .ofs_y = -1},
    {.bitmap_index = 11496, .adv_w = 192, .box_w = 11, .box_h = 11, .ofs_x = 0, .ofs_y = -1},
    {.bitmap_index = 11512, .adv_w = 192, .box_w = 11, .box_h = 11, .ofs_x = 0, .ofs_y = -1},
    {.bitmap_index = 11528, .adv_w = 192, .box_w = 11, .box_h = 11, .ofs_x = 0, .ofs_y = -1},
    {.bitmap_index = 11544, .adv_w = 192, .box_w = 11, .box_h = 11, .ofs_x = 0, .ofs_y = -1},
    {.bitmap_index = 11560, .adv_w = 192, .box_w = 11, .box_h = 11, .ofs_x = 0, .ofs_y = -1},
    {.bitmap_index = 11576, .adv_w = 192, .box_w = 11, .box_h = 11, .ofs_x = 0, .ofs_y = -1},
    {.bitmap_index = 11592, .adv_w = 192, .box_w = 11, .box_h = 11, .ofs_x = 0, .ofs_y = -1},
    {.bitmap_index = 11608, .adv_w = 192, .box_w = 11, .box_h = 11, .ofs_x = 0, .ofs_y = -1},
    {.bitmap_index = 11624, .adv_w = 192, .box_w = 11, .box_h = 11, .ofs_x = 0, .ofs_y = -1},
    {.bitmap_index = 11640, .adv_w = 192, .box_w = 11, .box_h = 11, .ofs_x = 0, .ofs_y = -1},
    {.bitmap_index = 11656, .adv_w = 192, .box_w = 11, .box_h = 11, .ofs_x = 0, .ofs_y = -1},
    {.bitmap_index = 11672, .adv_w = 192, .box_w = 11, .box_h = 11, .ofs_x = 0, .ofs_y = -1},
    {.bitmap_index = 11688, .adv_w = 192, .box_w = 11, .box_h = 11, .ofs_x = 0, .ofs_y = -1},
    {.bitmap_index = 11704, .adv_w = 192, .box_w = 11, .box_h = 11, .ofs_x = 0, .ofs_y = -1},
    {.bitmap_index = 11720, .adv_w = 192, .box_w = 11, .box_h = 11, .ofs_x = 0, .ofs_y = -1},
    {.bitmap_index = 11736, .adv_w = 192, .box_w = 11, .box_h = 11, .ofs_x = 0, .ofs_y = -1},
    {.bitmap_index = 11752, .adv_w = 192, .box_w = 11, .box_h = 11, .ofs_x = 0, .ofs_y = -1},
    {.bitmap_index = 11768, .adv_w = 192, .box_w = 11, .box_h = 11, .ofs_x = 0, .ofs_y = -1},
    {.bitmap_index = 11784, .adv_w = 192, .box_w = 11, .box_h = 11, .ofs_x = 0, .ofs_y = -1},
    {.bitmap_index = 11800, .adv_w = 192, .box_w = 11, .box_h = 11, .ofs_x = 0, .ofs_y = -1},
    {.bitmap_index = 11816, .adv_w = 192, .box_w = 11, .box_h = 11, .ofs_x = 0, .ofs_y = -1},
    {.bitmap_index = 11832, .adv_w = 192, .box_w = 11, .box_h = 11, .ofs_x = 0, .ofs_y = -1},
    {.bitmap_index = 11848, .adv_w = 192, .box_w = 11, .box_h = 11, .ofs_x = 0, .ofs_y = -1},
    {.bitmap_index = 11864, .adv_w = 192, .box_w = 11, .box_h = 11, .ofs_x = 0, .ofs_y = -1},
    {.bitmap_index = 11880, .adv_w = 192, .box_w = 11, .box_h = 11, .ofs_x = 0, .ofs_y = -1},
    {.bitmap_index = 11896, .adv_w = 192, .box_w = 11, .box_h = 11, .ofs_x = 0, .ofs_y = -1},
    {.bitmap_index = 11912, .adv_w = 192, .box_w = 11, .box_h = 11, .ofs_x = 0, .ofs_y = -1},
    {.bitmap_index = 11928, .adv_w = 192, .box_w = 11, .box_h = 11, .ofs_x = 0, .ofs_y = -1},
    {.bitmap_index = 11944, .adv_w = 192, .box_w = 11, .box_h = 11, .ofs_x = 0, .ofs_y = -1},
    {.bitmap_index = 11960, .adv_w = 192, .box_w = 11, .box_h = 11, .ofs_x = 0, .ofs_y = -1},
    {.bitmap_index = 11976, .adv_w = 192, .box_w = 11, .box_h = 11, .ofs_x = 0, .ofs_y = -1},
    {.bitmap_index = 11992, .adv_w = 192, .box_w = 11, .box_h = 11, .ofs_x = 0, .ofs_y = -1},
    {.bitmap_index = 12008, .adv_w = 192, .box_w = 11, .box_h = 11, .ofs_x = 0, .ofs_y = -1},
    {.bitmap_index = 12024, .adv_w = 192, .box_w = 11, .box_h = 11, .ofs_x = 0, .ofs_y = -1},
    {.bitmap_index = 12040, .adv_w = 192, .box_w = 11, .box_h = 11, .ofs_x = 0, .ofs_y = -1},
    {.bitmap_index = 12056, .adv_w = 192, .box_w = 11, .box_h = 11, .ofs_x = 0, .ofs_y = -1},
    {.bitmap_index = 12072, .adv_w = 192, .box_w = 11, .box_h = 11, .ofs_x = 0, .ofs_y = -1},
    {.bitmap_index = 12088, .adv_w = 192, .box_w = 11, .box_h = 11, .ofs_x = 0, .ofs_y = -1},
    {.bitmap_index = 12104, .adv_w = 192, .box_w = 11, .box_h = 11, .ofs_x = 0, .ofs_y = -1},
    {.bitmap_index = 12120, .adv_w = 192, .box_w = 11, .box_h = 11, .ofs_x = 0, .ofs_y = -1},
    {.bitmap_index = 12136, .adv_w = 192, .box_w = 11, .box_h = 11, .ofs_x = 0, .ofs_y = -1},
    {.bitmap_index = 12152, .adv_w = 192, .box_w = 11, .box_h = 11, .ofs_x = 0, .ofs_y = -1},
    {.bitmap_index = 12168, .adv_w = 192, .box_w = 11, .box_h = 11, .ofs_x = 0, .ofs_y = -1},
    {.bitmap_index = 12184, .adv_w = 192, .box_w = 11, .box_h = 11, .ofs_x = 0, .ofs_y = -1},
    {.bitmap_index = 12200, .adv_w = 192, .box_w = 11, .box_h = 11, .ofs_x = 0, .ofs_y = -1},
    {.bitmap_index = 12216, .adv_w = 192, .box_w = 11, .box_h = 11, .ofs_x = 0, .ofs_y = -1},
    {.bitmap_index = 12232, .adv_w = 192, .box_w = 11, .box_h = 11, .ofs_x = 0, .ofs_y = -1},
    {.bitmap_index = 12248, .adv_w = 192, .box_w = 11, .box_h = 11, .ofs_x = 0, .ofs_y = -1},
    {.bitmap_index = 12264, .adv_w = 192, .box_w = 11, .box_h = 11, .ofs_x = 0, .ofs_y = -1},
    {.bitmap_index = 12280, .adv_w = 192, .box_w = 11, .box_h = 11, .ofs_x = 0, .ofs_y = -1},
    {.bitmap_index = 12296, .adv_w = 192, .box_w = 11, .box_h = 11, .ofs_x = 0, .ofs_y = -1},
    {.bitmap_index = 12312, .adv_w = 192, .box_w = 11, .box_h = 11, .ofs_x = 0, .ofs_y = -1},
    {.bitmap_index = 12328, .adv_w = 192, .box_w = 11, .box_h = 11, .ofs_x = 0, .ofs_y = -1},
    {.bitmap_index = 12344, .adv_w = 192, .box_w = 11, .box_h = 11, .ofs_x = 0, .ofs_y = -1},
    {.bitmap_index = 12360, .adv_w = 192, .box_w = 11, .box_h = 11, .ofs_x = 0, .ofs_y = -1},
    {.bitmap_index = 12376, .adv_w = 192, .box_w = 11, .box_h = 11, .ofs_x = 0, .ofs_y = -1},
    {.bitmap_index = 12392, .adv_w = 192, .box_w = 11, .box_h = 11, .ofs_x = 0, .ofs_y = -1},
    {.bitmap_index = 12408, .adv_w = 192, .box_w = 11, .box_h = 11, .ofs_x = 0, .ofs_y = -1},
    {.bitmap_index = 12424, .adv_w = 192, .box_w = 11, .box_h = 11, .ofs_x = 0, .ofs_y = -1},
    {.bitmap_index = 12440, .adv_w = 192, .box_w = 11, .box_h = 11, .ofs_x = 0, .ofs_y = -1},
    {.bitmap_index = 12456, .adv_w = 192, .box_w = 10, .box_h = 11, .ofs_x = 0, .ofs_y = -1},
    {.bitmap_index = 12470, .adv_w = 192, .box_w = 11, .box_h = 11, .ofs_x = 0, .ofs_y = -1},
    {.bitmap_index = 12486, .adv_w = 192, .box_w = 11, .box_h = 11, .ofs_x = 0, .ofs_y = -1},
    {.bitmap_index = 12502, .adv_w = 192, .box_w = 11, .box_h = 11, .ofs_x = 0, .ofs_y = -1},
    {.bitmap_index = 12518, .adv_w = 192, .box_w = 11, .box_h = 11, .ofs_x = 0, .ofs_y = -1},
    {.bitmap_index = 12534, .adv_w = 192, .box_w = 11, .box_h = 11, .ofs_x = 0, .ofs_y = -1},
    {.bitmap_index = 12550, .adv_w = 192, .box_w = 11, .box_h = 11, .ofs_x = 0, .ofs_y = -1},
    {.bitmap_index = 12566, .adv_w = 192, .box_w = 11, .box_h = 11, .ofs_x = 0, .ofs_y = -1},
    {.bitmap_index = 12582, .adv_w = 192, .box_w = 11, .box_h = 11, .ofs_x = 0, .ofs_y = -1},
    {.bitmap_index = 12598, .adv_w = 192, .box_w = 11, .box_h = 11, .ofs_x = 0, .ofs_y = -1},
    {.bitmap_index = 12614, .adv_w = 192, .box_w = 11, .box_h = 11, .ofs_x = 0, .ofs_y = -1},
    {.bitmap_index = 12630, .adv_w = 192, .box_w = 11, .box_h = 11, .ofs_x = 0, .ofs_y = -1},
    {.bitmap_index = 12646, .adv_w = 192, .box_w = 11, .box_h = 11, .ofs_x = 0, .ofs_y = -1},
    {.bitmap_index = 12662, .adv_w = 192, .box_w = 11, .box_h = 11, .ofs_x = 0, .ofs_y = -1},
    {.bitmap_index = 12678, .adv_w = 192, .box_w = 11, .box_h = 11, .ofs_x = 0, .ofs_y = -1},
    {.bitmap_index = 12694, .adv_w = 192, .box_w = 11, .box_h = 11, .ofs_x = 0, .ofs_y = -1},
    {.bitmap_index = 12710, .adv_w = 192, .box_w = 11, .box_h = 11, .ofs_x = 0, .ofs_y = -1},
    {.bitmap_index = 12726, .adv_w = 192, .box_w = 11, .box_h = 11, .ofs_x = 0, .ofs_y = -1},
    {.bitmap_index = 12742, .adv_w = 192, .box_w = 11, .box_h = 11, .ofs_x = 0, .ofs_y = -1},
    {.bitmap_index = 12758, .adv_w = 192, .box_w = 11, .box_h = 11, .ofs_x = 0, .ofs_y = -1},
    {.bitmap_index = 12774, .adv_w = 192, .box_w = 11, .box_h = 11, .ofs_x = 0, .ofs_y = -1},
    {.bitmap_index = 12790, .adv_w = 192, .box_w = 11, .box_h = 11, .ofs_x = 0, .ofs_y = -1},
    {.bitmap_index = 12806, .adv_w = 192, .box_w = 11, .box_h = 11, .ofs_x = 0, .ofs_y = -1},
    {.bitmap_index = 12822, .adv_w = 192, .box_w = 11, .box_h = 11, .ofs_x = 0, .ofs_y = -1},
    {.bitmap_index = 12838, .adv_w = 192, .box_w = 11, .box_h = 11, .ofs_x = 0, .ofs_y = -1},
    {.bitmap_index = 12854, .adv_w = 192, .box_w = 11, .box_h = 11, .ofs_x = 0, .ofs_y = -1},
    {.bitmap_index = 12870, .adv_w = 192, .box_w = 11, .box_h = 11, .ofs_x = 0, .ofs_y = -1},
    {.bitmap_index = 12886, .adv_w = 192, .box_w = 11, .box_h = 11, .ofs_x = 0, .ofs_y = -1},
    {.bitmap_index = 12902, .adv_w = 192, .box_w = 11, .box_h = 11, .ofs_x = 0, .ofs_y = -1},
    {.bitmap_index = 12918, .adv_w = 192, .box_w = 11, .box_h = 11, .ofs_x = 0, .ofs_y = -1},
    {.bitmap_index = 12934, .adv_w = 192, .box_w = 11, .box_h = 11, .ofs_x = 0, .ofs_y = -1},
    {.bitmap_index = 12950, .adv_w = 192, .box_w = 11, .box_h = 11, .ofs_x = 0, .ofs_y = -1},
    {.bitmap_index = 12966, .adv_w = 192, .box_w = 11, .box_h = 11, .ofs_x = 0, .ofs_y = -1},
    {.bitmap_index = 12982, .adv_w = 192, .box_w = 11, .box_h = 11, .ofs_x = 0, .ofs_y = -1},
    {.bitmap_index = 12998, .adv_w = 192, .box_w = 11, .box_h = 11, .ofs_x = 0, .ofs_y = -1},
    {.bitmap_index = 13014, .adv_w = 192, .box_w = 11, .box_h = 11, .ofs_x = 0, .ofs_y = -1},
    {.bitmap_index = 13030, .adv_w = 192, .box_w = 11, .box_h = 11, .ofs_x = 0, .ofs_y = -1},
    {.bitmap_index = 13046, .adv_w = 192, .box_w = 11, .box_h = 11, .ofs_x = 0, .ofs_y = -1},
    {.bitmap_index = 13062, .adv_w = 192, .box_w = 11, .box_h = 11, .ofs_x = 0, .ofs_y = -1},
    {.bitmap_index = 13078, .adv_w = 192, .box_w = 11, .box_h = 11, .ofs_x = 0, .ofs_y = -1},
    {.bitmap_index = 13094, .adv_w = 192, .box_w = 11, .box_h = 11, .ofs_x = 0, .ofs_y = -1},
    {.bitmap_index = 13110, .adv_w = 192, .box_w = 11, .box_h = 11, .ofs_x = 0, .ofs_y = -1},
    {.bitmap_index = 13126, .adv_w = 192, .box_w = 11, .box_h = 11, .ofs_x = 0, .ofs_y = -1},
    {.bitmap_index = 13142, .adv_w = 192, .box_w = 11, .box_h = 11, .ofs_x = 0, .ofs_y = -1},
    {.bitmap_index = 13158, .adv_w = 192, .box_w = 11, .box_h = 11, .ofs_x = 0, .ofs_y = -1},
    {.bitmap_index = 13174, .adv_w = 192, .box_w = 11, .box_h = 11, .ofs_x = 0, .ofs_y = -1},
    {.bitmap_index = 13190, .adv_w = 192, .box_w = 11, .box_h = 11, .ofs_x = 0, .ofs_y = -1},
    {.bitmap_index = 13206, .adv_w = 192, .box_w = 11, .box_h = 11, .ofs_x = 0, .ofs_y = -1},
    {.bitmap_index = 13222, .adv_w = 192, .box_w = 11, .box_h = 11, .ofs_x = 0, .ofs_y = -1},
    {.bitmap_index = 13238, .adv_w = 192, .box_w = 11, .box_h = 11, .ofs_x = 0, .ofs_y = -1},
    {.bitmap_index = 13254, .adv_w = 192, .box_w = 11, .box_h = 11, .ofs_x = 0, .ofs_y = -1},
    {.bitmap_index = 13270, .adv_w = 192, .box_w = 11, .box_h = 11, .ofs_x = 0, .ofs_y = -1},
    {.bitmap_index = 13286, .adv_w = 192, .box_w = 11, .box_h = 11, .ofs_x = 0, .ofs_y = -1},
    {.bitmap_index = 13302, .adv_w = 192, .box_w = 11, .box_h = 11, .ofs_x = 0, .ofs_y = -1},
    {.bitmap_index = 13318, .adv_w = 192, .box_w = 11, .box_h = 11, .ofs_x = 0, .ofs_y = -1},
    {.bitmap_index = 13334, .adv_w = 192, .box_w = 11, .box_h = 11, .ofs_x = 0, .ofs_y = -1},
    {.bitmap_index = 13350, .adv_w = 192, .box_w = 11, .box_h = 11, .ofs_x = 0, .ofs_y = -1},
    {.bitmap_index = 13366, .adv_w = 192, .box_w = 11, .box_h = 11, .ofs_x = 0, .ofs_y = -1},
    {.bitmap_index = 13382, .adv_w = 192, .box_w = 11, .box_h = 11, .ofs_x = 0, .ofs_y = -1},
    {.bitmap_index = 13398, .adv_w = 192, .box_w = 11, .box_h = 11, .ofs_x = 0, .ofs_y = -1},
    {.bitmap_index = 13414, .adv_w = 192, .box_w = 11, .box_h = 11, .ofs_x = 0, .ofs_y = -1},
    {.bitmap_index = 13430, .adv_w = 192, .box_w = 11, .box_h = 11, .ofs_x = 0, .ofs_y = -1},
    {.bitmap_index = 13446, .adv_w = 192, .box_w = 11, .box_h = 11, .ofs_x = 0, .ofs_y = -1},
    {.bitmap_index = 13462, .adv_w = 192, .box_w = 11, .box_h = 11, .ofs_x = 0, .ofs_y = -1},
    {.bitmap_index = 13478, .adv_w = 192, .box_w = 11, .box_h = 11, .ofs_x = 0, .ofs_y = -1},
    {.bitmap_index = 13494, .adv_w = 192, .box_w = 11, .box_h = 11, .ofs_x = 0, .ofs_y = -1},
    {.bitmap_index = 13510, .adv_w = 192, .box_w = 11, .box_h = 11, .ofs_x = 0, .ofs_y = -1},
    {.bitmap_index = 13526, .adv_w = 192, .box_w = 11, .box_h = 11, .ofs_x = 0, .ofs_y = -1},
    {.bitmap_index = 13542, .adv_w = 192, .box_w = 11, .box_h = 11, .ofs_x = 0, .ofs_y = -1},
    {.bitmap_index = 13558, .adv_w = 192, .box_w = 11, .box_h = 11, .ofs_x = 0, .ofs_y = -1},
    {.bitmap_index = 13574, .adv_w = 192, .box_w = 11, .box_h = 11, .ofs_x = 0, .ofs_y = -1},
    {.bitmap_index = 13590, .adv_w = 192, .box_w = 11, .box_h = 11, .ofs_x = 0, .ofs_y = -1},
    {.bitmap_index = 13606, .adv_w = 192, .box_w = 11, .box_h = 11, .ofs_x = 0, .ofs_y = -1},
    {.bitmap_index = 13622, .adv_w = 192, .box_w = 11, .box_h = 11, .ofs_x = 0, .ofs_y = -1},
    {.bitmap_index = 13638, .adv_w = 192, .box_w = 11, .box_h = 11, .ofs_x = 0, .ofs_y = -1},
    {.bitmap_index = 13654, .adv_w = 192, .box_w = 11, .box_h = 11, .ofs_x = 0, .ofs_y = -1},
    {.bitmap_index = 13670, .adv_w = 192, .box_w = 11, .box_h = 11, .ofs_x = 0, .ofs_y = -1},
    {.bitmap_index = 13686, .adv_w = 192, .box_w = 11, .box_h = 11, .ofs_x = 0, .ofs_y = -1},
    {.bitmap_index = 13702, .adv_w = 192, .box_w = 11, .box_h = 11, .ofs_x = 0, .ofs_y = -1},
    {.bitmap_index = 13718, .adv_w = 192, .box_w = 11, .box_h = 11, .ofs_x = 0, .ofs_y = -1},
    {.bitmap_index = 13734, .adv_w = 192, .box_w = 11, .box_h = 11, .ofs_x = 0, .ofs_y = -1},
    {.bitmap_index = 13750, .adv_w = 192, .box_w = 11, .box_h = 11, .ofs_x = 0, .ofs_y = -1},
    {.bitmap_index = 13766, .adv_w = 192, .box_w = 11, .box_h = 11, .ofs_x = 0, .ofs_y = -1},
    {.bitmap_index = 13782, .adv_w = 192, .box_w = 11, .box_h = 11, .ofs_x = 0, .ofs_y = -1},
    {.bitmap_index = 13798, .adv_w = 192, .box_w = 11, .box_h = 11, .ofs_x = 0, .ofs_y = -1},
    {.bitmap_index = 13814, .adv_w = 192, .box_w = 11, .box_h = 11, .ofs_x = 0, .ofs_y = -1},
    {.bitmap_index = 13830, .adv_w = 192, .box_w = 11, .box_h = 11, .ofs_x = 0, .ofs_y = -1},
    {.bitmap_index = 13846, .adv_w = 192, .box_w = 11, .box_h = 11, .ofs_x = 0, .ofs_y = -1},
    {.bitmap_index = 13862, .adv_w = 192, .box_w = 11, .box_h = 11, .ofs_x = 0, .ofs_y = -1},
    {.bitmap_index = 13878, .adv_w = 192, .box_w = 11, .box_h = 11, .ofs_x = 0, .ofs_y = -1},
    {.bitmap_index = 13894, .adv_w = 192, .box_w = 11, .box_h = 11, .ofs_x = 0, .ofs_y = -1},
    {.bitmap_index = 13910, .adv_w = 192, .box_w = 11, .box_h = 11, .ofs_x = 0, .ofs_y = -1},
    {.bitmap_index = 13926, .adv_w = 192, .box_w = 11, .box_h = 11, .ofs_x = 0, .ofs_y = -1},
    {.bitmap_index = 13942, .adv_w = 192, .box_w = 11, .box_h = 11, .ofs_x = 0, .ofs_y = -1},
    {.bitmap_index = 13958, .adv_w = 192, .box_w = 11, .box_h = 11, .ofs_x = 0, .ofs_y = -1},
    {.bitmap_index = 13974, .adv_w = 192, .box_w = 11, .box_h = 11, .ofs_x = 0, .ofs_y = -1},
    {.bitmap_index = 13990, .adv_w = 192, .box_w = 11, .box_h = 11, .ofs_x = 0, .ofs_y = -1},
    {.bitmap_index = 14006, .adv_w = 192, .box_w = 11, .box_h = 11, .ofs_x = 0, .ofs_y = -1},
    {.bitmap_index = 14022, .adv_w = 192, .box_w = 11, .box_h = 11, .ofs_x = 0, .ofs_y = -1},
    {.bitmap_index = 14038, .adv_w = 192, .box_w = 11, .box_h = 11, .ofs_x = 0, .ofs_y = -1},
    {.bitmap_index = 14054, .adv_w = 192, .box_w = 11, .box_h = 11, .ofs_x = 0, .ofs_y = -1},
    {.bitmap_index = 14070, .adv_w = 192, .box_w = 11, .box_h = 11, .ofs_x = 0, .ofs_y = -1},
    {.bitmap_index = 14086, .adv_w = 192, .box_w = 11, .box_h = 11, .ofs_x = 0, .ofs_y = -1},
    {.bitmap_index = 14102, .adv_w = 192, .box_w = 11, .box_h = 11, .ofs_x = 0, .ofs_y = -1},
    {.bitmap_index = 14118, .adv_w = 192, .box_w = 11, .box_h = 11, .ofs_x = 0, .ofs_y = -1},
    {.bitmap_index = 14134, .adv_w = 192, .box_w = 11, .box_h = 11, .ofs_x = 0, .ofs_y = -1},
    {.bitmap_index = 14150, .adv_w = 192, .box_w = 11, .box_h = 11, .ofs_x = 0, .ofs_y = -1},
    {.bitmap_index = 14166, .adv_w = 192, .box_w = 11, .box_h = 11, .ofs_x = 0, .ofs_y = -1},
    {.bitmap_index = 14182, .adv_w = 192, .box_w = 11, .box_h = 11, .ofs_x = 0, .ofs_y = -1},
    {.bitmap_index = 14198, .adv_w = 192, .box_w = 11, .box_h = 11, .ofs_x = 0, .ofs_y = -1},
    {.bitmap_index = 14214, .adv_w = 192, .box_w = 11, .box_h = 11, .ofs_x = 0, .ofs_y = -1},
    {.bitmap_index = 14230, .adv_w = 192, .box_w = 11, .box_h = 11, .ofs_x = 0, .ofs_y = -1},
    {.bitmap_index = 14246, .adv_w = 192, .box_w = 11, .box_h = 11, .ofs_x = 0, .ofs_y = -1},
    {.bitmap_index = 14262, .adv_w = 192, .box_w = 11, .box_h = 11, .ofs_x = 0, .ofs_y = -1},
    {.bitmap_index = 14278, .adv_w = 192, .box_w = 11, .box_h = 11, .ofs_x = 0, .ofs_y = -1},
    {.bitmap_index = 14294, .adv_w = 192, .box_w = 11, .box_h = 11, .ofs_x = 0, .ofs_y = -1},
    {.bitmap_index = 14310, .adv_w = 192, .box_w = 11, .box_h = 11, .ofs_x = 0, .ofs_y = -1},
    {.bitmap_index = 14326, .adv_w = 192, .box_w = 11, .box_h = 11, .ofs_x = 0, .ofs_y = -1},
    {.bitmap_index = 14342, .adv_w = 192, .box_w = 11, .box_h = 11, .ofs_x = 0, .ofs_y = -1},
    {.bitmap_index = 14358, .adv_w = 192, .box_w = 11, .box_h = 11, .ofs_x = 0, .ofs_y = -1},
    {.bitmap_index = 14374, .adv_w = 192, .box_w = 11, .box_h = 11, .ofs_x = 0, .ofs_y = -1},
    {.bitmap_index = 14390, .adv_w = 192, .box_w = 11, .box_h = 11, .ofs_x = 0, .ofs_y = -1},
    {.bitmap_index = 14406, .adv_w = 192, .box_w = 11, .box_h = 11, .ofs_x = 0, .ofs_y = -1},
    {.bitmap_index = 14422, .adv_w = 192, .box_w = 11, .box_h = 11, .ofs_x = 0, .ofs_y = -1},
    {.bitmap_index = 14438, .adv_w = 192, .box_w = 11, .box_h = 11, .ofs_x = 0, .ofs_y = -1},
    {.bitmap_index = 14454, .adv_w = 192, .box_w = 11, .box_h = 11, .ofs_x = 0, .ofs_y = -1},
    {.bitmap_index = 14470, .adv_w = 192, .box_w = 11, .box_h = 11, .ofs_x = 0, .ofs_y = -1},
    {.bitmap_index = 14486, .adv_w = 192, .box_w = 11, .box_h = 11, .ofs_x = 0, .ofs_y = -1},
    {.bitmap_index = 14502, .adv_w = 192, .box_w = 11, .box_h = 11, .ofs_x = 0, .ofs_y = -1},
    {.bitmap_index = 14518, .adv_w = 192, .box_w = 11, .box_h = 11, .ofs_x = 0, .ofs_y = -1},
    {.bitmap_index = 14534, .adv_w = 192, .box_w = 11, .box_h = 11, .ofs_x = 0, .ofs_y = -1},
    {.bitmap_index = 14550, .adv_w = 192, .box_w = 11, .box_h = 11, .ofs_x = 0, .ofs_y = -1},
    {.bitmap_index = 14566, .adv_w = 192, .box_w = 11, .box_h = 11, .ofs_x = 0, .ofs_y = -1},
    {.bitmap_index = 14582, .adv_w = 192, .box_w = 11, .box_h = 11, .ofs_x = 0, .ofs_y = -1},
    {.bitmap_index = 14598, .adv_w = 192, .box_w = 11, .box_h = 11, .ofs_x = 0, .ofs_y = -1},
    {.bitmap_index = 14614, .adv_w = 192, .box_w = 11, .box_h = 11, .ofs_x = 0, .ofs_y = -1},
    {.bitmap_index = 14630, .adv_w = 192, .box_w = 11, .box_h = 11, .ofs_x = 0, .ofs_y = -1},
    {.bitmap_index = 14646, .adv_w = 192, .box_w = 11, .box_h = 11, .ofs_x = 0, .ofs_y = -1},
    {.bitmap_index = 14662, .adv_w = 192, .box_w = 11, .box_h = 11, .ofs_x = 0, .ofs_y = -1},
    {.bitmap_index = 14678, .adv_w = 192, .box_w = 11, .box_h = 11, .ofs_x = 0, .ofs_y = -1},
    {.bitmap_index = 14694, .adv_w = 192, .box_w = 11, .box_h = 11, .ofs_x = 0, .ofs_y = -1},
    {.bitmap_index = 14710, .adv_w = 192, .box_w = 11, .box_h = 11, .ofs_x = 0, .ofs_y = -1},
    {.bitmap_index = 14726, .adv_w = 192, .box_w = 11, .box_h = 11, .ofs_x = 0, .ofs_y = -1},
    {.bitmap_index = 14742, .adv_w = 192, .box_w = 11, .box_h = 11, .ofs_x = 0, .ofs_y = -1},
    {.bitmap_index = 14758, .adv_w = 192, .box_w = 11, .box_h = 11, .ofs_x = 0, .ofs_y = -1},
    {.bitmap_index = 14774, .adv_w = 192, .box_w = 11, .box_h = 11, .ofs_x = 0, .ofs_y = -1},
    {.bitmap_index = 14790, .adv_w = 192, .box_w = 11, .box_h = 11, .ofs_x = 0, .ofs_y = -1},
    {.bitmap_index = 14806, .adv_w = 192, .box_w = 11, .box_h = 11, .ofs_x = 0, .ofs_y = -1},
    {.bitmap_index = 14822, .adv_w = 192, .box_w = 11, .box_h = 11, .ofs_x = 0, .ofs_y = -1},
    {.bitmap_index = 14838, .adv_w = 192, .box_w = 11, .box_h = 11, .ofs_x = 0, .ofs_y = -1},
    {.bitmap_index = 14854, .adv_w = 192, .box_w = 11, .box_h = 11, .ofs_x = 0, .ofs_y = -1},
    {.bitmap_index = 14870, .adv_w = 192, .box_w = 11, .box_h = 11, .ofs_x = 0, .ofs_y = -1},
    {.bitmap_index = 14886, .adv_w = 192, .box_w = 11, .box_h = 11, .ofs_x = 0, .ofs_y = -1},
    {.bitmap_index = 14902, .adv_w = 192, .box_w = 11, .box_h = 11, .ofs_x = 0, .ofs_y = -1},
    {.bitmap_index = 14918, .adv_w = 192, .box_w = 11, .box_h = 11, .ofs_x = 0, .ofs_y = -1},
    {.bitmap_index = 14934, .adv_w = 192, .box_w = 11, .box_h = 11, .ofs_x = 0, .ofs_y = -1},
    {.bitmap_index = 14950, .adv_w = 192, .box_w = 11, .box_h = 11, .ofs_x = 0, .ofs_y = -1},
    {.bitmap_index = 14966, .adv_w = 192, .box_w = 11, .box_h = 11, .ofs_x = 0, .ofs_y = -1},
    {.bitmap_index = 14982, .adv_w = 192, .box_w = 11, .box_h = 11, .ofs_x = 0, .ofs_y = -1},
    {.bitmap_index = 14998, .adv_w = 192, .box_w = 11, .box_h = 11, .ofs_x = 0, .ofs_y = -1},
    {.bitmap_index = 15014, .adv_w = 192, .box_w = 11, .box_h = 11, .ofs_x = 0, .ofs_y = -1},
    {.bitmap_index = 15030, .adv_w = 192, .box_w = 11, .box_h = 11, .ofs_x = 0, .ofs_y = -1},
    {.bitmap_index = 15046, .adv_w = 192, .box_w = 11, .box_h = 11, .ofs_x = 0, .ofs_y = -1},
    {.bitmap_index = 15062, .adv_w = 192, .box_w = 11, .box_h = 11, .ofs_x = 0, .ofs_y = -1},
    {.bitmap_index = 15078, .adv_w = 192, .box_w = 11, .box_h = 11, .ofs_x = 0, .ofs_y = -1},
    {.bitmap_index = 15094, .adv_w = 192, .box_w = 11, .box_h = 11, .ofs_x = 0, .ofs_y = -1},
    {.bitmap_index = 15110, .adv_w = 192, .box_w = 11, .box_h = 11, .ofs_x = 0, .ofs_y = -1},
    {.bitmap_index = 15126, .adv_w = 192, .box_w = 11, .box_h = 11, .ofs_x = 0, .ofs_y = -1},
    {.bitmap_index = 15142, .adv_w = 192, .box_w = 11, .box_h = 11, .ofs_x = 0, .ofs_y = -1},
    {.bitmap_index = 15158, .adv_w = 192, .box_w = 11, .box_h = 11, .ofs_x = 0, .ofs_y = -1},
    {.bitmap_index = 15174, .adv_w = 192, .box_w = 11, .box_h = 11, .ofs_x = 0, .ofs_y = -1},
    {.bitmap_index = 15190, .adv_w = 192, .box_w = 11, .box_h = 11, .ofs_x = 0, .ofs_y = -1},
    {.bitmap_index = 15206, .adv_w = 192, .box_w = 11, .box_h = 11, .ofs_x = 0, .ofs_y = -1},
    {.bitmap_index = 15222, .adv_w = 192, .box_w = 11, .box_h = 11, .ofs_x = 0, .ofs_y = -1},
    {.bitmap_index = 15238, .adv_w = 192, .box_w = 11, .box_h = 11, .ofs_x = 0, .ofs_y = -1},
    {.bitmap_index = 15254, .adv_w = 192, .box_w = 11, .box_h = 11, .ofs_x = 0, .ofs_y = -1},
    {.bitmap_index = 15270, .adv_w = 192, .box_w = 11, .box_h = 11, .ofs_x = 0, .ofs_y = -1},
    {.bitmap_index = 15286, .adv_w = 192, .box_w = 11, .box_h = 11, .ofs_x = 0, .ofs_y = -1},
    {.bitmap_index = 15302, .adv_w = 192, .box_w = 11, .box_h = 11, .ofs_x = 0, .ofs_y = -1},
    {.bitmap_index = 15318, .adv_w = 192, .box_w = 11, .box_h = 11, .ofs_x = 0, .ofs_y = -1},
    {.bitmap_index = 15334, .adv_w = 192, .box_w = 11, .box_h = 11, .ofs_x = 0, .ofs_y = -1},
    {.bitmap_index = 15350, .adv_w = 192, .box_w = 11, .box_h = 11, .ofs_x = 0, .ofs_y = -1},
    {.bitmap_index = 15366, .adv_w = 192, .box_w = 11, .box_h = 11, .ofs_x = 0, .ofs_y = -1},
    {.bitmap_index = 15382, .adv_w = 192, .box_w = 11, .box_h = 11, .ofs_x = 0, .ofs_y = -1},
    {.bitmap_index = 15398, .adv_w = 192, .box_w = 11, .box_h = 11, .ofs_x = 0, .ofs_y = -1},
    {.bitmap_index = 15414, .adv_w = 192, .box_w = 11, .box_h = 11, .ofs_x = 0, .ofs_y = -1},
    {.bitmap_index = 15430, .adv_w = 192, .box_w = 11, .box_h = 11, .ofs_x = 0, .ofs_y = -1},
    {.bitmap_index = 15446, .adv_w = 192, .box_w = 11, .box_h = 11, .ofs_x = 0, .ofs_y = -1},
    {.bitmap_index = 15462, .adv_w = 192, .box_w = 11, .box_h = 11, .ofs_x = 0, .ofs_y = -1},
    {.bitmap_index = 15478, .adv_w = 192, .box_w = 11, .box_h = 11, .ofs_x = 0, .ofs_y = -1},
    {.bitmap_index = 15494, .adv_w = 192, .box_w = 11, .box_h = 11, .ofs_x = 0, .ofs_y = -1},
    {.bitmap_index = 15510, .adv_w = 192, .box_w = 11, .box_h = 11, .ofs_x = 0, .ofs_y = -1},
    {.bitmap_index = 15526, .adv_w = 192, .box_w = 11, .box_h = 11, .ofs_x = 0, .ofs_y = -1},
    {.bitmap_index = 15542, .adv_w = 192, .box_w = 11, .box_h = 11, .ofs_x = 0, .ofs_y = -1},
    {.bitmap_index = 15558, .adv_w = 192, .box_w = 11, .box_h = 11, .ofs_x = 0, .ofs_y = -1},
    {.bitmap_index = 15574, .adv_w = 192, .box_w = 11, .box_h = 11, .ofs_x = 0, .ofs_y = -1},
    {.bitmap_index = 15590, .adv_w = 192, .box_w = 11, .box_h = 11, .ofs_x = 0, .ofs_y = -1},
    {.bitmap_index = 15606, .adv_w = 192, .box_w = 11, .box_h = 11, .ofs_x = 0, .ofs_y = -1},
    {.bitmap_index = 15622, .adv_w = 192, .box_w = 11, .box_h = 11, .ofs_x = 0, .ofs_y = -1},
    {.bitmap_index = 15638, .adv_w = 192, .box_w = 11, .box_h = 11, .ofs_x = 0, .ofs_y = -1},
    {.bitmap_index = 15654, .adv_w = 192, .box_w = 11, .box_h = 11, .ofs_x = 0, .ofs_y = -1},
    {.bitmap_index = 15670, .adv_w = 192, .box_w = 11, .box_h = 11, .ofs_x = 0, .ofs_y = -1},
    {.bitmap_index = 15686, .adv_w = 192, .box_w = 11, .box_h = 11, .ofs_x = 0, .ofs_y = -1},
    {.bitmap_index = 15702, .adv_w = 192, .box_w = 11, .box_h = 11, .ofs_x = 0, .ofs_y = -1},
    {.bitmap_index = 15718, .adv_w = 192, .box_w = 11, .box_h = 11, .ofs_x = 0, .ofs_y = -1},
    {.bitmap_index = 15734, .adv_w = 192, .box_w = 11, .box_h = 11, .ofs_x = 0, .ofs_y = -1},
    {.bitmap_index = 15750, .adv_w = 192, .box_w = 11, .box_h = 11, .ofs_x = 0, .ofs_y = -1},
    {.bitmap_index = 15766, .adv_w = 192, .box_w = 11, .box_h = 11, .ofs_x = 0, .ofs_y = -1},
    {.bitmap_index = 15782, .adv_w = 192, .box_w = 11, .box_h = 11, .ofs_x = 0, .ofs_y = -1},
    {.bitmap_index = 15798, .adv_w = 192, .box_w = 11, .box_h = 11, .ofs_x = 0, .ofs_y = -1},
    {.bitmap_index = 15814, .adv_w = 192, .box_w = 11, .box_h = 11, .ofs_x = 0, .ofs_y = -1},
    {.bitmap_index = 15830, .adv_w = 192, .box_w = 9, .box_h = 11, .ofs_x = 1, .ofs_y = -1},
    {.bitmap_index = 15843, .adv_w = 192, .box_w = 10, .box_h = 11, .ofs_x = 1, .ofs_y = -1},
    {.bitmap_index = 15857, .adv_w = 192, .box_w = 11, .box_h = 11, .ofs_x = 0, .ofs_y = -1},
    {.bitmap_index = 15873, .adv_w = 192, .box_w = 11, .box_h = 11, .ofs_x = 0, .ofs_y = -1},
    {.bitmap_index = 15889, .adv_w = 192, .box_w = 11, .box_h = 11, .ofs_x = 0, .ofs_y = -1},
    {.bitmap_index = 15905, .adv_w = 192, .box_w = 11, .box_h = 11, .ofs_x = 0, .ofs_y = -1},
    {.bitmap_index = 15921, .adv_w = 192, .box_w = 11, .box_h = 11, .ofs_x = 0, .ofs_y = -1},
    {.bitmap_index = 15937, .adv_w = 192, .box_w = 11, .box_h = 11, .ofs_x = 0, .ofs_y = -1},
    {.bitmap_index = 15953, .adv_w = 192, .box_w = 11, .box_h = 11, .ofs_x = 0, .ofs_y = -1},
    {.bitmap_index = 15969, .adv_w = 192, .box_w = 11, .box_h = 11, .ofs_x = 0, .ofs_y = -1},
    {.bitmap_index = 15985, .adv_w = 192, .box_w = 11, .box_h = 11, .ofs_x = 0, .ofs_y = -1},
    {.bitmap_index = 16001, .adv_w = 192, .box_w = 11, .box_h = 11, .ofs_x = 0, .ofs_y = -1},
    {.bitmap_index = 16017, .adv_w = 192, .box_w = 11, .box_h = 11, .ofs_x = 0, .ofs_y = -1},
    {.bitmap_index = 16033, .adv_w = 192, .box_w = 11, .box_h = 11, .ofs_x = 0, .ofs_y = -1},
    {.bitmap_index = 16049, .adv_w = 192, .box_w = 11, .box_h = 11, .ofs_x = 0, .ofs_y = -1},
    {.bitmap_index = 16065, .adv_w = 192, .box_w = 11, .box_h = 11, .ofs_x = 0, .ofs_y = -1},
    {.bitmap_index = 16081, .adv_w = 192, .box_w = 11, .box_h = 11, .ofs_x = 0, .ofs_y = -1},
    {.bitmap_index = 16097, .adv_w = 192, .box_w = 11, .box_h = 11, .ofs_x = 0, .ofs_y = -1},
    {.bitmap_index = 16113, .adv_w = 192, .box_w = 11, .box_h = 11, .ofs_x = 0, .ofs_y = -1},
    {.bitmap_index = 16129, .adv_w = 192, .box_w = 11, .box_h = 11, .ofs_x = 0, .ofs_y = -1},
    {.bitmap_index = 16145, .adv_w = 192, .box_w = 11, .box_h = 11, .ofs_x = 0, .ofs_y = -1},
    {.bitmap_index = 16161, .adv_w = 192, .box_w = 11, .box_h = 11, .ofs_x = 0, .ofs_y = -1},
    {.bitmap_index = 16177, .adv_w = 192, .box_w = 11, .box_h = 11, .ofs_x = 0, .ofs_y = -1},
    {.bitmap_index = 16193, .adv_w = 192, .box_w = 11, .box_h = 11, .ofs_x = 0, .ofs_y = -1},
    {.bitmap_index = 16209, .adv_w = 192, .box_w = 11, .box_h = 11, .ofs_x = 0, .ofs_y = -1},
    {.bitmap_index = 16225, .adv_w = 192, .box_w = 11, .box_h = 11, .ofs_x = 0, .ofs_y = -1},
    {.bitmap_index = 16241, .adv_w = 192, .box_w = 11, .box_h = 11, .ofs_x = 0, .ofs_y = -1},
    {.bitmap_index = 16257, .adv_w = 192, .box_w = 11, .box_h = 11, .ofs_x = 0, .ofs_y = -1},
    {.bitmap_index = 16273, .adv_w = 192, .box_w = 11, .box_h = 11, .ofs_x = 0, .ofs_y = -1},
    {.bitmap_index = 16289, .adv_w = 192, .box_w = 11, .box_h = 11, .ofs_x = 0, .ofs_y = -1},
    {.bitmap_index = 16305, .adv_w = 192, .box_w = 11, .box_h = 11, .ofs_x = 0, .ofs_y = -1},
    {.bitmap_index = 16321, .adv_w = 192, .box_w = 11, .box_h = 11, .ofs_x = 0, .ofs_y = -1},
    {.bitmap_index = 16337, .adv_w = 192, .box_w = 11, .box_h = 11, .ofs_x = 0, .ofs_y = -1},
    {.bitmap_index = 16353, .adv_w = 192, .box_w = 11, .box_h = 11, .ofs_x = 0, .ofs_y = -1},
    {.bitmap_index = 16369, .adv_w = 192, .box_w = 10, .box_h = 11, .ofs_x = 1, .ofs_y = -1},
    {.bitmap_index = 16383, .adv_w = 192, .box_w = 10, .box_h = 11, .ofs_x = 1, .ofs_y = -1},
    {.bitmap_index = 16397, .adv_w = 192, .box_w = 10, .box_h = 11, .ofs_x = 1, .ofs_y = -1},
    {.bitmap_index = 16411, .adv_w = 192, .box_w = 10, .box_h = 11, .ofs_x = 1, .ofs_y = -1},
    {.bitmap_index = 16425, .adv_w = 192, .box_w = 11, .box_h = 11, .ofs_x = 0, .ofs_y = -1},
    {.bitmap_index = 16441, .adv_w = 192, .box_w = 9, .box_h = 11, .ofs_x = 1, .ofs_y = -1},
    {.bitmap_index = 16454, .adv_w = 192, .box_w = 11, .box_h = 11, .ofs_x = 0, .ofs_y = -1},
    {.bitmap_index = 16470, .adv_w = 192, .box_w = 11, .box_h = 11, .ofs_x = 0, .ofs_y = -1},
    {.bitmap_index = 16486, .adv_w = 192, .box_w = 11, .box_h = 11, .ofs_x = 0, .ofs_y = -1},
    {.bitmap_index = 16502, .adv_w = 192, .box_w = 11, .box_h = 11, .ofs_x = 0, .ofs_y = -1},
    {.bitmap_index = 16518, .adv_w = 192, .box_w = 11, .box_h = 11, .ofs_x = 0, .ofs_y = -1},
    {.bitmap_index = 16534, .adv_w = 192, .box_w = 11, .box_h = 11, .ofs_x = 0, .ofs_y = -1},
    {.bitmap_index = 16550, .adv_w = 192, .box_w = 11, .box_h = 11, .ofs_x = 0, .ofs_y = -1},
    {.bitmap_index = 16566, .adv_w = 192, .box_w = 11, .box_h = 11, .ofs_x = 0, .ofs_y = -1},
    {.bitmap_index = 16582, .adv_w = 192, .box_w = 11, .box_h = 11, .ofs_x = 0, .ofs_y = -1},
    {.bitmap_index = 16598, .adv_w = 192, .box_w = 11, .box_h = 11, .ofs_x = 0, .ofs_y = -1},
    {.bitmap_index = 16614, .adv_w = 192, .box_w = 11, .box_h = 11, .ofs_x = 0, .ofs_y = -1},
    {.bitmap_index = 16630, .adv_w = 192, .box_w = 11, .box_h = 11, .ofs_x = 0, .ofs_y = -1},
    {.bitmap_index = 16646, .adv_w = 192, .box_w = 11, .box_h = 11, .ofs_x = 0, .ofs_y = -1},
    {.bitmap_index = 16662, .adv_w = 192, .box_w = 11, .box_h = 11, .ofs_x = 0, .ofs_y = -1},
    {.bitmap_index = 16678, .adv_w = 192, .box_w = 11, .box_h = 11, .ofs_x = 0, .ofs_y = -1},
    {.bitmap_index = 16694, .adv_w = 192, .box_w = 11, .box_h = 11, .ofs_x = 0, .ofs_y = -1},
    {.bitmap_index = 16710, .adv_w = 192, .box_w = 11, .box_h = 11, .ofs_x = 0, .ofs_y = -1},
    {.bitmap_index = 16726, .adv_w = 192, .box_w = 11, .box_h = 11, .ofs_x = 0, .ofs_y = -1},
    {.bitmap_index = 16742, .adv_w = 192, .box_w = 11, .box_h = 11, .ofs_x = 0, .ofs_y = -1},
    {.bitmap_index = 16758, .adv_w = 192, .box_w = 11, .box_h = 11, .ofs_x = 0, .ofs_y = -1},
    {.bitmap_index = 16774, .adv_w = 192, .box_w = 11, .box_h = 11, .ofs_x = 0, .ofs_y = -1},
    {.bitmap_index = 16790, .adv_w = 192, .box_w = 11, .box_h = 11, .ofs_x = 0, .ofs_y = -1},
    {.bitmap_index = 16806, .adv_w = 192, .box_w = 11, .box_h = 11, .ofs_x = 0, .ofs_y = -1},
    {.bitmap_index = 16822, .adv_w = 192, .box_w = 11, .box_h = 11, .ofs_x = 0, .ofs_y = -1},
    {.bitmap_index = 16838, .adv_w = 192, .box_w = 11, .box_h = 11, .ofs_x = 0, .ofs_y = -1},
    {.bitmap_index = 16854, .adv_w = 192, .box_w = 11, .box_h = 11, .ofs_x = 0, .ofs_y = -1},
    {.bitmap_index = 16870, .adv_w = 192, .box_w = 11, .box_h = 11, .ofs_x = 0, .ofs_y = -1},
    {.bitmap_index = 16886, .adv_w = 192, .box_w = 11, .box_h = 11, .ofs_x = 0, .ofs_y = -1},
    {.bitmap_index = 16902, .adv_w = 192, .box_w = 11, .box_h = 11, .ofs_x = 0, .ofs_y = -1},
    {.bitmap_index = 16918, .adv_w = 192, .box_w = 11, .box_h = 11, .ofs_x = 0, .ofs_y = -1},
    {.bitmap_index = 16934, .adv_w = 192, .box_w = 11, .box_h = 11, .ofs_x = 0, .ofs_y = -1},
    {.bitmap_index = 16950, .adv_w = 192, .box_w = 11, .box_h = 11, .ofs_x = 0, .ofs_y = -1},
    {.bitmap_index = 16966, .adv_w = 192, .box_w = 11, .box_h = 11, .ofs_x = 0, .ofs_y = -1},
    {.bitmap_index = 16982, .adv_w = 192, .box_w = 11, .box_h = 11, .ofs_x = 0, .ofs_y = -1},
    {.bitmap_index = 16998, .adv_w = 192, .box_w = 11, .box_h = 11, .ofs_x = 0, .ofs_y = -1},
    {.bitmap_index = 17014, .adv_w = 192, .box_w = 11, .box_h = 11, .ofs_x = 0, .ofs_y = -1},
    {.bitmap_index = 17030, .adv_w = 192, .box_w = 11, .box_h = 11, .ofs_x = 0, .ofs_y = -1},
    {.bitmap_index = 17046, .adv_w = 192, .box_w = 11, .box_h = 11, .ofs_x = 0, .ofs_y = -1},
    {.bitmap_index = 17062, .adv_w = 192, .box_w = 11, .box_h = 11, .ofs_x = 0, .ofs_y = -1},
    {.bitmap_index = 17078, .adv_w = 192, .box_w = 11, .box_h = 11, .ofs_x = 0, .ofs_y = -1},
    {.bitmap_index = 17094, .adv_w = 192, .box_w = 11, .box_h = 11, .ofs_x = 0, .ofs_y = -1},
    {.bitmap_index = 17110, .adv_w = 192, .box_w = 11, .box_h = 11, .ofs_x = 0, .ofs_y = -1},
    {.bitmap_index = 17126, .adv_w = 192, .box_w = 11, .box_h = 11, .ofs_x = 0, .ofs_y = -1},
    {.bitmap_index = 17142, .adv_w = 192, .box_w = 11, .box_h = 11, .ofs_x = 0, .ofs_y = -1},
    {.bitmap_index = 17158, .adv_w = 192, .box_w = 11, .box_h = 11, .ofs_x = 0, .ofs_y = -1},
    {.bitmap_index = 17174, .adv_w = 192, .box_w = 11, .box_h = 11, .ofs_x = 0, .ofs_y = -1},
    {.bitmap_index = 17190, .adv_w = 192, .box_w = 11, .box_h = 11, .ofs_x = 0, .ofs_y = -1},
    {.bitmap_index = 17206, .adv_w = 192, .box_w = 11, .box_h = 11, .ofs_x = 0, .ofs_y = -1},
    {.bitmap_index = 17222, .adv_w = 192, .box_w = 11, .box_h = 11, .ofs_x = 0, .ofs_y = -1},
    {.bitmap_index = 17238, .adv_w = 192, .box_w = 11, .box_h = 11, .ofs_x = 0, .ofs_y = -1},
    {.bitmap_index = 17254, .adv_w = 192, .box_w = 11, .box_h = 11, .ofs_x = 0, .ofs_y = -1},
    {.bitmap_index = 17270, .adv_w = 192, .box_w = 11, .box_h = 11, .ofs_x = 0, .ofs_y = -1},
    {.bitmap_index = 17286, .adv_w = 192, .box_w = 11, .box_h = 11, .ofs_x = 0, .ofs_y = -1},
    {.bitmap_index = 17302, .adv_w = 192, .box_w = 11, .box_h = 11, .ofs_x = 0, .ofs_y = -1},
    {.bitmap_index = 17318, .adv_w = 192, .box_w = 11, .box_h = 11, .ofs_x = 0, .ofs_y = -1},
    {.bitmap_index = 17334, .adv_w = 192, .box_w = 11, .box_h = 11, .ofs_x = 0, .ofs_y = -1},
    {.bitmap_index = 17350, .adv_w = 192, .box_w = 11, .box_h = 11, .ofs_x = 0, .ofs_y = -1},
    {.bitmap_index = 17366, .adv_w = 192, .box_w = 11, .box_h = 11, .ofs_x = 0, .ofs_y = -1},
    {.bitmap_index = 17382, .adv_w = 192, .box_w = 11, .box_h = 11, .ofs_x = 0, .ofs_y = -1},
    {.bitmap_index = 17398, .adv_w = 192, .box_w = 11, .box_h = 11, .ofs_x = 0, .ofs_y = -1},
    {.bitmap_index = 17414, .adv_w = 192, .box_w = 11, .box_h = 11, .ofs_x = 0, .ofs_y = -1},
    {.bitmap_index = 17430, .adv_w = 192, .box_w = 11, .box_h = 11, .ofs_x = 0, .ofs_y = -1},
    {.bitmap_index = 17446, .adv_w = 192, .box_w = 11, .box_h = 11, .ofs_x = 0, .ofs_y = -1},
    {.bitmap_index = 17462, .adv_w = 192, .box_w = 11, .box_h = 11, .ofs_x = 0, .ofs_y = -1},
    {.bitmap_index = 17478, .adv_w = 192, .box_w = 11, .box_h = 11, .ofs_x = 0, .ofs_y = -1},
    {.bitmap_index = 17494, .adv_w = 192, .box_w = 11, .box_h = 11, .ofs_x = 0, .ofs_y = -1},
    {.bitmap_index = 17510, .adv_w = 192, .box_w = 11, .box_h = 11, .ofs_x = 0, .ofs_y = -1},
    {.bitmap_index = 17526, .adv_w = 192, .box_w = 11, .box_h = 11, .ofs_x = 0, .ofs_y = -1},
    {.bitmap_index = 17542, .adv_w = 192, .box_w = 11, .box_h = 11, .ofs_x = 0, .ofs_y = -1},
    {.bitmap_index = 17558, .adv_w = 192, .box_w = 10, .box_h = 11, .ofs_x = 1, .ofs_y = -1},
    {.bitmap_index = 17572, .adv_w = 192, .box_w = 10, .box_h = 11, .ofs_x = 0, .ofs_y = -1},
    {.bitmap_index = 17586, .adv_w = 192, .box_w = 11, .box_h = 11, .ofs_x = 0, .ofs_y = -1},
    {.bitmap_index = 17602, .adv_w = 192, .box_w = 11, .box_h = 11, .ofs_x = 0, .ofs_y = -1},
    {.bitmap_index = 17618, .adv_w = 192, .box_w = 11, .box_h = 11, .ofs_x = 0, .ofs_y = -1},
    {.bitmap_index = 17634, .adv_w = 192, .box_w = 11, .box_h = 11, .ofs_x = 0, .ofs_y = -1},
    {.bitmap_index = 17650, .adv_w = 192, .box_w = 11, .box_h = 11, .ofs_x = 0, .ofs_y = -1},
    {.bitmap_index = 17666, .adv_w = 192, .box_w = 11, .box_h = 11, .ofs_x = 0, .ofs_y = -1},
    {.bitmap_index = 17682, .adv_w = 192, .box_w = 11, .box_h = 11, .ofs_x = 0, .ofs_y = -1},
    {.bitmap_index = 17698, .adv_w = 192, .box_w = 11, .box_h = 11, .ofs_x = 0, .ofs_y = -1},
    {.bitmap_index = 17714, .adv_w = 192, .box_w = 11, .box_h = 11, .ofs_x = 0, .ofs_y = -1},
    {.bitmap_index = 17730, .adv_w = 192, .box_w = 11, .box_h = 11, .ofs_x = 0, .ofs_y = -1},
    {.bitmap_index = 17746, .adv_w = 192, .box_w = 11, .box_h = 11, .ofs_x = 0, .ofs_y = -1},
    {.bitmap_index = 17762, .adv_w = 192, .box_w = 11, .box_h = 11, .ofs_x = 0, .ofs_y = -1},
    {.bitmap_index = 17778, .adv_w = 192, .box_w = 11, .box_h = 11, .ofs_x = 0, .ofs_y = -1},
    {.bitmap_index = 17794, .adv_w = 192, .box_w = 9, .box_h = 11, .ofs_x = 1, .ofs_y = -1},
    {.bitmap_index = 17807, .adv_w = 192, .box_w = 11, .box_h = 11, .ofs_x = 0, .ofs_y = -1},
    {.bitmap_index = 17823, .adv_w = 192, .box_w = 11, .box_h = 11, .ofs_x = 0, .ofs_y = -1},
    {.bitmap_index = 17839, .adv_w = 192, .box_w = 11, .box_h = 11, .ofs_x = 0, .ofs_y = -1},
    {.bitmap_index = 17855, .adv_w = 192, .box_w = 11, .box_h = 11, .ofs_x = 0, .ofs_y = -1},
    {.bitmap_index = 17871, .adv_w = 192, .box_w = 11, .box_h = 11, .ofs_x = 0, .ofs_y = -1},
    {.bitmap_index = 17887, .adv_w = 192, .box_w = 11, .box_h = 11, .ofs_x = 0, .ofs_y = -1},
    {.bitmap_index = 17903, .adv_w = 192, .box_w = 11, .box_h = 11, .ofs_x = 0, .ofs_y = -1},
    {.bitmap_index = 17919, .adv_w = 192, .box_w = 11, .box_h = 11, .ofs_x = 0, .ofs_y = -1},
    {.bitmap_index = 17935, .adv_w = 192, .box_w = 11, .box_h = 11, .ofs_x = 0, .ofs_y = -1},
    {.bitmap_index = 17951, .adv_w = 192, .box_w = 11, .box_h = 11, .ofs_x = 0, .ofs_y = -1},
    {.bitmap_index = 17967, .adv_w = 192, .box_w = 11, .box_h = 11, .ofs_x = 0, .ofs_y = -1},
    {.bitmap_index = 17983, .adv_w = 192, .box_w = 11, .box_h = 11, .ofs_x = 0, .ofs_y = -1},
    {.bitmap_index = 17999, .adv_w = 192, .box_w = 11, .box_h = 11, .ofs_x = 0, .ofs_y = -1},
    {.bitmap_index = 18015, .adv_w = 192, .box_w = 11, .box_h = 11, .ofs_x = 0, .ofs_y = -1},
    {.bitmap_index = 18031, .adv_w = 192, .box_w = 11, .box_h = 11, .ofs_x = 0, .ofs_y = -1},
    {.bitmap_index = 18047, .adv_w = 192, .box_w = 11, .box_h = 11, .ofs_x = 0, .ofs_y = -1},
    {.bitmap_index = 18063, .adv_w = 192, .box_w = 11, .box_h = 11, .ofs_x = 0, .ofs_y = -1},
    {.bitmap_index = 18079, .adv_w = 192, .box_w = 11, .box_h = 11, .ofs_x = 0, .ofs_y = -1},
    {.bitmap_index = 18095, .adv_w = 192, .box_w = 11, .box_h = 11, .ofs_x = 0, .ofs_y = -1},
    {.bitmap_index = 18111, .adv_w = 192, .box_w = 11, .box_h = 11, .ofs_x = 0, .ofs_y = -1},
    {.bitmap_index = 18127, .adv_w = 192, .box_w = 11, .box_h = 11, .ofs_x = 0, .ofs_y = -1},
    {.bitmap_index = 18143, .adv_w = 192, .box_w = 11, .box_h = 11, .ofs_x = 0, .ofs_y = -1},
    {.bitmap_index = 18159, .adv_w = 192, .box_w = 11, .box_h = 11, .ofs_x = 0, .ofs_y = -1},
    {.bitmap_index = 18175, .adv_w = 192, .box_w = 11, .box_h = 11, .ofs_x = 0, .ofs_y = -1},
    {.bitmap_index = 18191, .adv_w = 192, .box_w = 11, .box_h = 11, .ofs_x = 0, .ofs_y = -1},
    {.bitmap_index = 18207, .adv_w = 192, .box_w = 11, .box_h = 11, .ofs_x = 0, .ofs_y = -1},
    {.bitmap_index = 18223, .adv_w = 192, .box_w = 11, .box_h = 11, .ofs_x = 0, .ofs_y = -1},
    {.bitmap_index = 18239, .adv_w = 192, .box_w = 11, .box_h = 11, .ofs_x = 0, .ofs_y = -1},
    {.bitmap_index = 18255, .adv_w = 192, .box_w = 11, .box_h = 11, .ofs_x = 0, .ofs_y = -1},
    {.bitmap_index = 18271, .adv_w = 192, .box_w = 11, .box_h = 11, .ofs_x = 0, .ofs_y = -1},
    {.bitmap_index = 18287, .adv_w = 192, .box_w = 11, .box_h = 11, .ofs_x = 0, .ofs_y = -1},
    {.bitmap_index = 18303, .adv_w = 192, .box_w = 11, .box_h = 11, .ofs_x = 0, .ofs_y = -1},
    {.bitmap_index = 18319, .adv_w = 192, .box_w = 11, .box_h = 11, .ofs_x = 0, .ofs_y = -1},
    {.bitmap_index = 18335, .adv_w = 192, .box_w = 11, .box_h = 11, .ofs_x = 0, .ofs_y = -1},
    {.bitmap_index = 18351, .adv_w = 192, .box_w = 11, .box_h = 11, .ofs_x = 0, .ofs_y = -1},
    {.bitmap_index = 18367, .adv_w = 192, .box_w = 11, .box_h = 11, .ofs_x = 0, .ofs_y = -1},
    {.bitmap_index = 18383, .adv_w = 192, .box_w = 11, .box_h = 11, .ofs_x = 0, .ofs_y = -1},
    {.bitmap_index = 18399, .adv_w = 192, .box_w = 11, .box_h = 11, .ofs_x = 0, .ofs_y = -1},
    {.bitmap_index = 18415, .adv_w = 192, .box_w = 11, .box_h = 11, .ofs_x = 0, .ofs_y = -1},
    {.bitmap_index = 18431, .adv_w = 192, .box_w = 11, .box_h = 11, .ofs_x = 0, .ofs_y = -1},
    {.bitmap_index = 18447, .adv_w = 192, .box_w = 11, .box_h = 11, .ofs_x = 0, .ofs_y = -1},
    {.bitmap_index = 18463, .adv_w = 192, .box_w = 11, .box_h = 11, .ofs_x = 0, .ofs_y = -1},
    {.bitmap_index = 18479, .adv_w = 192, .box_w = 11, .box_h = 11, .ofs_x = 0, .ofs_y = -1},
    {.bitmap_index = 18495, .adv_w = 192, .box_w = 11, .box_h = 11, .ofs_x = 0, .ofs_y = -1},
    {.bitmap_index = 18511, .adv_w = 192, .box_w = 11, .box_h = 11, .ofs_x = 0, .ofs_y = -1},
    {.bitmap_index = 18527, .adv_w = 192, .box_w = 11, .box_h = 11, .ofs_x = 0, .ofs_y = -1},
    {.bitmap_index = 18543, .adv_w = 192, .box_w = 11, .box_h = 11, .ofs_x = 0, .ofs_y = -1},
    {.bitmap_index = 18559, .adv_w = 192, .box_w = 11, .box_h = 11, .ofs_x = 0, .ofs_y = -1},
    {.bitmap_index = 18575, .adv_w = 192, .box_w = 11, .box_h = 11, .ofs_x = 0, .ofs_y = -1},
    {.bitmap_index = 18591, .adv_w = 192, .box_w = 11, .box_h = 11, .ofs_x = 0, .ofs_y = -1},
    {.bitmap_index = 18607, .adv_w = 192, .box_w = 11, .box_h = 11, .ofs_x = 0, .ofs_y = -1},
    {.bitmap_index = 18623, .adv_w = 192, .box_w = 11, .box_h = 11, .ofs_x = 0, .ofs_y = -1},
    {.bitmap_index = 18639, .adv_w = 192, .box_w = 11, .box_h = 11, .ofs_x = 0, .ofs_y = -1},
    {.bitmap_index = 18655, .adv_w = 192, .box_w = 11, .box_h = 11, .ofs_x = 0, .ofs_y = -1},
    {.bitmap_index = 18671, .adv_w = 192, .box_w = 11, .box_h = 11, .ofs_x = 0, .ofs_y = -1},
    {.bitmap_index = 18687, .adv_w = 192, .box_w = 11, .box_h = 11, .ofs_x = 0, .ofs_y = -1},
    {.bitmap_index = 18703, .adv_w = 192, .box_w = 11, .box_h = 11, .ofs_x = 0, .ofs_y = -1},
    {.bitmap_index = 18719, .adv_w = 192, .box_w = 11, .box_h = 11, .ofs_x = 0, .ofs_y = -1},
    {.bitmap_index = 18735, .adv_w = 192, .box_w = 11, .box_h = 11, .ofs_x = 0, .ofs_y = -1},
    {.bitmap_index = 18751, .adv_w = 192, .box_w = 11, .box_h = 11, .ofs_x = 0, .ofs_y = -1},
    {.bitmap_index = 18767, .adv_w = 192, .box_w = 11, .box_h = 11, .ofs_x = 0, .ofs_y = -1},
    {.bitmap_index = 18783, .adv_w = 192, .box_w = 11, .box_h = 11, .ofs_x = 0, .ofs_y = -1},
    {.bitmap_index = 18799, .adv_w = 192, .box_w = 11, .box_h = 11, .ofs_x = 0, .ofs_y = -1},
    {.bitmap_index = 18815, .adv_w = 192, .box_w = 11, .box_h = 11, .ofs_x = 0, .ofs_y = -1},
    {.bitmap_index = 18831, .adv_w = 192, .box_w = 11, .box_h = 11, .ofs_x = 0, .ofs_y = -1},
    {.bitmap_index = 18847, .adv_w = 192, .box_w = 11, .box_h = 11, .ofs_x = 0, .ofs_y = -1},
    {.bitmap_index = 18863, .adv_w = 192, .box_w = 11, .box_h = 11, .ofs_x = 0, .ofs_y = -1},
    {.bitmap_index = 18879, .adv_w = 192, .box_w = 11, .box_h = 11, .ofs_x = 0, .ofs_y = -1},
    {.bitmap_index = 18895, .adv_w = 192, .box_w = 11, .box_h = 11, .ofs_x = 0, .ofs_y = -1},
    {.bitmap_index = 18911, .adv_w = 192, .box_w = 11, .box_h = 11, .ofs_x = 0, .ofs_y = -1},
    {.bitmap_index = 18927, .adv_w = 192, .box_w = 11, .box_h = 11, .ofs_x = 0, .ofs_y = -1},
    {.bitmap_index = 18943, .adv_w = 192, .box_w = 11, .box_h = 11, .ofs_x = 0, .ofs_y = -1},
    {.bitmap_index = 18959, .adv_w = 192, .box_w = 11, .box_h = 11, .ofs_x = 0, .ofs_y = -1},
    {.bitmap_index = 18975, .adv_w = 192, .box_w = 11, .box_h = 11, .ofs_x = 0, .ofs_y = -1},
    {.bitmap_index = 18991, .adv_w = 192, .box_w = 11, .box_h = 11, .ofs_x = 0, .ofs_y = -1},
    {.bitmap_index = 19007, .adv_w = 192, .box_w = 11, .box_h = 11, .ofs_x = 0, .ofs_y = -1},
    {.bitmap_index = 19023, .adv_w = 192, .box_w = 11, .box_h = 11, .ofs_x = 0, .ofs_y = -1},
    {.bitmap_index = 19039, .adv_w = 192, .box_w = 11, .box_h = 11, .ofs_x = 0, .ofs_y = -1},
    {.bitmap_index = 19055, .adv_w = 192, .box_w = 11, .box_h = 11, .ofs_x = 0, .ofs_y = -1},
    {.bitmap_index = 19071, .adv_w = 192, .box_w = 11, .box_h = 11, .ofs_x = 0, .ofs_y = -1},
    {.bitmap_index = 19087, .adv_w = 192, .box_w = 11, .box_h = 11, .ofs_x = 0, .ofs_y = -1},
    {.bitmap_index = 19103, .adv_w = 192, .box_w = 11, .box_h = 11, .ofs_x = 0, .ofs_y = -1},
    {.bitmap_index = 19119, .adv_w = 192, .box_w = 11, .box_h = 11, .ofs_x = 0, .ofs_y = -1},
    {.bitmap_index = 19135, .adv_w = 192, .box_w = 11, .box_h = 11, .ofs_x = 0, .ofs_y = -1},
    {.bitmap_index = 19151, .adv_w = 192, .box_w = 11, .box_h = 11, .ofs_x = 0, .ofs_y = -1},
    {.bitmap_index = 19167, .adv_w = 192, .box_w = 11, .box_h = 11, .ofs_x = 0, .ofs_y = -1},
    {.bitmap_index = 19183, .adv_w = 192, .box_w = 11, .box_h = 11, .ofs_x = 0, .ofs_y = -1},
    {.bitmap_index = 19199, .adv_w = 192, .box_w = 11, .box_h = 11, .ofs_x = 0, .ofs_y = -1},
    {.bitmap_index = 19215, .adv_w = 192, .box_w = 11, .box_h = 11, .ofs_x = 0, .ofs_y = -1},
    {.bitmap_index = 19231, .adv_w = 192, .box_w = 11, .box_h = 11, .ofs_x = 0, .ofs_y = -1},
    {.bitmap_index = 19247, .adv_w = 192, .box_w = 11, .box_h = 11, .ofs_x = 0, .ofs_y = -1},
    {.bitmap_index = 19263, .adv_w = 192, .box_w = 11, .box_h = 11, .ofs_x = 0, .ofs_y = -1},
    {.bitmap_index = 19279, .adv_w = 192, .box_w = 11, .box_h = 11, .ofs_x = 0, .ofs_y = -1},
    {.bitmap_index = 19295, .adv_w = 192, .box_w = 11, .box_h = 11, .ofs_x = 0, .ofs_y = -1},
    {.bitmap_index = 19311, .adv_w = 192, .box_w = 11, .box_h = 11, .ofs_x = 0, .ofs_y = -1},
    {.bitmap_index = 19327, .adv_w = 192, .box_w = 11, .box_h = 11, .ofs_x = 0, .ofs_y = -1},
    {.bitmap_index = 19343, .adv_w = 192, .box_w = 11, .box_h = 11, .ofs_x = 0, .ofs_y = -1},
    {.bitmap_index = 19359, .adv_w = 192, .box_w = 11, .box_h = 11, .ofs_x = 0, .ofs_y = -1},
    {.bitmap_index = 19375, .adv_w = 192, .box_w = 11, .box_h = 11, .ofs_x = 0, .ofs_y = -1},
    {.bitmap_index = 19391, .adv_w = 192, .box_w = 11, .box_h = 11, .ofs_x = 0, .ofs_y = -1},
    {.bitmap_index = 19407, .adv_w = 192, .box_w = 11, .box_h = 11, .ofs_x = 0, .ofs_y = -1},
    {.bitmap_index = 19423, .adv_w = 192, .box_w = 11, .box_h = 11, .ofs_x = 0, .ofs_y = -1},
    {.bitmap_index = 19439, .adv_w = 192, .box_w = 11, .box_h = 11, .ofs_x = 0, .ofs_y = -1},
    {.bitmap_index = 19455, .adv_w = 192, .box_w = 11, .box_h = 11, .ofs_x = 0, .ofs_y = -1},
    {.bitmap_index = 19471, .adv_w = 192, .box_w = 11, .box_h = 11, .ofs_x = 0, .ofs_y = -1},
    {.bitmap_index = 19487, .adv_w = 192, .box_w = 11, .box_h = 11, .ofs_x = 0, .ofs_y = -1},
    {.bitmap_index = 19503, .adv_w = 192, .box_w = 11, .box_h = 11, .ofs_x = 0, .ofs_y = -1},
    {.bitmap_index = 19519, .adv_w = 192, .box_w = 11, .box_h = 11, .ofs_x = 0, .ofs_y = -1},
    {.bitmap_index = 19535, .adv_w = 192, .box_w = 11, .box_h = 11, .ofs_x = 0, .ofs_y = -1},
    {.bitmap_index = 19551, .adv_w = 192, .box_w = 11, .box_h = 11, .ofs_x = 0, .ofs_y = -1},
    {.bitmap_index = 19567, .adv_w = 192, .box_w = 11, .box_h = 11, .ofs_x = 0, .ofs_y = -1},
    {.bitmap_index = 19583, .adv_w = 192, .box_w = 11, .box_h = 11, .ofs_x = 0, .ofs_y = -1},
    {.bitmap_index = 19599, .adv_w = 192, .box_w = 11, .box_h = 11, .ofs_x = 0, .ofs_y = -1},
    {.bitmap_index = 19615, .adv_w = 192, .box_w = 11, .box_h = 11, .ofs_x = 0, .ofs_y = -1},
    {.bitmap_index = 19631, .adv_w = 192, .box_w = 11, .box_h = 11, .ofs_x = 0, .ofs_y = -1},
    {.bitmap_index = 19647, .adv_w = 192, .box_w = 11, .box_h = 11, .ofs_x = 0, .ofs_y = -1},
    {.bitmap_index = 19663, .adv_w = 192, .box_w = 11, .box_h = 11, .ofs_x = 0, .ofs_y = -1},
    {.bitmap_index = 19679, .adv_w = 192, .box_w = 11, .box_h = 11, .ofs_x = 0, .ofs_y = -1},
    {.bitmap_index = 19695, .adv_w = 192, .box_w = 11, .box_h = 11, .ofs_x = 0, .ofs_y = -1},
    {.bitmap_index = 19711, .adv_w = 192, .box_w = 11, .box_h = 11, .ofs_x = 0, .ofs_y = -1},
    {.bitmap_index = 19727, .adv_w = 192, .box_w = 11, .box_h = 11, .ofs_x = 0, .ofs_y = -1},
    {.bitmap_index = 19743, .adv_w = 192, .box_w = 11, .box_h = 11, .ofs_x = 0, .ofs_y = -1},
    {.bitmap_index = 19759, .adv_w = 192, .box_w = 11, .box_h = 11, .ofs_x = 0, .ofs_y = -1},
    {.bitmap_index = 19775, .adv_w = 192, .box_w = 11, .box_h = 11, .ofs_x = 0, .ofs_y = -1},
    {.bitmap_index = 19791, .adv_w = 192, .box_w = 11, .box_h = 11, .ofs_x = 0, .ofs_y = -1},
    {.bitmap_index = 19807, .adv_w = 192, .box_w = 11, .box_h = 11, .ofs_x = 0, .ofs_y = -1},
    {.bitmap_index = 19823, .adv_w = 192, .box_w = 11, .box_h = 11, .ofs_x = 0, .ofs_y = -1},
    {.bitmap_index = 19839, .adv_w = 192, .box_w = 11, .box_h = 11, .ofs_x = 0, .ofs_y = -1},
    {.bitmap_index = 19855, .adv_w = 192, .box_w = 11, .box_h = 11, .ofs_x = 0, .ofs_y = -1},
    {.bitmap_index = 19871, .adv_w = 192, .box_w = 11, .box_h = 11, .ofs_x = 0, .ofs_y = -1},
    {.bitmap_index = 19887, .adv_w = 192, .box_w = 11, .box_h = 11, .ofs_x = 0, .ofs_y = -1},
    {.bitmap_index = 19903, .adv_w = 192, .box_w = 11, .box_h = 11, .ofs_x = 0, .ofs_y = -1},
    {.bitmap_index = 19919, .adv_w = 192, .box_w = 11, .box_h = 11, .ofs_x = 0, .ofs_y = -1},
    {.bitmap_index = 19935, .adv_w = 192, .box_w = 11, .box_h = 11, .ofs_x = 0, .ofs_y = -1},
    {.bitmap_index = 19951, .adv_w = 192, .box_w = 11, .box_h = 11, .ofs_x = 0, .ofs_y = -1},
    {.bitmap_index = 19967, .adv_w = 192, .box_w = 11, .box_h = 11, .ofs_x = 0, .ofs_y = -1},
    {.bitmap_index = 19983, .adv_w = 192, .box_w = 11, .box_h = 11, .ofs_x = 0, .ofs_y = -1},
    {.bitmap_index = 19999, .adv_w = 192, .box_w = 11, .box_h = 11, .ofs_x = 0, .ofs_y = -1},
    {.bitmap_index = 20015, .adv_w = 192, .box_w = 11, .box_h = 11, .ofs_x = 0, .ofs_y = -1},
    {.bitmap_index = 20031, .adv_w = 192, .box_w = 11, .box_h = 11, .ofs_x = 0, .ofs_y = -1},
    {.bitmap_index = 20047, .adv_w = 192, .box_w = 11, .box_h = 11, .ofs_x = 0, .ofs_y = -1},
    {.bitmap_index = 20063, .adv_w = 192, .box_w = 11, .box_h = 11, .ofs_x = 0, .ofs_y = -1},
    {.bitmap_index = 20079, .adv_w = 192, .box_w = 11, .box_h = 11, .ofs_x = 0, .ofs_y = -1},
    {.bitmap_index = 20095, .adv_w = 192, .box_w = 11, .box_h = 11, .ofs_x = 0, .ofs_y = -1},
    {.bitmap_index = 20111, .adv_w = 192, .box_w = 11, .box_h = 11, .ofs_x = 0, .ofs_y = -1},
    {.bitmap_index = 20127, .adv_w = 192, .box_w = 11, .box_h = 11, .ofs_x = 0, .ofs_y = -1},
    {.bitmap_index = 20143, .adv_w = 192, .box_w = 11, .box_h = 11, .ofs_x = 0, .ofs_y = -1},
    {.bitmap_index = 20159, .adv_w = 192, .box_w = 11, .box_h = 11, .ofs_x = 0, .ofs_y = -1},
    {.bitmap_index = 20175, .adv_w = 192, .box_w = 11, .box_h = 11, .ofs_x = 0, .ofs_y = -1},
    {.bitmap_index = 20191, .adv_w = 192, .box_w = 11, .box_h = 11, .ofs_x = 0, .ofs_y = -1},
    {.bitmap_index = 20207, .adv_w = 192, .box_w = 11, .box_h = 11, .ofs_x = 0, .ofs_y = -1},
    {.bitmap_index = 20223, .adv_w = 192, .box_w = 11, .box_h = 11, .ofs_x = 0, .ofs_y = -1},
    {.bitmap_index = 20239, .adv_w = 192, .box_w = 11, .box_h = 11, .ofs_x = 0, .ofs_y = -1},
    {.bitmap_index = 20255, .adv_w = 192, .box_w = 11, .box_h = 11, .ofs_x = 0, .ofs_y = -1},
    {.bitmap_index = 20271, .adv_w = 192, .box_w = 11, .box_h = 11, .ofs_x = 0, .ofs_y = -1},
    {.bitmap_index = 20287, .adv_w = 192, .box_w = 11, .box_h = 11, .ofs_x = 0, .ofs_y = -1},
    {.bitmap_index = 20303, .adv_w = 192, .box_w = 11, .box_h = 11, .ofs_x = 0, .ofs_y = -1},
    {.bitmap_index = 20319, .adv_w = 192, .box_w = 11, .box_h = 11, .ofs_x = 0, .ofs_y = -1},
    {.bitmap_index = 20335, .adv_w = 192, .box_w = 11, .box_h = 11, .ofs_x = 0, .ofs_y = -1},
    {.bitmap_index = 20351, .adv_w = 192, .box_w = 11, .box_h = 11, .ofs_x = 0, .ofs_y = -1},
    {.bitmap_index = 20367, .adv_w = 192, .box_w = 11, .box_h = 11, .ofs_x = 0, .ofs_y = -1},
    {.bitmap_index = 20383, .adv_w = 192, .box_w = 11, .box_h = 11, .ofs_x = 0, .ofs_y = -1},
    {.bitmap_index = 20399, .adv_w = 192, .box_w = 11, .box_h = 11, .ofs_x = 0, .ofs_y = -1},
    {.bitmap_index = 20415, .adv_w = 192, .box_w = 11, .box_h = 11, .ofs_x = 0, .ofs_y = -1},
    {.bitmap_index = 20431, .adv_w = 192, .box_w = 11, .box_h = 11, .ofs_x = 0, .ofs_y = -1},
    {.bitmap_index = 20447, .adv_w = 192, .box_w = 11, .box_h = 11, .ofs_x = 0, .ofs_y = -1},
    {.bitmap_index = 20463, .adv_w = 192, .box_w = 11, .box_h = 11, .ofs_x = 0, .ofs_y = -1},
    {.bitmap_index = 20479, .adv_w = 192, .box_w = 11, .box_h = 11, .ofs_x = 0, .ofs_y = -1},
    {.bitmap_index = 20495, .adv_w = 192, .box_w = 11, .box_h = 11, .ofs_x = 0, .ofs_y = -1},
    {.bitmap_index = 20511, .adv_w = 192, .box_w = 11, .box_h = 11, .ofs_x = 0, .ofs_y = -1},
    {.bitmap_index = 20527, .adv_w = 192, .box_w = 11, .box_h = 11, .ofs_x = 0, .ofs_y = -1},
    {.bitmap_index = 20543, .adv_w = 192, .box_w = 11, .box_h = 11, .ofs_x = 0, .ofs_y = -1},
    {.bitmap_index = 20559, .adv_w = 192, .box_w = 11, .box_h = 11, .ofs_x = 0, .ofs_y = -1},
    {.bitmap_index = 20575, .adv_w = 192, .box_w = 11, .box_h = 11, .ofs_x = 0, .ofs_y = -1},
    {.bitmap_index = 20591, .adv_w = 192, .box_w = 11, .box_h = 11, .ofs_x = 0, .ofs_y = -1},
    {.bitmap_index = 20607, .adv_w = 192, .box_w = 11, .box_h = 11, .ofs_x = 0, .ofs_y = -1},
    {.bitmap_index = 20623, .adv_w = 192, .box_w = 11, .box_h = 11, .ofs_x = 0, .ofs_y = -1},
    {.bitmap_index = 20639, .adv_w = 192, .box_w = 11, .box_h = 11, .ofs_x = 0, .ofs_y = -1},
    {.bitmap_index = 20655, .adv_w = 192, .box_w = 11, .box_h = 11, .ofs_x = 0, .ofs_y = -1},
    {.bitmap_index = 20671, .adv_w = 192, .box_w = 11, .box_h = 11, .ofs_x = 0, .ofs_y = -1},
    {.bitmap_index = 20687, .adv_w = 192, .box_w = 11, .box_h = 11, .ofs_x = 0, .ofs_y = -1},
    {.bitmap_index = 20703, .adv_w = 192, .box_w = 11, .box_h = 11, .ofs_x = 0, .ofs_y = -1},
    {.bitmap_index = 20719, .adv_w = 192, .box_w = 11, .box_h = 11, .ofs_x = 0, .ofs_y = -1},
    {.bitmap_index = 20735, .adv_w = 192, .box_w = 11, .box_h = 11, .ofs_x = 0, .ofs_y = -1},
    {.bitmap_index = 20751, .adv_w = 192, .box_w = 11, .box_h = 11, .ofs_x = 0, .ofs_y = -1},
    {.bitmap_index = 20767, .adv_w = 192, .box_w = 11, .box_h = 11, .ofs_x = 0, .ofs_y = -1},
    {.bitmap_index = 20783, .adv_w = 192, .box_w = 11, .box_h = 11, .ofs_x = 0, .ofs_y = -1},
    {.bitmap_index = 20799, .adv_w = 192, .box_w = 11, .box_h = 11, .ofs_x = 0, .ofs_y = -1},
    {.bitmap_index = 20815, .adv_w = 192, .box_w = 11, .box_h = 11, .ofs_x = 0, .ofs_y = -1},
    {.bitmap_index = 20831, .adv_w = 192, .box_w = 11, .box_h = 11, .ofs_x = 0, .ofs_y = -1},
    {.bitmap_index = 20847, .adv_w = 192, .box_w = 11, .box_h = 11, .ofs_x = 0, .ofs_y = -1},
    {.bitmap_index = 20863, .adv_w = 192, .box_w = 11, .box_h = 11, .ofs_x = 0, .ofs_y = -1},
    {.bitmap_index = 20879, .adv_w = 192, .box_w = 11, .box_h = 11, .ofs_x = 0, .ofs_y = -1},
    {.bitmap_index = 20895, .adv_w = 192, .box_w = 11, .box_h = 11, .ofs_x = 0, .ofs_y = -1},
    {.bitmap_index = 20911, .adv_w = 192, .box_w = 11, .box_h = 11, .ofs_x = 0, .ofs_y = -1},
    {.bitmap_index = 20927, .adv_w = 192, .box_w = 11, .box_h = 11, .ofs_x = 0, .ofs_y = -1},
    {.bitmap_index = 20943, .adv_w = 192, .box_w = 11, .box_h = 11, .ofs_x = 0, .ofs_y = -1},
    {.bitmap_index = 20959, .adv_w = 192, .box_w = 11, .box_h = 11, .ofs_x = 0, .ofs_y = -1},
    {.bitmap_index = 20975, .adv_w = 192, .box_w = 11, .box_h = 11, .ofs_x = 0, .ofs_y = -1},
    {.bitmap_index = 20991, .adv_w = 192, .box_w = 11, .box_h = 11, .ofs_x = 0, .ofs_y = -1},
    {.bitmap_index = 21007, .adv_w = 192, .box_w = 11, .box_h = 11, .ofs_x = 0, .ofs_y = -1},
    {.bitmap_index = 21023, .adv_w = 192, .box_w = 11, .box_h = 11, .ofs_x = 0, .ofs_y = -1},
    {.bitmap_index = 21039, .adv_w = 192, .box_w = 11, .box_h = 11, .ofs_x = 0, .ofs_y = -1},
    {.bitmap_index = 21055, .adv_w = 192, .box_w = 11, .box_h = 11, .ofs_x = 0, .ofs_y = -1},
    {.bitmap_index = 21071, .adv_w = 192, .box_w = 11, .box_h = 11, .ofs_x = 0, .ofs_y = -1},
    {.bitmap_index = 21087, .adv_w = 192, .box_w = 11, .box_h = 11, .ofs_x = 0, .ofs_y = -1},
    {.bitmap_index = 21103, .adv_w = 192, .box_w = 11, .box_h = 11, .ofs_x = 0, .ofs_y = -1},
    {.bitmap_index = 21119, .adv_w = 192, .box_w = 11, .box_h = 11, .ofs_x = 0, .ofs_y = -1},
    {.bitmap_index = 21135, .adv_w = 192, .box_w = 11, .box_h = 11, .ofs_x = 0, .ofs_y = -1},
    {.bitmap_index = 21151, .adv_w = 192, .box_w = 11, .box_h = 11, .ofs_x = 0, .ofs_y = -1},
    {.bitmap_index = 21167, .adv_w = 192, .box_w = 11, .box_h = 11, .ofs_x = 0, .ofs_y = -1},
    {.bitmap_index = 21183, .adv_w = 192, .box_w = 11, .box_h = 11, .ofs_x = 0, .ofs_y = -1},
    {.bitmap_index = 21199, .adv_w = 192, .box_w = 11, .box_h = 11, .ofs_x = 0, .ofs_y = -1},
    {.bitmap_index = 21215, .adv_w = 192, .box_w = 11, .box_h = 11, .ofs_x = 0, .ofs_y = -1},
    {.bitmap_index = 21231, .adv_w = 192, .box_w = 11, .box_h = 11, .ofs_x = 0, .ofs_y = -1},
    {.bitmap_index = 21247, .adv_w = 192, .box_w = 11, .box_h = 11, .ofs_x = 0, .ofs_y = -1},
    {.bitmap_index = 21263, .adv_w = 192, .box_w = 11, .box_h = 11, .ofs_x = 0, .ofs_y = -1},
    {.bitmap_index = 21279, .adv_w = 192, .box_w = 11, .box_h = 11, .ofs_x = 0, .ofs_y = -1},
    {.bitmap_index = 21295, .adv_w = 192, .box_w = 11, .box_h = 11, .ofs_x = 0, .ofs_y = -1},
    {.bitmap_index = 21311, .adv_w = 192, .box_w = 11, .box_h = 11, .ofs_x = 0, .ofs_y = -1},
    {.bitmap_index = 21327, .adv_w = 192, .box_w = 11, .box_h = 11, .ofs_x = 0, .ofs_y = -1},
    {.bitmap_index = 21343, .adv_w = 192, .box_w = 11, .box_h = 11, .ofs_x = 0, .ofs_y = -1},
    {.bitmap_index = 21359, .adv_w = 192, .box_w = 11, .box_h = 11, .ofs_x = 0, .ofs_y = -1},
    {.bitmap_index = 21375, .adv_w = 192, .box_w = 11, .box_h = 11, .ofs_x = 0, .ofs_y = -1},
    {.bitmap_index = 21391, .adv_w = 192, .box_w = 11, .box_h = 11, .ofs_x = 0, .ofs_y = -1},
    {.bitmap_index = 21407, .adv_w = 192, .box_w = 11, .box_h = 11, .ofs_x = 0, .ofs_y = -1},
    {.bitmap_index = 21423, .adv_w = 192, .box_w = 11, .box_h = 11, .ofs_x = 0, .ofs_y = -1},
    {.bitmap_index = 21439, .adv_w = 192, .box_w = 11, .box_h = 11, .ofs_x = 0, .ofs_y = -1},
    {.bitmap_index = 21455, .adv_w = 192, .box_w = 11, .box_h = 11, .ofs_x = 0, .ofs_y = -1},
    {.bitmap_index = 21471, .adv_w = 192, .box_w = 11, .box_h = 11, .ofs_x = 0, .ofs_y = -1},
    {.bitmap_index = 21487, .adv_w = 192, .box_w = 11, .box_h = 11, .ofs_x = 0, .ofs_y = -1},
    {.bitmap_index = 21503, .adv_w = 192, .box_w = 11, .box_h = 11, .ofs_x = 0, .ofs_y = -1},
    {.bitmap_index = 21519, .adv_w = 192, .box_w = 11, .box_h = 11, .ofs_x = 0, .ofs_y = -1},
    {.bitmap_index = 21535, .adv_w = 192, .box_w = 11, .box_h = 11, .ofs_x = 0, .ofs_y = -1},
    {.bitmap_index = 21551, .adv_w = 192, .box_w = 11, .box_h = 11, .ofs_x = 0, .ofs_y = -1},
    {.bitmap_index = 21567, .adv_w = 192, .box_w = 11, .box_h = 11, .ofs_x = 0, .ofs_y = -1},
    {.bitmap_index = 21583, .adv_w = 192, .box_w = 11, .box_h = 11, .ofs_x = 0, .ofs_y = -1},
    {.bitmap_index = 21599, .adv_w = 192, .box_w = 11, .box_h = 11, .ofs_x = 0, .ofs_y = -1},
    {.bitmap_index = 21615, .adv_w = 192, .box_w = 11, .box_h = 11, .ofs_x = 0, .ofs_y = -1},
    {.bitmap_index = 21631, .adv_w = 192, .box_w = 11, .box_h = 11, .ofs_x = 0, .ofs_y = -1},
    {.bitmap_index = 21647, .adv_w = 192, .box_w = 11, .box_h = 11, .ofs_x = 0, .ofs_y = -1},
    {.bitmap_index = 21663, .adv_w = 192, .box_w = 11, .box_h = 11, .ofs_x = 0, .ofs_y = -1},
    {.bitmap_index = 21679, .adv_w = 192, .box_w = 11, .box_h = 11, .ofs_x = 0, .ofs_y = -1},
    {.bitmap_index = 21695, .adv_w = 192, .box_w = 11, .box_h = 11, .ofs_x = 0, .ofs_y = -1},
    {.bitmap_index = 21711, .adv_w = 192, .box_w = 11, .box_h = 11, .ofs_x = 0, .ofs_y = -1},
    {.bitmap_index = 21727, .adv_w = 192, .box_w = 11, .box_h = 11, .ofs_x = 0, .ofs_y = -1},
    {.bitmap_index = 21743, .adv_w = 192, .box_w = 11, .box_h = 11, .ofs_x = 0, .ofs_y = -1},
    {.bitmap_index = 21759, .adv_w = 192, .box_w = 11, .box_h = 11, .ofs_x = 0, .ofs_y = -1},
    {.bitmap_index = 21775, .adv_w = 192, .box_w = 11, .box_h = 11, .ofs_x = 0, .ofs_y = -1},
    {.bitmap_index = 21791, .adv_w = 192, .box_w = 11, .box_h = 11, .ofs_x = 0, .ofs_y = -1},
    {.bitmap_index = 21807, .adv_w = 192, .box_w = 11, .box_h = 11, .ofs_x = 0, .ofs_y = -1},
    {.bitmap_index = 21823, .adv_w = 192, .box_w = 11, .box_h = 11, .ofs_x = 0, .ofs_y = -1},
    {.bitmap_index = 21839, .adv_w = 192, .box_w = 11, .box_h = 11, .ofs_x = 0, .ofs_y = -1},
    {.bitmap_index = 21855, .adv_w = 192, .box_w = 11, .box_h = 11, .ofs_x = 0, .ofs_y = -1},
    {.bitmap_index = 21871, .adv_w = 192, .box_w = 11, .box_h = 11, .ofs_x = 0, .ofs_y = -1},
    {.bitmap_index = 21887, .adv_w = 192, .box_w = 11, .box_h = 11, .ofs_x = 0, .ofs_y = -1},
    {.bitmap_index = 21903, .adv_w = 192, .box_w = 11, .box_h = 11, .ofs_x = 0, .ofs_y = -1},
    {.bitmap_index = 21919, .adv_w = 192, .box_w = 11, .box_h = 11, .ofs_x = 0, .ofs_y = -1},
    {.bitmap_index = 21935, .adv_w = 192, .box_w = 11, .box_h = 11, .ofs_x = 0, .ofs_y = -1},
    {.bitmap_index = 21951, .adv_w = 192, .box_w = 11, .box_h = 11, .ofs_x = 0, .ofs_y = -1},
    {.bitmap_index = 21967, .adv_w = 192, .box_w = 11, .box_h = 11, .ofs_x = 0, .ofs_y = -1},
    {.bitmap_index = 21983, .adv_w = 192, .box_w = 11, .box_h = 11, .ofs_x = 0, .ofs_y = -1},
    {.bitmap_index = 21999, .adv_w = 192, .box_w = 11, .box_h = 11, .ofs_x = 0, .ofs_y = -1},
    {.bitmap_index = 22015, .adv_w = 192, .box_w = 11, .box_h = 11, .ofs_x = 0, .ofs_y = -1},
    {.bitmap_index = 22031, .adv_w = 192, .box_w = 11, .box_h = 11, .ofs_x = 0, .ofs_y = -1},
    {.bitmap_index = 22047, .adv_w = 192, .box_w = 11, .box_h = 11, .ofs_x = 0, .ofs_y = -1},
    {.bitmap_index = 22063, .adv_w = 192, .box_w = 11, .box_h = 11, .ofs_x = 0, .ofs_y = -1},
    {.bitmap_index = 22079, .adv_w = 192, .box_w = 11, .box_h = 11, .ofs_x = 0, .ofs_y = -1},
    {.bitmap_index = 22095, .adv_w = 192, .box_w = 11, .box_h = 11, .ofs_x = 0, .ofs_y = -1},
    {.bitmap_index = 22111, .adv_w = 192, .box_w = 11, .box_h = 11, .ofs_x = 0, .ofs_y = -1},
    {.bitmap_index = 22127, .adv_w = 192, .box_w = 11, .box_h = 11, .ofs_x = 0, .ofs_y = -1},
    {.bitmap_index = 22143, .adv_w = 192, .box_w = 11, .box_h = 11, .ofs_x = 0, .ofs_y = -1},
    {.bitmap_index = 22159, .adv_w = 192, .box_w = 11, .box_h = 11, .ofs_x = 0, .ofs_y = -1},
    {.bitmap_index = 22175, .adv_w = 192, .box_w = 11, .box_h = 11, .ofs_x = 0, .ofs_y = -1},
    {.bitmap_index = 22191, .adv_w = 192, .box_w = 11, .box_h = 11, .ofs_x = 0, .ofs_y = -1},
    {.bitmap_index = 22207, .adv_w = 192, .box_w = 11, .box_h = 11, .ofs_x = 0, .ofs_y = -1},
    {.bitmap_index = 22223, .adv_w = 192, .box_w = 11, .box_h = 11, .ofs_x = 0, .ofs_y = -1},
    {.bitmap_index = 22239, .adv_w = 192, .box_w = 11, .box_h = 11, .ofs_x = 0, .ofs_y = -1},
    {.bitmap_index = 22255, .adv_w = 192, .box_w = 11, .box_h = 11, .ofs_x = 0, .ofs_y = -1},
    {.bitmap_index = 22271, .adv_w = 192, .box_w = 11, .box_h = 11, .ofs_x = 0, .ofs_y = -1},
    {.bitmap_index = 22287, .adv_w = 192, .box_w = 11, .box_h = 11, .ofs_x = 0, .ofs_y = -1},
    {.bitmap_index = 22303, .adv_w = 192, .box_w = 11, .box_h = 11, .ofs_x = 0, .ofs_y = -1},
    {.bitmap_index = 22319, .adv_w = 192, .box_w = 11, .box_h = 11, .ofs_x = 0, .ofs_y = -1},
    {.bitmap_index = 22335, .adv_w = 192, .box_w = 11, .box_h = 11, .ofs_x = 0, .ofs_y = -1},
    {.bitmap_index = 22351, .adv_w = 192, .box_w = 11, .box_h = 11, .ofs_x = 0, .ofs_y = -1},
    {.bitmap_index = 22367, .adv_w = 192, .box_w = 11, .box_h = 11, .ofs_x = 0, .ofs_y = -1},
    {.bitmap_index = 22383, .adv_w = 192, .box_w = 11, .box_h = 11, .ofs_x = 0, .ofs_y = -1},
    {.bitmap_index = 22399, .adv_w = 192, .box_w = 11, .box_h = 11, .ofs_x = 0, .ofs_y = -1},
    {.bitmap_index = 22415, .adv_w = 192, .box_w = 11, .box_h = 11, .ofs_x = 0, .ofs_y = -1},
    {.bitmap_index = 22431, .adv_w = 192, .box_w = 11, .box_h = 11, .ofs_x = 0, .ofs_y = -1},
    {.bitmap_index = 22447, .adv_w = 192, .box_w = 11, .box_h = 11, .ofs_x = 0, .ofs_y = -1},
    {.bitmap_index = 22463, .adv_w = 192, .box_w = 11, .box_h = 11, .ofs_x = 0, .ofs_y = -1},
    {.bitmap_index = 22479, .adv_w = 192, .box_w = 11, .box_h = 11, .ofs_x = 0, .ofs_y = -1},
    {.bitmap_index = 22495, .adv_w = 192, .box_w = 11, .box_h = 11, .ofs_x = 0, .ofs_y = -1},
    {.bitmap_index = 22511, .adv_w = 192, .box_w = 11, .box_h = 11, .ofs_x = 0, .ofs_y = -1},
    {.bitmap_index = 22527, .adv_w = 192, .box_w = 11, .box_h = 11, .ofs_x = 0, .ofs_y = -1},
    {.bitmap_index = 22543, .adv_w = 192, .box_w = 11, .box_h = 11, .ofs_x = 0, .ofs_y = -1},
    {.bitmap_index = 22559, .adv_w = 192, .box_w = 11, .box_h = 11, .ofs_x = 0, .ofs_y = -1},
    {.bitmap_index = 22575, .adv_w = 192, .box_w = 11, .box_h = 11, .ofs_x = 0, .ofs_y = -1},
    {.bitmap_index = 22591, .adv_w = 192, .box_w = 11, .box_h = 11, .ofs_x = 0, .ofs_y = -1},
    {.bitmap_index = 22607, .adv_w = 192, .box_w = 11, .box_h = 11, .ofs_x = 0, .ofs_y = -1},
    {.bitmap_index = 22623, .adv_w = 192, .box_w = 11, .box_h = 11, .ofs_x = 0, .ofs_y = -1},
    {.bitmap_index = 22639, .adv_w = 192, .box_w = 11, .box_h = 11, .ofs_x = 0, .ofs_y = -1},
    {.bitmap_index = 22655, .adv_w = 192, .box_w = 11, .box_h = 11, .ofs_x = 0, .ofs_y = -1},
    {.bitmap_index = 22671, .adv_w = 192, .box_w = 11, .box_h = 11, .ofs_x = 0, .ofs_y = -1},
    {.bitmap_index = 22687, .adv_w = 192, .box_w = 11, .box_h = 11, .ofs_x = 0, .ofs_y = -1},
    {.bitmap_index = 22703, .adv_w = 192, .box_w = 11, .box_h = 11, .ofs_x = 0, .ofs_y = -1},
    {.bitmap_index = 22719, .adv_w = 192, .box_w = 11, .box_h = 11, .ofs_x = 0, .ofs_y = -1},
    {.bitmap_index = 22735, .adv_w = 192, .box_w = 11, .box_h = 11, .ofs_x = 0, .ofs_y = -1},
    {.bitmap_index = 22751, .adv_w = 192, .box_w = 11, .box_h = 11, .ofs_x = 0, .ofs_y = -1},
    {.bitmap_index = 22767, .adv_w = 192, .box_w = 11, .box_h = 11, .ofs_x = 0, .ofs_y = -1},
    {.bitmap_index = 22783, .adv_w = 192, .box_w = 11, .box_h = 11, .ofs_x = 0, .ofs_y = -1},
    {.bitmap_index = 22799, .adv_w = 192, .box_w = 11, .box_h = 11, .ofs_x = 0, .ofs_y = -1},
    {.bitmap_index = 22815, .adv_w = 192, .box_w = 11, .box_h = 11, .ofs_x = 0, .ofs_y = -1},
    {.bitmap_index = 22831, .adv_w = 192, .box_w = 11, .box_h = 11, .ofs_x = 0, .ofs_y = -1},
    {.bitmap_index = 22847, .adv_w = 192, .box_w = 11, .box_h = 11, .ofs_x = 0, .ofs_y = -1},
    {.bitmap_index = 22863, .adv_w = 192, .box_w = 11, .box_h = 11, .ofs_x = 0, .ofs_y = -1},
    {.bitmap_index = 22879, .adv_w = 192, .box_w = 11, .box_h = 11, .ofs_x = 0, .ofs_y = -1},
    {.bitmap_index = 22895, .adv_w = 192, .box_w = 11, .box_h = 11, .ofs_x = 0, .ofs_y = -1},
    {.bitmap_index = 22911, .adv_w = 192, .box_w = 11, .box_h = 11, .ofs_x = 0, .ofs_y = -1},
    {.bitmap_index = 22927, .adv_w = 192, .box_w = 11, .box_h = 11, .ofs_x = 0, .ofs_y = -1},
    {.bitmap_index = 22943, .adv_w = 192, .box_w = 11, .box_h = 11, .ofs_x = 0, .ofs_y = -1},
    {.bitmap_index = 22959, .adv_w = 192, .box_w = 11, .box_h = 11, .ofs_x = 0, .ofs_y = -1},
    {.bitmap_index = 22975, .adv_w = 192, .box_w = 11, .box_h = 11, .ofs_x = 0, .ofs_y = -1},
    {.bitmap_index = 22991, .adv_w = 192, .box_w = 11, .box_h = 11, .ofs_x = 0, .ofs_y = -1},
    {.bitmap_index = 23007, .adv_w = 192, .box_w = 11, .box_h = 11, .ofs_x = 0, .ofs_y = -1},
    {.bitmap_index = 23023, .adv_w = 192, .box_w = 11, .box_h = 11, .ofs_x = 0, .ofs_y = -1},
    {.bitmap_index = 23039, .adv_w = 192, .box_w = 11, .box_h = 11, .ofs_x = 0, .ofs_y = -1},
    {.bitmap_index = 23055, .adv_w = 192, .box_w = 11, .box_h = 11, .ofs_x = 0, .ofs_y = -1},
    {.bitmap_index = 23071, .adv_w = 192, .box_w = 11, .box_h = 11, .ofs_x = 0, .ofs_y = -1},
    {.bitmap_index = 23087, .adv_w = 192, .box_w = 11, .box_h = 11, .ofs_x = 0, .ofs_y = -1},
    {.bitmap_index = 23103, .adv_w = 192, .box_w = 11, .box_h = 11, .ofs_x = 0, .ofs_y = -1},
    {.bitmap_index = 23119, .adv_w = 192, .box_w = 11, .box_h = 11, .ofs_x = 0, .ofs_y = -1},
    {.bitmap_index = 23135, .adv_w = 192, .box_w = 11, .box_h = 11, .ofs_x = 0, .ofs_y = -1},
    {.bitmap_index = 23151, .adv_w = 192, .box_w = 11, .box_h = 11, .ofs_x = 0, .ofs_y = -1},
    {.bitmap_index = 23167, .adv_w = 192, .box_w = 11, .box_h = 11, .ofs_x = 0, .ofs_y = -1},
    {.bitmap_index = 23183, .adv_w = 192, .box_w = 11, .box_h = 11, .ofs_x = 0, .ofs_y = -1},
    {.bitmap_index = 23199, .adv_w = 192, .box_w = 11, .box_h = 11, .ofs_x = 0, .ofs_y = -1},
    {.bitmap_index = 23215, .adv_w = 192, .box_w = 11, .box_h = 11, .ofs_x = 0, .ofs_y = -1},
    {.bitmap_index = 23231, .adv_w = 192, .box_w = 11, .box_h = 11, .ofs_x = 0, .ofs_y = -1},
    {.bitmap_index = 23247, .adv_w = 192, .box_w = 11, .box_h = 11, .ofs_x = 0, .ofs_y = -1},
    {.bitmap_index = 23263, .adv_w = 192, .box_w = 11, .box_h = 11, .ofs_x = 0, .ofs_y = -1},
    {.bitmap_index = 23279, .adv_w = 192, .box_w = 11, .box_h = 11, .ofs_x = 0, .ofs_y = -1},
    {.bitmap_index = 23295, .adv_w = 192, .box_w = 11, .box_h = 11, .ofs_x = 0, .ofs_y = -1},
    {.bitmap_index = 23311, .adv_w = 192, .box_w = 11, .box_h = 11, .ofs_x = 0, .ofs_y = -1},
    {.bitmap_index = 23327, .adv_w = 192, .box_w = 11, .box_h = 11, .ofs_x = 0, .ofs_y = -1},
    {.bitmap_index = 23343, .adv_w = 192, .box_w = 11, .box_h = 11, .ofs_x = 0, .ofs_y = -1},
    {.bitmap_index = 23359, .adv_w = 192, .box_w = 11, .box_h = 11, .ofs_x = 0, .ofs_y = -1},
    {.bitmap_index = 23375, .adv_w = 192, .box_w = 11, .box_h = 11, .ofs_x = 0, .ofs_y = -1},
    {.bitmap_index = 23391, .adv_w = 192, .box_w = 11, .box_h = 11, .ofs_x = 0, .ofs_y = -1},
    {.bitmap_index = 23407, .adv_w = 192, .box_w = 11, .box_h = 11, .ofs_x = 0, .ofs_y = -1},
    {.bitmap_index = 23423, .adv_w = 192, .box_w = 11, .box_h = 11, .ofs_x = 0, .ofs_y = -1},
    {.bitmap_index = 23439, .adv_w = 192, .box_w = 11, .box_h = 11, .ofs_x = 0, .ofs_y = -1},
    {.bitmap_index = 23455, .adv_w = 192, .box_w = 11, .box_h = 11, .ofs_x = 0, .ofs_y = -1},
    {.bitmap_index = 23471, .adv_w = 192, .box_w = 11, .box_h = 11, .ofs_x = 0, .ofs_y = -1},
    {.bitmap_index = 23487, .adv_w = 192, .box_w = 11, .box_h = 11, .ofs_x = 0, .ofs_y = -1},
    {.bitmap_index = 23503, .adv_w = 192, .box_w = 11, .box_h = 11, .ofs_x = 0, .ofs_y = -1},
    {.bitmap_index = 23519, .adv_w = 192, .box_w = 11, .box_h = 11, .ofs_x = 0, .ofs_y = -1},
    {.bitmap_index = 23535, .adv_w = 192, .box_w = 11, .box_h = 11, .ofs_x = 0, .ofs_y = -1},
    {.bitmap_index = 23551, .adv_w = 192, .box_w = 11, .box_h = 11, .ofs_x = 0, .ofs_y = -1},
    {.bitmap_index = 23567, .adv_w = 192, .box_w = 11, .box_h = 11, .ofs_x = 0, .ofs_y = -1},
    {.bitmap_index = 23583, .adv_w = 192, .box_w = 11, .box_h = 11, .ofs_x = 0, .ofs_y = -1},
    {.bitmap_index = 23599, .adv_w = 192, .box_w = 11, .box_h = 11, .ofs_x = 0, .ofs_y = -1},
    {.bitmap_index = 23615, .adv_w = 192, .box_w = 11, .box_h = 11, .ofs_x = 0, .ofs_y = -1},
    {.bitmap_index = 23631, .adv_w = 192, .box_w = 11, .box_h = 11, .ofs_x = 0, .ofs_y = -1},
    {.bitmap_index = 23647, .adv_w = 192, .box_w = 11, .box_h = 11, .ofs_x = 0, .ofs_y = -1},
    {.bitmap_index = 23663, .adv_w = 192, .box_w = 11, .box_h = 11, .ofs_x = 0, .ofs_y = -1},
    {.bitmap_index = 23679, .adv_w = 192, .box_w = 11, .box_h = 11, .ofs_x = 0, .ofs_y = -1},
    {.bitmap_index = 23695, .adv_w = 192, .box_w = 11, .box_h = 11, .ofs_x = 0, .ofs_y = -1},
    {.bitmap_index = 23711, .adv_w = 192, .box_w = 11, .box_h = 11, .ofs_x = 0, .ofs_y = -1},
    {.bitmap_index = 23727, .adv_w = 192, .box_w = 11, .box_h = 11, .ofs_x = 0, .ofs_y = -1},
    {.bitmap_index = 23743, .adv_w = 192, .box_w = 11, .box_h = 11, .ofs_x = 0, .ofs_y = -1},
    {.bitmap_index = 23759, .adv_w = 192, .box_w = 11, .box_h = 11, .ofs_x = 0, .ofs_y = -1},
    {.bitmap_index = 23775, .adv_w = 192, .box_w = 11, .box_h = 11, .ofs_x = 0, .ofs_y = -1},
    {.bitmap_index = 23791, .adv_w = 192, .box_w = 11, .box_h = 11, .ofs_x = 0, .ofs_y = -1},
    {.bitmap_index = 23807, .adv_w = 192, .box_w = 11, .box_h = 11, .ofs_x = 0, .ofs_y = -1},
    {.bitmap_index = 23823, .adv_w = 192, .box_w = 11, .box_h = 11, .ofs_x = 0, .ofs_y = -1},
    {.bitmap_index = 23839, .adv_w = 192, .box_w = 11, .box_h = 11, .ofs_x = 0, .ofs_y = -1},
    {.bitmap_index = 23855, .adv_w = 192, .box_w = 11, .box_h = 11, .ofs_x = 0, .ofs_y = -1},
    {.bitmap_index = 23871, .adv_w = 192, .box_w = 11, .box_h = 11, .ofs_x = 0, .ofs_y = -1},
    {.bitmap_index = 23887, .adv_w = 192, .box_w = 11, .box_h = 11, .ofs_x = 0, .ofs_y = -1},
    {.bitmap_index = 23903, .adv_w = 192, .box_w = 11, .box_h = 11, .ofs_x = 0, .ofs_y = -1},
    {.bitmap_index = 23919, .adv_w = 192, .box_w = 11, .box_h = 11, .ofs_x = 0, .ofs_y = -1},
    {.bitmap_index = 23935, .adv_w = 192, .box_w = 11, .box_h = 11, .ofs_x = 0, .ofs_y = -1},
    {.bitmap_index = 23951, .adv_w = 192, .box_w = 11, .box_h = 11, .ofs_x = 0, .ofs_y = -1},
    {.bitmap_index = 23967, .adv_w = 192, .box_w = 11, .box_h = 11, .ofs_x = 0, .ofs_y = -1},
    {.bitmap_index = 23983, .adv_w = 192, .box_w = 11, .box_h = 11, .ofs_x = 0, .ofs_y = -1},
    {.bitmap_index = 23999, .adv_w = 192, .box_w = 11, .box_h = 11, .ofs_x = 0, .ofs_y = -1},
    {.bitmap_index = 24015, .adv_w = 192, .box_w = 11, .box_h = 11, .ofs_x = 0, .ofs_y = -1},
    {.bitmap_index = 24031, .adv_w = 192, .box_w = 11, .box_h = 11, .ofs_x = 0, .ofs_y = -1},
    {.bitmap_index = 24047, .adv_w = 192, .box_w = 11, .box_h = 11, .ofs_x = 0, .ofs_y = -1},
    {.bitmap_index = 24063, .adv_w = 192, .box_w = 11, .box_h = 11, .ofs_x = 0, .ofs_y = -1},
    {.bitmap_index = 24079, .adv_w = 192, .box_w = 11, .box_h = 11, .ofs_x = 0, .ofs_y = -1},
    {.bitmap_index = 24095, .adv_w = 192, .box_w = 11, .box_h = 11, .ofs_x = 0, .ofs_y = -1},
    {.bitmap_index = 24111, .adv_w = 192, .box_w = 11, .box_h = 11, .ofs_x = 0, .ofs_y = -1},
    {.bitmap_index = 24127, .adv_w = 192, .box_w = 11, .box_h = 11, .ofs_x = 0, .ofs_y = -1},
    {.bitmap_index = 24143, .adv_w = 192, .box_w = 11, .box_h = 11, .ofs_x = 0, .ofs_y = -1},
    {.bitmap_index = 24159, .adv_w = 192, .box_w = 11, .box_h = 11, .ofs_x = 0, .ofs_y = -1},
    {.bitmap_index = 24175, .adv_w = 192, .box_w = 11, .box_h = 11, .ofs_x = 0, .ofs_y = -1},
    {.bitmap_index = 24191, .adv_w = 192, .box_w = 11, .box_h = 11, .ofs_x = 0, .ofs_y = -1},
    {.bitmap_index = 24207, .adv_w = 192, .box_w = 11, .box_h = 11, .ofs_x = 0, .ofs_y = -1},
    {.bitmap_index = 24223, .adv_w = 192, .box_w = 11, .box_h = 11, .ofs_x = 0, .ofs_y = -1},
    {.bitmap_index = 24239, .adv_w = 192, .box_w = 11, .box_h = 11, .ofs_x = 0, .ofs_y = -1},
    {.bitmap_index = 24255, .adv_w = 192, .box_w = 11, .box_h = 11, .ofs_x = 0, .ofs_y = -1},
    {.bitmap_index = 24271, .adv_w = 192, .box_w = 11, .box_h = 11, .ofs_x = 0, .ofs_y = -1},
    {.bitmap_index = 24287, .adv_w = 192, .box_w = 11, .box_h = 11, .ofs_x = 0, .ofs_y = -1},
    {.bitmap_index = 24303, .adv_w = 192, .box_w = 11, .box_h = 11, .ofs_x = 0, .ofs_y = -1},
    {.bitmap_index = 24319, .adv_w = 192, .box_w = 11, .box_h = 11, .ofs_x = 0, .ofs_y = -1},
    {.bitmap_index = 24335, .adv_w = 192, .box_w = 11, .box_h = 11, .ofs_x = 0, .ofs_y = -1},
    {.bitmap_index = 24351, .adv_w = 192, .box_w = 11, .box_h = 11, .ofs_x = 0, .ofs_y = -1},
    {.bitmap_index = 24367, .adv_w = 192, .box_w = 11, .box_h = 11, .ofs_x = 0, .ofs_y = -1},
    {.bitmap_index = 24383, .adv_w = 192, .box_w = 11, .box_h = 11, .ofs_x = 0, .ofs_y = -1},
    {.bitmap_index = 24399, .adv_w = 192, .box_w = 11, .box_h = 11, .ofs_x = 0, .ofs_y = -1},
    {.bitmap_index = 24415, .adv_w = 192, .box_w = 11, .box_h = 11, .ofs_x = 0, .ofs_y = -1},
    {.bitmap_index = 24431, .adv_w = 192, .box_w = 11, .box_h = 11, .ofs_x = 0, .ofs_y = -1},
    {.bitmap_index = 24447, .adv_w = 192, .box_w = 11, .box_h = 11, .ofs_x = 0, .ofs_y = -1},
    {.bitmap_index = 24463, .adv_w = 192, .box_w = 11, .box_h = 11, .ofs_x = 0, .ofs_y = -1},
    {.bitmap_index = 24479, .adv_w = 192, .box_w = 11, .box_h = 11, .ofs_x = 0, .ofs_y = -1},
    {.bitmap_index = 24495, .adv_w = 192, .box_w = 11, .box_h = 11, .ofs_x = 0, .ofs_y = -1},
    {.bitmap_index = 24511, .adv_w = 192, .box_w = 11, .box_h = 11, .ofs_x = 0, .ofs_y = -1},
    {.bitmap_index = 24527, .adv_w = 192, .box_w = 11, .box_h = 11, .ofs_x = 0, .ofs_y = -1},
    {.bitmap_index = 24543, .adv_w = 192, .box_w = 11, .box_h = 11, .ofs_x = 0, .ofs_y = -1},
    {.bitmap_index = 24559, .adv_w = 192, .box_w = 11, .box_h = 11, .ofs_x = 0, .ofs_y = -1},
    {.bitmap_index = 24575, .adv_w = 192, .box_w = 11, .box_h = 11, .ofs_x = 0, .ofs_y = -1},
    {.bitmap_index = 24591, .adv_w = 192, .box_w = 11, .box_h = 11, .ofs_x = 0, .ofs_y = -1},
    {.bitmap_index = 24607, .adv_w = 192, .box_w = 11, .box_h = 11, .ofs_x = 0, .ofs_y = -1},
    {.bitmap_index = 24623, .adv_w = 192, .box_w = 11, .box_h = 11, .ofs_x = 0, .ofs_y = -1},
    {.bitmap_index = 24639, .adv_w = 192, .box_w = 11, .box_h = 11, .ofs_x = 0, .ofs_y = -1},
    {.bitmap_index = 24655, .adv_w = 192, .box_w = 11, .box_h = 11, .ofs_x = 0, .ofs_y = -1},
    {.bitmap_index = 24671, .adv_w = 192, .box_w = 11, .box_h = 11, .ofs_x = 0, .ofs_y = -1},
    {.bitmap_index = 24687, .adv_w = 192, .box_w = 11, .box_h = 11, .ofs_x = 0, .ofs_y = -1},
    {.bitmap_index = 24703, .adv_w = 192, .box_w = 11, .box_h = 11, .ofs_x = 0, .ofs_y = -1},
    {.bitmap_index = 24719, .adv_w = 192, .box_w = 11, .box_h = 11, .ofs_x = 0, .ofs_y = -1},
    {.bitmap_index = 24735, .adv_w = 192, .box_w = 11, .box_h = 11, .ofs_x = 0, .ofs_y = -1},
    {.bitmap_index = 24751, .adv_w = 192, .box_w = 11, .box_h = 11, .ofs_x = 0, .ofs_y = -1},
    {.bitmap_index = 24767, .adv_w = 192, .box_w = 11, .box_h = 11, .ofs_x = 0, .ofs_y = -1},
    {.bitmap_index = 24783, .adv_w = 192, .box_w = 9, .box_h = 11, .ofs_x = 1, .ofs_y = -1},
    {.bitmap_index = 24796, .adv_w = 192, .box_w = 11, .box_h = 11, .ofs_x = 0, .ofs_y = -1},
    {.bitmap_index = 24812, .adv_w = 192, .box_w = 10, .box_h = 11, .ofs_x = 1, .ofs_y = -1},
    {.bitmap_index = 24826, .adv_w = 192, .box_w = 10, .box_h = 11, .ofs_x = 1, .ofs_y = -1},
    {.bitmap_index = 24840, .adv_w = 192, .box_w = 11, .box_h = 11, .ofs_x = 0, .ofs_y = -1},
    {.bitmap_index = 24856, .adv_w = 192, .box_w = 11, .box_h = 11, .ofs_x = 0, .ofs_y = -1},
    {.bitmap_index = 24872, .adv_w = 192, .box_w = 11, .box_h = 11, .ofs_x = 0, .ofs_y = -1},
    {.bitmap_index = 24888, .adv_w = 192, .box_w = 11, .box_h = 11, .ofs_x = 0, .ofs_y = -1},
    {.bitmap_index = 24904, .adv_w = 192, .box_w = 11, .box_h = 11, .ofs_x = 0, .ofs_y = -1},
    {.bitmap_index = 24920, .adv_w = 192, .box_w = 11, .box_h = 11, .ofs_x = 0, .ofs_y = -1},
    {.bitmap_index = 24936, .adv_w = 192, .box_w = 11, .box_h = 11, .ofs_x = 0, .ofs_y = -1},
    {.bitmap_index = 24952, .adv_w = 192, .box_w = 11, .box_h = 11, .ofs_x = 0, .ofs_y = -1},
    {.bitmap_index = 24968, .adv_w = 192, .box_w = 10, .box_h = 11, .ofs_x = 1, .ofs_y = -1},
    {.bitmap_index = 24982, .adv_w = 192, .box_w = 11, .box_h = 11, .ofs_x = 0, .ofs_y = -1},
    {.bitmap_index = 24998, .adv_w = 192, .box_w = 11, .box_h = 11, .ofs_x = 0, .ofs_y = -1},
    {.bitmap_index = 25014, .adv_w = 192, .box_w = 11, .box_h = 11, .ofs_x = 0, .ofs_y = -1},
    {.bitmap_index = 25030, .adv_w = 192, .box_w = 11, .box_h = 11, .ofs_x = 0, .ofs_y = -1},
    {.bitmap_index = 25046, .adv_w = 192, .box_w = 11, .box_h = 11, .ofs_x = 0, .ofs_y = -1},
    {.bitmap_index = 25062, .adv_w = 192, .box_w = 11, .box_h = 11, .ofs_x = 0, .ofs_y = -1},
    {.bitmap_index = 25078, .adv_w = 192, .box_w = 11, .box_h = 11, .ofs_x = 0, .ofs_y = -1},
    {.bitmap_index = 25094, .adv_w = 192, .box_w = 11, .box_h = 11, .ofs_x = 0, .ofs_y = -1},
    {.bitmap_index = 25110, .adv_w = 192, .box_w = 11, .box_h = 11, .ofs_x = 0, .ofs_y = -1},
    {.bitmap_index = 25126, .adv_w = 192, .box_w = 11, .box_h = 11, .ofs_x = 0, .ofs_y = -1},
    {.bitmap_index = 25142, .adv_w = 192, .box_w = 11, .box_h = 11, .ofs_x = 0, .ofs_y = -1},
    {.bitmap_index = 25158, .adv_w = 192, .box_w = 11, .box_h = 11, .ofs_x = 0, .ofs_y = -1},
    {.bitmap_index = 25174, .adv_w = 192, .box_w = 11, .box_h = 11, .ofs_x = 0, .ofs_y = -1},
    {.bitmap_index = 25190, .adv_w = 192, .box_w = 11, .box_h = 11, .ofs_x = 0, .ofs_y = -1},
    {.bitmap_index = 25206, .adv_w = 192, .box_w = 11, .box_h = 11, .ofs_x = 0, .ofs_y = -1},
    {.bitmap_index = 25222, .adv_w = 192, .box_w = 11, .box_h = 11, .ofs_x = 0, .ofs_y = -1},
    {.bitmap_index = 25238, .adv_w = 192, .box_w = 11, .box_h = 11, .ofs_x = 0, .ofs_y = -1},
    {.bitmap_index = 25254, .adv_w = 192, .box_w = 11, .box_h = 11, .ofs_x = 0, .ofs_y = -1},
    {.bitmap_index = 25270, .adv_w = 192, .box_w = 11, .box_h = 11, .ofs_x = 0, .ofs_y = -1},
    {.bitmap_index = 25286, .adv_w = 192, .box_w = 11, .box_h = 11, .ofs_x = 0, .ofs_y = -1},
    {.bitmap_index = 25302, .adv_w = 192, .box_w = 11, .box_h = 11, .ofs_x = 0, .ofs_y = -1},
    {.bitmap_index = 25318, .adv_w = 192, .box_w = 11, .box_h = 11, .ofs_x = 0, .ofs_y = -1},
    {.bitmap_index = 25334, .adv_w = 192, .box_w = 11, .box_h = 11, .ofs_x = 0, .ofs_y = -1},
    {.bitmap_index = 25350, .adv_w = 192, .box_w = 11, .box_h = 11, .ofs_x = 0, .ofs_y = -1},
    {.bitmap_index = 25366, .adv_w = 192, .box_w = 11, .box_h = 11, .ofs_x = 0, .ofs_y = -1},
    {.bitmap_index = 25382, .adv_w = 192, .box_w = 11, .box_h = 11, .ofs_x = 0, .ofs_y = -1},
    {.bitmap_index = 25398, .adv_w = 192, .box_w = 11, .box_h = 11, .ofs_x = 0, .ofs_y = -1},
    {.bitmap_index = 25414, .adv_w = 192, .box_w = 11, .box_h = 11, .ofs_x = 0, .ofs_y = -1},
    {.bitmap_index = 25430, .adv_w = 192, .box_w = 11, .box_h = 11, .ofs_x = 0, .ofs_y = -1},
    {.bitmap_index = 25446, .adv_w = 192, .box_w = 11, .box_h = 11, .ofs_x = 0, .ofs_y = -1},
    {.bitmap_index = 25462, .adv_w = 192, .box_w = 11, .box_h = 11, .ofs_x = 0, .ofs_y = -1},
    {.bitmap_index = 25478, .adv_w = 192, .box_w = 11, .box_h = 11, .ofs_x = 0, .ofs_y = -1},
    {.bitmap_index = 25494, .adv_w = 192, .box_w = 11, .box_h = 11, .ofs_x = 0, .ofs_y = -1},
    {.bitmap_index = 25510, .adv_w = 192, .box_w = 11, .box_h = 11, .ofs_x = 0, .ofs_y = -1},
    {.bitmap_index = 25526, .adv_w = 192, .box_w = 11, .box_h = 11, .ofs_x = 0, .ofs_y = -1},
    {.bitmap_index = 25542, .adv_w = 192, .box_w = 11, .box_h = 11, .ofs_x = 0, .ofs_y = -1},
    {.bitmap_index = 25558, .adv_w = 192, .box_w = 11, .box_h = 11, .ofs_x = 0, .ofs_y = -1},
    {.bitmap_index = 25574, .adv_w = 192, .box_w = 11, .box_h = 11, .ofs_x = 0, .ofs_y = -1},
    {.bitmap_index = 25590, .adv_w = 192, .box_w = 11, .box_h = 11, .ofs_x = 0, .ofs_y = -1},
    {.bitmap_index = 25606, .adv_w = 192, .box_w = 11, .box_h = 11, .ofs_x = 0, .ofs_y = -1},
    {.bitmap_index = 25622, .adv_w = 192, .box_w = 11, .box_h = 9, .ofs_x = 0, .ofs_y = 0},
    {.bitmap_index = 25635, .adv_w = 192, .box_w = 11, .box_h = 11, .ofs_x = 0, .ofs_y = -1},
    {.bitmap_index = 25651, .adv_w = 192, .box_w = 11, .box_h = 11, .ofs_x = 0, .ofs_y = -1},
    {.bitmap_index = 25667, .adv_w = 192, .box_w = 11, .box_h = 11, .ofs_x = 0, .ofs_y = -1},
    {.bitmap_index = 25683, .adv_w = 192, .box_w = 11, .box_h = 11, .ofs_x = 0, .ofs_y = -1},
    {.bitmap_index = 25699, .adv_w = 192, .box_w = 11, .box_h = 11, .ofs_x = 0, .ofs_y = -1},
    {.bitmap_index = 25715, .adv_w = 192, .box_w = 9, .box_h = 11, .ofs_x = 1, .ofs_y = -1},
    {.bitmap_index = 25728, .adv_w = 192, .box_w = 11, .box_h = 11, .ofs_x = 0, .ofs_y = -1},
    {.bitmap_index = 25744, .adv_w = 192, .box_w = 11, .box_h = 11, .ofs_x = 0, .ofs_y = -1},
    {.bitmap_index = 25760, .adv_w = 192, .box_w = 10, .box_h = 11, .ofs_x = 0, .ofs_y = -1},
    {.bitmap_index = 25774, .adv_w = 192, .box_w = 11, .box_h = 11, .ofs_x = 0, .ofs_y = -1},
    {.bitmap_index = 25790, .adv_w = 192, .box_w = 11, .box_h = 11, .ofs_x = 0, .ofs_y = -1},
    {.bitmap_index = 25806, .adv_w = 192, .box_w = 11, .box_h = 11, .ofs_x = 0, .ofs_y = -1},
    {.bitmap_index = 25822, .adv_w = 192, .box_w = 11, .box_h = 11, .ofs_x = 0, .ofs_y = -1},
    {.bitmap_index = 25838, .adv_w = 192, .box_w = 11, .box_h = 11, .ofs_x = 0, .ofs_y = -1},
    {.bitmap_index = 25854, .adv_w = 192, .box_w = 11, .box_h = 11, .ofs_x = 0, .ofs_y = -1},
    {.bitmap_index = 25870, .adv_w = 192, .box_w = 11, .box_h = 11, .ofs_x = 0, .ofs_y = -1},
    {.bitmap_index = 25886, .adv_w = 192, .box_w = 11, .box_h = 11, .ofs_x = 0, .ofs_y = -1},
    {.bitmap_index = 25902, .adv_w = 192, .box_w = 11, .box_h = 11, .ofs_x = 0, .ofs_y = -1},
    {.bitmap_index = 25918, .adv_w = 192, .box_w = 11, .box_h = 11, .ofs_x = 0, .ofs_y = -1},
    {.bitmap_index = 25934, .adv_w = 192, .box_w = 11, .box_h = 11, .ofs_x = 0, .ofs_y = -1},
    {.bitmap_index = 25950, .adv_w = 192, .box_w = 11, .box_h = 11, .ofs_x = 0, .ofs_y = -1},
    {.bitmap_index = 25966, .adv_w = 192, .box_w = 11, .box_h = 11, .ofs_x = 0, .ofs_y = -1},
    {.bitmap_index = 25982, .adv_w = 192, .box_w = 11, .box_h = 11, .ofs_x = 0, .ofs_y = -1},
    {.bitmap_index = 25998, .adv_w = 192, .box_w = 11, .box_h = 11, .ofs_x = 0, .ofs_y = -1},
    {.bitmap_index = 26014, .adv_w = 192, .box_w = 11, .box_h = 11, .ofs_x = 0, .ofs_y = -1},
    {.bitmap_index = 26030, .adv_w = 192, .box_w = 11, .box_h = 11, .ofs_x = 0, .ofs_y = -1},
    {.bitmap_index = 26046, .adv_w = 192, .box_w = 11, .box_h = 11, .ofs_x = 0, .ofs_y = -1},
    {.bitmap_index = 26062, .adv_w = 192, .box_w = 11, .box_h = 11, .ofs_x = 0, .ofs_y = -1},
    {.bitmap_index = 26078, .adv_w = 192, .box_w = 11, .box_h = 11, .ofs_x = 0, .ofs_y = -1},
    {.bitmap_index = 26094, .adv_w = 192, .box_w = 11, .box_h = 11, .ofs_x = 0, .ofs_y = -1},
    {.bitmap_index = 26110, .adv_w = 192, .box_w = 11, .box_h = 11, .ofs_x = 0, .ofs_y = -1},
    {.bitmap_index = 26126, .adv_w = 192, .box_w = 11, .box_h = 11, .ofs_x = 0, .ofs_y = -1},
    {.bitmap_index = 26142, .adv_w = 192, .box_w = 11, .box_h = 11, .ofs_x = 0, .ofs_y = -1},
    {.bitmap_index = 26158, .adv_w = 192, .box_w = 11, .box_h = 11, .ofs_x = 0, .ofs_y = -1},
    {.bitmap_index = 26174, .adv_w = 192, .box_w = 11, .box_h = 11, .ofs_x = 0, .ofs_y = -1},
    {.bitmap_index = 26190, .adv_w = 192, .box_w = 11, .box_h = 11, .ofs_x = 0, .ofs_y = -1},
    {.bitmap_index = 26206, .adv_w = 192, .box_w = 11, .box_h = 11, .ofs_x = 0, .ofs_y = -1},
    {.bitmap_index = 26222, .adv_w = 192, .box_w = 11, .box_h = 11, .ofs_x = 0, .ofs_y = -1},
    {.bitmap_index = 26238, .adv_w = 192, .box_w = 11, .box_h = 11, .ofs_x = 0, .ofs_y = -1},
    {.bitmap_index = 26254, .adv_w = 192, .box_w = 11, .box_h = 11, .ofs_x = 0, .ofs_y = -1},
    {.bitmap_index = 26270, .adv_w = 192, .box_w = 11, .box_h = 11, .ofs_x = 0, .ofs_y = -1},
    {.bitmap_index = 26286, .adv_w = 192, .box_w = 11, .box_h = 11, .ofs_x = 0, .ofs_y = -1},
    {.bitmap_index = 26302, .adv_w = 192, .box_w = 11, .box_h = 11, .ofs_x = 0, .ofs_y = -1},
    {.bitmap_index = 26318, .adv_w = 192, .box_w = 11, .box_h = 11, .ofs_x = 0, .ofs_y = -1},
    {.bitmap_index = 26334, .adv_w = 192, .box_w = 11, .box_h = 11, .ofs_x = 0, .ofs_y = -1},
    {.bitmap_index = 26350, .adv_w = 192, .box_w = 11, .box_h = 11, .ofs_x = 0, .ofs_y = -1},
    {.bitmap_index = 26366, .adv_w = 192, .box_w = 11, .box_h = 11, .ofs_x = 0, .ofs_y = -1},
    {.bitmap_index = 26382, .adv_w = 192, .box_w = 11, .box_h = 11, .ofs_x = 0, .ofs_y = -1},
    {.bitmap_index = 26398, .adv_w = 192, .box_w = 11, .box_h = 11, .ofs_x = 0, .ofs_y = -1},
    {.bitmap_index = 26414, .adv_w = 192, .box_w = 11, .box_h = 11, .ofs_x = 0, .ofs_y = -1},
    {.bitmap_index = 26430, .adv_w = 192, .box_w = 11, .box_h = 11, .ofs_x = 0, .ofs_y = -1},
    {.bitmap_index = 26446, .adv_w = 192, .box_w = 11, .box_h = 11, .ofs_x = 0, .ofs_y = -1},
    {.bitmap_index = 26462, .adv_w = 192, .box_w = 11, .box_h = 11, .ofs_x = 0, .ofs_y = -1},
    {.bitmap_index = 26478, .adv_w = 192, .box_w = 11, .box_h = 11, .ofs_x = 0, .ofs_y = -1},
    {.bitmap_index = 26494, .adv_w = 192, .box_w = 11, .box_h = 11, .ofs_x = 0, .ofs_y = -1},
    {.bitmap_index = 26510, .adv_w = 192, .box_w = 11, .box_h = 11, .ofs_x = 0, .ofs_y = -1},
    {.bitmap_index = 26526, .adv_w = 192, .box_w = 11, .box_h = 11, .ofs_x = 0, .ofs_y = -1},
    {.bitmap_index = 26542, .adv_w = 192, .box_w = 11, .box_h = 11, .ofs_x = 0, .ofs_y = -1},
    {.bitmap_index = 26558, .adv_w = 192, .box_w = 11, .box_h = 11, .ofs_x = 0, .ofs_y = -1},
    {.bitmap_index = 26574, .adv_w = 192, .box_w = 11, .box_h = 11, .ofs_x = 0, .ofs_y = -1},
    {.bitmap_index = 26590, .adv_w = 192, .box_w = 11, .box_h = 11, .ofs_x = 0, .ofs_y = -1},
    {.bitmap_index = 26606, .adv_w = 192, .box_w = 11, .box_h = 11, .ofs_x = 0, .ofs_y = -1},
    {.bitmap_index = 26622, .adv_w = 192, .box_w = 11, .box_h = 11, .ofs_x = 0, .ofs_y = -1},
    {.bitmap_index = 26638, .adv_w = 192, .box_w = 11, .box_h = 11, .ofs_x = 0, .ofs_y = -1},
    {.bitmap_index = 26654, .adv_w = 192, .box_w = 11, .box_h = 11, .ofs_x = 0, .ofs_y = -1},
    {.bitmap_index = 26670, .adv_w = 192, .box_w = 11, .box_h = 11, .ofs_x = 0, .ofs_y = -1},
    {.bitmap_index = 26686, .adv_w = 192, .box_w = 11, .box_h = 11, .ofs_x = 0, .ofs_y = -1},
    {.bitmap_index = 26702, .adv_w = 192, .box_w = 11, .box_h = 11, .ofs_x = 0, .ofs_y = -1},
    {.bitmap_index = 26718, .adv_w = 192, .box_w = 11, .box_h = 11, .ofs_x = 0, .ofs_y = -1},
    {.bitmap_index = 26734, .adv_w = 192, .box_w = 11, .box_h = 11, .ofs_x = 0, .ofs_y = -1},
    {.bitmap_index = 26750, .adv_w = 192, .box_w = 11, .box_h = 11, .ofs_x = 0, .ofs_y = -1},
    {.bitmap_index = 26766, .adv_w = 192, .box_w = 11, .box_h = 11, .ofs_x = 0, .ofs_y = -1},
    {.bitmap_index = 26782, .adv_w = 192, .box_w = 11, .box_h = 11, .ofs_x = 0, .ofs_y = -1},
    {.bitmap_index = 26798, .adv_w = 192, .box_w = 11, .box_h = 11, .ofs_x = 0, .ofs_y = -1},
    {.bitmap_index = 26814, .adv_w = 192, .box_w = 11, .box_h = 11, .ofs_x = 0, .ofs_y = -1},
    {.bitmap_index = 26830, .adv_w = 192, .box_w = 11, .box_h = 11, .ofs_x = 0, .ofs_y = -1},
    {.bitmap_index = 26846, .adv_w = 192, .box_w = 11, .box_h = 11, .ofs_x = 0, .ofs_y = -1},
    {.bitmap_index = 26862, .adv_w = 192, .box_w = 11, .box_h = 11, .ofs_x = 0, .ofs_y = -1},
    {.bitmap_index = 26878, .adv_w = 192, .box_w = 11, .box_h = 11, .ofs_x = 0, .ofs_y = -1},
    {.bitmap_index = 26894, .adv_w = 192, .box_w = 11, .box_h = 11, .ofs_x = 0, .ofs_y = -1},
    {.bitmap_index = 26910, .adv_w = 192, .box_w = 11, .box_h = 11, .ofs_x = 0, .ofs_y = -1},
    {.bitmap_index = 26926, .adv_w = 192, .box_w = 11, .box_h = 11, .ofs_x = 0, .ofs_y = -1},
    {.bitmap_index = 26942, .adv_w = 192, .box_w = 11, .box_h = 11, .ofs_x = 0, .ofs_y = -1},
    {.bitmap_index = 26958, .adv_w = 192, .box_w = 11, .box_h = 11, .ofs_x = 0, .ofs_y = -1},
    {.bitmap_index = 26974, .adv_w = 192, .box_w = 11, .box_h = 11, .ofs_x = 0, .ofs_y = -1},
    {.bitmap_index = 26990, .adv_w = 192, .box_w = 11, .box_h = 11, .ofs_x = 0, .ofs_y = -1},
    {.bitmap_index = 27006, .adv_w = 192, .box_w = 11, .box_h = 11, .ofs_x = 0, .ofs_y = -1},
    {.bitmap_index = 27022, .adv_w = 192, .box_w = 11, .box_h = 11, .ofs_x = 0, .ofs_y = -1},
    {.bitmap_index = 27038, .adv_w = 192, .box_w = 11, .box_h = 11, .ofs_x = 0, .ofs_y = -1},
    {.bitmap_index = 27054, .adv_w = 192, .box_w = 11, .box_h = 11, .ofs_x = 0, .ofs_y = -1},
    {.bitmap_index = 27070, .adv_w = 192, .box_w = 11, .box_h = 11, .ofs_x = 0, .ofs_y = -1},
    {.bitmap_index = 27086, .adv_w = 192, .box_w = 11, .box_h = 11, .ofs_x = 0, .ofs_y = -1},
    {.bitmap_index = 27102, .adv_w = 192, .box_w = 11, .box_h = 11, .ofs_x = 0, .ofs_y = -1},
    {.bitmap_index = 27118, .adv_w = 192, .box_w = 11, .box_h = 11, .ofs_x = 0, .ofs_y = -1},
    {.bitmap_index = 27134, .adv_w = 192, .box_w = 11, .box_h = 11, .ofs_x = 0, .ofs_y = -1},
    {.bitmap_index = 27150, .adv_w = 192, .box_w = 11, .box_h = 11, .ofs_x = 0, .ofs_y = -1},
    {.bitmap_index = 27166, .adv_w = 192, .box_w = 11, .box_h = 11, .ofs_x = 0, .ofs_y = -1},
    {.bitmap_index = 27182, .adv_w = 192, .box_w = 11, .box_h = 11, .ofs_x = 0, .ofs_y = -1},
    {.bitmap_index = 27198, .adv_w = 192, .box_w = 11, .box_h = 11, .ofs_x = 0, .ofs_y = -1},
    {.bitmap_index = 27214, .adv_w = 192, .box_w = 11, .box_h = 11, .ofs_x = 0, .ofs_y = -1},
    {.bitmap_index = 27230, .adv_w = 192, .box_w = 11, .box_h = 11, .ofs_x = 0, .ofs_y = -1},
    {.bitmap_index = 27246, .adv_w = 192, .box_w = 11, .box_h = 11, .ofs_x = 0, .ofs_y = -1},
    {.bitmap_index = 27262, .adv_w = 192, .box_w = 11, .box_h = 11, .ofs_x = 0, .ofs_y = -1},
    {.bitmap_index = 27278, .adv_w = 192, .box_w = 11, .box_h = 11, .ofs_x = 0, .ofs_y = -1},
    {.bitmap_index = 27294, .adv_w = 192, .box_w = 11, .box_h = 11, .ofs_x = 0, .ofs_y = -1},
    {.bitmap_index = 27310, .adv_w = 192, .box_w = 11, .box_h = 11, .ofs_x = 0, .ofs_y = -1},
    {.bitmap_index = 27326, .adv_w = 192, .box_w = 11, .box_h = 11, .ofs_x = 0, .ofs_y = -1},
    {.bitmap_index = 27342, .adv_w = 192, .box_w = 11, .box_h = 11, .ofs_x = 0, .ofs_y = -1},
    {.bitmap_index = 27358, .adv_w = 192, .box_w = 11, .box_h = 11, .ofs_x = 0, .ofs_y = -1},
    {.bitmap_index = 27374, .adv_w = 192, .box_w = 11, .box_h = 11, .ofs_x = 0, .ofs_y = -1},
    {.bitmap_index = 27390, .adv_w = 192, .box_w = 11, .box_h = 11, .ofs_x = 0, .ofs_y = -1},
    {.bitmap_index = 27406, .adv_w = 192, .box_w = 11, .box_h = 11, .ofs_x = 0, .ofs_y = -1},
    {.bitmap_index = 27422, .adv_w = 192, .box_w = 11, .box_h = 11, .ofs_x = 0, .ofs_y = -1},
    {.bitmap_index = 27438, .adv_w = 192, .box_w = 11, .box_h = 11, .ofs_x = 0, .ofs_y = -1},
    {.bitmap_index = 27454, .adv_w = 192, .box_w = 11, .box_h = 11, .ofs_x = 0, .ofs_y = -1},
    {.bitmap_index = 27470, .adv_w = 192, .box_w = 11, .box_h = 11, .ofs_x = 0, .ofs_y = -1},
    {.bitmap_index = 27486, .adv_w = 192, .box_w = 11, .box_h = 11, .ofs_x = 0, .ofs_y = -1},
    {.bitmap_index = 27502, .adv_w = 192, .box_w = 11, .box_h = 11, .ofs_x = 0, .ofs_y = -1},
    {.bitmap_index = 27518, .adv_w = 192, .box_w = 11, .box_h = 11, .ofs_x = 0, .ofs_y = -1},
    {.bitmap_index = 27534, .adv_w = 192, .box_w = 11, .box_h = 11, .ofs_x = 0, .ofs_y = -1},
    {.bitmap_index = 27550, .adv_w = 192, .box_w = 11, .box_h = 11, .ofs_x = 0, .ofs_y = -1},
    {.bitmap_index = 27566, .adv_w = 192, .box_w = 11, .box_h = 11, .ofs_x = 0, .ofs_y = -1},
    {.bitmap_index = 27582, .adv_w = 192, .box_w = 11, .box_h = 11, .ofs_x = 0, .ofs_y = -1},
    {.bitmap_index = 27598, .adv_w = 192, .box_w = 11, .box_h = 11, .ofs_x = 0, .ofs_y = -1},
    {.bitmap_index = 27614, .adv_w = 192, .box_w = 11, .box_h = 11, .ofs_x = 0, .ofs_y = -1},
    {.bitmap_index = 27630, .adv_w = 192, .box_w = 11, .box_h = 11, .ofs_x = 0, .ofs_y = -1},
    {.bitmap_index = 27646, .adv_w = 192, .box_w = 11, .box_h = 11, .ofs_x = 0, .ofs_y = -1},
    {.bitmap_index = 27662, .adv_w = 192, .box_w = 11, .box_h = 11, .ofs_x = 0, .ofs_y = -1},
    {.bitmap_index = 27678, .adv_w = 192, .box_w = 11, .box_h = 11, .ofs_x = 0, .ofs_y = -1},
    {.bitmap_index = 27694, .adv_w = 192, .box_w = 11, .box_h = 11, .ofs_x = 0, .ofs_y = -1},
    {.bitmap_index = 27710, .adv_w = 192, .box_w = 11, .box_h = 11, .ofs_x = 0, .ofs_y = -1},
    {.bitmap_index = 27726, .adv_w = 192, .box_w = 11, .box_h = 11, .ofs_x = 0, .ofs_y = -1},
    {.bitmap_index = 27742, .adv_w = 192, .box_w = 11, .box_h = 11, .ofs_x = 0, .ofs_y = -1},
    {.bitmap_index = 27758, .adv_w = 192, .box_w = 11, .box_h = 11, .ofs_x = 0, .ofs_y = -1},
    {.bitmap_index = 27774, .adv_w = 192, .box_w = 11, .box_h = 11, .ofs_x = 0, .ofs_y = -1},
    {.bitmap_index = 27790, .adv_w = 192, .box_w = 11, .box_h = 11, .ofs_x = 0, .ofs_y = -1},
    {.bitmap_index = 27806, .adv_w = 192, .box_w = 11, .box_h = 11, .ofs_x = 0, .ofs_y = -1},
    {.bitmap_index = 27822, .adv_w = 192, .box_w = 11, .box_h = 11, .ofs_x = 0, .ofs_y = -1},
    {.bitmap_index = 27838, .adv_w = 192, .box_w = 11, .box_h = 11, .ofs_x = 0, .ofs_y = -1},
    {.bitmap_index = 27854, .adv_w = 192, .box_w = 11, .box_h = 11, .ofs_x = 0, .ofs_y = -1},
    {.bitmap_index = 27870, .adv_w = 192, .box_w = 11, .box_h = 11, .ofs_x = 0, .ofs_y = -1},
    {.bitmap_index = 27886, .adv_w = 192, .box_w = 11, .box_h = 11, .ofs_x = 0, .ofs_y = -1},
    {.bitmap_index = 27902, .adv_w = 192, .box_w = 11, .box_h = 11, .ofs_x = 0, .ofs_y = -1},
    {.bitmap_index = 27918, .adv_w = 192, .box_w = 11, .box_h = 11, .ofs_x = 0, .ofs_y = -1},
    {.bitmap_index = 27934, .adv_w = 192, .box_w = 11, .box_h = 11, .ofs_x = 0, .ofs_y = -1},
    {.bitmap_index = 27950, .adv_w = 192, .box_w = 11, .box_h = 11, .ofs_x = 0, .ofs_y = -1},
    {.bitmap_index = 27966, .adv_w = 192, .box_w = 11, .box_h = 11, .ofs_x = 0, .ofs_y = -1},
    {.bitmap_index = 27982, .adv_w = 192, .box_w = 11, .box_h = 11, .ofs_x = 0, .ofs_y = -1},
    {.bitmap_index = 27998, .adv_w = 192, .box_w = 11, .box_h = 11, .ofs_x = 0, .ofs_y = -1},
    {.bitmap_index = 28014, .adv_w = 192, .box_w = 11, .box_h = 11, .ofs_x = 0, .ofs_y = -1},
    {.bitmap_index = 28030, .adv_w = 192, .box_w = 11, .box_h = 11, .ofs_x = 0, .ofs_y = -1},
    {.bitmap_index = 28046, .adv_w = 192, .box_w = 11, .box_h = 11, .ofs_x = 0, .ofs_y = -1},
    {.bitmap_index = 28062, .adv_w = 192, .box_w = 11, .box_h = 11, .ofs_x = 0, .ofs_y = -1},
    {.bitmap_index = 28078, .adv_w = 192, .box_w = 11, .box_h = 11, .ofs_x = 0, .ofs_y = -1},
    {.bitmap_index = 28094, .adv_w = 192, .box_w = 11, .box_h = 11, .ofs_x = 0, .ofs_y = -1},
    {.bitmap_index = 28110, .adv_w = 192, .box_w = 11, .box_h = 11, .ofs_x = 0, .ofs_y = -1},
    {.bitmap_index = 28126, .adv_w = 192, .box_w = 11, .box_h = 11, .ofs_x = 0, .ofs_y = -1},
    {.bitmap_index = 28142, .adv_w = 192, .box_w = 11, .box_h = 11, .ofs_x = 0, .ofs_y = -1},
    {.bitmap_index = 28158, .adv_w = 192, .box_w = 11, .box_h = 11, .ofs_x = 0, .ofs_y = -1},
    {.bitmap_index = 28174, .adv_w = 192, .box_w = 11, .box_h = 11, .ofs_x = 0, .ofs_y = -1},
    {.bitmap_index = 28190, .adv_w = 192, .box_w = 11, .box_h = 11, .ofs_x = 0, .ofs_y = -1},
    {.bitmap_index = 28206, .adv_w = 192, .box_w = 11, .box_h = 11, .ofs_x = 0, .ofs_y = -1},
    {.bitmap_index = 28222, .adv_w = 192, .box_w = 11, .box_h = 11, .ofs_x = 0, .ofs_y = -1},
    {.bitmap_index = 28238, .adv_w = 192, .box_w = 11, .box_h = 11, .ofs_x = 0, .ofs_y = -1},
    {.bitmap_index = 28254, .adv_w = 192, .box_w = 11, .box_h = 11, .ofs_x = 0, .ofs_y = -1},
    {.bitmap_index = 28270, .adv_w = 192, .box_w = 11, .box_h = 11, .ofs_x = 0, .ofs_y = -1},
    {.bitmap_index = 28286, .adv_w = 192, .box_w = 11, .box_h = 11, .ofs_x = 0, .ofs_y = -1},
    {.bitmap_index = 28302, .adv_w = 192, .box_w = 11, .box_h = 11, .ofs_x = 0, .ofs_y = -1},
    {.bitmap_index = 28318, .adv_w = 192, .box_w = 11, .box_h = 11, .ofs_x = 0, .ofs_y = -1},
    {.bitmap_index = 28334, .adv_w = 192, .box_w = 11, .box_h = 11, .ofs_x = 0, .ofs_y = -1},
    {.bitmap_index = 28350, .adv_w = 192, .box_w = 11, .box_h = 11, .ofs_x = 0, .ofs_y = -1},
    {.bitmap_index = 28366, .adv_w = 192, .box_w = 11, .box_h = 11, .ofs_x = 0, .ofs_y = -1},
    {.bitmap_index = 28382, .adv_w = 192, .box_w = 11, .box_h = 11, .ofs_x = 0, .ofs_y = -1},
    {.bitmap_index = 28398, .adv_w = 192, .box_w = 11, .box_h = 11, .ofs_x = 0, .ofs_y = -1},
    {.bitmap_index = 28414, .adv_w = 192, .box_w = 11, .box_h = 11, .ofs_x = 0, .ofs_y = -1},
    {.bitmap_index = 28430, .adv_w = 192, .box_w = 11, .box_h = 11, .ofs_x = 0, .ofs_y = -1},
    {.bitmap_index = 28446, .adv_w = 192, .box_w = 11, .box_h = 11, .ofs_x = 0, .ofs_y = -1},
    {.bitmap_index = 28462, .adv_w = 192, .box_w = 11, .box_h = 11, .ofs_x = 0, .ofs_y = -1},
    {.bitmap_index = 28478, .adv_w = 192, .box_w = 11, .box_h = 11, .ofs_x = 0, .ofs_y = -1},
    {.bitmap_index = 28494, .adv_w = 192, .box_w = 11, .box_h = 11, .ofs_x = 0, .ofs_y = -1},
    {.bitmap_index = 28510, .adv_w = 192, .box_w = 11, .box_h = 11, .ofs_x = 0, .ofs_y = -1},
    {.bitmap_index = 28526, .adv_w = 192, .box_w = 11, .box_h = 11, .ofs_x = 0, .ofs_y = -1},
    {.bitmap_index = 28542, .adv_w = 192, .box_w = 11, .box_h = 11, .ofs_x = 0, .ofs_y = -1},
    {.bitmap_index = 28558, .adv_w = 192, .box_w = 11, .box_h = 11, .ofs_x = 0, .ofs_y = -1},
    {.bitmap_index = 28574, .adv_w = 192, .box_w = 11, .box_h = 11, .ofs_x = 0, .ofs_y = -1},
    {.bitmap_index = 28590, .adv_w = 192, .box_w = 11, .box_h = 11, .ofs_x = 0, .ofs_y = -1},
    {.bitmap_index = 28606, .adv_w = 192, .box_w = 11, .box_h = 11, .ofs_x = 0, .ofs_y = -1},
    {.bitmap_index = 28622, .adv_w = 192, .box_w = 11, .box_h = 11, .ofs_x = 0, .ofs_y = -1},
    {.bitmap_index = 28638, .adv_w = 192, .box_w = 11, .box_h = 11, .ofs_x = 0, .ofs_y = -1},
    {.bitmap_index = 28654, .adv_w = 192, .box_w = 11, .box_h = 11, .ofs_x = 0, .ofs_y = -1},
    {.bitmap_index = 28670, .adv_w = 192, .box_w = 11, .box_h = 11, .ofs_x = 0, .ofs_y = -1},
    {.bitmap_index = 28686, .adv_w = 192, .box_w = 11, .box_h = 11, .ofs_x = 0, .ofs_y = -1},
    {.bitmap_index = 28702, .adv_w = 192, .box_w = 11, .box_h = 11, .ofs_x = 0, .ofs_y = -1},
    {.bitmap_index = 28718, .adv_w = 192, .box_w = 11, .box_h = 11, .ofs_x = 0, .ofs_y = -1},
    {.bitmap_index = 28734, .adv_w = 192, .box_w = 11, .box_h = 11, .ofs_x = 0, .ofs_y = -1},
    {.bitmap_index = 28750, .adv_w = 192, .box_w = 11, .box_h = 11, .ofs_x = 0, .ofs_y = -1},
    {.bitmap_index = 28766, .adv_w = 192, .box_w = 11, .box_h = 11, .ofs_x = 0, .ofs_y = -1},
    {.bitmap_index = 28782, .adv_w = 192, .box_w = 11, .box_h = 11, .ofs_x = 0, .ofs_y = -1},
    {.bitmap_index = 28798, .adv_w = 192, .box_w = 11, .box_h = 11, .ofs_x = 0, .ofs_y = -1},
    {.bitmap_index = 28814, .adv_w = 192, .box_w = 11, .box_h = 11, .ofs_x = 0, .ofs_y = -1},
    {.bitmap_index = 28830, .adv_w = 192, .box_w = 11, .box_h = 11, .ofs_x = 0, .ofs_y = -1},
    {.bitmap_index = 28846, .adv_w = 192, .box_w = 11, .box_h = 11, .ofs_x = 0, .ofs_y = -1},
    {.bitmap_index = 28862, .adv_w = 192, .box_w = 11, .box_h = 11, .ofs_x = 0, .ofs_y = -1},
    {.bitmap_index = 28878, .adv_w = 192, .box_w = 11, .box_h = 11, .ofs_x = 0, .ofs_y = -1},
    {.bitmap_index = 28894, .adv_w = 192, .box_w = 11, .box_h = 11, .ofs_x = 0, .ofs_y = -1},
    {.bitmap_index = 28910, .adv_w = 192, .box_w = 11, .box_h = 11, .ofs_x = 0, .ofs_y = -1},
    {.bitmap_index = 28926, .adv_w = 192, .box_w = 11, .box_h = 11, .ofs_x = 0, .ofs_y = -1},
    {.bitmap_index = 28942, .adv_w = 192, .box_w = 11, .box_h = 11, .ofs_x = 0, .ofs_y = -1},
    {.bitmap_index = 28958, .adv_w = 192, .box_w = 11, .box_h = 11, .ofs_x = 0, .ofs_y = -1},
    {.bitmap_index = 28974, .adv_w = 192, .box_w = 11, .box_h = 11, .ofs_x = 0, .ofs_y = -1},
    {.bitmap_index = 28990, .adv_w = 192, .box_w = 11, .box_h = 11, .ofs_x = 0, .ofs_y = -1},
    {.bitmap_index = 29006, .adv_w = 192, .box_w = 11, .box_h = 11, .ofs_x = 0, .ofs_y = -1},
    {.bitmap_index = 29022, .adv_w = 192, .box_w = 11, .box_h = 11, .ofs_x = 0, .ofs_y = -1},
    {.bitmap_index = 29038, .adv_w = 192, .box_w = 11, .box_h = 11, .ofs_x = 0, .ofs_y = -1},
    {.bitmap_index = 29054, .adv_w = 192, .box_w = 11, .box_h = 11, .ofs_x = 0, .ofs_y = -1},
    {.bitmap_index = 29070, .adv_w = 192, .box_w = 11, .box_h = 11, .ofs_x = 0, .ofs_y = -1},
    {.bitmap_index = 29086, .adv_w = 192, .box_w = 11, .box_h = 11, .ofs_x = 0, .ofs_y = -1},
    {.bitmap_index = 29102, .adv_w = 192, .box_w = 11, .box_h = 11, .ofs_x = 0, .ofs_y = -1},
    {.bitmap_index = 29118, .adv_w = 192, .box_w = 11, .box_h = 11, .ofs_x = 0, .ofs_y = -1},
    {.bitmap_index = 29134, .adv_w = 192, .box_w = 11, .box_h = 11, .ofs_x = 0, .ofs_y = -1},
    {.bitmap_index = 29150, .adv_w = 192, .box_w = 11, .box_h = 11, .ofs_x = 0, .ofs_y = -1},
    {.bitmap_index = 29166, .adv_w = 192, .box_w = 11, .box_h = 11, .ofs_x = 0, .ofs_y = -1},
    {.bitmap_index = 29182, .adv_w = 192, .box_w = 11, .box_h = 11, .ofs_x = 0, .ofs_y = -1},
    {.bitmap_index = 29198, .adv_w = 192, .box_w = 11, .box_h = 11, .ofs_x = 0, .ofs_y = -1},
    {.bitmap_index = 29214, .adv_w = 192, .box_w = 11, .box_h = 11, .ofs_x = 0, .ofs_y = -1},
    {.bitmap_index = 29230, .adv_w = 192, .box_w = 11, .box_h = 11, .ofs_x = 0, .ofs_y = -1},
    {.bitmap_index = 29246, .adv_w = 192, .box_w = 11, .box_h = 11, .ofs_x = 0, .ofs_y = -1},
    {.bitmap_index = 29262, .adv_w = 192, .box_w = 11, .box_h = 11, .ofs_x = 0, .ofs_y = -1},
    {.bitmap_index = 29278, .adv_w = 192, .box_w = 11, .box_h = 11, .ofs_x = 0, .ofs_y = -1},
    {.bitmap_index = 29294, .adv_w = 192, .box_w = 11, .box_h = 11, .ofs_x = 0, .ofs_y = -1},
    {.bitmap_index = 29310, .adv_w = 192, .box_w = 11, .box_h = 11, .ofs_x = 0, .ofs_y = -1},
    {.bitmap_index = 29326, .adv_w = 192, .box_w = 11, .box_h = 11, .ofs_x = 0, .ofs_y = -1},
    {.bitmap_index = 29342, .adv_w = 192, .box_w = 11, .box_h = 11, .ofs_x = 0, .ofs_y = -1},
    {.bitmap_index = 29358, .adv_w = 192, .box_w = 11, .box_h = 11, .ofs_x = 0, .ofs_y = -1},
    {.bitmap_index = 29374, .adv_w = 192, .box_w = 11, .box_h = 11, .ofs_x = 0, .ofs_y = -1},
    {.bitmap_index = 29390, .adv_w = 192, .box_w = 11, .box_h = 11, .ofs_x = 0, .ofs_y = -1},
    {.bitmap_index = 29406, .adv_w = 192, .box_w = 11, .box_h = 11, .ofs_x = 0, .ofs_y = -1},
    {.bitmap_index = 29422, .adv_w = 192, .box_w = 11, .box_h = 11, .ofs_x = 0, .ofs_y = -1},
    {.bitmap_index = 29438, .adv_w = 192, .box_w = 11, .box_h = 11, .ofs_x = 0, .ofs_y = -1},
    {.bitmap_index = 29454, .adv_w = 192, .box_w = 11, .box_h = 11, .ofs_x = 0, .ofs_y = -1},
    {.bitmap_index = 29470, .adv_w = 192, .box_w = 11, .box_h = 11, .ofs_x = 0, .ofs_y = -1},
    {.bitmap_index = 29486, .adv_w = 192, .box_w = 11, .box_h = 11, .ofs_x = 0, .ofs_y = -1},
    {.bitmap_index = 29502, .adv_w = 192, .box_w = 11, .box_h = 11, .ofs_x = 0, .ofs_y = -1},
    {.bitmap_index = 29518, .adv_w = 192, .box_w = 11, .box_h = 11, .ofs_x = 0, .ofs_y = -1},
    {.bitmap_index = 29534, .adv_w = 192, .box_w = 11, .box_h = 11, .ofs_x = 0, .ofs_y = -1},
    {.bitmap_index = 29550, .adv_w = 192, .box_w = 11, .box_h = 11, .ofs_x = 0, .ofs_y = -1},
    {.bitmap_index = 29566, .adv_w = 192, .box_w = 11, .box_h = 11, .ofs_x = 0, .ofs_y = -1},
    {.bitmap_index = 29582, .adv_w = 192, .box_w = 11, .box_h = 11, .ofs_x = 0, .ofs_y = -1},
    {.bitmap_index = 29598, .adv_w = 192, .box_w = 11, .box_h = 11, .ofs_x = 0, .ofs_y = -1},
    {.bitmap_index = 29614, .adv_w = 192, .box_w = 11, .box_h = 11, .ofs_x = 0, .ofs_y = -1},
    {.bitmap_index = 29630, .adv_w = 192, .box_w = 11, .box_h = 11, .ofs_x = 0, .ofs_y = -1},
    {.bitmap_index = 29646, .adv_w = 192, .box_w = 11, .box_h = 11, .ofs_x = 0, .ofs_y = -1},
    {.bitmap_index = 29662, .adv_w = 192, .box_w = 11, .box_h = 11, .ofs_x = 0, .ofs_y = -1},
    {.bitmap_index = 29678, .adv_w = 192, .box_w = 11, .box_h = 11, .ofs_x = 0, .ofs_y = -1},
    {.bitmap_index = 29694, .adv_w = 192, .box_w = 11, .box_h = 11, .ofs_x = 0, .ofs_y = -1},
    {.bitmap_index = 29710, .adv_w = 192, .box_w = 11, .box_h = 11, .ofs_x = 0, .ofs_y = -1},
    {.bitmap_index = 29726, .adv_w = 192, .box_w = 11, .box_h = 11, .ofs_x = 0, .ofs_y = -1},
    {.bitmap_index = 29742, .adv_w = 192, .box_w = 11, .box_h = 11, .ofs_x = 0, .ofs_y = -1},
    {.bitmap_index = 29758, .adv_w = 192, .box_w = 11, .box_h = 11, .ofs_x = 0, .ofs_y = -1},
    {.bitmap_index = 29774, .adv_w = 192, .box_w = 11, .box_h = 11, .ofs_x = 0, .ofs_y = -1},
    {.bitmap_index = 29790, .adv_w = 192, .box_w = 11, .box_h = 11, .ofs_x = 0, .ofs_y = -1},
    {.bitmap_index = 29806, .adv_w = 192, .box_w = 11, .box_h = 11, .ofs_x = 0, .ofs_y = -1},
    {.bitmap_index = 29822, .adv_w = 192, .box_w = 11, .box_h = 11, .ofs_x = 0, .ofs_y = -1},
    {.bitmap_index = 29838, .adv_w = 192, .box_w = 11, .box_h = 11, .ofs_x = 0, .ofs_y = -1},
    {.bitmap_index = 29854, .adv_w = 192, .box_w = 11, .box_h = 11, .ofs_x = 0, .ofs_y = -1},
    {.bitmap_index = 29870, .adv_w = 192, .box_w = 11, .box_h = 11, .ofs_x = 0, .ofs_y = -1},
    {.bitmap_index = 29886, .adv_w = 192, .box_w = 11, .box_h = 11, .ofs_x = 0, .ofs_y = -1},
    {.bitmap_index = 29902, .adv_w = 192, .box_w = 11, .box_h = 11, .ofs_x = 0, .ofs_y = -1},
    {.bitmap_index = 29918, .adv_w = 192, .box_w = 11, .box_h = 11, .ofs_x = 0, .ofs_y = -1},
    {.bitmap_index = 29934, .adv_w = 192, .box_w = 11, .box_h = 11, .ofs_x = 0, .ofs_y = -1},
    {.bitmap_index = 29950, .adv_w = 192, .box_w = 11, .box_h = 11, .ofs_x = 0, .ofs_y = -1},
    {.bitmap_index = 29966, .adv_w = 192, .box_w = 11, .box_h = 11, .ofs_x = 0, .ofs_y = -1},
    {.bitmap_index = 29982, .adv_w = 192, .box_w = 11, .box_h = 11, .ofs_x = 0, .ofs_y = -1},
    {.bitmap_index = 29998, .adv_w = 192, .box_w = 11, .box_h = 11, .ofs_x = 0, .ofs_y = -1},
    {.bitmap_index = 30014, .adv_w = 192, .box_w = 11, .box_h = 11, .ofs_x = 0, .ofs_y = -1},
    {.bitmap_index = 30030, .adv_w = 192, .box_w = 11, .box_h = 11, .ofs_x = 0, .ofs_y = -1},
    {.bitmap_index = 30046, .adv_w = 192, .box_w = 11, .box_h = 11, .ofs_x = 0, .ofs_y = -1},
    {.bitmap_index = 30062, .adv_w = 192, .box_w = 11, .box_h = 11, .ofs_x = 0, .ofs_y = -1},
    {.bitmap_index = 30078, .adv_w = 192, .box_w = 11, .box_h = 11, .ofs_x = 0, .ofs_y = -1},
    {.bitmap_index = 30094, .adv_w = 192, .box_w = 11, .box_h = 11, .ofs_x = 0, .ofs_y = -1},
    {.bitmap_index = 30110, .adv_w = 192, .box_w = 11, .box_h = 11, .ofs_x = 0, .ofs_y = -1},
    {.bitmap_index = 30126, .adv_w = 192, .box_w = 11, .box_h = 11, .ofs_x = 0, .ofs_y = -1},
    {.bitmap_index = 30142, .adv_w = 192, .box_w = 11, .box_h = 11, .ofs_x = 0, .ofs_y = -1},
    {.bitmap_index = 30158, .adv_w = 192, .box_w = 11, .box_h = 11, .ofs_x = 0, .ofs_y = -1},
    {.bitmap_index = 30174, .adv_w = 192, .box_w = 11, .box_h = 11, .ofs_x = 0, .ofs_y = -1},
    {.bitmap_index = 30190, .adv_w = 192, .box_w = 11, .box_h = 11, .ofs_x = 0, .ofs_y = -1},
    {.bitmap_index = 30206, .adv_w = 192, .box_w = 11, .box_h = 11, .ofs_x = 0, .ofs_y = -1},
    {.bitmap_index = 30222, .adv_w = 192, .box_w = 11, .box_h = 11, .ofs_x = 0, .ofs_y = -1},
    {.bitmap_index = 30238, .adv_w = 192, .box_w = 11, .box_h = 11, .ofs_x = 0, .ofs_y = -1},
    {.bitmap_index = 30254, .adv_w = 192, .box_w = 11, .box_h = 11, .ofs_x = 0, .ofs_y = -1},
    {.bitmap_index = 30270, .adv_w = 192, .box_w = 11, .box_h = 11, .ofs_x = 0, .ofs_y = -1},
    {.bitmap_index = 30286, .adv_w = 192, .box_w = 11, .box_h = 11, .ofs_x = 0, .ofs_y = -1},
    {.bitmap_index = 30302, .adv_w = 192, .box_w = 11, .box_h = 11, .ofs_x = 0, .ofs_y = -1},
    {.bitmap_index = 30318, .adv_w = 192, .box_w = 11, .box_h = 11, .ofs_x = 0, .ofs_y = -1},
    {.bitmap_index = 30334, .adv_w = 192, .box_w = 11, .box_h = 11, .ofs_x = 0, .ofs_y = -1},
    {.bitmap_index = 30350, .adv_w = 192, .box_w = 11, .box_h = 11, .ofs_x = 0, .ofs_y = -1},
    {.bitmap_index = 30366, .adv_w = 192, .box_w = 11, .box_h = 11, .ofs_x = 0, .ofs_y = -1},
    {.bitmap_index = 30382, .adv_w = 192, .box_w = 11, .box_h = 11, .ofs_x = 0, .ofs_y = -1},
    {.bitmap_index = 30398, .adv_w = 192, .box_w = 11, .box_h = 11, .ofs_x = 0, .ofs_y = -1},
    {.bitmap_index = 30414, .adv_w = 192, .box_w = 11, .box_h = 11, .ofs_x = 0, .ofs_y = -1},
    {.bitmap_index = 30430, .adv_w = 192, .box_w = 11, .box_h = 11, .ofs_x = 0, .ofs_y = -1},
    {.bitmap_index = 30446, .adv_w = 192, .box_w = 11, .box_h = 11, .ofs_x = 0, .ofs_y = -1},
    {.bitmap_index = 30462, .adv_w = 192, .box_w = 11, .box_h = 11, .ofs_x = 0, .ofs_y = -1},
    {.bitmap_index = 30478, .adv_w = 192, .box_w = 11, .box_h = 11, .ofs_x = 0, .ofs_y = -1},
    {.bitmap_index = 30494, .adv_w = 192, .box_w = 11, .box_h = 11, .ofs_x = 0, .ofs_y = -1},
    {.bitmap_index = 30510, .adv_w = 192, .box_w = 11, .box_h = 11, .ofs_x = 0, .ofs_y = -1},
    {.bitmap_index = 30526, .adv_w = 192, .box_w = 11, .box_h = 11, .ofs_x = 0, .ofs_y = -1},
    {.bitmap_index = 30542, .adv_w = 192, .box_w = 11, .box_h = 11, .ofs_x = 0, .ofs_y = -1},
    {.bitmap_index = 30558, .adv_w = 192, .box_w = 11, .box_h = 11, .ofs_x = 0, .ofs_y = -1},
    {.bitmap_index = 30574, .adv_w = 192, .box_w = 11, .box_h = 11, .ofs_x = 0, .ofs_y = -1},
    {.bitmap_index = 30590, .adv_w = 192, .box_w = 11, .box_h = 11, .ofs_x = 0, .ofs_y = -1},
    {.bitmap_index = 30606, .adv_w = 192, .box_w = 11, .box_h = 11, .ofs_x = 0, .ofs_y = -1},
    {.bitmap_index = 30622, .adv_w = 192, .box_w = 11, .box_h = 11, .ofs_x = 0, .ofs_y = -1},
    {.bitmap_index = 30638, .adv_w = 192, .box_w = 11, .box_h = 11, .ofs_x = 0, .ofs_y = -1},
    {.bitmap_index = 30654, .adv_w = 192, .box_w = 11, .box_h = 11, .ofs_x = 0, .ofs_y = -1},
    {.bitmap_index = 30670, .adv_w = 192, .box_w = 11, .box_h = 11, .ofs_x = 0, .ofs_y = -1},
    {.bitmap_index = 30686, .adv_w = 192, .box_w = 11, .box_h = 11, .ofs_x = 0, .ofs_y = -1},
    {.bitmap_index = 30702, .adv_w = 192, .box_w = 11, .box_h = 11, .ofs_x = 0, .ofs_y = -1},
    {.bitmap_index = 30718, .adv_w = 192, .box_w = 11, .box_h = 11, .ofs_x = 0, .ofs_y = -1},
    {.bitmap_index = 30734, .adv_w = 192, .box_w = 11, .box_h = 11, .ofs_x = 0, .ofs_y = -1},
    {.bitmap_index = 30750, .adv_w = 192, .box_w = 11, .box_h = 11, .ofs_x = 0, .ofs_y = -1},
    {.bitmap_index = 30766, .adv_w = 192, .box_w = 11, .box_h = 11, .ofs_x = 0, .ofs_y = -1},
    {.bitmap_index = 30782, .adv_w = 192, .box_w = 11, .box_h = 11, .ofs_x = 0, .ofs_y = -1},
    {.bitmap_index = 30798, .adv_w = 192, .box_w = 11, .box_h = 11, .ofs_x = 0, .ofs_y = -1},
    {.bitmap_index = 30814, .adv_w = 192, .box_w = 11, .box_h = 11, .ofs_x = 0, .ofs_y = -1},
    {.bitmap_index = 30830, .adv_w = 192, .box_w = 11, .box_h = 11, .ofs_x = 0, .ofs_y = -1},
    {.bitmap_index = 30846, .adv_w = 192, .box_w = 11, .box_h = 11, .ofs_x = 0, .ofs_y = -1},
    {.bitmap_index = 30862, .adv_w = 192, .box_w = 11, .box_h = 11, .ofs_x = 0, .ofs_y = -1},
    {.bitmap_index = 30878, .adv_w = 192, .box_w = 11, .box_h = 11, .ofs_x = 0, .ofs_y = -1},
    {.bitmap_index = 30894, .adv_w = 192, .box_w = 11, .box_h = 11, .ofs_x = 0, .ofs_y = -1},
    {.bitmap_index = 30910, .adv_w = 192, .box_w = 11, .box_h = 11, .ofs_x = 0, .ofs_y = -1},
    {.bitmap_index = 30926, .adv_w = 192, .box_w = 11, .box_h = 11, .ofs_x = 0, .ofs_y = -1},
    {.bitmap_index = 30942, .adv_w = 192, .box_w = 11, .box_h = 11, .ofs_x = 0, .ofs_y = -1},
    {.bitmap_index = 30958, .adv_w = 192, .box_w = 11, .box_h = 11, .ofs_x = 0, .ofs_y = -1},
    {.bitmap_index = 30974, .adv_w = 192, .box_w = 11, .box_h = 11, .ofs_x = 0, .ofs_y = -1},
    {.bitmap_index = 30990, .adv_w = 192, .box_w = 11, .box_h = 11, .ofs_x = 0, .ofs_y = -1},
    {.bitmap_index = 31006, .adv_w = 192, .box_w = 11, .box_h = 11, .ofs_x = 0, .ofs_y = -1},
    {.bitmap_index = 31022, .adv_w = 192, .box_w = 11, .box_h = 11, .ofs_x = 0, .ofs_y = -1},
    {.bitmap_index = 31038, .adv_w = 192, .box_w = 11, .box_h = 11, .ofs_x = 0, .ofs_y = -1},
    {.bitmap_index = 31054, .adv_w = 192, .box_w = 11, .box_h = 11, .ofs_x = 0, .ofs_y = -1},
    {.bitmap_index = 31070, .adv_w = 192, .box_w = 11, .box_h = 11, .ofs_x = 0, .ofs_y = -1},
    {.bitmap_index = 31086, .adv_w = 192, .box_w = 11, .box_h = 11, .ofs_x = 0, .ofs_y = -1},
    {.bitmap_index = 31102, .adv_w = 192, .box_w = 11, .box_h = 11, .ofs_x = 0, .ofs_y = -1},
    {.bitmap_index = 31118, .adv_w = 192, .box_w = 11, .box_h = 11, .ofs_x = 0, .ofs_y = -1},
    {.bitmap_index = 31134, .adv_w = 192, .box_w = 11, .box_h = 11, .ofs_x = 0, .ofs_y = -1},
    {.bitmap_index = 31150, .adv_w = 192, .box_w = 11, .box_h = 11, .ofs_x = 0, .ofs_y = -1},
    {.bitmap_index = 31166, .adv_w = 192, .box_w = 11, .box_h = 11, .ofs_x = 0, .ofs_y = -1},
    {.bitmap_index = 31182, .adv_w = 192, .box_w = 11, .box_h = 11, .ofs_x = 0, .ofs_y = -1},
    {.bitmap_index = 31198, .adv_w = 192, .box_w = 11, .box_h = 11, .ofs_x = 0, .ofs_y = -1},
    {.bitmap_index = 31214, .adv_w = 192, .box_w = 11, .box_h = 11, .ofs_x = 0, .ofs_y = -1},
    {.bitmap_index = 31230, .adv_w = 192, .box_w = 11, .box_h = 11, .ofs_x = 0, .ofs_y = -1},
    {.bitmap_index = 31246, .adv_w = 192, .box_w = 11, .box_h = 11, .ofs_x = 0, .ofs_y = -1},
    {.bitmap_index = 31262, .adv_w = 192, .box_w = 11, .box_h = 11, .ofs_x = 0, .ofs_y = -1},
    {.bitmap_index = 31278, .adv_w = 192, .box_w = 11, .box_h = 11, .ofs_x = 0, .ofs_y = -1},
    {.bitmap_index = 31294, .adv_w = 192, .box_w = 11, .box_h = 11, .ofs_x = 0, .ofs_y = -1},
    {.bitmap_index = 31310, .adv_w = 192, .box_w = 11, .box_h = 11, .ofs_x = 0, .ofs_y = -1},
    {.bitmap_index = 31326, .adv_w = 192, .box_w = 11, .box_h = 11, .ofs_x = 0, .ofs_y = -1},
    {.bitmap_index = 31342, .adv_w = 192, .box_w = 11, .box_h = 11, .ofs_x = 0, .ofs_y = -1},
    {.bitmap_index = 31358, .adv_w = 192, .box_w = 11, .box_h = 11, .ofs_x = 0, .ofs_y = -1},
    {.bitmap_index = 31374, .adv_w = 192, .box_w = 11, .box_h = 11, .ofs_x = 0, .ofs_y = -1},
    {.bitmap_index = 31390, .adv_w = 192, .box_w = 11, .box_h = 11, .ofs_x = 0, .ofs_y = -1},
    {.bitmap_index = 31406, .adv_w = 192, .box_w = 11, .box_h = 11, .ofs_x = 0, .ofs_y = -1},
    {.bitmap_index = 31422, .adv_w = 192, .box_w = 11, .box_h = 11, .ofs_x = 0, .ofs_y = -1},
    {.bitmap_index = 31438, .adv_w = 192, .box_w = 11, .box_h = 11, .ofs_x = 0, .ofs_y = -1},
    {.bitmap_index = 31454, .adv_w = 192, .box_w = 11, .box_h = 11, .ofs_x = 0, .ofs_y = -1},
    {.bitmap_index = 31470, .adv_w = 192, .box_w = 11, .box_h = 11, .ofs_x = 0, .ofs_y = -1},
    {.bitmap_index = 31486, .adv_w = 192, .box_w = 11, .box_h = 11, .ofs_x = 0, .ofs_y = -1},
    {.bitmap_index = 31502, .adv_w = 192, .box_w = 11, .box_h = 11, .ofs_x = 0, .ofs_y = -1},
    {.bitmap_index = 31518, .adv_w = 192, .box_w = 11, .box_h = 11, .ofs_x = 0, .ofs_y = -1},
    {.bitmap_index = 31534, .adv_w = 192, .box_w = 11, .box_h = 11, .ofs_x = 0, .ofs_y = -1},
    {.bitmap_index = 31550, .adv_w = 192, .box_w = 11, .box_h = 11, .ofs_x = 0, .ofs_y = -1},
    {.bitmap_index = 31566, .adv_w = 192, .box_w = 11, .box_h = 11, .ofs_x = 0, .ofs_y = -1},
    {.bitmap_index = 31582, .adv_w = 192, .box_w = 11, .box_h = 11, .ofs_x = 0, .ofs_y = -1},
    {.bitmap_index = 31598, .adv_w = 192, .box_w = 11, .box_h = 11, .ofs_x = 0, .ofs_y = -1},
    {.bitmap_index = 31614, .adv_w = 192, .box_w = 11, .box_h = 11, .ofs_x = 0, .ofs_y = -1},
    {.bitmap_index = 31630, .adv_w = 192, .box_w = 11, .box_h = 11, .ofs_x = 0, .ofs_y = -1},
    {.bitmap_index = 31646, .adv_w = 192, .box_w = 11, .box_h = 11, .ofs_x = 0, .ofs_y = -1},
    {.bitmap_index = 31662, .adv_w = 192, .box_w = 11, .box_h = 11, .ofs_x = 0, .ofs_y = -1},
    {.bitmap_index = 31678, .adv_w = 192, .box_w = 11, .box_h = 11, .ofs_x = 0, .ofs_y = -1},
    {.bitmap_index = 31694, .adv_w = 192, .box_w = 11, .box_h = 11, .ofs_x = 0, .ofs_y = -1},
    {.bitmap_index = 31710, .adv_w = 192, .box_w = 11, .box_h = 11, .ofs_x = 0, .ofs_y = -1},
    {.bitmap_index = 31726, .adv_w = 192, .box_w = 11, .box_h = 11, .ofs_x = 0, .ofs_y = -1},
    {.bitmap_index = 31742, .adv_w = 192, .box_w = 11, .box_h = 11, .ofs_x = 0, .ofs_y = -1},
    {.bitmap_index = 31758, .adv_w = 192, .box_w = 11, .box_h = 11, .ofs_x = 0, .ofs_y = -1},
    {.bitmap_index = 31774, .adv_w = 192, .box_w = 11, .box_h = 11, .ofs_x = 0, .ofs_y = -1},
    {.bitmap_index = 31790, .adv_w = 192, .box_w = 11, .box_h = 11, .ofs_x = 0, .ofs_y = -1},
    {.bitmap_index = 31806, .adv_w = 192, .box_w = 11, .box_h = 11, .ofs_x = 0, .ofs_y = -1},
    {.bitmap_index = 31822, .adv_w = 192, .box_w = 11, .box_h = 11, .ofs_x = 0, .ofs_y = -1},
    {.bitmap_index = 31838, .adv_w = 192, .box_w = 11, .box_h = 11, .ofs_x = 0, .ofs_y = -1},
    {.bitmap_index = 31854, .adv_w = 192, .box_w = 11, .box_h = 11, .ofs_x = 0, .ofs_y = -1},
    {.bitmap_index = 31870, .adv_w = 192, .box_w = 11, .box_h = 11, .ofs_x = 0, .ofs_y = -1},
    {.bitmap_index = 31886, .adv_w = 192, .box_w = 11, .box_h = 11, .ofs_x = 0, .ofs_y = -1},
    {.bitmap_index = 31902, .adv_w = 192, .box_w = 11, .box_h = 11, .ofs_x = 0, .ofs_y = -1},
    {.bitmap_index = 31918, .adv_w = 192, .box_w = 11, .box_h = 11, .ofs_x = 0, .ofs_y = -1},
    {.bitmap_index = 31934, .adv_w = 192, .box_w = 11, .box_h = 11, .ofs_x = 0, .ofs_y = -1},
    {.bitmap_index = 31950, .adv_w = 192, .box_w = 11, .box_h = 11, .ofs_x = 0, .ofs_y = -1},
    {.bitmap_index = 31966, .adv_w = 192, .box_w = 11, .box_h = 11, .ofs_x = 0, .ofs_y = -1},
    {.bitmap_index = 31982, .adv_w = 192, .box_w = 11, .box_h = 11, .ofs_x = 0, .ofs_y = -1},
    {.bitmap_index = 31998, .adv_w = 192, .box_w = 11, .box_h = 11, .ofs_x = 0, .ofs_y = -1},
    {.bitmap_index = 32014, .adv_w = 192, .box_w = 11, .box_h = 11, .ofs_x = 0, .ofs_y = -1},
    {.bitmap_index = 32030, .adv_w = 192, .box_w = 11, .box_h = 11, .ofs_x = 0, .ofs_y = -1},
    {.bitmap_index = 32046, .adv_w = 192, .box_w = 11, .box_h = 11, .ofs_x = 0, .ofs_y = -1},
    {.bitmap_index = 32062, .adv_w = 192, .box_w = 11, .box_h = 11, .ofs_x = 0, .ofs_y = -1},
    {.bitmap_index = 32078, .adv_w = 192, .box_w = 11, .box_h = 11, .ofs_x = 0, .ofs_y = -1},
    {.bitmap_index = 32094, .adv_w = 192, .box_w = 11, .box_h = 11, .ofs_x = 0, .ofs_y = -1},
    {.bitmap_index = 32110, .adv_w = 192, .box_w = 11, .box_h = 11, .ofs_x = 0, .ofs_y = -1},
    {.bitmap_index = 32126, .adv_w = 192, .box_w = 11, .box_h = 11, .ofs_x = 0, .ofs_y = -1},
    {.bitmap_index = 32142, .adv_w = 192, .box_w = 11, .box_h = 11, .ofs_x = 0, .ofs_y = -1},
    {.bitmap_index = 32158, .adv_w = 192, .box_w = 11, .box_h = 11, .ofs_x = 0, .ofs_y = -1},
    {.bitmap_index = 32174, .adv_w = 192, .box_w = 11, .box_h = 11, .ofs_x = 0, .ofs_y = -1},
    {.bitmap_index = 32190, .adv_w = 192, .box_w = 11, .box_h = 11, .ofs_x = 0, .ofs_y = -1},
    {.bitmap_index = 32206, .adv_w = 192, .box_w = 11, .box_h = 11, .ofs_x = 0, .ofs_y = -1},
    {.bitmap_index = 32222, .adv_w = 192, .box_w = 11, .box_h = 11, .ofs_x = 0, .ofs_y = -1},
    {.bitmap_index = 32238, .adv_w = 192, .box_w = 11, .box_h = 11, .ofs_x = 0, .ofs_y = -1},
    {.bitmap_index = 32254, .adv_w = 192, .box_w = 11, .box_h = 11, .ofs_x = 0, .ofs_y = -1},
    {.bitmap_index = 32270, .adv_w = 192, .box_w = 11, .box_h = 11, .ofs_x = 0, .ofs_y = -1},
    {.bitmap_index = 32286, .adv_w = 192, .box_w = 11, .box_h = 11, .ofs_x = 0, .ofs_y = -1},
    {.bitmap_index = 32302, .adv_w = 192, .box_w = 11, .box_h = 11, .ofs_x = 0, .ofs_y = -1},
    {.bitmap_index = 32318, .adv_w = 192, .box_w = 11, .box_h = 11, .ofs_x = 0, .ofs_y = -1},
    {.bitmap_index = 32334, .adv_w = 192, .box_w = 11, .box_h = 11, .ofs_x = 0, .ofs_y = -1},
    {.bitmap_index = 32350, .adv_w = 192, .box_w = 11, .box_h = 11, .ofs_x = 0, .ofs_y = -1},
    {.bitmap_index = 32366, .adv_w = 192, .box_w = 11, .box_h = 11, .ofs_x = 0, .ofs_y = -1},
    {.bitmap_index = 32382, .adv_w = 192, .box_w = 11, .box_h = 11, .ofs_x = 0, .ofs_y = -1},
    {.bitmap_index = 32398, .adv_w = 192, .box_w = 11, .box_h = 11, .ofs_x = 0, .ofs_y = -1},
    {.bitmap_index = 32414, .adv_w = 192, .box_w = 11, .box_h = 11, .ofs_x = 0, .ofs_y = -1},
    {.bitmap_index = 32430, .adv_w = 192, .box_w = 11, .box_h = 11, .ofs_x = 0, .ofs_y = -1},
    {.bitmap_index = 32446, .adv_w = 192, .box_w = 11, .box_h = 11, .ofs_x = 0, .ofs_y = -1},
    {.bitmap_index = 32462, .adv_w = 192, .box_w = 11, .box_h = 11, .ofs_x = 0, .ofs_y = -1},
    {.bitmap_index = 32478, .adv_w = 192, .box_w = 11, .box_h = 11, .ofs_x = 0, .ofs_y = -1},
    {.bitmap_index = 32494, .adv_w = 192, .box_w = 11, .box_h = 11, .ofs_x = 0, .ofs_y = -1},
    {.bitmap_index = 32510, .adv_w = 192, .box_w = 11, .box_h = 11, .ofs_x = 0, .ofs_y = -1},
    {.bitmap_index = 32526, .adv_w = 192, .box_w = 11, .box_h = 11, .ofs_x = 0, .ofs_y = -1},
    {.bitmap_index = 32542, .adv_w = 192, .box_w = 11, .box_h = 11, .ofs_x = 0, .ofs_y = -1},
    {.bitmap_index = 32558, .adv_w = 192, .box_w = 11, .box_h = 11, .ofs_x = 0, .ofs_y = -1},
    {.bitmap_index = 32574, .adv_w = 192, .box_w = 11, .box_h = 11, .ofs_x = 0, .ofs_y = -1},
    {.bitmap_index = 32590, .adv_w = 192, .box_w = 11, .box_h = 11, .ofs_x = 0, .ofs_y = -1},
    {.bitmap_index = 32606, .adv_w = 192, .box_w = 11, .box_h = 11, .ofs_x = 0, .ofs_y = -1},
    {.bitmap_index = 32622, .adv_w = 192, .box_w = 11, .box_h = 11, .ofs_x = 0, .ofs_y = -1},
    {.bitmap_index = 32638, .adv_w = 192, .box_w = 11, .box_h = 11, .ofs_x = 0, .ofs_y = -1},
    {.bitmap_index = 32654, .adv_w = 192, .box_w = 11, .box_h = 11, .ofs_x = 0, .ofs_y = -1},
    {.bitmap_index = 32670, .adv_w = 192, .box_w = 11, .box_h = 11, .ofs_x = 0, .ofs_y = -1},
    {.bitmap_index = 32686, .adv_w = 192, .box_w = 11, .box_h = 11, .ofs_x = 0, .ofs_y = -1},
    {.bitmap_index = 32702, .adv_w = 192, .box_w = 11, .box_h = 11, .ofs_x = 0, .ofs_y = -1},
    {.bitmap_index = 32718, .adv_w = 192, .box_w = 11, .box_h = 11, .ofs_x = 0, .ofs_y = -1},
    {.bitmap_index = 32734, .adv_w = 192, .box_w = 11, .box_h = 11, .ofs_x = 0, .ofs_y = -1},
    {.bitmap_index = 32750, .adv_w = 192, .box_w = 11, .box_h = 11, .ofs_x = 0, .ofs_y = -1},
    {.bitmap_index = 32766, .adv_w = 192, .box_w = 11, .box_h = 11, .ofs_x = 0, .ofs_y = -1},
    {.bitmap_index = 32782, .adv_w = 192, .box_w = 11, .box_h = 11, .ofs_x = 0, .ofs_y = -1},
    {.bitmap_index = 32798, .adv_w = 192, .box_w = 11, .box_h = 11, .ofs_x = 0, .ofs_y = -1},
    {.bitmap_index = 32814, .adv_w = 192, .box_w = 11, .box_h = 11, .ofs_x = 0, .ofs_y = -1},
    {.bitmap_index = 32830, .adv_w = 192, .box_w = 11, .box_h = 11, .ofs_x = 0, .ofs_y = -1},
    {.bitmap_index = 32846, .adv_w = 192, .box_w = 11, .box_h = 11, .ofs_x = 0, .ofs_y = -1},
    {.bitmap_index = 32862, .adv_w = 192, .box_w = 11, .box_h = 11, .ofs_x = 0, .ofs_y = -1},
    {.bitmap_index = 32878, .adv_w = 192, .box_w = 11, .box_h = 11, .ofs_x = 0, .ofs_y = -1},
    {.bitmap_index = 32894, .adv_w = 192, .box_w = 11, .box_h = 11, .ofs_x = 0, .ofs_y = -1},
    {.bitmap_index = 32910, .adv_w = 192, .box_w = 11, .box_h = 11, .ofs_x = 0, .ofs_y = -1},
    {.bitmap_index = 32926, .adv_w = 192, .box_w = 11, .box_h = 11, .ofs_x = 0, .ofs_y = -1},
    {.bitmap_index = 32942, .adv_w = 192, .box_w = 11, .box_h = 11, .ofs_x = 0, .ofs_y = -1},
    {.bitmap_index = 32958, .adv_w = 192, .box_w = 11, .box_h = 11, .ofs_x = 0, .ofs_y = -1},
    {.bitmap_index = 32974, .adv_w = 192, .box_w = 11, .box_h = 11, .ofs_x = 0, .ofs_y = -1},
    {.bitmap_index = 32990, .adv_w = 192, .box_w = 11, .box_h = 11, .ofs_x = 0, .ofs_y = -1},
    {.bitmap_index = 33006, .adv_w = 192, .box_w = 11, .box_h = 11, .ofs_x = 0, .ofs_y = -1},
    {.bitmap_index = 33022, .adv_w = 192, .box_w = 11, .box_h = 11, .ofs_x = 0, .ofs_y = -1},
    {.bitmap_index = 33038, .adv_w = 192, .box_w = 11, .box_h = 11, .ofs_x = 0, .ofs_y = -1},
    {.bitmap_index = 33054, .adv_w = 192, .box_w = 11, .box_h = 11, .ofs_x = 0, .ofs_y = -1},
    {.bitmap_index = 33070, .adv_w = 192, .box_w = 11, .box_h = 11, .ofs_x = 0, .ofs_y = -1},
    {.bitmap_index = 33086, .adv_w = 192, .box_w = 11, .box_h = 11, .ofs_x = 0, .ofs_y = -1},
    {.bitmap_index = 33102, .adv_w = 192, .box_w = 11, .box_h = 11, .ofs_x = 0, .ofs_y = -1},
    {.bitmap_index = 33118, .adv_w = 192, .box_w = 11, .box_h = 11, .ofs_x = 0, .ofs_y = -1},
    {.bitmap_index = 33134, .adv_w = 192, .box_w = 11, .box_h = 11, .ofs_x = 0, .ofs_y = -1},
    {.bitmap_index = 33150, .adv_w = 192, .box_w = 11, .box_h = 11, .ofs_x = 0, .ofs_y = -1},
    {.bitmap_index = 33166, .adv_w = 192, .box_w = 11, .box_h = 11, .ofs_x = 0, .ofs_y = -1},
    {.bitmap_index = 33182, .adv_w = 192, .box_w = 11, .box_h = 11, .ofs_x = 0, .ofs_y = -1},
    {.bitmap_index = 33198, .adv_w = 192, .box_w = 11, .box_h = 11, .ofs_x = 0, .ofs_y = -1},
    {.bitmap_index = 33214, .adv_w = 192, .box_w = 11, .box_h = 11, .ofs_x = 0, .ofs_y = -1},
    {.bitmap_index = 33230, .adv_w = 192, .box_w = 11, .box_h = 11, .ofs_x = 0, .ofs_y = -1},
    {.bitmap_index = 33246, .adv_w = 192, .box_w = 11, .box_h = 11, .ofs_x = 0, .ofs_y = -1},
    {.bitmap_index = 33262, .adv_w = 192, .box_w = 11, .box_h = 11, .ofs_x = 0, .ofs_y = -1},
    {.bitmap_index = 33278, .adv_w = 192, .box_w = 11, .box_h = 11, .ofs_x = 0, .ofs_y = -1},
    {.bitmap_index = 33294, .adv_w = 192, .box_w = 11, .box_h = 11, .ofs_x = 0, .ofs_y = -1},
    {.bitmap_index = 33310, .adv_w = 192, .box_w = 11, .box_h = 11, .ofs_x = 0, .ofs_y = -1},
    {.bitmap_index = 33326, .adv_w = 192, .box_w = 11, .box_h = 11, .ofs_x = 0, .ofs_y = -1},
    {.bitmap_index = 33342, .adv_w = 192, .box_w = 11, .box_h = 11, .ofs_x = 0, .ofs_y = -1},
    {.bitmap_index = 33358, .adv_w = 192, .box_w = 11, .box_h = 11, .ofs_x = 0, .ofs_y = -1},
    {.bitmap_index = 33374, .adv_w = 192, .box_w = 11, .box_h = 11, .ofs_x = 0, .ofs_y = -1},
    {.bitmap_index = 33390, .adv_w = 192, .box_w = 11, .box_h = 11, .ofs_x = 0, .ofs_y = -1},
    {.bitmap_index = 33406, .adv_w = 192, .box_w = 11, .box_h = 11, .ofs_x = 0, .ofs_y = -1},
    {.bitmap_index = 33422, .adv_w = 192, .box_w = 11, .box_h = 11, .ofs_x = 0, .ofs_y = -1},
    {.bitmap_index = 33438, .adv_w = 192, .box_w = 11, .box_h = 11, .ofs_x = 0, .ofs_y = -1},
    {.bitmap_index = 33454, .adv_w = 192, .box_w = 11, .box_h = 11, .ofs_x = 0, .ofs_y = -1},
    {.bitmap_index = 33470, .adv_w = 192, .box_w = 11, .box_h = 11, .ofs_x = 0, .ofs_y = -1},
    {.bitmap_index = 33486, .adv_w = 192, .box_w = 11, .box_h = 11, .ofs_x = 0, .ofs_y = -1},
    {.bitmap_index = 33502, .adv_w = 192, .box_w = 11, .box_h = 11, .ofs_x = 0, .ofs_y = -1},
    {.bitmap_index = 33518, .adv_w = 192, .box_w = 11, .box_h = 11, .ofs_x = 0, .ofs_y = -1},
    {.bitmap_index = 33534, .adv_w = 192, .box_w = 11, .box_h = 11, .ofs_x = 0, .ofs_y = -1},
    {.bitmap_index = 33550, .adv_w = 192, .box_w = 11, .box_h = 11, .ofs_x = 0, .ofs_y = -1},
    {.bitmap_index = 33566, .adv_w = 192, .box_w = 11, .box_h = 11, .ofs_x = 0, .ofs_y = -1},
    {.bitmap_index = 33582, .adv_w = 192, .box_w = 11, .box_h = 11, .ofs_x = 0, .ofs_y = -1},
    {.bitmap_index = 33598, .adv_w = 192, .box_w = 11, .box_h = 11, .ofs_x = 0, .ofs_y = -1},
    {.bitmap_index = 33614, .adv_w = 192, .box_w = 11, .box_h = 11, .ofs_x = 0, .ofs_y = -1},
    {.bitmap_index = 33630, .adv_w = 192, .box_w = 11, .box_h = 11, .ofs_x = 0, .ofs_y = -1},
    {.bitmap_index = 33646, .adv_w = 192, .box_w = 11, .box_h = 11, .ofs_x = 0, .ofs_y = -1},
    {.bitmap_index = 33662, .adv_w = 192, .box_w = 11, .box_h = 11, .ofs_x = 0, .ofs_y = -1},
    {.bitmap_index = 33678, .adv_w = 192, .box_w = 11, .box_h = 11, .ofs_x = 0, .ofs_y = -1},
    {.bitmap_index = 33694, .adv_w = 192, .box_w = 11, .box_h = 11, .ofs_x = 0, .ofs_y = -1},
    {.bitmap_index = 33710, .adv_w = 192, .box_w = 11, .box_h = 11, .ofs_x = 0, .ofs_y = -1},
    {.bitmap_index = 33726, .adv_w = 192, .box_w = 11, .box_h = 11, .ofs_x = 0, .ofs_y = -1},
    {.bitmap_index = 33742, .adv_w = 192, .box_w = 11, .box_h = 11, .ofs_x = 0, .ofs_y = -1},
    {.bitmap_index = 33758, .adv_w = 192, .box_w = 11, .box_h = 11, .ofs_x = 0, .ofs_y = -1},
    {.bitmap_index = 33774, .adv_w = 192, .box_w = 11, .box_h = 11, .ofs_x = 0, .ofs_y = -1},
    {.bitmap_index = 33790, .adv_w = 192, .box_w = 11, .box_h = 11, .ofs_x = 0, .ofs_y = -1},
    {.bitmap_index = 33806, .adv_w = 192, .box_w = 11, .box_h = 11, .ofs_x = 0, .ofs_y = -1},
    {.bitmap_index = 33822, .adv_w = 192, .box_w = 11, .box_h = 11, .ofs_x = 0, .ofs_y = -1},
    {.bitmap_index = 33838, .adv_w = 192, .box_w = 11, .box_h = 11, .ofs_x = 0, .ofs_y = -1},
    {.bitmap_index = 33854, .adv_w = 192, .box_w = 11, .box_h = 11, .ofs_x = 0, .ofs_y = -1},
    {.bitmap_index = 33870, .adv_w = 192, .box_w = 11, .box_h = 11, .ofs_x = 0, .ofs_y = -1},
    {.bitmap_index = 33886, .adv_w = 192, .box_w = 11, .box_h = 11, .ofs_x = 0, .ofs_y = -1},
    {.bitmap_index = 33902, .adv_w = 192, .box_w = 11, .box_h = 11, .ofs_x = 0, .ofs_y = -1},
    {.bitmap_index = 33918, .adv_w = 192, .box_w = 11, .box_h = 11, .ofs_x = 0, .ofs_y = -1},
    {.bitmap_index = 33934, .adv_w = 192, .box_w = 11, .box_h = 11, .ofs_x = 0, .ofs_y = -1},
    {.bitmap_index = 33950, .adv_w = 192, .box_w = 11, .box_h = 11, .ofs_x = 0, .ofs_y = -1},
    {.bitmap_index = 33966, .adv_w = 192, .box_w = 11, .box_h = 11, .ofs_x = 0, .ofs_y = -1},
    {.bitmap_index = 33982, .adv_w = 192, .box_w = 11, .box_h = 11, .ofs_x = 0, .ofs_y = -1},
    {.bitmap_index = 33998, .adv_w = 192, .box_w = 11, .box_h = 11, .ofs_x = 0, .ofs_y = -1},
    {.bitmap_index = 34014, .adv_w = 192, .box_w = 11, .box_h = 11, .ofs_x = 0, .ofs_y = -1},
    {.bitmap_index = 34030, .adv_w = 192, .box_w = 11, .box_h = 11, .ofs_x = 0, .ofs_y = -1},
    {.bitmap_index = 34046, .adv_w = 192, .box_w = 11, .box_h = 11, .ofs_x = 0, .ofs_y = -1},
    {.bitmap_index = 34062, .adv_w = 192, .box_w = 11, .box_h = 11, .ofs_x = 0, .ofs_y = -1},
    {.bitmap_index = 34078, .adv_w = 192, .box_w = 11, .box_h = 11, .ofs_x = 0, .ofs_y = -1},
    {.bitmap_index = 34094, .adv_w = 192, .box_w = 11, .box_h = 11, .ofs_x = 0, .ofs_y = -1},
    {.bitmap_index = 34110, .adv_w = 192, .box_w = 11, .box_h = 11, .ofs_x = 0, .ofs_y = -1},
    {.bitmap_index = 34126, .adv_w = 192, .box_w = 11, .box_h = 11, .ofs_x = 0, .ofs_y = -1},
    {.bitmap_index = 34142, .adv_w = 192, .box_w = 11, .box_h = 11, .ofs_x = 0, .ofs_y = -1},
    {.bitmap_index = 34158, .adv_w = 192, .box_w = 11, .box_h = 11, .ofs_x = 0, .ofs_y = -1},
    {.bitmap_index = 34174, .adv_w = 192, .box_w = 11, .box_h = 11, .ofs_x = 0, .ofs_y = -1},
    {.bitmap_index = 34190, .adv_w = 192, .box_w = 11, .box_h = 11, .ofs_x = 0, .ofs_y = -1},
    {.bitmap_index = 34206, .adv_w = 192, .box_w = 11, .box_h = 11, .ofs_x = 0, .ofs_y = -1},
    {.bitmap_index = 34222, .adv_w = 192, .box_w = 11, .box_h = 11, .ofs_x = 0, .ofs_y = -1},
    {.bitmap_index = 34238, .adv_w = 192, .box_w = 11, .box_h = 11, .ofs_x = 0, .ofs_y = -1},
    {.bitmap_index = 34254, .adv_w = 192, .box_w = 11, .box_h = 11, .ofs_x = 0, .ofs_y = -1},
    {.bitmap_index = 34270, .adv_w = 192, .box_w = 11, .box_h = 11, .ofs_x = 0, .ofs_y = -1},
    {.bitmap_index = 34286, .adv_w = 192, .box_w = 11, .box_h = 11, .ofs_x = 0, .ofs_y = -1},
    {.bitmap_index = 34302, .adv_w = 192, .box_w = 11, .box_h = 11, .ofs_x = 0, .ofs_y = -1},
    {.bitmap_index = 34318, .adv_w = 192, .box_w = 11, .box_h = 11, .ofs_x = 0, .ofs_y = -1},
    {.bitmap_index = 34334, .adv_w = 192, .box_w = 11, .box_h = 11, .ofs_x = 0, .ofs_y = -1},
    {.bitmap_index = 34350, .adv_w = 192, .box_w = 11, .box_h = 11, .ofs_x = 0, .ofs_y = -1},
    {.bitmap_index = 34366, .adv_w = 192, .box_w = 11, .box_h = 11, .ofs_x = 0, .ofs_y = -1},
    {.bitmap_index = 34382, .adv_w = 192, .box_w = 11, .box_h = 11, .ofs_x = 0, .ofs_y = -1},
    {.bitmap_index = 34398, .adv_w = 192, .box_w = 11, .box_h = 11, .ofs_x = 0, .ofs_y = -1},
    {.bitmap_index = 34414, .adv_w = 192, .box_w = 11, .box_h = 11, .ofs_x = 0, .ofs_y = -1},
    {.bitmap_index = 34430, .adv_w = 192, .box_w = 11, .box_h = 11, .ofs_x = 0, .ofs_y = -1},
    {.bitmap_index = 34446, .adv_w = 192, .box_w = 11, .box_h = 11, .ofs_x = 0, .ofs_y = -1},
    {.bitmap_index = 34462, .adv_w = 192, .box_w = 11, .box_h = 11, .ofs_x = 0, .ofs_y = -1},
    {.bitmap_index = 34478, .adv_w = 192, .box_w = 11, .box_h = 11, .ofs_x = 0, .ofs_y = -1},
    {.bitmap_index = 34494, .adv_w = 192, .box_w = 11, .box_h = 11, .ofs_x = 0, .ofs_y = -1},
    {.bitmap_index = 34510, .adv_w = 192, .box_w = 11, .box_h = 11, .ofs_x = 0, .ofs_y = -1},
    {.bitmap_index = 34526, .adv_w = 192, .box_w = 11, .box_h = 11, .ofs_x = 0, .ofs_y = -1},
    {.bitmap_index = 34542, .adv_w = 192, .box_w = 11, .box_h = 11, .ofs_x = 0, .ofs_y = -1},
    {.bitmap_index = 34558, .adv_w = 192, .box_w = 11, .box_h = 11, .ofs_x = 0, .ofs_y = -1},
    {.bitmap_index = 34574, .adv_w = 192, .box_w = 11, .box_h = 11, .ofs_x = 0, .ofs_y = -1},
    {.bitmap_index = 34590, .adv_w = 192, .box_w = 11, .box_h = 11, .ofs_x = 0, .ofs_y = -1},
    {.bitmap_index = 34606, .adv_w = 192, .box_w = 11, .box_h = 11, .ofs_x = 0, .ofs_y = -1},
    {.bitmap_index = 34622, .adv_w = 192, .box_w = 11, .box_h = 11, .ofs_x = 0, .ofs_y = -1},
    {.bitmap_index = 34638, .adv_w = 192, .box_w = 11, .box_h = 11, .ofs_x = 0, .ofs_y = -1},
    {.bitmap_index = 34654, .adv_w = 192, .box_w = 11, .box_h = 11, .ofs_x = 0, .ofs_y = -1},
    {.bitmap_index = 34670, .adv_w = 192, .box_w = 11, .box_h = 11, .ofs_x = 0, .ofs_y = -1},
    {.bitmap_index = 34686, .adv_w = 192, .box_w = 11, .box_h = 11, .ofs_x = 0, .ofs_y = -1},
    {.bitmap_index = 34702, .adv_w = 192, .box_w = 11, .box_h = 11, .ofs_x = 0, .ofs_y = -1},
    {.bitmap_index = 34718, .adv_w = 192, .box_w = 11, .box_h = 11, .ofs_x = 0, .ofs_y = -1},
    {.bitmap_index = 34734, .adv_w = 192, .box_w = 11, .box_h = 11, .ofs_x = 0, .ofs_y = -1},
    {.bitmap_index = 34750, .adv_w = 192, .box_w = 11, .box_h = 11, .ofs_x = 0, .ofs_y = -1},
    {.bitmap_index = 34766, .adv_w = 192, .box_w = 11, .box_h = 11, .ofs_x = 0, .ofs_y = -1},
    {.bitmap_index = 34782, .adv_w = 192, .box_w = 11, .box_h = 11, .ofs_x = 0, .ofs_y = -1},
    {.bitmap_index = 34798, .adv_w = 192, .box_w = 11, .box_h = 11, .ofs_x = 0, .ofs_y = -1},
    {.bitmap_index = 34814, .adv_w = 192, .box_w = 11, .box_h = 11, .ofs_x = 0, .ofs_y = -1},
    {.bitmap_index = 34830, .adv_w = 192, .box_w = 11, .box_h = 11, .ofs_x = 0, .ofs_y = -1},
    {.bitmap_index = 34846, .adv_w = 192, .box_w = 11, .box_h = 11, .ofs_x = 0, .ofs_y = -1},
    {.bitmap_index = 34862, .adv_w = 192, .box_w = 11, .box_h = 11, .ofs_x = 0, .ofs_y = -1},
    {.bitmap_index = 34878, .adv_w = 192, .box_w = 11, .box_h = 11, .ofs_x = 0, .ofs_y = -1},
    {.bitmap_index = 34894, .adv_w = 192, .box_w = 11, .box_h = 11, .ofs_x = 0, .ofs_y = -1},
    {.bitmap_index = 34910, .adv_w = 192, .box_w = 11, .box_h = 11, .ofs_x = 0, .ofs_y = -1},
    {.bitmap_index = 34926, .adv_w = 192, .box_w = 11, .box_h = 11, .ofs_x = 0, .ofs_y = -1},
    {.bitmap_index = 34942, .adv_w = 192, .box_w = 11, .box_h = 11, .ofs_x = 0, .ofs_y = -1},
    {.bitmap_index = 34958, .adv_w = 192, .box_w = 11, .box_h = 11, .ofs_x = 0, .ofs_y = -1},
    {.bitmap_index = 34974, .adv_w = 192, .box_w = 11, .box_h = 11, .ofs_x = 0, .ofs_y = -1},
    {.bitmap_index = 34990, .adv_w = 192, .box_w = 11, .box_h = 11, .ofs_x = 0, .ofs_y = -1},
    {.bitmap_index = 35006, .adv_w = 192, .box_w = 11, .box_h = 11, .ofs_x = 0, .ofs_y = -1},
    {.bitmap_index = 35022, .adv_w = 192, .box_w = 11, .box_h = 11, .ofs_x = 0, .ofs_y = -1},
    {.bitmap_index = 35038, .adv_w = 192, .box_w = 11, .box_h = 11, .ofs_x = 0, .ofs_y = -1},
    {.bitmap_index = 35054, .adv_w = 192, .box_w = 11, .box_h = 11, .ofs_x = 0, .ofs_y = -1},
    {.bitmap_index = 35070, .adv_w = 192, .box_w = 11, .box_h = 11, .ofs_x = 0, .ofs_y = -1},
    {.bitmap_index = 35086, .adv_w = 192, .box_w = 11, .box_h = 11, .ofs_x = 0, .ofs_y = -1},
    {.bitmap_index = 35102, .adv_w = 192, .box_w = 11, .box_h = 11, .ofs_x = 0, .ofs_y = -1},
    {.bitmap_index = 35118, .adv_w = 192, .box_w = 11, .box_h = 11, .ofs_x = 0, .ofs_y = -1},
    {.bitmap_index = 35134, .adv_w = 192, .box_w = 11, .box_h = 11, .ofs_x = 0, .ofs_y = -1},
    {.bitmap_index = 35150, .adv_w = 192, .box_w = 11, .box_h = 11, .ofs_x = 0, .ofs_y = -1},
    {.bitmap_index = 35166, .adv_w = 192, .box_w = 11, .box_h = 11, .ofs_x = 0, .ofs_y = -1},
    {.bitmap_index = 35182, .adv_w = 192, .box_w = 11, .box_h = 11, .ofs_x = 0, .ofs_y = -1},
    {.bitmap_index = 35198, .adv_w = 192, .box_w = 11, .box_h = 11, .ofs_x = 0, .ofs_y = -1},
    {.bitmap_index = 35214, .adv_w = 192, .box_w = 11, .box_h = 11, .ofs_x = 0, .ofs_y = -1},
    {.bitmap_index = 35230, .adv_w = 192, .box_w = 11, .box_h = 11, .ofs_x = 0, .ofs_y = -1},
    {.bitmap_index = 35246, .adv_w = 192, .box_w = 11, .box_h = 11, .ofs_x = 0, .ofs_y = -1},
    {.bitmap_index = 35262, .adv_w = 192, .box_w = 11, .box_h = 11, .ofs_x = 0, .ofs_y = -1},
    {.bitmap_index = 35278, .adv_w = 192, .box_w = 11, .box_h = 11, .ofs_x = 0, .ofs_y = -1},
    {.bitmap_index = 35294, .adv_w = 192, .box_w = 11, .box_h = 11, .ofs_x = 0, .ofs_y = -1},
    {.bitmap_index = 35310, .adv_w = 192, .box_w = 11, .box_h = 11, .ofs_x = 0, .ofs_y = -1},
    {.bitmap_index = 35326, .adv_w = 192, .box_w = 11, .box_h = 11, .ofs_x = 0, .ofs_y = -1},
    {.bitmap_index = 35342, .adv_w = 192, .box_w = 11, .box_h = 11, .ofs_x = 0, .ofs_y = -1},
    {.bitmap_index = 35358, .adv_w = 192, .box_w = 11, .box_h = 11, .ofs_x = 0, .ofs_y = -1},
    {.bitmap_index = 35374, .adv_w = 192, .box_w = 11, .box_h = 11, .ofs_x = 0, .ofs_y = -1},
    {.bitmap_index = 35390, .adv_w = 192, .box_w = 11, .box_h = 11, .ofs_x = 0, .ofs_y = -1},
    {.bitmap_index = 35406, .adv_w = 192, .box_w = 11, .box_h = 11, .ofs_x = 0, .ofs_y = -1},
    {.bitmap_index = 35422, .adv_w = 192, .box_w = 11, .box_h = 11, .ofs_x = 0, .ofs_y = -1},
    {.bitmap_index = 35438, .adv_w = 192, .box_w = 11, .box_h = 11, .ofs_x = 0, .ofs_y = -1},
    {.bitmap_index = 35454, .adv_w = 192, .box_w = 11, .box_h = 11, .ofs_x = 0, .ofs_y = -1},
    {.bitmap_index = 35470, .adv_w = 192, .box_w = 11, .box_h = 11, .ofs_x = 0, .ofs_y = -1},
    {.bitmap_index = 35486, .adv_w = 192, .box_w = 11, .box_h = 11, .ofs_x = 0, .ofs_y = -1},
    {.bitmap_index = 35502, .adv_w = 192, .box_w = 11, .box_h = 11, .ofs_x = 0, .ofs_y = -1},
    {.bitmap_index = 35518, .adv_w = 192, .box_w = 11, .box_h = 11, .ofs_x = 0, .ofs_y = -1},
    {.bitmap_index = 35534, .adv_w = 192, .box_w = 11, .box_h = 11, .ofs_x = 0, .ofs_y = -1},
    {.bitmap_index = 35550, .adv_w = 192, .box_w = 11, .box_h = 11, .ofs_x = 0, .ofs_y = -1},
    {.bitmap_index = 35566, .adv_w = 192, .box_w = 11, .box_h = 11, .ofs_x = 0, .ofs_y = -1},
    {.bitmap_index = 35582, .adv_w = 192, .box_w = 11, .box_h = 11, .ofs_x = 0, .ofs_y = -1},
    {.bitmap_index = 35598, .adv_w = 192, .box_w = 11, .box_h = 11, .ofs_x = 0, .ofs_y = -1},
    {.bitmap_index = 35614, .adv_w = 192, .box_w = 11, .box_h = 11, .ofs_x = 0, .ofs_y = -1},
    {.bitmap_index = 35630, .adv_w = 192, .box_w = 11, .box_h = 11, .ofs_x = 0, .ofs_y = -1},
    {.bitmap_index = 35646, .adv_w = 192, .box_w = 11, .box_h = 11, .ofs_x = 0, .ofs_y = -1},
    {.bitmap_index = 35662, .adv_w = 192, .box_w = 10, .box_h = 11, .ofs_x = 0, .ofs_y = -1},
    {.bitmap_index = 35676, .adv_w = 192, .box_w = 11, .box_h = 11, .ofs_x = 0, .ofs_y = -1},
    {.bitmap_index = 35692, .adv_w = 192, .box_w = 11, .box_h = 11, .ofs_x = 0, .ofs_y = -1},
    {.bitmap_index = 35708, .adv_w = 192, .box_w = 11, .box_h = 11, .ofs_x = 0, .ofs_y = -1},
    {.bitmap_index = 35724, .adv_w = 192, .box_w = 11, .box_h = 11, .ofs_x = 0, .ofs_y = -1},
    {.bitmap_index = 35740, .adv_w = 192, .box_w = 11, .box_h = 11, .ofs_x = 0, .ofs_y = -1},
    {.bitmap_index = 35756, .adv_w = 192, .box_w = 11, .box_h = 11, .ofs_x = 0, .ofs_y = -1},
    {.bitmap_index = 35772, .adv_w = 192, .box_w = 11, .box_h = 11, .ofs_x = 0, .ofs_y = -1},
    {.bitmap_index = 35788, .adv_w = 192, .box_w = 11, .box_h = 11, .ofs_x = 0, .ofs_y = -1},
    {.bitmap_index = 35804, .adv_w = 192, .box_w = 11, .box_h = 11, .ofs_x = 0, .ofs_y = -1},
    {.bitmap_index = 35820, .adv_w = 192, .box_w = 11, .box_h = 11, .ofs_x = 0, .ofs_y = -1},
    {.bitmap_index = 35836, .adv_w = 192, .box_w = 11, .box_h = 11, .ofs_x = 0, .ofs_y = -1},
    {.bitmap_index = 35852, .adv_w = 192, .box_w = 11, .box_h = 11, .ofs_x = 0, .ofs_y = -1},
    {.bitmap_index = 35868, .adv_w = 192, .box_w = 11, .box_h = 11, .ofs_x = 0, .ofs_y = -1},
    {.bitmap_index = 35884, .adv_w = 192, .box_w = 11, .box_h = 11, .ofs_x = 0, .ofs_y = -1},
    {.bitmap_index = 35900, .adv_w = 192, .box_w = 11, .box_h = 11, .ofs_x = 0, .ofs_y = -1},
    {.bitmap_index = 35916, .adv_w = 192, .box_w = 11, .box_h = 11, .ofs_x = 0, .ofs_y = -1},
    {.bitmap_index = 35932, .adv_w = 192, .box_w = 11, .box_h = 11, .ofs_x = 0, .ofs_y = -1},
    {.bitmap_index = 35948, .adv_w = 192, .box_w = 11, .box_h = 11, .ofs_x = 0, .ofs_y = -1},
    {.bitmap_index = 35964, .adv_w = 192, .box_w = 11, .box_h = 11, .ofs_x = 0, .ofs_y = -1},
    {.bitmap_index = 35980, .adv_w = 192, .box_w = 11, .box_h = 11, .ofs_x = 0, .ofs_y = -1},
    {.bitmap_index = 35996, .adv_w = 192, .box_w = 11, .box_h = 11, .ofs_x = 0, .ofs_y = -1},
    {.bitmap_index = 36012, .adv_w = 192, .box_w = 11, .box_h = 11, .ofs_x = 0, .ofs_y = -1},
    {.bitmap_index = 36028, .adv_w = 192, .box_w = 11, .box_h = 11, .ofs_x = 0, .ofs_y = -1},
    {.bitmap_index = 36044, .adv_w = 192, .box_w = 11, .box_h = 11, .ofs_x = 0, .ofs_y = -1},
    {.bitmap_index = 36060, .adv_w = 192, .box_w = 11, .box_h = 11, .ofs_x = 0, .ofs_y = -1},
    {.bitmap_index = 36076, .adv_w = 192, .box_w = 11, .box_h = 11, .ofs_x = 0, .ofs_y = -1},
    {.bitmap_index = 36092, .adv_w = 192, .box_w = 11, .box_h = 11, .ofs_x = 0, .ofs_y = -1},
    {.bitmap_index = 36108, .adv_w = 192, .box_w = 11, .box_h = 11, .ofs_x = 0, .ofs_y = -1},
    {.bitmap_index = 36124, .adv_w = 192, .box_w = 11, .box_h = 11, .ofs_x = 0, .ofs_y = -1},
    {.bitmap_index = 36140, .adv_w = 192, .box_w = 11, .box_h = 11, .ofs_x = 0, .ofs_y = -1},
    {.bitmap_index = 36156, .adv_w = 192, .box_w = 11, .box_h = 11, .ofs_x = 0, .ofs_y = -1},
    {.bitmap_index = 36172, .adv_w = 192, .box_w = 11, .box_h = 11, .ofs_x = 0, .ofs_y = -1},
    {.bitmap_index = 36188, .adv_w = 192, .box_w = 11, .box_h = 11, .ofs_x = 0, .ofs_y = -1},
    {.bitmap_index = 36204, .adv_w = 192, .box_w = 11, .box_h = 11, .ofs_x = 0, .ofs_y = -1},
    {.bitmap_index = 36220, .adv_w = 192, .box_w = 11, .box_h = 11, .ofs_x = 0, .ofs_y = -1},
    {.bitmap_index = 36236, .adv_w = 192, .box_w = 11, .box_h = 11, .ofs_x = 0, .ofs_y = -1},
    {.bitmap_index = 36252, .adv_w = 192, .box_w = 11, .box_h = 11, .ofs_x = 0, .ofs_y = -1},
    {.bitmap_index = 36268, .adv_w = 192, .box_w = 11, .box_h = 11, .ofs_x = 0, .ofs_y = -1},
    {.bitmap_index = 36284, .adv_w = 192, .box_w = 11, .box_h = 11, .ofs_x = 0, .ofs_y = -1},
    {.bitmap_index = 36300, .adv_w = 192, .box_w = 11, .box_h = 11, .ofs_x = 0, .ofs_y = -1},
    {.bitmap_index = 36316, .adv_w = 192, .box_w = 11, .box_h = 11, .ofs_x = 0, .ofs_y = -1},
    {.bitmap_index = 36332, .adv_w = 192, .box_w = 11, .box_h = 11, .ofs_x = 0, .ofs_y = -1},
    {.bitmap_index = 36348, .adv_w = 192, .box_w = 11, .box_h = 11, .ofs_x = 0, .ofs_y = -1},
    {.bitmap_index = 36364, .adv_w = 192, .box_w = 11, .box_h = 11, .ofs_x = 0, .ofs_y = -1},
    {.bitmap_index = 36380, .adv_w = 192, .box_w = 11, .box_h = 11, .ofs_x = 0, .ofs_y = -1},
    {.bitmap_index = 36396, .adv_w = 192, .box_w = 11, .box_h = 11, .ofs_x = 0, .ofs_y = -1},
    {.bitmap_index = 36412, .adv_w = 192, .box_w = 11, .box_h = 11, .ofs_x = 0, .ofs_y = -1},
    {.bitmap_index = 36428, .adv_w = 192, .box_w = 11, .box_h = 11, .ofs_x = 0, .ofs_y = -1},
    {.bitmap_index = 36444, .adv_w = 192, .box_w = 11, .box_h = 11, .ofs_x = 0, .ofs_y = -1},
    {.bitmap_index = 36460, .adv_w = 192, .box_w = 11, .box_h = 11, .ofs_x = 0, .ofs_y = -1},
    {.bitmap_index = 36476, .adv_w = 192, .box_w = 11, .box_h = 11, .ofs_x = 0, .ofs_y = -1},
    {.bitmap_index = 36492, .adv_w = 192, .box_w = 11, .box_h = 11, .ofs_x = 0, .ofs_y = -1},
    {.bitmap_index = 36508, .adv_w = 192, .box_w = 11, .box_h = 11, .ofs_x = 0, .ofs_y = -1},
    {.bitmap_index = 36524, .adv_w = 192, .box_w = 11, .box_h = 11, .ofs_x = 0, .ofs_y = -1},
    {.bitmap_index = 36540, .adv_w = 192, .box_w = 11, .box_h = 11, .ofs_x = 0, .ofs_y = -1},
    {.bitmap_index = 36556, .adv_w = 192, .box_w = 11, .box_h = 11, .ofs_x = 0, .ofs_y = -1},
    {.bitmap_index = 36572, .adv_w = 192, .box_w = 11, .box_h = 11, .ofs_x = 0, .ofs_y = -1},
    {.bitmap_index = 36588, .adv_w = 192, .box_w = 11, .box_h = 11, .ofs_x = 0, .ofs_y = -1},
    {.bitmap_index = 36604, .adv_w = 192, .box_w = 11, .box_h = 11, .ofs_x = 0, .ofs_y = -1},
    {.bitmap_index = 36620, .adv_w = 192, .box_w = 11, .box_h = 11, .ofs_x = 0, .ofs_y = -1},
    {.bitmap_index = 36636, .adv_w = 192, .box_w = 11, .box_h = 11, .ofs_x = 0, .ofs_y = -1},
    {.bitmap_index = 36652, .adv_w = 192, .box_w = 11, .box_h = 11, .ofs_x = 0, .ofs_y = -1},
    {.bitmap_index = 36668, .adv_w = 192, .box_w = 11, .box_h = 11, .ofs_x = 0, .ofs_y = -1},
    {.bitmap_index = 36684, .adv_w = 192, .box_w = 11, .box_h = 11, .ofs_x = 0, .ofs_y = -1},
    {.bitmap_index = 36700, .adv_w = 192, .box_w = 11, .box_h = 11, .ofs_x = 0, .ofs_y = -1},
    {.bitmap_index = 36716, .adv_w = 192, .box_w = 11, .box_h = 11, .ofs_x = 0, .ofs_y = -1},
    {.bitmap_index = 36732, .adv_w = 192, .box_w = 11, .box_h = 11, .ofs_x = 0, .ofs_y = -1},
    {.bitmap_index = 36748, .adv_w = 192, .box_w = 11, .box_h = 11, .ofs_x = 0, .ofs_y = -1},
    {.bitmap_index = 36764, .adv_w = 192, .box_w = 11, .box_h = 11, .ofs_x = 0, .ofs_y = -1},
    {.bitmap_index = 36780, .adv_w = 192, .box_w = 11, .box_h = 11, .ofs_x = 0, .ofs_y = -1},
    {.bitmap_index = 36796, .adv_w = 192, .box_w = 9, .box_h = 11, .ofs_x = 1, .ofs_y = -1},
    {.bitmap_index = 36809, .adv_w = 192, .box_w = 11, .box_h = 11, .ofs_x = 0, .ofs_y = -1},
    {.bitmap_index = 36825, .adv_w = 192, .box_w = 11, .box_h = 11, .ofs_x = 0, .ofs_y = -1},
    {.bitmap_index = 36841, .adv_w = 192, .box_w = 11, .box_h = 11, .ofs_x = 0, .ofs_y = -1},
    {.bitmap_index = 36857, .adv_w = 192, .box_w = 11, .box_h = 11, .ofs_x = 0, .ofs_y = -1},
    {.bitmap_index = 36873, .adv_w = 192, .box_w = 11, .box_h = 11, .ofs_x = 0, .ofs_y = -1},
    {.bitmap_index = 36889, .adv_w = 192, .box_w = 11, .box_h = 11, .ofs_x = 0, .ofs_y = -1},
    {.bitmap_index = 36905, .adv_w = 192, .box_w = 11, .box_h = 11, .ofs_x = 0, .ofs_y = -1},
    {.bitmap_index = 36921, .adv_w = 192, .box_w = 11, .box_h = 11, .ofs_x = 0, .ofs_y = -1},
    {.bitmap_index = 36937, .adv_w = 192, .box_w = 11, .box_h = 11, .ofs_x = 0, .ofs_y = -1},
    {.bitmap_index = 36953, .adv_w = 192, .box_w = 11, .box_h = 11, .ofs_x = 0, .ofs_y = -1},
    {.bitmap_index = 36969, .adv_w = 192, .box_w = 11, .box_h = 9, .ofs_x = 0, .ofs_y = 0},
    {.bitmap_index = 36982, .adv_w = 192, .box_w = 11, .box_h = 11, .ofs_x = 0, .ofs_y = -1},
    {.bitmap_index = 36998, .adv_w = 192, .box_w = 11, .box_h = 11, .ofs_x = 0, .ofs_y = -1},
    {.bitmap_index = 37014, .adv_w = 192, .box_w = 11, .box_h = 11, .ofs_x = 0, .ofs_y = -1},
    {.bitmap_index = 37030, .adv_w = 192, .box_w = 11, .box_h = 11, .ofs_x = 0, .ofs_y = -1},
    {.bitmap_index = 37046, .adv_w = 192, .box_w = 11, .box_h = 11, .ofs_x = 0, .ofs_y = -1},
    {.bitmap_index = 37062, .adv_w = 192, .box_w = 11, .box_h = 11, .ofs_x = 0, .ofs_y = -1},
    {.bitmap_index = 37078, .adv_w = 192, .box_w = 11, .box_h = 11, .ofs_x = 0, .ofs_y = -1},
    {.bitmap_index = 37094, .adv_w = 192, .box_w = 11, .box_h = 11, .ofs_x = 0, .ofs_y = -1},
    {.bitmap_index = 37110, .adv_w = 192, .box_w = 11, .box_h = 11, .ofs_x = 0, .ofs_y = -1},
    {.bitmap_index = 37126, .adv_w = 192, .box_w = 11, .box_h = 11, .ofs_x = 0, .ofs_y = -1},
    {.bitmap_index = 37142, .adv_w = 192, .box_w = 11, .box_h = 11, .ofs_x = 0, .ofs_y = -1},
    {.bitmap_index = 37158, .adv_w = 192, .box_w = 11, .box_h = 11, .ofs_x = 0, .ofs_y = -1},
    {.bitmap_index = 37174, .adv_w = 192, .box_w = 11, .box_h = 11, .ofs_x = 0, .ofs_y = -1},
    {.bitmap_index = 37190, .adv_w = 192, .box_w = 11, .box_h = 11, .ofs_x = 0, .ofs_y = -1},
    {.bitmap_index = 37206, .adv_w = 192, .box_w = 11, .box_h = 11, .ofs_x = 0, .ofs_y = -1},
    {.bitmap_index = 37222, .adv_w = 192, .box_w = 11, .box_h = 11, .ofs_x = 0, .ofs_y = -1},
    {.bitmap_index = 37238, .adv_w = 192, .box_w = 9, .box_h = 11, .ofs_x = 1, .ofs_y = -1},
    {.bitmap_index = 37251, .adv_w = 192, .box_w = 11, .box_h = 11, .ofs_x = 0, .ofs_y = -1},
    {.bitmap_index = 37267, .adv_w = 192, .box_w = 11, .box_h = 11, .ofs_x = 0, .ofs_y = -1},
    {.bitmap_index = 37283, .adv_w = 192, .box_w = 11, .box_h = 11, .ofs_x = 0, .ofs_y = -1},
    {.bitmap_index = 37299, .adv_w = 192, .box_w = 11, .box_h = 11, .ofs_x = 0, .ofs_y = -1},
    {.bitmap_index = 37315, .adv_w = 192, .box_w = 11, .box_h = 11, .ofs_x = 0, .ofs_y = -1},
    {.bitmap_index = 37331, .adv_w = 192, .box_w = 11, .box_h = 11, .ofs_x = 0, .ofs_y = -1},
    {.bitmap_index = 37347, .adv_w = 192, .box_w = 11, .box_h = 11, .ofs_x = 0, .ofs_y = -1},
    {.bitmap_index = 37363, .adv_w = 192, .box_w = 11, .box_h = 11, .ofs_x = 0, .ofs_y = -1},
    {.bitmap_index = 37379, .adv_w = 192, .box_w = 11, .box_h = 11, .ofs_x = 0, .ofs_y = -1},
    {.bitmap_index = 37395, .adv_w = 192, .box_w = 11, .box_h = 11, .ofs_x = 0, .ofs_y = -1},
    {.bitmap_index = 37411, .adv_w = 192, .box_w = 11, .box_h = 11, .ofs_x = 0, .ofs_y = -1},
    {.bitmap_index = 37427, .adv_w = 192, .box_w = 11, .box_h = 11, .ofs_x = 0, .ofs_y = -1},
    {.bitmap_index = 37443, .adv_w = 192, .box_w = 11, .box_h = 11, .ofs_x = 0, .ofs_y = -1},
    {.bitmap_index = 37459, .adv_w = 192, .box_w = 11, .box_h = 11, .ofs_x = 0, .ofs_y = -1},
    {.bitmap_index = 37475, .adv_w = 192, .box_w = 11, .box_h = 11, .ofs_x = 0, .ofs_y = -1},
    {.bitmap_index = 37491, .adv_w = 192, .box_w = 11, .box_h = 11, .ofs_x = 0, .ofs_y = -1},
    {.bitmap_index = 37507, .adv_w = 192, .box_w = 11, .box_h = 11, .ofs_x = 0, .ofs_y = -1},
    {.bitmap_index = 37523, .adv_w = 192, .box_w = 11, .box_h = 11, .ofs_x = 0, .ofs_y = -1},
    {.bitmap_index = 37539, .adv_w = 192, .box_w = 11, .box_h = 11, .ofs_x = 0, .ofs_y = -1},
    {.bitmap_index = 37555, .adv_w = 192, .box_w = 11, .box_h = 11, .ofs_x = 0, .ofs_y = -1},
    {.bitmap_index = 37571, .adv_w = 192, .box_w = 11, .box_h = 11, .ofs_x = 0, .ofs_y = -1},
    {.bitmap_index = 37587, .adv_w = 192, .box_w = 11, .box_h = 11, .ofs_x = 0, .ofs_y = -1},
    {.bitmap_index = 37603, .adv_w = 192, .box_w = 11, .box_h = 11, .ofs_x = 0, .ofs_y = -1},
    {.bitmap_index = 37619, .adv_w = 192, .box_w = 11, .box_h = 11, .ofs_x = 0, .ofs_y = -1},
    {.bitmap_index = 37635, .adv_w = 192, .box_w = 11, .box_h = 11, .ofs_x = 0, .ofs_y = -1},
    {.bitmap_index = 37651, .adv_w = 192, .box_w = 11, .box_h = 11, .ofs_x = 0, .ofs_y = -1},
    {.bitmap_index = 37667, .adv_w = 192, .box_w = 11, .box_h = 11, .ofs_x = 0, .ofs_y = -1},
    {.bitmap_index = 37683, .adv_w = 192, .box_w = 11, .box_h = 11, .ofs_x = 0, .ofs_y = -1},
    {.bitmap_index = 37699, .adv_w = 192, .box_w = 11, .box_h = 11, .ofs_x = 0, .ofs_y = -1},
    {.bitmap_index = 37715, .adv_w = 192, .box_w = 11, .box_h = 11, .ofs_x = 0, .ofs_y = -1},
    {.bitmap_index = 37731, .adv_w = 192, .box_w = 11, .box_h = 11, .ofs_x = 0, .ofs_y = -1},
    {.bitmap_index = 37747, .adv_w = 192, .box_w = 11, .box_h = 11, .ofs_x = 0, .ofs_y = -1},
    {.bitmap_index = 37763, .adv_w = 192, .box_w = 11, .box_h = 11, .ofs_x = 0, .ofs_y = -1},
    {.bitmap_index = 37779, .adv_w = 192, .box_w = 11, .box_h = 11, .ofs_x = 0, .ofs_y = -1},
    {.bitmap_index = 37795, .adv_w = 192, .box_w = 11, .box_h = 11, .ofs_x = 0, .ofs_y = -1},
    {.bitmap_index = 37811, .adv_w = 192, .box_w = 11, .box_h = 11, .ofs_x = 0, .ofs_y = -1},
    {.bitmap_index = 37827, .adv_w = 192, .box_w = 11, .box_h = 11, .ofs_x = 0, .ofs_y = -1},
    {.bitmap_index = 37843, .adv_w = 192, .box_w = 11, .box_h = 11, .ofs_x = 0, .ofs_y = -1},
    {.bitmap_index = 37859, .adv_w = 192, .box_w = 11, .box_h = 11, .ofs_x = 0, .ofs_y = -1},
    {.bitmap_index = 37875, .adv_w = 192, .box_w = 11, .box_h = 11, .ofs_x = 0, .ofs_y = -1},
    {.bitmap_index = 37891, .adv_w = 192, .box_w = 11, .box_h = 11, .ofs_x = 0, .ofs_y = -1},
    {.bitmap_index = 37907, .adv_w = 192, .box_w = 11, .box_h = 11, .ofs_x = 0, .ofs_y = -1},
    {.bitmap_index = 37923, .adv_w = 192, .box_w = 11, .box_h = 11, .ofs_x = 0, .ofs_y = -1},
    {.bitmap_index = 37939, .adv_w = 192, .box_w = 11, .box_h = 11, .ofs_x = 0, .ofs_y = -1},
    {.bitmap_index = 37955, .adv_w = 192, .box_w = 11, .box_h = 11, .ofs_x = 0, .ofs_y = -1},
    {.bitmap_index = 37971, .adv_w = 192, .box_w = 11, .box_h = 11, .ofs_x = 0, .ofs_y = -1},
    {.bitmap_index = 37987, .adv_w = 192, .box_w = 11, .box_h = 11, .ofs_x = 0, .ofs_y = -1},
    {.bitmap_index = 38003, .adv_w = 192, .box_w = 11, .box_h = 11, .ofs_x = 0, .ofs_y = -1},
    {.bitmap_index = 38019, .adv_w = 192, .box_w = 11, .box_h = 11, .ofs_x = 0, .ofs_y = -1},
    {.bitmap_index = 38035, .adv_w = 192, .box_w = 11, .box_h = 11, .ofs_x = 0, .ofs_y = -1},
    {.bitmap_index = 38051, .adv_w = 192, .box_w = 11, .box_h = 11, .ofs_x = 0, .ofs_y = -1},
    {.bitmap_index = 38067, .adv_w = 192, .box_w = 11, .box_h = 11, .ofs_x = 0, .ofs_y = -1},
    {.bitmap_index = 38083, .adv_w = 192, .box_w = 11, .box_h = 11, .ofs_x = 0, .ofs_y = -1},
    {.bitmap_index = 38099, .adv_w = 192, .box_w = 11, .box_h = 11, .ofs_x = 0, .ofs_y = -1},
    {.bitmap_index = 38115, .adv_w = 192, .box_w = 11, .box_h = 11, .ofs_x = 0, .ofs_y = -1},
    {.bitmap_index = 38131, .adv_w = 192, .box_w = 11, .box_h = 11, .ofs_x = 0, .ofs_y = -1},
    {.bitmap_index = 38147, .adv_w = 192, .box_w = 11, .box_h = 11, .ofs_x = 0, .ofs_y = -1},
    {.bitmap_index = 38163, .adv_w = 192, .box_w = 11, .box_h = 11, .ofs_x = 0, .ofs_y = -1},
    {.bitmap_index = 38179, .adv_w = 192, .box_w = 11, .box_h = 11, .ofs_x = 0, .ofs_y = -1},
    {.bitmap_index = 38195, .adv_w = 192, .box_w = 11, .box_h = 11, .ofs_x = 0, .ofs_y = -1},
    {.bitmap_index = 38211, .adv_w = 192, .box_w = 11, .box_h = 11, .ofs_x = 0, .ofs_y = -1},
    {.bitmap_index = 38227, .adv_w = 192, .box_w = 11, .box_h = 11, .ofs_x = 0, .ofs_y = -1},
    {.bitmap_index = 38243, .adv_w = 192, .box_w = 11, .box_h = 11, .ofs_x = 0, .ofs_y = -1},
    {.bitmap_index = 38259, .adv_w = 192, .box_w = 11, .box_h = 11, .ofs_x = 0, .ofs_y = -1},
    {.bitmap_index = 38275, .adv_w = 192, .box_w = 11, .box_h = 11, .ofs_x = 0, .ofs_y = -1},
    {.bitmap_index = 38291, .adv_w = 192, .box_w = 11, .box_h = 11, .ofs_x = 0, .ofs_y = -1},
    {.bitmap_index = 38307, .adv_w = 192, .box_w = 11, .box_h = 11, .ofs_x = 0, .ofs_y = -1},
    {.bitmap_index = 38323, .adv_w = 192, .box_w = 11, .box_h = 11, .ofs_x = 0, .ofs_y = -1},
    {.bitmap_index = 38339, .adv_w = 192, .box_w = 11, .box_h = 11, .ofs_x = 0, .ofs_y = -1},
    {.bitmap_index = 38355, .adv_w = 192, .box_w = 11, .box_h = 11, .ofs_x = 0, .ofs_y = -1},
    {.bitmap_index = 38371, .adv_w = 192, .box_w = 11, .box_h = 11, .ofs_x = 0, .ofs_y = -1},
    {.bitmap_index = 38387, .adv_w = 192, .box_w = 11, .box_h = 11, .ofs_x = 0, .ofs_y = -1},
    {.bitmap_index = 38403, .adv_w = 192, .box_w = 11, .box_h = 11, .ofs_x = 0, .ofs_y = -1},
    {.bitmap_index = 38419, .adv_w = 192, .box_w = 11, .box_h = 11, .ofs_x = 0, .ofs_y = -1},
    {.bitmap_index = 38435, .adv_w = 192, .box_w = 11, .box_h = 11, .ofs_x = 0, .ofs_y = -1},
    {.bitmap_index = 38451, .adv_w = 192, .box_w = 11, .box_h = 11, .ofs_x = 0, .ofs_y = -1},
    {.bitmap_index = 38467, .adv_w = 192, .box_w = 11, .box_h = 11, .ofs_x = 0, .ofs_y = -1},
    {.bitmap_index = 38483, .adv_w = 192, .box_w = 11, .box_h = 11, .ofs_x = 0, .ofs_y = -1},
    {.bitmap_index = 38499, .adv_w = 192, .box_w = 11, .box_h = 11, .ofs_x = 0, .ofs_y = -1},
    {.bitmap_index = 38515, .adv_w = 192, .box_w = 11, .box_h = 11, .ofs_x = 0, .ofs_y = -1},
    {.bitmap_index = 38531, .adv_w = 192, .box_w = 11, .box_h = 11, .ofs_x = 0, .ofs_y = -1},
    {.bitmap_index = 38547, .adv_w = 192, .box_w = 11, .box_h = 11, .ofs_x = 0, .ofs_y = -1},
    {.bitmap_index = 38563, .adv_w = 192, .box_w = 11, .box_h = 11, .ofs_x = 0, .ofs_y = -1},
    {.bitmap_index = 38579, .adv_w = 192, .box_w = 11, .box_h = 11, .ofs_x = 0, .ofs_y = -1},
    {.bitmap_index = 38595, .adv_w = 192, .box_w = 11, .box_h = 11, .ofs_x = 0, .ofs_y = -1},
    {.bitmap_index = 38611, .adv_w = 192, .box_w = 11, .box_h = 11, .ofs_x = 0, .ofs_y = -1},
    {.bitmap_index = 38627, .adv_w = 192, .box_w = 11, .box_h = 11, .ofs_x = 0, .ofs_y = -1},
    {.bitmap_index = 38643, .adv_w = 192, .box_w = 11, .box_h = 11, .ofs_x = 0, .ofs_y = -1},
    {.bitmap_index = 38659, .adv_w = 192, .box_w = 11, .box_h = 11, .ofs_x = 0, .ofs_y = -1},
    {.bitmap_index = 38675, .adv_w = 192, .box_w = 11, .box_h = 11, .ofs_x = 0, .ofs_y = -1},
    {.bitmap_index = 38691, .adv_w = 192, .box_w = 11, .box_h = 11, .ofs_x = 0, .ofs_y = -1},
    {.bitmap_index = 38707, .adv_w = 192, .box_w = 11, .box_h = 11, .ofs_x = 0, .ofs_y = -1},
    {.bitmap_index = 38723, .adv_w = 192, .box_w = 11, .box_h = 11, .ofs_x = 0, .ofs_y = -1},
    {.bitmap_index = 38739, .adv_w = 192, .box_w = 11, .box_h = 11, .ofs_x = 0, .ofs_y = -1},
    {.bitmap_index = 38755, .adv_w = 192, .box_w = 11, .box_h = 11, .ofs_x = 0, .ofs_y = -1},
    {.bitmap_index = 38771, .adv_w = 192, .box_w = 11, .box_h = 11, .ofs_x = 0, .ofs_y = -1},
    {.bitmap_index = 38787, .adv_w = 192, .box_w = 11, .box_h = 11, .ofs_x = 0, .ofs_y = -1},
    {.bitmap_index = 38803, .adv_w = 192, .box_w = 11, .box_h = 11, .ofs_x = 0, .ofs_y = -1},
    {.bitmap_index = 38819, .adv_w = 192, .box_w = 11, .box_h = 11, .ofs_x = 0, .ofs_y = -1},
    {.bitmap_index = 38835, .adv_w = 192, .box_w = 11, .box_h = 11, .ofs_x = 0, .ofs_y = -1},
    {.bitmap_index = 38851, .adv_w = 192, .box_w = 11, .box_h = 11, .ofs_x = 0, .ofs_y = -1},
    {.bitmap_index = 38867, .adv_w = 192, .box_w = 11, .box_h = 11, .ofs_x = 0, .ofs_y = -1},
    {.bitmap_index = 38883, .adv_w = 192, .box_w = 11, .box_h = 11, .ofs_x = 0, .ofs_y = -1},
    {.bitmap_index = 38899, .adv_w = 192, .box_w = 11, .box_h = 11, .ofs_x = 0, .ofs_y = -1},
    {.bitmap_index = 38915, .adv_w = 192, .box_w = 11, .box_h = 11, .ofs_x = 0, .ofs_y = -1},
    {.bitmap_index = 38931, .adv_w = 192, .box_w = 11, .box_h = 11, .ofs_x = 0, .ofs_y = -1},
    {.bitmap_index = 38947, .adv_w = 192, .box_w = 11, .box_h = 11, .ofs_x = 0, .ofs_y = -1},
    {.bitmap_index = 38963, .adv_w = 192, .box_w = 11, .box_h = 11, .ofs_x = 0, .ofs_y = -1},
    {.bitmap_index = 38979, .adv_w = 192, .box_w = 11, .box_h = 11, .ofs_x = 0, .ofs_y = -1},
    {.bitmap_index = 38995, .adv_w = 192, .box_w = 11, .box_h = 11, .ofs_x = 0, .ofs_y = -1},
    {.bitmap_index = 39011, .adv_w = 192, .box_w = 11, .box_h = 11, .ofs_x = 0, .ofs_y = -1},
    {.bitmap_index = 39027, .adv_w = 192, .box_w = 11, .box_h = 11, .ofs_x = 0, .ofs_y = -1},
    {.bitmap_index = 39043, .adv_w = 192, .box_w = 11, .box_h = 11, .ofs_x = 0, .ofs_y = -1},
    {.bitmap_index = 39059, .adv_w = 192, .box_w = 11, .box_h = 11, .ofs_x = 0, .ofs_y = -1},
    {.bitmap_index = 39075, .adv_w = 192, .box_w = 11, .box_h = 11, .ofs_x = 0, .ofs_y = -1},
    {.bitmap_index = 39091, .adv_w = 192, .box_w = 11, .box_h = 11, .ofs_x = 0, .ofs_y = -1},
    {.bitmap_index = 39107, .adv_w = 192, .box_w = 11, .box_h = 11, .ofs_x = 0, .ofs_y = -1},
    {.bitmap_index = 39123, .adv_w = 192, .box_w = 11, .box_h = 11, .ofs_x = 0, .ofs_y = -1},
    {.bitmap_index = 39139, .adv_w = 192, .box_w = 11, .box_h = 11, .ofs_x = 0, .ofs_y = -1},
    {.bitmap_index = 39155, .adv_w = 192, .box_w = 11, .box_h = 11, .ofs_x = 0, .ofs_y = -1},
    {.bitmap_index = 39171, .adv_w = 192, .box_w = 11, .box_h = 11, .ofs_x = 0, .ofs_y = -1},
    {.bitmap_index = 39187, .adv_w = 192, .box_w = 11, .box_h = 11, .ofs_x = 0, .ofs_y = -1},
    {.bitmap_index = 39203, .adv_w = 192, .box_w = 11, .box_h = 11, .ofs_x = 0, .ofs_y = -1},
    {.bitmap_index = 39219, .adv_w = 192, .box_w = 11, .box_h = 11, .ofs_x = 0, .ofs_y = -1},
    {.bitmap_index = 39235, .adv_w = 192, .box_w = 11, .box_h = 11, .ofs_x = 0, .ofs_y = -1},
    {.bitmap_index = 39251, .adv_w = 192, .box_w = 11, .box_h = 11, .ofs_x = 0, .ofs_y = -1},
    {.bitmap_index = 39267, .adv_w = 192, .box_w = 11, .box_h = 11, .ofs_x = 0, .ofs_y = -1},
    {.bitmap_index = 39283, .adv_w = 192, .box_w = 11, .box_h = 11, .ofs_x = 0, .ofs_y = -1},
    {.bitmap_index = 39299, .adv_w = 192, .box_w = 11, .box_h = 11, .ofs_x = 0, .ofs_y = -1},
    {.bitmap_index = 39315, .adv_w = 192, .box_w = 11, .box_h = 11, .ofs_x = 0, .ofs_y = -1},
    {.bitmap_index = 39331, .adv_w = 192, .box_w = 11, .box_h = 11, .ofs_x = 0, .ofs_y = -1},
    {.bitmap_index = 39347, .adv_w = 192, .box_w = 11, .box_h = 11, .ofs_x = 0, .ofs_y = -1},
    {.bitmap_index = 39363, .adv_w = 192, .box_w = 11, .box_h = 11, .ofs_x = 0, .ofs_y = -1},
    {.bitmap_index = 39379, .adv_w = 192, .box_w = 11, .box_h = 11, .ofs_x = 0, .ofs_y = -1},
    {.bitmap_index = 39395, .adv_w = 192, .box_w = 11, .box_h = 11, .ofs_x = 0, .ofs_y = -1},
    {.bitmap_index = 39411, .adv_w = 192, .box_w = 11, .box_h = 11, .ofs_x = 0, .ofs_y = -1},
    {.bitmap_index = 39427, .adv_w = 192, .box_w = 11, .box_h = 11, .ofs_x = 0, .ofs_y = -1},
    {.bitmap_index = 39443, .adv_w = 192, .box_w = 11, .box_h = 11, .ofs_x = 0, .ofs_y = -1},
    {.bitmap_index = 39459, .adv_w = 192, .box_w = 11, .box_h = 11, .ofs_x = 0, .ofs_y = -1},
    {.bitmap_index = 39475, .adv_w = 192, .box_w = 11, .box_h = 11, .ofs_x = 0, .ofs_y = -1},
    {.bitmap_index = 39491, .adv_w = 192, .box_w = 11, .box_h = 11, .ofs_x = 0, .ofs_y = -1},
    {.bitmap_index = 39507, .adv_w = 192, .box_w = 11, .box_h = 11, .ofs_x = 0, .ofs_y = -1},
    {.bitmap_index = 39523, .adv_w = 192, .box_w = 11, .box_h = 11, .ofs_x = 0, .ofs_y = -1},
    {.bitmap_index = 39539, .adv_w = 192, .box_w = 11, .box_h = 11, .ofs_x = 0, .ofs_y = -1},
    {.bitmap_index = 39555, .adv_w = 192, .box_w = 11, .box_h = 11, .ofs_x = 0, .ofs_y = -1},
    {.bitmap_index = 39571, .adv_w = 192, .box_w = 11, .box_h = 11, .ofs_x = 0, .ofs_y = -1},
    {.bitmap_index = 39587, .adv_w = 192, .box_w = 11, .box_h = 11, .ofs_x = 0, .ofs_y = -1},
    {.bitmap_index = 39603, .adv_w = 192, .box_w = 11, .box_h = 11, .ofs_x = 0, .ofs_y = -1},
    {.bitmap_index = 39619, .adv_w = 192, .box_w = 11, .box_h = 11, .ofs_x = 0, .ofs_y = -1},
    {.bitmap_index = 39635, .adv_w = 192, .box_w = 11, .box_h = 11, .ofs_x = 0, .ofs_y = -1},
    {.bitmap_index = 39651, .adv_w = 192, .box_w = 11, .box_h = 11, .ofs_x = 0, .ofs_y = -1},
    {.bitmap_index = 39667, .adv_w = 192, .box_w = 11, .box_h = 11, .ofs_x = 0, .ofs_y = -1},
    {.bitmap_index = 39683, .adv_w = 192, .box_w = 11, .box_h = 11, .ofs_x = 0, .ofs_y = -1},
    {.bitmap_index = 39699, .adv_w = 192, .box_w = 11, .box_h = 11, .ofs_x = 0, .ofs_y = -1},
    {.bitmap_index = 39715, .adv_w = 192, .box_w = 11, .box_h = 11, .ofs_x = 0, .ofs_y = -1},
    {.bitmap_index = 39731, .adv_w = 192, .box_w = 11, .box_h = 11, .ofs_x = 0, .ofs_y = -1},
    {.bitmap_index = 39747, .adv_w = 192, .box_w = 11, .box_h = 11, .ofs_x = 0, .ofs_y = -1},
    {.bitmap_index = 39763, .adv_w = 192, .box_w = 11, .box_h = 11, .ofs_x = 0, .ofs_y = -1},
    {.bitmap_index = 39779, .adv_w = 192, .box_w = 11, .box_h = 11, .ofs_x = 0, .ofs_y = -1},
    {.bitmap_index = 39795, .adv_w = 192, .box_w = 11, .box_h = 11, .ofs_x = 0, .ofs_y = -1},
    {.bitmap_index = 39811, .adv_w = 192, .box_w = 11, .box_h = 11, .ofs_x = 0, .ofs_y = -1},
    {.bitmap_index = 39827, .adv_w = 192, .box_w = 11, .box_h = 11, .ofs_x = 0, .ofs_y = -1},
    {.bitmap_index = 39843, .adv_w = 192, .box_w = 11, .box_h = 11, .ofs_x = 0, .ofs_y = -1},
    {.bitmap_index = 39859, .adv_w = 192, .box_w = 11, .box_h = 11, .ofs_x = 0, .ofs_y = -1},
    {.bitmap_index = 39875, .adv_w = 192, .box_w = 11, .box_h = 11, .ofs_x = 0, .ofs_y = -1},
    {.bitmap_index = 39891, .adv_w = 192, .box_w = 11, .box_h = 11, .ofs_x = 0, .ofs_y = -1},
    {.bitmap_index = 39907, .adv_w = 192, .box_w = 11, .box_h = 11, .ofs_x = 0, .ofs_y = -1},
    {.bitmap_index = 39923, .adv_w = 192, .box_w = 11, .box_h = 11, .ofs_x = 0, .ofs_y = -1},
    {.bitmap_index = 39939, .adv_w = 192, .box_w = 11, .box_h = 11, .ofs_x = 0, .ofs_y = -1},
    {.bitmap_index = 39955, .adv_w = 192, .box_w = 11, .box_h = 11, .ofs_x = 0, .ofs_y = -1},
    {.bitmap_index = 39971, .adv_w = 192, .box_w = 11, .box_h = 11, .ofs_x = 0, .ofs_y = -1},
    {.bitmap_index = 39987, .adv_w = 192, .box_w = 11, .box_h = 11, .ofs_x = 0, .ofs_y = -1},
    {.bitmap_index = 40003, .adv_w = 192, .box_w = 11, .box_h = 11, .ofs_x = 0, .ofs_y = -1},
    {.bitmap_index = 40019, .adv_w = 192, .box_w = 11, .box_h = 11, .ofs_x = 0, .ofs_y = -1},
    {.bitmap_index = 40035, .adv_w = 192, .box_w = 11, .box_h = 11, .ofs_x = 0, .ofs_y = -1},
    {.bitmap_index = 40051, .adv_w = 192, .box_w = 11, .box_h = 11, .ofs_x = 0, .ofs_y = -1},
    {.bitmap_index = 40067, .adv_w = 192, .box_w = 11, .box_h = 11, .ofs_x = 0, .ofs_y = -1},
    {.bitmap_index = 40083, .adv_w = 192, .box_w = 11, .box_h = 11, .ofs_x = 0, .ofs_y = -1},
    {.bitmap_index = 40099, .adv_w = 192, .box_w = 11, .box_h = 11, .ofs_x = 0, .ofs_y = -1},
    {.bitmap_index = 40115, .adv_w = 192, .box_w = 11, .box_h = 11, .ofs_x = 0, .ofs_y = -1},
    {.bitmap_index = 40131, .adv_w = 192, .box_w = 11, .box_h = 11, .ofs_x = 0, .ofs_y = -1},
    {.bitmap_index = 40147, .adv_w = 192, .box_w = 11, .box_h = 11, .ofs_x = 0, .ofs_y = -1},
    {.bitmap_index = 40163, .adv_w = 192, .box_w = 11, .box_h = 11, .ofs_x = 0, .ofs_y = -1},
    {.bitmap_index = 40179, .adv_w = 192, .box_w = 11, .box_h = 11, .ofs_x = 0, .ofs_y = -1},
    {.bitmap_index = 40195, .adv_w = 192, .box_w = 11, .box_h = 11, .ofs_x = 0, .ofs_y = -1},
    {.bitmap_index = 40211, .adv_w = 192, .box_w = 11, .box_h = 11, .ofs_x = 0, .ofs_y = -1},
    {.bitmap_index = 40227, .adv_w = 192, .box_w = 11, .box_h = 11, .ofs_x = 0, .ofs_y = -1},
    {.bitmap_index = 40243, .adv_w = 192, .box_w = 11, .box_h = 11, .ofs_x = 0, .ofs_y = -1},
    {.bitmap_index = 40259, .adv_w = 192, .box_w = 11, .box_h = 11, .ofs_x = 0, .ofs_y = -1},
    {.bitmap_index = 40275, .adv_w = 192, .box_w = 11, .box_h = 11, .ofs_x = 0, .ofs_y = -1},
    {.bitmap_index = 40291, .adv_w = 192, .box_w = 11, .box_h = 11, .ofs_x = 0, .ofs_y = -1},
    {.bitmap_index = 40307, .adv_w = 192, .box_w = 11, .box_h = 11, .ofs_x = 0, .ofs_y = -1},
    {.bitmap_index = 40323, .adv_w = 192, .box_w = 11, .box_h = 11, .ofs_x = 0, .ofs_y = -1},
    {.bitmap_index = 40339, .adv_w = 192, .box_w = 11, .box_h = 11, .ofs_x = 0, .ofs_y = -1},
    {.bitmap_index = 40355, .adv_w = 192, .box_w = 11, .box_h = 11, .ofs_x = 0, .ofs_y = -1},
    {.bitmap_index = 40371, .adv_w = 192, .box_w = 11, .box_h = 11, .ofs_x = 0, .ofs_y = -1},
    {.bitmap_index = 40387, .adv_w = 192, .box_w = 11, .box_h = 11, .ofs_x = 0, .ofs_y = -1},
    {.bitmap_index = 40403, .adv_w = 192, .box_w = 11, .box_h = 11, .ofs_x = 0, .ofs_y = -1},
    {.bitmap_index = 40419, .adv_w = 192, .box_w = 11, .box_h = 11, .ofs_x = 0, .ofs_y = -1},
    {.bitmap_index = 40435, .adv_w = 192, .box_w = 11, .box_h = 11, .ofs_x = 0, .ofs_y = -1},
    {.bitmap_index = 40451, .adv_w = 192, .box_w = 11, .box_h = 11, .ofs_x = 0, .ofs_y = -1},
    {.bitmap_index = 40467, .adv_w = 192, .box_w = 11, .box_h = 11, .ofs_x = 0, .ofs_y = -1},
    {.bitmap_index = 40483, .adv_w = 192, .box_w = 11, .box_h = 11, .ofs_x = 0, .ofs_y = -1},
    {.bitmap_index = 40499, .adv_w = 192, .box_w = 11, .box_h = 11, .ofs_x = 0, .ofs_y = -1},
    {.bitmap_index = 40515, .adv_w = 192, .box_w = 11, .box_h = 11, .ofs_x = 0, .ofs_y = -1},
    {.bitmap_index = 40531, .adv_w = 192, .box_w = 11, .box_h = 11, .ofs_x = 0, .ofs_y = -1},
    {.bitmap_index = 40547, .adv_w = 192, .box_w = 11, .box_h = 11, .ofs_x = 0, .ofs_y = -1},
    {.bitmap_index = 40563, .adv_w = 192, .box_w = 11, .box_h = 11, .ofs_x = 0, .ofs_y = -1},
    {.bitmap_index = 40579, .adv_w = 192, .box_w = 11, .box_h = 11, .ofs_x = 0, .ofs_y = -1},
    {.bitmap_index = 40595, .adv_w = 192, .box_w = 11, .box_h = 11, .ofs_x = 0, .ofs_y = -1},
    {.bitmap_index = 40611, .adv_w = 192, .box_w = 11, .box_h = 11, .ofs_x = 0, .ofs_y = -1},
    {.bitmap_index = 40627, .adv_w = 192, .box_w = 11, .box_h = 11, .ofs_x = 0, .ofs_y = -1},
    {.bitmap_index = 40643, .adv_w = 192, .box_w = 11, .box_h = 11, .ofs_x = 0, .ofs_y = -1},
    {.bitmap_index = 40659, .adv_w = 192, .box_w = 11, .box_h = 11, .ofs_x = 0, .ofs_y = -1},
    {.bitmap_index = 40675, .adv_w = 192, .box_w = 11, .box_h = 11, .ofs_x = 0, .ofs_y = -1},
    {.bitmap_index = 40691, .adv_w = 192, .box_w = 11, .box_h = 11, .ofs_x = 0, .ofs_y = -1},
    {.bitmap_index = 40707, .adv_w = 192, .box_w = 11, .box_h = 11, .ofs_x = 0, .ofs_y = -1},
    {.bitmap_index = 40723, .adv_w = 192, .box_w = 11, .box_h = 11, .ofs_x = 0, .ofs_y = -1},
    {.bitmap_index = 40739, .adv_w = 192, .box_w = 11, .box_h = 11, .ofs_x = 0, .ofs_y = -1},
    {.bitmap_index = 40755, .adv_w = 192, .box_w = 11, .box_h = 11, .ofs_x = 0, .ofs_y = -1},
    {.bitmap_index = 40771, .adv_w = 192, .box_w = 11, .box_h = 11, .ofs_x = 0, .ofs_y = -1},
    {.bitmap_index = 40787, .adv_w = 192, .box_w = 11, .box_h = 11, .ofs_x = 0, .ofs_y = -1},
    {.bitmap_index = 40803, .adv_w = 192, .box_w = 11, .box_h = 11, .ofs_x = 0, .ofs_y = -1},
    {.bitmap_index = 40819, .adv_w = 192, .box_w = 11, .box_h = 11, .ofs_x = 0, .ofs_y = -1},
    {.bitmap_index = 40835, .adv_w = 192, .box_w = 11, .box_h = 11, .ofs_x = 0, .ofs_y = -1},
    {.bitmap_index = 40851, .adv_w = 192, .box_w = 11, .box_h = 11, .ofs_x = 0, .ofs_y = -1},
    {.bitmap_index = 40867, .adv_w = 192, .box_w = 11, .box_h = 11, .ofs_x = 0, .ofs_y = -1},
    {.bitmap_index = 40883, .adv_w = 192, .box_w = 11, .box_h = 11, .ofs_x = 0, .ofs_y = -1},
    {.bitmap_index = 40899, .adv_w = 192, .box_w = 11, .box_h = 11, .ofs_x = 0, .ofs_y = -1},
    {.bitmap_index = 40915, .adv_w = 192, .box_w = 11, .box_h = 11, .ofs_x = 0, .ofs_y = -1},
    {.bitmap_index = 40931, .adv_w = 192, .box_w = 11, .box_h = 11, .ofs_x = 0, .ofs_y = -1},
    {.bitmap_index = 40947, .adv_w = 192, .box_w = 11, .box_h = 11, .ofs_x = 0, .ofs_y = -1},
    {.bitmap_index = 40963, .adv_w = 192, .box_w = 11, .box_h = 11, .ofs_x = 0, .ofs_y = -1},
    {.bitmap_index = 40979, .adv_w = 192, .box_w = 11, .box_h = 11, .ofs_x = 0, .ofs_y = -1},
    {.bitmap_index = 40995, .adv_w = 192, .box_w = 11, .box_h = 11, .ofs_x = 0, .ofs_y = -1},
    {.bitmap_index = 41011, .adv_w = 192, .box_w = 11, .box_h = 11, .ofs_x = 0, .ofs_y = -1},
    {.bitmap_index = 41027, .adv_w = 192, .box_w = 11, .box_h = 11, .ofs_x = 0, .ofs_y = -1},
    {.bitmap_index = 41043, .adv_w = 192, .box_w = 11, .box_h = 11, .ofs_x = 0, .ofs_y = -1},
    {.bitmap_index = 41059, .adv_w = 192, .box_w = 11, .box_h = 11, .ofs_x = 0, .ofs_y = -1},
    {.bitmap_index = 41075, .adv_w = 192, .box_w = 11, .box_h = 11, .ofs_x = 0, .ofs_y = -1},
    {.bitmap_index = 41091, .adv_w = 192, .box_w = 11, .box_h = 11, .ofs_x = 0, .ofs_y = -1},
    {.bitmap_index = 41107, .adv_w = 192, .box_w = 11, .box_h = 11, .ofs_x = 0, .ofs_y = -1},
    {.bitmap_index = 41123, .adv_w = 192, .box_w = 11, .box_h = 11, .ofs_x = 0, .ofs_y = -1},
    {.bitmap_index = 41139, .adv_w = 192, .box_w = 11, .box_h = 11, .ofs_x = 0, .ofs_y = -1},
    {.bitmap_index = 41155, .adv_w = 192, .box_w = 11, .box_h = 11, .ofs_x = 0, .ofs_y = -1},
    {.bitmap_index = 41171, .adv_w = 192, .box_w = 11, .box_h = 11, .ofs_x = 0, .ofs_y = -1},
    {.bitmap_index = 41187, .adv_w = 192, .box_w = 11, .box_h = 11, .ofs_x = 0, .ofs_y = -1},
    {.bitmap_index = 41203, .adv_w = 192, .box_w = 11, .box_h = 11, .ofs_x = 0, .ofs_y = -1},
    {.bitmap_index = 41219, .adv_w = 192, .box_w = 11, .box_h = 11, .ofs_x = 0, .ofs_y = -1},
    {.bitmap_index = 41235, .adv_w = 192, .box_w = 11, .box_h = 11, .ofs_x = 0, .ofs_y = -1},
    {.bitmap_index = 41251, .adv_w = 192, .box_w = 11, .box_h = 11, .ofs_x = 0, .ofs_y = -1},
    {.bitmap_index = 41267, .adv_w = 192, .box_w = 11, .box_h = 11, .ofs_x = 0, .ofs_y = -1},
    {.bitmap_index = 41283, .adv_w = 192, .box_w = 11, .box_h = 11, .ofs_x = 0, .ofs_y = -1},
    {.bitmap_index = 41299, .adv_w = 192, .box_w = 11, .box_h = 11, .ofs_x = 0, .ofs_y = -1},
    {.bitmap_index = 41315, .adv_w = 192, .box_w = 11, .box_h = 11, .ofs_x = 0, .ofs_y = -1},
    {.bitmap_index = 41331, .adv_w = 192, .box_w = 11, .box_h = 11, .ofs_x = 0, .ofs_y = -1},
    {.bitmap_index = 41347, .adv_w = 192, .box_w = 11, .box_h = 11, .ofs_x = 0, .ofs_y = -1},
    {.bitmap_index = 41363, .adv_w = 192, .box_w = 11, .box_h = 11, .ofs_x = 0, .ofs_y = -1},
    {.bitmap_index = 41379, .adv_w = 192, .box_w = 11, .box_h = 11, .ofs_x = 0, .ofs_y = -1},
    {.bitmap_index = 41395, .adv_w = 192, .box_w = 11, .box_h = 11, .ofs_x = 0, .ofs_y = -1},
    {.bitmap_index = 41411, .adv_w = 192, .box_w = 11, .box_h = 11, .ofs_x = 0, .ofs_y = -1},
    {.bitmap_index = 41427, .adv_w = 192, .box_w = 11, .box_h = 11, .ofs_x = 0, .ofs_y = -1},
    {.bitmap_index = 41443, .adv_w = 192, .box_w = 11, .box_h = 11, .ofs_x = 0, .ofs_y = -1},
    {.bitmap_index = 41459, .adv_w = 192, .box_w = 11, .box_h = 11, .ofs_x = 0, .ofs_y = -1},
    {.bitmap_index = 41475, .adv_w = 192, .box_w = 11, .box_h = 11, .ofs_x = 0, .ofs_y = -1},
    {.bitmap_index = 41491, .adv_w = 192, .box_w = 11, .box_h = 11, .ofs_x = 0, .ofs_y = -1},
    {.bitmap_index = 41507, .adv_w = 192, .box_w = 11, .box_h = 11, .ofs_x = 0, .ofs_y = -1},
    {.bitmap_index = 41523, .adv_w = 192, .box_w = 11, .box_h = 11, .ofs_x = 0, .ofs_y = -1},
    {.bitmap_index = 41539, .adv_w = 192, .box_w = 11, .box_h = 11, .ofs_x = 0, .ofs_y = -1},
    {.bitmap_index = 41555, .adv_w = 192, .box_w = 11, .box_h = 11, .ofs_x = 0, .ofs_y = -1},
    {.bitmap_index = 41571, .adv_w = 192, .box_w = 11, .box_h = 11, .ofs_x = 0, .ofs_y = -1},
    {.bitmap_index = 41587, .adv_w = 192, .box_w = 11, .box_h = 11, .ofs_x = 0, .ofs_y = -1},
    {.bitmap_index = 41603, .adv_w = 192, .box_w = 11, .box_h = 11, .ofs_x = 0, .ofs_y = -1},
    {.bitmap_index = 41619, .adv_w = 192, .box_w = 11, .box_h = 11, .ofs_x = 0, .ofs_y = -1},
    {.bitmap_index = 41635, .adv_w = 192, .box_w = 11, .box_h = 11, .ofs_x = 0, .ofs_y = -1},
    {.bitmap_index = 41651, .adv_w = 192, .box_w = 11, .box_h = 11, .ofs_x = 0, .ofs_y = -1},
    {.bitmap_index = 41667, .adv_w = 192, .box_w = 11, .box_h = 11, .ofs_x = 0, .ofs_y = -1},
    {.bitmap_index = 41683, .adv_w = 192, .box_w = 11, .box_h = 11, .ofs_x = 0, .ofs_y = -1},
    {.bitmap_index = 41699, .adv_w = 192, .box_w = 11, .box_h = 11, .ofs_x = 0, .ofs_y = -1},
    {.bitmap_index = 41715, .adv_w = 192, .box_w = 11, .box_h = 11, .ofs_x = 0, .ofs_y = -1},
    {.bitmap_index = 41731, .adv_w = 192, .box_w = 11, .box_h = 11, .ofs_x = 0, .ofs_y = -1},
    {.bitmap_index = 41747, .adv_w = 192, .box_w = 11, .box_h = 11, .ofs_x = 0, .ofs_y = -1},
    {.bitmap_index = 41763, .adv_w = 192, .box_w = 11, .box_h = 11, .ofs_x = 0, .ofs_y = -1},
    {.bitmap_index = 41779, .adv_w = 192, .box_w = 11, .box_h = 11, .ofs_x = 0, .ofs_y = -1},
    {.bitmap_index = 41795, .adv_w = 192, .box_w = 11, .box_h = 11, .ofs_x = 0, .ofs_y = -1},
    {.bitmap_index = 41811, .adv_w = 192, .box_w = 11, .box_h = 11, .ofs_x = 0, .ofs_y = -1},
    {.bitmap_index = 41827, .adv_w = 192, .box_w = 11, .box_h = 11, .ofs_x = 0, .ofs_y = -1},
    {.bitmap_index = 41843, .adv_w = 192, .box_w = 11, .box_h = 11, .ofs_x = 0, .ofs_y = -1},
    {.bitmap_index = 41859, .adv_w = 192, .box_w = 11, .box_h = 11, .ofs_x = 0, .ofs_y = -1},
    {.bitmap_index = 41875, .adv_w = 192, .box_w = 11, .box_h = 11, .ofs_x = 0, .ofs_y = -1},
    {.bitmap_index = 41891, .adv_w = 192, .box_w = 11, .box_h = 11, .ofs_x = 0, .ofs_y = -1},
    {.bitmap_index = 41907, .adv_w = 192, .box_w = 11, .box_h = 11, .ofs_x = 0, .ofs_y = -1},
    {.bitmap_index = 41923, .adv_w = 192, .box_w = 11, .box_h = 11, .ofs_x = 0, .ofs_y = -1},
    {.bitmap_index = 41939, .adv_w = 192, .box_w = 11, .box_h = 11, .ofs_x = 0, .ofs_y = -1},
    {.bitmap_index = 41955, .adv_w = 192, .box_w = 11, .box_h = 11, .ofs_x = 0, .ofs_y = -1},
    {.bitmap_index = 41971, .adv_w = 192, .box_w = 11, .box_h = 11, .ofs_x = 0, .ofs_y = -1},
    {.bitmap_index = 41987, .adv_w = 192, .box_w = 11, .box_h = 11, .ofs_x = 0, .ofs_y = -1},
    {.bitmap_index = 42003, .adv_w = 192, .box_w = 11, .box_h = 11, .ofs_x = 0, .ofs_y = -1},
    {.bitmap_index = 42019, .adv_w = 192, .box_w = 11, .box_h = 11, .ofs_x = 0, .ofs_y = -1},
    {.bitmap_index = 42035, .adv_w = 192, .box_w = 11, .box_h = 11, .ofs_x = 0, .ofs_y = -1},
    {.bitmap_index = 42051, .adv_w = 192, .box_w = 11, .box_h = 11, .ofs_x = 0, .ofs_y = -1},
    {.bitmap_index = 42067, .adv_w = 192, .box_w = 11, .box_h = 11, .ofs_x = 0, .ofs_y = -1},
    {.bitmap_index = 42083, .adv_w = 192, .box_w = 11, .box_h = 11, .ofs_x = 0, .ofs_y = -1},
    {.bitmap_index = 42099, .adv_w = 192, .box_w = 11, .box_h = 11, .ofs_x = 0, .ofs_y = -1},
    {.bitmap_index = 42115, .adv_w = 192, .box_w = 11, .box_h = 11, .ofs_x = 0, .ofs_y = -1},
    {.bitmap_index = 42131, .adv_w = 192, .box_w = 11, .box_h = 11, .ofs_x = 0, .ofs_y = -1},
    {.bitmap_index = 42147, .adv_w = 192, .box_w = 11, .box_h = 11, .ofs_x = 0, .ofs_y = -1},
    {.bitmap_index = 42163, .adv_w = 192, .box_w = 11, .box_h = 11, .ofs_x = 0, .ofs_y = -1},
    {.bitmap_index = 42179, .adv_w = 192, .box_w = 11, .box_h = 11, .ofs_x = 0, .ofs_y = -1},
    {.bitmap_index = 42195, .adv_w = 192, .box_w = 11, .box_h = 11, .ofs_x = 0, .ofs_y = -1},
    {.bitmap_index = 42211, .adv_w = 192, .box_w = 11, .box_h = 11, .ofs_x = 0, .ofs_y = -1},
    {.bitmap_index = 42227, .adv_w = 192, .box_w = 11, .box_h = 11, .ofs_x = 0, .ofs_y = -1},
    {.bitmap_index = 42243, .adv_w = 192, .box_w = 11, .box_h = 11, .ofs_x = 0, .ofs_y = -1},
    {.bitmap_index = 42259, .adv_w = 192, .box_w = 11, .box_h = 11, .ofs_x = 0, .ofs_y = -1},
    {.bitmap_index = 42275, .adv_w = 192, .box_w = 11, .box_h = 11, .ofs_x = 0, .ofs_y = -1},
    {.bitmap_index = 42291, .adv_w = 192, .box_w = 11, .box_h = 11, .ofs_x = 0, .ofs_y = -1},
    {.bitmap_index = 42307, .adv_w = 192, .box_w = 11, .box_h = 11, .ofs_x = 0, .ofs_y = -1},
    {.bitmap_index = 42323, .adv_w = 192, .box_w = 11, .box_h = 11, .ofs_x = 0, .ofs_y = -1},
    {.bitmap_index = 42339, .adv_w = 192, .box_w = 11, .box_h = 11, .ofs_x = 0, .ofs_y = -1},
    {.bitmap_index = 42355, .adv_w = 192, .box_w = 11, .box_h = 11, .ofs_x = 0, .ofs_y = -1},
    {.bitmap_index = 42371, .adv_w = 192, .box_w = 11, .box_h = 11, .ofs_x = 0, .ofs_y = -1},
    {.bitmap_index = 42387, .adv_w = 192, .box_w = 11, .box_h = 11, .ofs_x = 0, .ofs_y = -1},
    {.bitmap_index = 42403, .adv_w = 192, .box_w = 11, .box_h = 11, .ofs_x = 0, .ofs_y = -1},
    {.bitmap_index = 42419, .adv_w = 192, .box_w = 11, .box_h = 11, .ofs_x = 0, .ofs_y = -1},
    {.bitmap_index = 42435, .adv_w = 192, .box_w = 11, .box_h = 11, .ofs_x = 0, .ofs_y = -1},
    {.bitmap_index = 42451, .adv_w = 192, .box_w = 11, .box_h = 11, .ofs_x = 0, .ofs_y = -1},
    {.bitmap_index = 42467, .adv_w = 192, .box_w = 11, .box_h = 11, .ofs_x = 0, .ofs_y = -1},
    {.bitmap_index = 42483, .adv_w = 192, .box_w = 11, .box_h = 11, .ofs_x = 0, .ofs_y = -1},
    {.bitmap_index = 42499, .adv_w = 192, .box_w = 11, .box_h = 11, .ofs_x = 0, .ofs_y = -1},
    {.bitmap_index = 42515, .adv_w = 192, .box_w = 11, .box_h = 11, .ofs_x = 0, .ofs_y = -1},
    {.bitmap_index = 42531, .adv_w = 192, .box_w = 11, .box_h = 11, .ofs_x = 0, .ofs_y = -1},
    {.bitmap_index = 42547, .adv_w = 192, .box_w = 11, .box_h = 11, .ofs_x = 0, .ofs_y = -1},
    {.bitmap_index = 42563, .adv_w = 192, .box_w = 11, .box_h = 11, .ofs_x = 0, .ofs_y = -1},
    {.bitmap_index = 42579, .adv_w = 192, .box_w = 11, .box_h = 11, .ofs_x = 0, .ofs_y = -1},
    {.bitmap_index = 42595, .adv_w = 192, .box_w = 11, .box_h = 11, .ofs_x = 0, .ofs_y = -1},
    {.bitmap_index = 42611, .adv_w = 192, .box_w = 11, .box_h = 11, .ofs_x = 0, .ofs_y = -1},
    {.bitmap_index = 42627, .adv_w = 192, .box_w = 11, .box_h = 11, .ofs_x = 0, .ofs_y = -1},
    {.bitmap_index = 42643, .adv_w = 192, .box_w = 11, .box_h = 11, .ofs_x = 0, .ofs_y = -1},
    {.bitmap_index = 42659, .adv_w = 192, .box_w = 11, .box_h = 11, .ofs_x = 0, .ofs_y = -1},
    {.bitmap_index = 42675, .adv_w = 192, .box_w = 11, .box_h = 11, .ofs_x = 0, .ofs_y = -1},
    {.bitmap_index = 42691, .adv_w = 192, .box_w = 11, .box_h = 11, .ofs_x = 0, .ofs_y = -1},
    {.bitmap_index = 42707, .adv_w = 192, .box_w = 11, .box_h = 11, .ofs_x = 0, .ofs_y = -1},
    {.bitmap_index = 42723, .adv_w = 192, .box_w = 11, .box_h = 11, .ofs_x = 0, .ofs_y = -1},
    {.bitmap_index = 42739, .adv_w = 192, .box_w = 11, .box_h = 11, .ofs_x = 0, .ofs_y = -1},
    {.bitmap_index = 42755, .adv_w = 192, .box_w = 11, .box_h = 11, .ofs_x = 0, .ofs_y = -1},
    {.bitmap_index = 42771, .adv_w = 192, .box_w = 11, .box_h = 11, .ofs_x = 0, .ofs_y = -1},
    {.bitmap_index = 42787, .adv_w = 192, .box_w = 11, .box_h = 11, .ofs_x = 0, .ofs_y = -1},
    {.bitmap_index = 42803, .adv_w = 192, .box_w = 11, .box_h = 11, .ofs_x = 0, .ofs_y = -1},
    {.bitmap_index = 42819, .adv_w = 192, .box_w = 11, .box_h = 11, .ofs_x = 0, .ofs_y = -1},
    {.bitmap_index = 42835, .adv_w = 192, .box_w = 11, .box_h = 11, .ofs_x = 0, .ofs_y = -1},
    {.bitmap_index = 42851, .adv_w = 192, .box_w = 11, .box_h = 11, .ofs_x = 0, .ofs_y = -1},
    {.bitmap_index = 42867, .adv_w = 192, .box_w = 11, .box_h = 11, .ofs_x = 0, .ofs_y = -1},
    {.bitmap_index = 42883, .adv_w = 192, .box_w = 11, .box_h = 11, .ofs_x = 0, .ofs_y = -1},
    {.bitmap_index = 42899, .adv_w = 192, .box_w = 11, .box_h = 11, .ofs_x = 0, .ofs_y = -1},
    {.bitmap_index = 42915, .adv_w = 192, .box_w = 11, .box_h = 11, .ofs_x = 0, .ofs_y = -1},
    {.bitmap_index = 42931, .adv_w = 192, .box_w = 11, .box_h = 11, .ofs_x = 0, .ofs_y = -1},
    {.bitmap_index = 42947, .adv_w = 192, .box_w = 11, .box_h = 11, .ofs_x = 0, .ofs_y = -1},
    {.bitmap_index = 42963, .adv_w = 192, .box_w = 11, .box_h = 11, .ofs_x = 0, .ofs_y = -1},
    {.bitmap_index = 42979, .adv_w = 192, .box_w = 11, .box_h = 11, .ofs_x = 0, .ofs_y = -1},
    {.bitmap_index = 42995, .adv_w = 192, .box_w = 11, .box_h = 11, .ofs_x = 0, .ofs_y = -1},
    {.bitmap_index = 43011, .adv_w = 192, .box_w = 11, .box_h = 11, .ofs_x = 0, .ofs_y = -1},
    {.bitmap_index = 43027, .adv_w = 192, .box_w = 11, .box_h = 11, .ofs_x = 0, .ofs_y = -1},
    {.bitmap_index = 43043, .adv_w = 192, .box_w = 11, .box_h = 11, .ofs_x = 0, .ofs_y = -1},
    {.bitmap_index = 43059, .adv_w = 192, .box_w = 11, .box_h = 11, .ofs_x = 0, .ofs_y = -1},
    {.bitmap_index = 43075, .adv_w = 192, .box_w = 11, .box_h = 11, .ofs_x = 0, .ofs_y = -1},
    {.bitmap_index = 43091, .adv_w = 192, .box_w = 11, .box_h = 11, .ofs_x = 0, .ofs_y = -1},
    {.bitmap_index = 43107, .adv_w = 192, .box_w = 11, .box_h = 11, .ofs_x = 0, .ofs_y = -1},
    {.bitmap_index = 43123, .adv_w = 192, .box_w = 11, .box_h = 11, .ofs_x = 0, .ofs_y = -1},
    {.bitmap_index = 43139, .adv_w = 192, .box_w = 11, .box_h = 11, .ofs_x = 0, .ofs_y = -1},
    {.bitmap_index = 43155, .adv_w = 192, .box_w = 11, .box_h = 11, .ofs_x = 0, .ofs_y = -1},
    {.bitmap_index = 43171, .adv_w = 192, .box_w = 11, .box_h = 11, .ofs_x = 0, .ofs_y = -1},
    {.bitmap_index = 43187, .adv_w = 192, .box_w = 11, .box_h = 11, .ofs_x = 0, .ofs_y = -1},
    {.bitmap_index = 43203, .adv_w = 192, .box_w = 11, .box_h = 11, .ofs_x = 0, .ofs_y = -1},
    {.bitmap_index = 43219, .adv_w = 192, .box_w = 11, .box_h = 11, .ofs_x = 0, .ofs_y = -1},
    {.bitmap_index = 43235, .adv_w = 192, .box_w = 11, .box_h = 11, .ofs_x = 0, .ofs_y = -1},
    {.bitmap_index = 43251, .adv_w = 192, .box_w = 11, .box_h = 11, .ofs_x = 0, .ofs_y = -1},
    {.bitmap_index = 43267, .adv_w = 192, .box_w = 11, .box_h = 11, .ofs_x = 0, .ofs_y = -1},
    {.bitmap_index = 43283, .adv_w = 192, .box_w = 11, .box_h = 11, .ofs_x = 0, .ofs_y = -1},
    {.bitmap_index = 43299, .adv_w = 192, .box_w = 11, .box_h = 11, .ofs_x = 0, .ofs_y = -1},
    {.bitmap_index = 43315, .adv_w = 192, .box_w = 11, .box_h = 11, .ofs_x = 0, .ofs_y = -1},
    {.bitmap_index = 43331, .adv_w = 192, .box_w = 11, .box_h = 11, .ofs_x = 0, .ofs_y = -1},
    {.bitmap_index = 43347, .adv_w = 192, .box_w = 11, .box_h = 11, .ofs_x = 0, .ofs_y = -1},
    {.bitmap_index = 43363, .adv_w = 192, .box_w = 11, .box_h = 11, .ofs_x = 0, .ofs_y = -1},
    {.bitmap_index = 43379, .adv_w = 192, .box_w = 11, .box_h = 11, .ofs_x = 0, .ofs_y = -1},
    {.bitmap_index = 43395, .adv_w = 192, .box_w = 11, .box_h = 11, .ofs_x = 0, .ofs_y = -1},
    {.bitmap_index = 43411, .adv_w = 192, .box_w = 11, .box_h = 11, .ofs_x = 0, .ofs_y = -1},
    {.bitmap_index = 43427, .adv_w = 192, .box_w = 11, .box_h = 11, .ofs_x = 0, .ofs_y = -1},
    {.bitmap_index = 43443, .adv_w = 192, .box_w = 11, .box_h = 11, .ofs_x = 0, .ofs_y = -1},
    {.bitmap_index = 43459, .adv_w = 192, .box_w = 11, .box_h = 11, .ofs_x = 0, .ofs_y = -1},
    {.bitmap_index = 43475, .adv_w = 192, .box_w = 11, .box_h = 11, .ofs_x = 0, .ofs_y = -1},
    {.bitmap_index = 43491, .adv_w = 192, .box_w = 11, .box_h = 11, .ofs_x = 0, .ofs_y = -1},
    {.bitmap_index = 43507, .adv_w = 192, .box_w = 11, .box_h = 11, .ofs_x = 0, .ofs_y = -1},
    {.bitmap_index = 43523, .adv_w = 192, .box_w = 11, .box_h = 11, .ofs_x = 0, .ofs_y = -1},
    {.bitmap_index = 43539, .adv_w = 192, .box_w = 11, .box_h = 11, .ofs_x = 0, .ofs_y = -1},
    {.bitmap_index = 43555, .adv_w = 192, .box_w = 11, .box_h = 11, .ofs_x = 0, .ofs_y = -1},
    {.bitmap_index = 43571, .adv_w = 192, .box_w = 11, .box_h = 11, .ofs_x = 0, .ofs_y = -1},
    {.bitmap_index = 43587, .adv_w = 192, .box_w = 11, .box_h = 11, .ofs_x = 0, .ofs_y = -1},
    {.bitmap_index = 43603, .adv_w = 192, .box_w = 11, .box_h = 11, .ofs_x = 0, .ofs_y = -1},
    {.bitmap_index = 43619, .adv_w = 192, .box_w = 11, .box_h = 11, .ofs_x = 0, .ofs_y = -1},
    {.bitmap_index = 43635, .adv_w = 192, .box_w = 11, .box_h = 11, .ofs_x = 0, .ofs_y = -1},
    {.bitmap_index = 43651, .adv_w = 192, .box_w = 11, .box_h = 11, .ofs_x = 0, .ofs_y = -1},
    {.bitmap_index = 43667, .adv_w = 192, .box_w = 11, .box_h = 11, .ofs_x = 0, .ofs_y = -1},
    {.bitmap_index = 43683, .adv_w = 192, .box_w = 11, .box_h = 11, .ofs_x = 0, .ofs_y = -1},
    {.bitmap_index = 43699, .adv_w = 192, .box_w = 11, .box_h = 11, .ofs_x = 0, .ofs_y = -1},
    {.bitmap_index = 43715, .adv_w = 192, .box_w = 11, .box_h = 11, .ofs_x = 0, .ofs_y = -1},
    {.bitmap_index = 43731, .adv_w = 192, .box_w = 9, .box_h = 11, .ofs_x = 1, .ofs_y = -1},
    {.bitmap_index = 43744, .adv_w = 192, .box_w = 11, .box_h = 11, .ofs_x = 0, .ofs_y = -1},
    {.bitmap_index = 43760, .adv_w = 192, .box_w = 11, .box_h = 11, .ofs_x = 0, .ofs_y = -1},
    {.bitmap_index = 43776, .adv_w = 192, .box_w = 11, .box_h = 11, .ofs_x = 0, .ofs_y = -1},
    {.bitmap_index = 43792, .adv_w = 192, .box_w = 11, .box_h = 11, .ofs_x = 0, .ofs_y = -1},
    {.bitmap_index = 43808, .adv_w = 192, .box_w = 11, .box_h = 11, .ofs_x = 0, .ofs_y = -1},
    {.bitmap_index = 43824, .adv_w = 192, .box_w = 11, .box_h = 11, .ofs_x = 0, .ofs_y = -1},
    {.bitmap_index = 43840, .adv_w = 192, .box_w = 11, .box_h = 11, .ofs_x = 0, .ofs_y = -1},
    {.bitmap_index = 43856, .adv_w = 192, .box_w = 11, .box_h = 11, .ofs_x = 0, .ofs_y = -1},
    {.bitmap_index = 43872, .adv_w = 192, .box_w = 11, .box_h = 11, .ofs_x = 0, .ofs_y = -1},
    {.bitmap_index = 43888, .adv_w = 192, .box_w = 11, .box_h = 11, .ofs_x = 0, .ofs_y = -1},
    {.bitmap_index = 43904, .adv_w = 192, .box_w = 11, .box_h = 11, .ofs_x = 0, .ofs_y = -1},
    {.bitmap_index = 43920, .adv_w = 192, .box_w = 11, .box_h = 11, .ofs_x = 0, .ofs_y = -1},
    {.bitmap_index = 43936, .adv_w = 192, .box_w = 11, .box_h = 11, .ofs_x = 0, .ofs_y = -1},
    {.bitmap_index = 43952, .adv_w = 192, .box_w = 11, .box_h = 11, .ofs_x = 0, .ofs_y = -1},
    {.bitmap_index = 43968, .adv_w = 192, .box_w = 11, .box_h = 11, .ofs_x = 0, .ofs_y = -1},
    {.bitmap_index = 43984, .adv_w = 192, .box_w = 11, .box_h = 11, .ofs_x = 0, .ofs_y = -1},
    {.bitmap_index = 44000, .adv_w = 192, .box_w = 11, .box_h = 11, .ofs_x = 0, .ofs_y = -1},
    {.bitmap_index = 44016, .adv_w = 192, .box_w = 11, .box_h = 11, .ofs_x = 0, .ofs_y = -1},
    {.bitmap_index = 44032, .adv_w = 192, .box_w = 11, .box_h = 11, .ofs_x = 0, .ofs_y = -1},
    {.bitmap_index = 44048, .adv_w = 192, .box_w = 9, .box_h = 11, .ofs_x = 1, .ofs_y = -1},
    {.bitmap_index = 44061, .adv_w = 192, .box_w = 11, .box_h = 11, .ofs_x = 0, .ofs_y = -1},
    {.bitmap_index = 44077, .adv_w = 192, .box_w = 11, .box_h = 11, .ofs_x = 0, .ofs_y = -1},
    {.bitmap_index = 44093, .adv_w = 192, .box_w = 11, .box_h = 11, .ofs_x = 0, .ofs_y = -1},
    {.bitmap_index = 44109, .adv_w = 192, .box_w = 11, .box_h = 11, .ofs_x = 0, .ofs_y = -1},
    {.bitmap_index = 44125, .adv_w = 192, .box_w = 11, .box_h = 11, .ofs_x = 0, .ofs_y = -1},
    {.bitmap_index = 44141, .adv_w = 192, .box_w = 11, .box_h = 11, .ofs_x = 0, .ofs_y = -1},
    {.bitmap_index = 44157, .adv_w = 192, .box_w = 11, .box_h = 11, .ofs_x = 0, .ofs_y = -1},
    {.bitmap_index = 44173, .adv_w = 192, .box_w = 11, .box_h = 11, .ofs_x = 0, .ofs_y = -1},
    {.bitmap_index = 44189, .adv_w = 192, .box_w = 11, .box_h = 11, .ofs_x = 0, .ofs_y = -1},
    {.bitmap_index = 44205, .adv_w = 192, .box_w = 11, .box_h = 11, .ofs_x = 0, .ofs_y = -1},
    {.bitmap_index = 44221, .adv_w = 192, .box_w = 11, .box_h = 11, .ofs_x = 0, .ofs_y = -1},
    {.bitmap_index = 44237, .adv_w = 192, .box_w = 11, .box_h = 11, .ofs_x = 0, .ofs_y = -1},
    {.bitmap_index = 44253, .adv_w = 192, .box_w = 11, .box_h = 11, .ofs_x = 0, .ofs_y = -1},
    {.bitmap_index = 44269, .adv_w = 192, .box_w = 11, .box_h = 11, .ofs_x = 0, .ofs_y = -1},
    {.bitmap_index = 44285, .adv_w = 192, .box_w = 11, .box_h = 11, .ofs_x = 0, .ofs_y = -1},
    {.bitmap_index = 44301, .adv_w = 192, .box_w = 11, .box_h = 11, .ofs_x = 0, .ofs_y = -1},
    {.bitmap_index = 44317, .adv_w = 192, .box_w = 11, .box_h = 11, .ofs_x = 0, .ofs_y = -1},
    {.bitmap_index = 44333, .adv_w = 192, .box_w = 11, .box_h = 11, .ofs_x = 0, .ofs_y = -1},
    {.bitmap_index = 44349, .adv_w = 192, .box_w = 11, .box_h = 11, .ofs_x = 0, .ofs_y = -1},
    {.bitmap_index = 44365, .adv_w = 192, .box_w = 11, .box_h = 11, .ofs_x = 0, .ofs_y = -1},
    {.bitmap_index = 44381, .adv_w = 192, .box_w = 11, .box_h = 11, .ofs_x = 0, .ofs_y = -1},
    {.bitmap_index = 44397, .adv_w = 192, .box_w = 11, .box_h = 11, .ofs_x = 0, .ofs_y = -1},
    {.bitmap_index = 44413, .adv_w = 192, .box_w = 11, .box_h = 11, .ofs_x = 0, .ofs_y = -1},
    {.bitmap_index = 44429, .adv_w = 192, .box_w = 11, .box_h = 11, .ofs_x = 0, .ofs_y = -1},
    {.bitmap_index = 44445, .adv_w = 192, .box_w = 11, .box_h = 11, .ofs_x = 0, .ofs_y = -1},
    {.bitmap_index = 44461, .adv_w = 192, .box_w = 11, .box_h = 11, .ofs_x = 0, .ofs_y = -1},
    {.bitmap_index = 44477, .adv_w = 192, .box_w = 11, .box_h = 11, .ofs_x = 0, .ofs_y = -1},
    {.bitmap_index = 44493, .adv_w = 192, .box_w = 11, .box_h = 11, .ofs_x = 0, .ofs_y = -1},
    {.bitmap_index = 44509, .adv_w = 192, .box_w = 11, .box_h = 11, .ofs_x = 0, .ofs_y = -1},
    {.bitmap_index = 44525, .adv_w = 192, .box_w = 11, .box_h = 11, .ofs_x = 0, .ofs_y = -1},
    {.bitmap_index = 44541, .adv_w = 192, .box_w = 11, .box_h = 11, .ofs_x = 0, .ofs_y = -1},
    {.bitmap_index = 44557, .adv_w = 192, .box_w = 11, .box_h = 11, .ofs_x = 0, .ofs_y = -1},
    {.bitmap_index = 44573, .adv_w = 192, .box_w = 11, .box_h = 11, .ofs_x = 0, .ofs_y = -1},
    {.bitmap_index = 44589, .adv_w = 192, .box_w = 11, .box_h = 11, .ofs_x = 0, .ofs_y = -1},
    {.bitmap_index = 44605, .adv_w = 192, .box_w = 11, .box_h = 11, .ofs_x = 0, .ofs_y = -1},
    {.bitmap_index = 44621, .adv_w = 192, .box_w = 11, .box_h = 11, .ofs_x = 0, .ofs_y = -1},
    {.bitmap_index = 44637, .adv_w = 192, .box_w = 11, .box_h = 11, .ofs_x = 0, .ofs_y = -1},
    {.bitmap_index = 44653, .adv_w = 192, .box_w = 11, .box_h = 11, .ofs_x = 0, .ofs_y = -1},
    {.bitmap_index = 44669, .adv_w = 192, .box_w = 11, .box_h = 11, .ofs_x = 0, .ofs_y = -1},
    {.bitmap_index = 44685, .adv_w = 192, .box_w = 11, .box_h = 11, .ofs_x = 0, .ofs_y = -1},
    {.bitmap_index = 44701, .adv_w = 192, .box_w = 11, .box_h = 11, .ofs_x = 0, .ofs_y = -1},
    {.bitmap_index = 44717, .adv_w = 192, .box_w = 11, .box_h = 11, .ofs_x = 0, .ofs_y = -1},
    {.bitmap_index = 44733, .adv_w = 192, .box_w = 11, .box_h = 11, .ofs_x = 0, .ofs_y = -1},
    {.bitmap_index = 44749, .adv_w = 192, .box_w = 11, .box_h = 11, .ofs_x = 0, .ofs_y = -1},
    {.bitmap_index = 44765, .adv_w = 192, .box_w = 11, .box_h = 11, .ofs_x = 0, .ofs_y = -1},
    {.bitmap_index = 44781, .adv_w = 192, .box_w = 11, .box_h = 11, .ofs_x = 0, .ofs_y = -1},
    {.bitmap_index = 44797, .adv_w = 192, .box_w = 11, .box_h = 11, .ofs_x = 0, .ofs_y = -1},
    {.bitmap_index = 44813, .adv_w = 192, .box_w = 11, .box_h = 11, .ofs_x = 0, .ofs_y = -1},
    {.bitmap_index = 44829, .adv_w = 192, .box_w = 11, .box_h = 11, .ofs_x = 0, .ofs_y = -1},
    {.bitmap_index = 44845, .adv_w = 192, .box_w = 11, .box_h = 11, .ofs_x = 0, .ofs_y = -1},
    {.bitmap_index = 44861, .adv_w = 192, .box_w = 11, .box_h = 11, .ofs_x = 0, .ofs_y = -1},
    {.bitmap_index = 44877, .adv_w = 192, .box_w = 11, .box_h = 11, .ofs_x = 0, .ofs_y = -1},
    {.bitmap_index = 44893, .adv_w = 192, .box_w = 11, .box_h = 11, .ofs_x = 0, .ofs_y = -1},
    {.bitmap_index = 44909, .adv_w = 192, .box_w = 11, .box_h = 11, .ofs_x = 0, .ofs_y = -1},
    {.bitmap_index = 44925, .adv_w = 192, .box_w = 11, .box_h = 11, .ofs_x = 0, .ofs_y = -1},
    {.bitmap_index = 44941, .adv_w = 192, .box_w = 11, .box_h = 11, .ofs_x = 0, .ofs_y = -1},
    {.bitmap_index = 44957, .adv_w = 192, .box_w = 11, .box_h = 11, .ofs_x = 0, .ofs_y = -1},
    {.bitmap_index = 44973, .adv_w = 192, .box_w = 11, .box_h = 11, .ofs_x = 0, .ofs_y = -1},
    {.bitmap_index = 44989, .adv_w = 192, .box_w = 9, .box_h = 11, .ofs_x = 1, .ofs_y = -1},
    {.bitmap_index = 45002, .adv_w = 192, .box_w = 11, .box_h = 11, .ofs_x = 0, .ofs_y = -1},
    {.bitmap_index = 45018, .adv_w = 192, .box_w = 11, .box_h = 11, .ofs_x = 0, .ofs_y = -1},
    {.bitmap_index = 45034, .adv_w = 192, .box_w = 11, .box_h = 11, .ofs_x = 0, .ofs_y = -1},
    {.bitmap_index = 45050, .adv_w = 192, .box_w = 11, .box_h = 11, .ofs_x = 0, .ofs_y = -1},
    {.bitmap_index = 45066, .adv_w = 192, .box_w = 11, .box_h = 11, .ofs_x = 0, .ofs_y = -1},
    {.bitmap_index = 45082, .adv_w = 192, .box_w = 9, .box_h = 11, .ofs_x = 1, .ofs_y = -1},
    {.bitmap_index = 45095, .adv_w = 192, .box_w = 11, .box_h = 11, .ofs_x = 0, .ofs_y = -1},
    {.bitmap_index = 45111, .adv_w = 192, .box_w = 11, .box_h = 11, .ofs_x = 0, .ofs_y = -1},
    {.bitmap_index = 45127, .adv_w = 192, .box_w = 11, .box_h = 11, .ofs_x = 0, .ofs_y = -1},
    {.bitmap_index = 45143, .adv_w = 192, .box_w = 11, .box_h = 11, .ofs_x = 0, .ofs_y = -1},
    {.bitmap_index = 45159, .adv_w = 192, .box_w = 11, .box_h = 11, .ofs_x = 0, .ofs_y = -1},
    {.bitmap_index = 45175, .adv_w = 192, .box_w = 11, .box_h = 11, .ofs_x = 0, .ofs_y = -1},
    {.bitmap_index = 45191, .adv_w = 192, .box_w = 11, .box_h = 11, .ofs_x = 0, .ofs_y = -1},
    {.bitmap_index = 45207, .adv_w = 192, .box_w = 11, .box_h = 11, .ofs_x = 0, .ofs_y = -1},
    {.bitmap_index = 45223, .adv_w = 192, .box_w = 11, .box_h = 11, .ofs_x = 0, .ofs_y = -1},
    {.bitmap_index = 45239, .adv_w = 192, .box_w = 11, .box_h = 11, .ofs_x = 0, .ofs_y = -1},
    {.bitmap_index = 45255, .adv_w = 192, .box_w = 11, .box_h = 11, .ofs_x = 0, .ofs_y = -1},
    {.bitmap_index = 45271, .adv_w = 192, .box_w = 11, .box_h = 11, .ofs_x = 0, .ofs_y = -1},
    {.bitmap_index = 45287, .adv_w = 192, .box_w = 11, .box_h = 11, .ofs_x = 0, .ofs_y = -1},
    {.bitmap_index = 45303, .adv_w = 192, .box_w = 11, .box_h = 11, .ofs_x = 0, .ofs_y = -1},
    {.bitmap_index = 45319, .adv_w = 192, .box_w = 11, .box_h = 11, .ofs_x = 0, .ofs_y = -1},
    {.bitmap_index = 45335, .adv_w = 192, .box_w = 11, .box_h = 11, .ofs_x = 0, .ofs_y = -1},
    {.bitmap_index = 45351, .adv_w = 192, .box_w = 11, .box_h = 11, .ofs_x = 0, .ofs_y = -1},
    {.bitmap_index = 45367, .adv_w = 192, .box_w = 11, .box_h = 11, .ofs_x = 0, .ofs_y = -1},
    {.bitmap_index = 45383, .adv_w = 192, .box_w = 11, .box_h = 11, .ofs_x = 0, .ofs_y = -1},
    {.bitmap_index = 45399, .adv_w = 192, .box_w = 10, .box_h = 11, .ofs_x = 1, .ofs_y = -1},
    {.bitmap_index = 45413, .adv_w = 192, .box_w = 11, .box_h = 11, .ofs_x = 0, .ofs_y = -1},
    {.bitmap_index = 45429, .adv_w = 192, .box_w = 11, .box_h = 11, .ofs_x = 0, .ofs_y = -1},
    {.bitmap_index = 45445, .adv_w = 192, .box_w = 11, .box_h = 11, .ofs_x = 0, .ofs_y = -1},
    {.bitmap_index = 45461, .adv_w = 192, .box_w = 11, .box_h = 11, .ofs_x = 0, .ofs_y = -1},
    {.bitmap_index = 45477, .adv_w = 192, .box_w = 11, .box_h = 11, .ofs_x = 0, .ofs_y = -1},
    {.bitmap_index = 45493, .adv_w = 192, .box_w = 11, .box_h = 11, .ofs_x = 0, .ofs_y = -1},
    {.bitmap_index = 45509, .adv_w = 192, .box_w = 11, .box_h = 11, .ofs_x = 0, .ofs_y = -1},
    {.bitmap_index = 45525, .adv_w = 192, .box_w = 11, .box_h = 11, .ofs_x = 0, .ofs_y = -1},
    {.bitmap_index = 45541, .adv_w = 192, .box_w = 11, .box_h = 11, .ofs_x = 0, .ofs_y = -1},
    {.bitmap_index = 45557, .adv_w = 192, .box_w = 11, .box_h = 11, .ofs_x = 0, .ofs_y = -1},
    {.bitmap_index = 45573, .adv_w = 192, .box_w = 11, .box_h = 11, .ofs_x = 0, .ofs_y = -1},
    {.bitmap_index = 45589, .adv_w = 192, .box_w = 11, .box_h = 11, .ofs_x = 0, .ofs_y = -1},
    {.bitmap_index = 45605, .adv_w = 192, .box_w = 11, .box_h = 11, .ofs_x = 0, .ofs_y = -1},
    {.bitmap_index = 45621, .adv_w = 192, .box_w = 11, .box_h = 11, .ofs_x = 0, .ofs_y = -1},
    {.bitmap_index = 45637, .adv_w = 192, .box_w = 11, .box_h = 11, .ofs_x = 0, .ofs_y = -1},
    {.bitmap_index = 45653, .adv_w = 192, .box_w = 11, .box_h = 11, .ofs_x = 0, .ofs_y = -1},
    {.bitmap_index = 45669, .adv_w = 192, .box_w = 11, .box_h = 11, .ofs_x = 0, .ofs_y = -1},
    {.bitmap_index = 45685, .adv_w = 192, .box_w = 11, .box_h = 11, .ofs_x = 0, .ofs_y = -1},
    {.bitmap_index = 45701, .adv_w = 192, .box_w = 11, .box_h = 11, .ofs_x = 0, .ofs_y = -1},
    {.bitmap_index = 45717, .adv_w = 192, .box_w = 11, .box_h = 11, .ofs_x = 0, .ofs_y = -1},
    {.bitmap_index = 45733, .adv_w = 192, .box_w = 11, .box_h = 11, .ofs_x = 0, .ofs_y = -1},
    {.bitmap_index = 45749, .adv_w = 192, .box_w = 11, .box_h = 11, .ofs_x = 0, .ofs_y = -1},
    {.bitmap_index = 45765, .adv_w = 192, .box_w = 11, .box_h = 11, .ofs_x = 0, .ofs_y = -1},
    {.bitmap_index = 45781, .adv_w = 192, .box_w = 11, .box_h = 11, .ofs_x = 0, .ofs_y = -1},
    {.bitmap_index = 45797, .adv_w = 192, .box_w = 11, .box_h = 11, .ofs_x = 0, .ofs_y = -1},
    {.bitmap_index = 45813, .adv_w = 192, .box_w = 11, .box_h = 11, .ofs_x = 0, .ofs_y = -1},
    {.bitmap_index = 45829, .adv_w = 192, .box_w = 11, .box_h = 11, .ofs_x = 0, .ofs_y = -1},
    {.bitmap_index = 45845, .adv_w = 192, .box_w = 11, .box_h = 11, .ofs_x = 0, .ofs_y = -1},
    {.bitmap_index = 45861, .adv_w = 192, .box_w = 11, .box_h = 11, .ofs_x = 0, .ofs_y = -1},
    {.bitmap_index = 45877, .adv_w = 192, .box_w = 11, .box_h = 11, .ofs_x = 0, .ofs_y = -1},
    {.bitmap_index = 45893, .adv_w = 192, .box_w = 11, .box_h = 11, .ofs_x = 0, .ofs_y = -1},
    {.bitmap_index = 45909, .adv_w = 192, .box_w = 11, .box_h = 11, .ofs_x = 0, .ofs_y = -1},
    {.bitmap_index = 45925, .adv_w = 192, .box_w = 11, .box_h = 11, .ofs_x = 0, .ofs_y = -1},
    {.bitmap_index = 45941, .adv_w = 192, .box_w = 11, .box_h = 11, .ofs_x = 0, .ofs_y = -1},
    {.bitmap_index = 45957, .adv_w = 192, .box_w = 11, .box_h = 11, .ofs_x = 0, .ofs_y = -1},
    {.bitmap_index = 45973, .adv_w = 192, .box_w = 11, .box_h = 11, .ofs_x = 0, .ofs_y = -1},
    {.bitmap_index = 45989, .adv_w = 192, .box_w = 11, .box_h = 11, .ofs_x = 0, .ofs_y = -1},
    {.bitmap_index = 46005, .adv_w = 192, .box_w = 11, .box_h = 11, .ofs_x = 0, .ofs_y = -1},
    {.bitmap_index = 46021, .adv_w = 192, .box_w = 11, .box_h = 11, .ofs_x = 0, .ofs_y = -1},
    {.bitmap_index = 46037, .adv_w = 192, .box_w = 11, .box_h = 11, .ofs_x = 0, .ofs_y = -1},
    {.bitmap_index = 46053, .adv_w = 192, .box_w = 11, .box_h = 11, .ofs_x = 0, .ofs_y = -1},
    {.bitmap_index = 46069, .adv_w = 192, .box_w = 11, .box_h = 11, .ofs_x = 0, .ofs_y = -1},
    {.bitmap_index = 46085, .adv_w = 192, .box_w = 11, .box_h = 11, .ofs_x = 0, .ofs_y = -1},
    {.bitmap_index = 46101, .adv_w = 192, .box_w = 11, .box_h = 11, .ofs_x = 0, .ofs_y = -1},
    {.bitmap_index = 46117, .adv_w = 192, .box_w = 11, .box_h = 11, .ofs_x = 0, .ofs_y = -1},
    {.bitmap_index = 46133, .adv_w = 192, .box_w = 11, .box_h = 11, .ofs_x = 0, .ofs_y = -1},
    {.bitmap_index = 46149, .adv_w = 192, .box_w = 11, .box_h = 11, .ofs_x = 0, .ofs_y = -1},
    {.bitmap_index = 46165, .adv_w = 192, .box_w = 11, .box_h = 11, .ofs_x = 0, .ofs_y = -1},
    {.bitmap_index = 46181, .adv_w = 192, .box_w = 11, .box_h = 11, .ofs_x = 0, .ofs_y = -1},
    {.bitmap_index = 46197, .adv_w = 192, .box_w = 11, .box_h = 11, .ofs_x = 0, .ofs_y = -1},
    {.bitmap_index = 46213, .adv_w = 192, .box_w = 11, .box_h = 11, .ofs_x = 0, .ofs_y = -1},
    {.bitmap_index = 46229, .adv_w = 192, .box_w = 11, .box_h = 11, .ofs_x = 0, .ofs_y = -1},
    {.bitmap_index = 46245, .adv_w = 192, .box_w = 11, .box_h = 11, .ofs_x = 0, .ofs_y = -1},
    {.bitmap_index = 46261, .adv_w = 192, .box_w = 11, .box_h = 11, .ofs_x = 0, .ofs_y = -1},
    {.bitmap_index = 46277, .adv_w = 192, .box_w = 11, .box_h = 11, .ofs_x = 0, .ofs_y = -1},
    {.bitmap_index = 46293, .adv_w = 192, .box_w = 11, .box_h = 11, .ofs_x = 0, .ofs_y = -1},
    {.bitmap_index = 46309, .adv_w = 192, .box_w = 11, .box_h = 11, .ofs_x = 0, .ofs_y = -1},
    {.bitmap_index = 46325, .adv_w = 192, .box_w = 11, .box_h = 11, .ofs_x = 0, .ofs_y = -1},
    {.bitmap_index = 46341, .adv_w = 192, .box_w = 11, .box_h = 11, .ofs_x = 0, .ofs_y = -1},
    {.bitmap_index = 46357, .adv_w = 192, .box_w = 11, .box_h = 11, .ofs_x = 0, .ofs_y = -1},
    {.bitmap_index = 46373, .adv_w = 192, .box_w = 11, .box_h = 11, .ofs_x = 0, .ofs_y = -1},
    {.bitmap_index = 46389, .adv_w = 192, .box_w = 11, .box_h = 11, .ofs_x = 0, .ofs_y = -1},
    {.bitmap_index = 46405, .adv_w = 192, .box_w = 11, .box_h = 11, .ofs_x = 0, .ofs_y = -1},
    {.bitmap_index = 46421, .adv_w = 192, .box_w = 11, .box_h = 11, .ofs_x = 0, .ofs_y = -1},
    {.bitmap_index = 46437, .adv_w = 192, .box_w = 11, .box_h = 11, .ofs_x = 0, .ofs_y = -1},
    {.bitmap_index = 46453, .adv_w = 192, .box_w = 11, .box_h = 11, .ofs_x = 0, .ofs_y = -1},
    {.bitmap_index = 46469, .adv_w = 192, .box_w = 11, .box_h = 11, .ofs_x = 0, .ofs_y = -1},
    {.bitmap_index = 46485, .adv_w = 192, .box_w = 11, .box_h = 11, .ofs_x = 0, .ofs_y = -1},
    {.bitmap_index = 46501, .adv_w = 192, .box_w = 11, .box_h = 11, .ofs_x = 0, .ofs_y = -1},
    {.bitmap_index = 46517, .adv_w = 192, .box_w = 11, .box_h = 11, .ofs_x = 0, .ofs_y = -1},
    {.bitmap_index = 46533, .adv_w = 192, .box_w = 11, .box_h = 11, .ofs_x = 0, .ofs_y = -1},
    {.bitmap_index = 46549, .adv_w = 192, .box_w = 11, .box_h = 11, .ofs_x = 0, .ofs_y = -1},
    {.bitmap_index = 46565, .adv_w = 192, .box_w = 11, .box_h = 11, .ofs_x = 0, .ofs_y = -1},
    {.bitmap_index = 46581, .adv_w = 192, .box_w = 11, .box_h = 11, .ofs_x = 0, .ofs_y = -1},
    {.bitmap_index = 46597, .adv_w = 192, .box_w = 11, .box_h = 11, .ofs_x = 0, .ofs_y = -1},
    {.bitmap_index = 46613, .adv_w = 192, .box_w = 11, .box_h = 11, .ofs_x = 0, .ofs_y = -1},
    {.bitmap_index = 46629, .adv_w = 192, .box_w = 11, .box_h = 11, .ofs_x = 0, .ofs_y = -1},
    {.bitmap_index = 46645, .adv_w = 192, .box_w = 11, .box_h = 11, .ofs_x = 0, .ofs_y = -1},
    {.bitmap_index = 46661, .adv_w = 192, .box_w = 11, .box_h = 11, .ofs_x = 0, .ofs_y = -1},
    {.bitmap_index = 46677, .adv_w = 192, .box_w = 11, .box_h = 11, .ofs_x = 0, .ofs_y = -1},
    {.bitmap_index = 46693, .adv_w = 192, .box_w = 11, .box_h = 11, .ofs_x = 0, .ofs_y = -1},
    {.bitmap_index = 46709, .adv_w = 192, .box_w = 11, .box_h = 11, .ofs_x = 0, .ofs_y = -1},
    {.bitmap_index = 46725, .adv_w = 192, .box_w = 11, .box_h = 11, .ofs_x = 0, .ofs_y = -1},
    {.bitmap_index = 46741, .adv_w = 192, .box_w = 11, .box_h = 11, .ofs_x = 0, .ofs_y = -1},
    {.bitmap_index = 46757, .adv_w = 192, .box_w = 11, .box_h = 11, .ofs_x = 0, .ofs_y = -1},
    {.bitmap_index = 46773, .adv_w = 192, .box_w = 11, .box_h = 11, .ofs_x = 0, .ofs_y = -1},
    {.bitmap_index = 46789, .adv_w = 192, .box_w = 11, .box_h = 11, .ofs_x = 0, .ofs_y = -1},
    {.bitmap_index = 46805, .adv_w = 192, .box_w = 11, .box_h = 11, .ofs_x = 0, .ofs_y = -1},
    {.bitmap_index = 46821, .adv_w = 192, .box_w = 11, .box_h = 11, .ofs_x = 0, .ofs_y = -1},
    {.bitmap_index = 46837, .adv_w = 192, .box_w = 11, .box_h = 11, .ofs_x = 0, .ofs_y = -1},
    {.bitmap_index = 46853, .adv_w = 192, .box_w = 11, .box_h = 11, .ofs_x = 0, .ofs_y = -1},
    {.bitmap_index = 46869, .adv_w = 192, .box_w = 11, .box_h = 11, .ofs_x = 0, .ofs_y = -1},
    {.bitmap_index = 46885, .adv_w = 192, .box_w = 11, .box_h = 11, .ofs_x = 0, .ofs_y = -1},
    {.bitmap_index = 46901, .adv_w = 192, .box_w = 11, .box_h = 11, .ofs_x = 0, .ofs_y = -1},
    {.bitmap_index = 46917, .adv_w = 192, .box_w = 11, .box_h = 11, .ofs_x = 0, .ofs_y = -1},
    {.bitmap_index = 46933, .adv_w = 192, .box_w = 11, .box_h = 11, .ofs_x = 0, .ofs_y = -1},
    {.bitmap_index = 46949, .adv_w = 192, .box_w = 11, .box_h = 11, .ofs_x = 0, .ofs_y = -1},
    {.bitmap_index = 46965, .adv_w = 192, .box_w = 11, .box_h = 11, .ofs_x = 0, .ofs_y = -1},
    {.bitmap_index = 46981, .adv_w = 192, .box_w = 11, .box_h = 11, .ofs_x = 0, .ofs_y = -1},
    {.bitmap_index = 46997, .adv_w = 192, .box_w = 11, .box_h = 11, .ofs_x = 0, .ofs_y = -1},
    {.bitmap_index = 47013, .adv_w = 192, .box_w = 11, .box_h = 11, .ofs_x = 0, .ofs_y = -1},
    {.bitmap_index = 47029, .adv_w = 192, .box_w = 11, .box_h = 11, .ofs_x = 0, .ofs_y = -1},
    {.bitmap_index = 47045, .adv_w = 192, .box_w = 11, .box_h = 11, .ofs_x = 0, .ofs_y = -1},
    {.bitmap_index = 47061, .adv_w = 192, .box_w = 11, .box_h = 11, .ofs_x = 0, .ofs_y = -1},
    {.bitmap_index = 47077, .adv_w = 192, .box_w = 11, .box_h = 11, .ofs_x = 0, .ofs_y = -1},
    {.bitmap_index = 47093, .adv_w = 192, .box_w = 11, .box_h = 11, .ofs_x = 0, .ofs_y = -1},
    {.bitmap_index = 47109, .adv_w = 192, .box_w = 11, .box_h = 11, .ofs_x = 0, .ofs_y = -1},
    {.bitmap_index = 47125, .adv_w = 192, .box_w = 11, .box_h = 11, .ofs_x = 0, .ofs_y = -1},
    {.bitmap_index = 47141, .adv_w = 192, .box_w = 11, .box_h = 11, .ofs_x = 0, .ofs_y = -1},
    {.bitmap_index = 47157, .adv_w = 192, .box_w = 11, .box_h = 11, .ofs_x = 0, .ofs_y = -1},
    {.bitmap_index = 47173, .adv_w = 192, .box_w = 11, .box_h = 11, .ofs_x = 0, .ofs_y = -1},
    {.bitmap_index = 47189, .adv_w = 192, .box_w = 11, .box_h = 11, .ofs_x = 0, .ofs_y = -1},
    {.bitmap_index = 47205, .adv_w = 192, .box_w = 11, .box_h = 11, .ofs_x = 0, .ofs_y = -1},
    {.bitmap_index = 47221, .adv_w = 192, .box_w = 11, .box_h = 11, .ofs_x = 0, .ofs_y = -1},
    {.bitmap_index = 47237, .adv_w = 192, .box_w = 11, .box_h = 11, .ofs_x = 0, .ofs_y = -1},
    {.bitmap_index = 47253, .adv_w = 192, .box_w = 11, .box_h = 11, .ofs_x = 0, .ofs_y = -1},
    {.bitmap_index = 47269, .adv_w = 192, .box_w = 11, .box_h = 11, .ofs_x = 0, .ofs_y = -1},
    {.bitmap_index = 47285, .adv_w = 192, .box_w = 11, .box_h = 11, .ofs_x = 0, .ofs_y = -1},
    {.bitmap_index = 47301, .adv_w = 192, .box_w = 11, .box_h = 11, .ofs_x = 0, .ofs_y = -1},
    {.bitmap_index = 47317, .adv_w = 192, .box_w = 11, .box_h = 11, .ofs_x = 0, .ofs_y = -1},
    {.bitmap_index = 47333, .adv_w = 192, .box_w = 11, .box_h = 11, .ofs_x = 0, .ofs_y = -1},
    {.bitmap_index = 47349, .adv_w = 192, .box_w = 11, .box_h = 11, .ofs_x = 0, .ofs_y = -1},
    {.bitmap_index = 47365, .adv_w = 192, .box_w = 11, .box_h = 11, .ofs_x = 0, .ofs_y = -1},
    {.bitmap_index = 47381, .adv_w = 192, .box_w = 11, .box_h = 11, .ofs_x = 0, .ofs_y = -1},
    {.bitmap_index = 47397, .adv_w = 192, .box_w = 11, .box_h = 11, .ofs_x = 0, .ofs_y = -1},
    {.bitmap_index = 47413, .adv_w = 192, .box_w = 11, .box_h = 11, .ofs_x = 0, .ofs_y = -1},
    {.bitmap_index = 47429, .adv_w = 192, .box_w = 11, .box_h = 11, .ofs_x = 0, .ofs_y = -1},
    {.bitmap_index = 47445, .adv_w = 192, .box_w = 11, .box_h = 11, .ofs_x = 0, .ofs_y = -1},
    {.bitmap_index = 47461, .adv_w = 192, .box_w = 11, .box_h = 11, .ofs_x = 0, .ofs_y = -1},
    {.bitmap_index = 47477, .adv_w = 192, .box_w = 11, .box_h = 11, .ofs_x = 0, .ofs_y = -1},
    {.bitmap_index = 47493, .adv_w = 192, .box_w = 11, .box_h = 11, .ofs_x = 0, .ofs_y = -1},
    {.bitmap_index = 47509, .adv_w = 192, .box_w = 11, .box_h = 11, .ofs_x = 0, .ofs_y = -1},
    {.bitmap_index = 47525, .adv_w = 192, .box_w = 11, .box_h = 11, .ofs_x = 0, .ofs_y = -1},
    {.bitmap_index = 47541, .adv_w = 192, .box_w = 11, .box_h = 11, .ofs_x = 0, .ofs_y = -1},
    {.bitmap_index = 47557, .adv_w = 192, .box_w = 11, .box_h = 11, .ofs_x = 0, .ofs_y = -1},
    {.bitmap_index = 47573, .adv_w = 192, .box_w = 11, .box_h = 11, .ofs_x = 0, .ofs_y = -1},
    {.bitmap_index = 47589, .adv_w = 192, .box_w = 11, .box_h = 11, .ofs_x = 0, .ofs_y = -1},
    {.bitmap_index = 47605, .adv_w = 192, .box_w = 11, .box_h = 11, .ofs_x = 0, .ofs_y = -1},
    {.bitmap_index = 47621, .adv_w = 192, .box_w = 11, .box_h = 11, .ofs_x = 0, .ofs_y = -1},
    {.bitmap_index = 47637, .adv_w = 192, .box_w = 11, .box_h = 11, .ofs_x = 0, .ofs_y = -1},
    {.bitmap_index = 47653, .adv_w = 192, .box_w = 11, .box_h = 11, .ofs_x = 0, .ofs_y = -1},
    {.bitmap_index = 47669, .adv_w = 192, .box_w = 11, .box_h = 11, .ofs_x = 0, .ofs_y = -1},
    {.bitmap_index = 47685, .adv_w = 192, .box_w = 11, .box_h = 11, .ofs_x = 0, .ofs_y = -1},
    {.bitmap_index = 47701, .adv_w = 192, .box_w = 11, .box_h = 11, .ofs_x = 0, .ofs_y = -1},
    {.bitmap_index = 47717, .adv_w = 192, .box_w = 11, .box_h = 11, .ofs_x = 0, .ofs_y = -1},
    {.bitmap_index = 47733, .adv_w = 192, .box_w = 11, .box_h = 11, .ofs_x = 0, .ofs_y = -1},
    {.bitmap_index = 47749, .adv_w = 192, .box_w = 11, .box_h = 11, .ofs_x = 0, .ofs_y = -1},
    {.bitmap_index = 47765, .adv_w = 192, .box_w = 11, .box_h = 11, .ofs_x = 0, .ofs_y = -1},
    {.bitmap_index = 47781, .adv_w = 192, .box_w = 11, .box_h = 11, .ofs_x = 0, .ofs_y = -1},
    {.bitmap_index = 47797, .adv_w = 192, .box_w = 11, .box_h = 11, .ofs_x = 0, .ofs_y = -1},
    {.bitmap_index = 47813, .adv_w = 192, .box_w = 11, .box_h = 11, .ofs_x = 0, .ofs_y = -1},
    {.bitmap_index = 47829, .adv_w = 192, .box_w = 11, .box_h = 11, .ofs_x = 0, .ofs_y = -1},
    {.bitmap_index = 47845, .adv_w = 192, .box_w = 11, .box_h = 11, .ofs_x = 0, .ofs_y = -1},
    {.bitmap_index = 47861, .adv_w = 192, .box_w = 11, .box_h = 11, .ofs_x = 0, .ofs_y = -1},
    {.bitmap_index = 47877, .adv_w = 192, .box_w = 11, .box_h = 11, .ofs_x = 0, .ofs_y = -1},
    {.bitmap_index = 47893, .adv_w = 192, .box_w = 11, .box_h = 11, .ofs_x = 0, .ofs_y = -1},
    {.bitmap_index = 47909, .adv_w = 192, .box_w = 11, .box_h = 11, .ofs_x = 0, .ofs_y = -1},
    {.bitmap_index = 47925, .adv_w = 192, .box_w = 11, .box_h = 11, .ofs_x = 0, .ofs_y = -1},
    {.bitmap_index = 47941, .adv_w = 192, .box_w = 11, .box_h = 11, .ofs_x = 0, .ofs_y = -1},
    {.bitmap_index = 47957, .adv_w = 192, .box_w = 11, .box_h = 11, .ofs_x = 0, .ofs_y = -1},
    {.bitmap_index = 47973, .adv_w = 192, .box_w = 11, .box_h = 11, .ofs_x = 0, .ofs_y = -1},
    {.bitmap_index = 47989, .adv_w = 192, .box_w = 11, .box_h = 11, .ofs_x = 0, .ofs_y = -1},
    {.bitmap_index = 48005, .adv_w = 192, .box_w = 11, .box_h = 11, .ofs_x = 0, .ofs_y = -1},
    {.bitmap_index = 48021, .adv_w = 192, .box_w = 11, .box_h = 11, .ofs_x = 0, .ofs_y = -1},
    {.bitmap_index = 48037, .adv_w = 192, .box_w = 11, .box_h = 11, .ofs_x = 0, .ofs_y = -1},
    {.bitmap_index = 48053, .adv_w = 192, .box_w = 11, .box_h = 11, .ofs_x = 0, .ofs_y = -1},
    {.bitmap_index = 48069, .adv_w = 192, .box_w = 11, .box_h = 11, .ofs_x = 0, .ofs_y = -1},
    {.bitmap_index = 48085, .adv_w = 192, .box_w = 11, .box_h = 11, .ofs_x = 0, .ofs_y = -1},
    {.bitmap_index = 48101, .adv_w = 192, .box_w = 11, .box_h = 11, .ofs_x = 0, .ofs_y = -1},
    {.bitmap_index = 48117, .adv_w = 192, .box_w = 11, .box_h = 11, .ofs_x = 0, .ofs_y = -1},
    {.bitmap_index = 48133, .adv_w = 192, .box_w = 11, .box_h = 11, .ofs_x = 0, .ofs_y = -1},
    {.bitmap_index = 48149, .adv_w = 192, .box_w = 11, .box_h = 11, .ofs_x = 0, .ofs_y = -1},
    {.bitmap_index = 48165, .adv_w = 192, .box_w = 11, .box_h = 11, .ofs_x = 0, .ofs_y = -1},
    {.bitmap_index = 48181, .adv_w = 192, .box_w = 11, .box_h = 11, .ofs_x = 0, .ofs_y = -1},
    {.bitmap_index = 48197, .adv_w = 192, .box_w = 11, .box_h = 11, .ofs_x = 0, .ofs_y = -1},
    {.bitmap_index = 48213, .adv_w = 192, .box_w = 11, .box_h = 11, .ofs_x = 0, .ofs_y = -1},
    {.bitmap_index = 48229, .adv_w = 192, .box_w = 11, .box_h = 11, .ofs_x = 0, .ofs_y = -1},
    {.bitmap_index = 48245, .adv_w = 192, .box_w = 11, .box_h = 11, .ofs_x = 0, .ofs_y = -1},
    {.bitmap_index = 48261, .adv_w = 192, .box_w = 11, .box_h = 11, .ofs_x = 0, .ofs_y = -1},
    {.bitmap_index = 48277, .adv_w = 192, .box_w = 11, .box_h = 11, .ofs_x = 0, .ofs_y = -1},
    {.bitmap_index = 48293, .adv_w = 192, .box_w = 11, .box_h = 11, .ofs_x = 0, .ofs_y = -1},
    {.bitmap_index = 48309, .adv_w = 192, .box_w = 11, .box_h = 11, .ofs_x = 0, .ofs_y = -1},
    {.bitmap_index = 48325, .adv_w = 192, .box_w = 11, .box_h = 11, .ofs_x = 0, .ofs_y = -1},
    {.bitmap_index = 48341, .adv_w = 192, .box_w = 11, .box_h = 11, .ofs_x = 0, .ofs_y = -1},
    {.bitmap_index = 48357, .adv_w = 192, .box_w = 11, .box_h = 11, .ofs_x = 0, .ofs_y = -1},
    {.bitmap_index = 48373, .adv_w = 192, .box_w = 11, .box_h = 11, .ofs_x = 0, .ofs_y = -1},
    {.bitmap_index = 48389, .adv_w = 192, .box_w = 11, .box_h = 11, .ofs_x = 0, .ofs_y = -1},
    {.bitmap_index = 48405, .adv_w = 192, .box_w = 11, .box_h = 11, .ofs_x = 0, .ofs_y = -1},
    {.bitmap_index = 48421, .adv_w = 192, .box_w = 11, .box_h = 11, .ofs_x = 0, .ofs_y = -1},
    {.bitmap_index = 48437, .adv_w = 192, .box_w = 11, .box_h = 11, .ofs_x = 0, .ofs_y = -1},
    {.bitmap_index = 48453, .adv_w = 192, .box_w = 11, .box_h = 11, .ofs_x = 0, .ofs_y = -1},
    {.bitmap_index = 48469, .adv_w = 192, .box_w = 11, .box_h = 11, .ofs_x = 0, .ofs_y = -1},
    {.bitmap_index = 48485, .adv_w = 192, .box_w = 11, .box_h = 11, .ofs_x = 0, .ofs_y = -1},
    {.bitmap_index = 48501, .adv_w = 192, .box_w = 11, .box_h = 11, .ofs_x = 0, .ofs_y = -1},
    {.bitmap_index = 48517, .adv_w = 192, .box_w = 11, .box_h = 11, .ofs_x = 0, .ofs_y = -1},
    {.bitmap_index = 48533, .adv_w = 192, .box_w = 11, .box_h = 11, .ofs_x = 0, .ofs_y = -1},
    {.bitmap_index = 48549, .adv_w = 192, .box_w = 11, .box_h = 11, .ofs_x = 0, .ofs_y = -1},
    {.bitmap_index = 48565, .adv_w = 192, .box_w = 11, .box_h = 11, .ofs_x = 0, .ofs_y = -1},
    {.bitmap_index = 48581, .adv_w = 192, .box_w = 11, .box_h = 11, .ofs_x = 0, .ofs_y = -1},
    {.bitmap_index = 48597, .adv_w = 192, .box_w = 11, .box_h = 11, .ofs_x = 0, .ofs_y = -1},
    {.bitmap_index = 48613, .adv_w = 192, .box_w = 11, .box_h = 11, .ofs_x = 0, .ofs_y = -1},
    {.bitmap_index = 48629, .adv_w = 192, .box_w = 11, .box_h = 11, .ofs_x = 0, .ofs_y = -1},
    {.bitmap_index = 48645, .adv_w = 192, .box_w = 11, .box_h = 11, .ofs_x = 0, .ofs_y = -1},
    {.bitmap_index = 48661, .adv_w = 192, .box_w = 11, .box_h = 11, .ofs_x = 0, .ofs_y = -1},
    {.bitmap_index = 48677, .adv_w = 192, .box_w = 11, .box_h = 11, .ofs_x = 0, .ofs_y = -1},
    {.bitmap_index = 48693, .adv_w = 192, .box_w = 11, .box_h = 11, .ofs_x = 0, .ofs_y = -1},
    {.bitmap_index = 48709, .adv_w = 192, .box_w = 11, .box_h = 11, .ofs_x = 0, .ofs_y = -1},
    {.bitmap_index = 48725, .adv_w = 192, .box_w = 11, .box_h = 11, .ofs_x = 0, .ofs_y = -1},
    {.bitmap_index = 48741, .adv_w = 192, .box_w = 11, .box_h = 11, .ofs_x = 0, .ofs_y = -1},
    {.bitmap_index = 48757, .adv_w = 192, .box_w = 11, .box_h = 11, .ofs_x = 0, .ofs_y = -1},
    {.bitmap_index = 48773, .adv_w = 192, .box_w = 11, .box_h = 11, .ofs_x = 0, .ofs_y = -1},
    {.bitmap_index = 48789, .adv_w = 192, .box_w = 11, .box_h = 11, .ofs_x = 0, .ofs_y = -1},
    {.bitmap_index = 48805, .adv_w = 192, .box_w = 11, .box_h = 11, .ofs_x = 0, .ofs_y = -1},
    {.bitmap_index = 48821, .adv_w = 192, .box_w = 11, .box_h = 11, .ofs_x = 0, .ofs_y = -1},
    {.bitmap_index = 48837, .adv_w = 192, .box_w = 11, .box_h = 11, .ofs_x = 0, .ofs_y = -1},
    {.bitmap_index = 48853, .adv_w = 192, .box_w = 11, .box_h = 11, .ofs_x = 0, .ofs_y = -1},
    {.bitmap_index = 48869, .adv_w = 192, .box_w = 11, .box_h = 11, .ofs_x = 0, .ofs_y = -1},
    {.bitmap_index = 48885, .adv_w = 192, .box_w = 11, .box_h = 11, .ofs_x = 0, .ofs_y = -1},
    {.bitmap_index = 48901, .adv_w = 192, .box_w = 11, .box_h = 11, .ofs_x = 0, .ofs_y = -1},
    {.bitmap_index = 48917, .adv_w = 192, .box_w = 11, .box_h = 11, .ofs_x = 0, .ofs_y = -1},
    {.bitmap_index = 48933, .adv_w = 192, .box_w = 11, .box_h = 11, .ofs_x = 0, .ofs_y = -1},
    {.bitmap_index = 48949, .adv_w = 192, .box_w = 11, .box_h = 11, .ofs_x = 0, .ofs_y = -1},
    {.bitmap_index = 48965, .adv_w = 192, .box_w = 11, .box_h = 11, .ofs_x = 0, .ofs_y = -1},
    {.bitmap_index = 48981, .adv_w = 192, .box_w = 11, .box_h = 11, .ofs_x = 0, .ofs_y = -1},
    {.bitmap_index = 48997, .adv_w = 192, .box_w = 11, .box_h = 11, .ofs_x = 0, .ofs_y = -1},
    {.bitmap_index = 49013, .adv_w = 192, .box_w = 11, .box_h = 11, .ofs_x = 0, .ofs_y = -1},
    {.bitmap_index = 49029, .adv_w = 192, .box_w = 11, .box_h = 11, .ofs_x = 0, .ofs_y = -1},
    {.bitmap_index = 49045, .adv_w = 192, .box_w = 11, .box_h = 11, .ofs_x = 0, .ofs_y = -1},
    {.bitmap_index = 49061, .adv_w = 192, .box_w = 11, .box_h = 11, .ofs_x = 0, .ofs_y = -1},
    {.bitmap_index = 49077, .adv_w = 192, .box_w = 11, .box_h = 11, .ofs_x = 0, .ofs_y = -1},
    {.bitmap_index = 49093, .adv_w = 192, .box_w = 11, .box_h = 11, .ofs_x = 0, .ofs_y = -1},
    {.bitmap_index = 49109, .adv_w = 192, .box_w = 11, .box_h = 11, .ofs_x = 0, .ofs_y = -1},
    {.bitmap_index = 49125, .adv_w = 192, .box_w = 11, .box_h = 11, .ofs_x = 0, .ofs_y = -1},
    {.bitmap_index = 49141, .adv_w = 192, .box_w = 11, .box_h = 11, .ofs_x = 0, .ofs_y = -1},
    {.bitmap_index = 49157, .adv_w = 192, .box_w = 11, .box_h = 11, .ofs_x = 0, .ofs_y = -1},
    {.bitmap_index = 49173, .adv_w = 192, .box_w = 11, .box_h = 11, .ofs_x = 0, .ofs_y = -1},
    {.bitmap_index = 49189, .adv_w = 192, .box_w = 11, .box_h = 11, .ofs_x = 0, .ofs_y = -1},
    {.bitmap_index = 49205, .adv_w = 192, .box_w = 11, .box_h = 11, .ofs_x = 0, .ofs_y = -1},
    {.bitmap_index = 49221, .adv_w = 192, .box_w = 11, .box_h = 11, .ofs_x = 0, .ofs_y = -1},
    {.bitmap_index = 49237, .adv_w = 192, .box_w = 11, .box_h = 11, .ofs_x = 0, .ofs_y = -1},
    {.bitmap_index = 49253, .adv_w = 192, .box_w = 11, .box_h = 11, .ofs_x = 0, .ofs_y = -1},
    {.bitmap_index = 49269, .adv_w = 192, .box_w = 11, .box_h = 11, .ofs_x = 0, .ofs_y = -1},
    {.bitmap_index = 49285, .adv_w = 192, .box_w = 11, .box_h = 11, .ofs_x = 0, .ofs_y = -1},
    {.bitmap_index = 49301, .adv_w = 192, .box_w = 10, .box_h = 11, .ofs_x = 0, .ofs_y = -1},
    {.bitmap_index = 49315, .adv_w = 192, .box_w = 11, .box_h = 11, .ofs_x = 0, .ofs_y = -1},
    {.bitmap_index = 49331, .adv_w = 192, .box_w = 11, .box_h = 11, .ofs_x = 0, .ofs_y = -1},
    {.bitmap_index = 49347, .adv_w = 192, .box_w = 11, .box_h = 11, .ofs_x = 0, .ofs_y = -1},
    {.bitmap_index = 49363, .adv_w = 192, .box_w = 11, .box_h = 11, .ofs_x = 0, .ofs_y = -1},
    {.bitmap_index = 49379, .adv_w = 192, .box_w = 11, .box_h = 11, .ofs_x = 0, .ofs_y = -1},
    {.bitmap_index = 49395, .adv_w = 192, .box_w = 11, .box_h = 11, .ofs_x = 0, .ofs_y = -1},
    {.bitmap_index = 49411, .adv_w = 192, .box_w = 11, .box_h = 11, .ofs_x = 0, .ofs_y = -1},
    {.bitmap_index = 49427, .adv_w = 192, .box_w = 11, .box_h = 11, .ofs_x = 0, .ofs_y = -1},
    {.bitmap_index = 49443, .adv_w = 192, .box_w = 11, .box_h = 11, .ofs_x = 0, .ofs_y = -1},
    {.bitmap_index = 49459, .adv_w = 192, .box_w = 11, .box_h = 11, .ofs_x = 0, .ofs_y = -1},
    {.bitmap_index = 49475, .adv_w = 192, .box_w = 11, .box_h = 11, .ofs_x = 0, .ofs_y = -1},
    {.bitmap_index = 49491, .adv_w = 192, .box_w = 11, .box_h = 11, .ofs_x = 0, .ofs_y = -1},
    {.bitmap_index = 49507, .adv_w = 192, .box_w = 11, .box_h = 11, .ofs_x = 0, .ofs_y = -1},
    {.bitmap_index = 49523, .adv_w = 192, .box_w = 11, .box_h = 11, .ofs_x = 0, .ofs_y = -1},
    {.bitmap_index = 49539, .adv_w = 192, .box_w = 11, .box_h = 11, .ofs_x = 0, .ofs_y = -1},
    {.bitmap_index = 49555, .adv_w = 192, .box_w = 11, .box_h = 11, .ofs_x = 0, .ofs_y = -1},
    {.bitmap_index = 49571, .adv_w = 192, .box_w = 11, .box_h = 11, .ofs_x = 0, .ofs_y = -1},
    {.bitmap_index = 49587, .adv_w = 192, .box_w = 11, .box_h = 11, .ofs_x = 0, .ofs_y = -1},
    {.bitmap_index = 49603, .adv_w = 192, .box_w = 11, .box_h = 11, .ofs_x = 0, .ofs_y = -1},
    {.bitmap_index = 49619, .adv_w = 192, .box_w = 11, .box_h = 11, .ofs_x = 0, .ofs_y = -1},
    {.bitmap_index = 49635, .adv_w = 192, .box_w = 11, .box_h = 11, .ofs_x = 0, .ofs_y = -1},
    {.bitmap_index = 49651, .adv_w = 192, .box_w = 11, .box_h = 11, .ofs_x = 0, .ofs_y = -1},
    {.bitmap_index = 49667, .adv_w = 192, .box_w = 11, .box_h = 11, .ofs_x = 0, .ofs_y = -1},
    {.bitmap_index = 49683, .adv_w = 192, .box_w = 11, .box_h = 11, .ofs_x = 0, .ofs_y = -1},
    {.bitmap_index = 49699, .adv_w = 192, .box_w = 11, .box_h = 11, .ofs_x = 0, .ofs_y = -1},
    {.bitmap_index = 49715, .adv_w = 192, .box_w = 11, .box_h = 11, .ofs_x = 0, .ofs_y = -1},
    {.bitmap_index = 49731, .adv_w = 192, .box_w = 11, .box_h = 11, .ofs_x = 0, .ofs_y = -1},
    {.bitmap_index = 49747, .adv_w = 192, .box_w = 11, .box_h = 11, .ofs_x = 0, .ofs_y = -1},
    {.bitmap_index = 49763, .adv_w = 192, .box_w = 11, .box_h = 11, .ofs_x = 0, .ofs_y = -1},
    {.bitmap_index = 49779, .adv_w = 192, .box_w = 11, .box_h = 11, .ofs_x = 0, .ofs_y = -1},
    {.bitmap_index = 49795, .adv_w = 192, .box_w = 11, .box_h = 11, .ofs_x = 0, .ofs_y = -1},
    {.bitmap_index = 49811, .adv_w = 192, .box_w = 11, .box_h = 11, .ofs_x = 0, .ofs_y = -1},
    {.bitmap_index = 49827, .adv_w = 192, .box_w = 11, .box_h = 11, .ofs_x = 0, .ofs_y = -1},
    {.bitmap_index = 49843, .adv_w = 192, .box_w = 11, .box_h = 11, .ofs_x = 0, .ofs_y = -1},
    {.bitmap_index = 49859, .adv_w = 192, .box_w = 11, .box_h = 11, .ofs_x = 0, .ofs_y = -1},
    {.bitmap_index = 49875, .adv_w = 192, .box_w = 11, .box_h = 11, .ofs_x = 0, .ofs_y = -1},
    {.bitmap_index = 49891, .adv_w = 192, .box_w = 11, .box_h = 11, .ofs_x = 0, .ofs_y = -1},
    {.bitmap_index = 49907, .adv_w = 192, .box_w = 11, .box_h = 11, .ofs_x = 0, .ofs_y = -1},
    {.bitmap_index = 49923, .adv_w = 192, .box_w = 11, .box_h = 11, .ofs_x = 0, .ofs_y = -1},
    {.bitmap_index = 49939, .adv_w = 192, .box_w = 11, .box_h = 11, .ofs_x = 0, .ofs_y = -1},
    {.bitmap_index = 49955, .adv_w = 192, .box_w = 11, .box_h = 11, .ofs_x = 0, .ofs_y = -1},
    {.bitmap_index = 49971, .adv_w = 192, .box_w = 11, .box_h = 11, .ofs_x = 0, .ofs_y = -1},
    {.bitmap_index = 49987, .adv_w = 192, .box_w = 11, .box_h = 11, .ofs_x = 0, .ofs_y = -1},
    {.bitmap_index = 50003, .adv_w = 192, .box_w = 11, .box_h = 11, .ofs_x = 0, .ofs_y = -1},
    {.bitmap_index = 50019, .adv_w = 192, .box_w = 11, .box_h = 11, .ofs_x = 0, .ofs_y = -1},
    {.bitmap_index = 50035, .adv_w = 192, .box_w = 11, .box_h = 11, .ofs_x = 0, .ofs_y = -1},
    {.bitmap_index = 50051, .adv_w = 192, .box_w = 11, .box_h = 11, .ofs_x = 0, .ofs_y = -1},
    {.bitmap_index = 50067, .adv_w = 192, .box_w = 11, .box_h = 11, .ofs_x = 0, .ofs_y = -1},
    {.bitmap_index = 50083, .adv_w = 192, .box_w = 11, .box_h = 11, .ofs_x = 0, .ofs_y = -1},
    {.bitmap_index = 50099, .adv_w = 192, .box_w = 11, .box_h = 11, .ofs_x = 0, .ofs_y = -1},
    {.bitmap_index = 50115, .adv_w = 192, .box_w = 11, .box_h = 11, .ofs_x = 0, .ofs_y = -1},
    {.bitmap_index = 50131, .adv_w = 192, .box_w = 11, .box_h = 11, .ofs_x = 0, .ofs_y = -1},
    {.bitmap_index = 50147, .adv_w = 192, .box_w = 11, .box_h = 11, .ofs_x = 0, .ofs_y = -1},
    {.bitmap_index = 50163, .adv_w = 192, .box_w = 11, .box_h = 11, .ofs_x = 0, .ofs_y = -1},
    {.bitmap_index = 50179, .adv_w = 192, .box_w = 11, .box_h = 11, .ofs_x = 0, .ofs_y = -1},
    {.bitmap_index = 50195, .adv_w = 192, .box_w = 11, .box_h = 11, .ofs_x = 0, .ofs_y = -1},
    {.bitmap_index = 50211, .adv_w = 192, .box_w = 11, .box_h = 11, .ofs_x = 0, .ofs_y = -1},
    {.bitmap_index = 50227, .adv_w = 192, .box_w = 11, .box_h = 11, .ofs_x = 0, .ofs_y = -1},
    {.bitmap_index = 50243, .adv_w = 192, .box_w = 11, .box_h = 11, .ofs_x = 0, .ofs_y = -1},
    {.bitmap_index = 50259, .adv_w = 192, .box_w = 11, .box_h = 11, .ofs_x = 0, .ofs_y = -1},
    {.bitmap_index = 50275, .adv_w = 192, .box_w = 11, .box_h = 11, .ofs_x = 0, .ofs_y = -1},
    {.bitmap_index = 50291, .adv_w = 192, .box_w = 11, .box_h = 11, .ofs_x = 0, .ofs_y = -1},
    {.bitmap_index = 50307, .adv_w = 192, .box_w = 11, .box_h = 11, .ofs_x = 0, .ofs_y = -1},
    {.bitmap_index = 50323, .adv_w = 192, .box_w = 11, .box_h = 11, .ofs_x = 0, .ofs_y = -1},
    {.bitmap_index = 50339, .adv_w = 192, .box_w = 11, .box_h = 11, .ofs_x = 0, .ofs_y = -1},
    {.bitmap_index = 50355, .adv_w = 192, .box_w = 11, .box_h = 11, .ofs_x = 0, .ofs_y = -1},
    {.bitmap_index = 50371, .adv_w = 192, .box_w = 11, .box_h = 11, .ofs_x = 0, .ofs_y = -1},
    {.bitmap_index = 50387, .adv_w = 192, .box_w = 11, .box_h = 11, .ofs_x = 0, .ofs_y = -1},
    {.bitmap_index = 50403, .adv_w = 192, .box_w = 11, .box_h = 11, .ofs_x = 0, .ofs_y = -1},
    {.bitmap_index = 50419, .adv_w = 192, .box_w = 11, .box_h = 11, .ofs_x = 0, .ofs_y = -1},
    {.bitmap_index = 50435, .adv_w = 192, .box_w = 11, .box_h = 11, .ofs_x = 0, .ofs_y = -1},
    {.bitmap_index = 50451, .adv_w = 192, .box_w = 11, .box_h = 11, .ofs_x = 0, .ofs_y = -1},
    {.bitmap_index = 50467, .adv_w = 192, .box_w = 11, .box_h = 11, .ofs_x = 0, .ofs_y = -1},
    {.bitmap_index = 50483, .adv_w = 192, .box_w = 11, .box_h = 11, .ofs_x = 0, .ofs_y = -1},
    {.bitmap_index = 50499, .adv_w = 192, .box_w = 11, .box_h = 11, .ofs_x = 0, .ofs_y = -1},
    {.bitmap_index = 50515, .adv_w = 192, .box_w = 11, .box_h = 11, .ofs_x = 0, .ofs_y = -1},
    {.bitmap_index = 50531, .adv_w = 192, .box_w = 11, .box_h = 11, .ofs_x = 0, .ofs_y = -1},
    {.bitmap_index = 50547, .adv_w = 192, .box_w = 11, .box_h = 11, .ofs_x = 0, .ofs_y = -1},
    {.bitmap_index = 50563, .adv_w = 192, .box_w = 11, .box_h = 11, .ofs_x = 0, .ofs_y = -1},
    {.bitmap_index = 50579, .adv_w = 192, .box_w = 11, .box_h = 11, .ofs_x = 0, .ofs_y = -1},
    {.bitmap_index = 50595, .adv_w = 192, .box_w = 11, .box_h = 11, .ofs_x = 0, .ofs_y = -1},
    {.bitmap_index = 50611, .adv_w = 192, .box_w = 11, .box_h = 11, .ofs_x = 0, .ofs_y = -1},
    {.bitmap_index = 50627, .adv_w = 192, .box_w = 11, .box_h = 11, .ofs_x = 0, .ofs_y = -1},
    {.bitmap_index = 50643, .adv_w = 192, .box_w = 11, .box_h = 11, .ofs_x = 0, .ofs_y = -1},
    {.bitmap_index = 50659, .adv_w = 192, .box_w = 11, .box_h = 11, .ofs_x = 0, .ofs_y = -1},
    {.bitmap_index = 50675, .adv_w = 192, .box_w = 11, .box_h = 11, .ofs_x = 0, .ofs_y = -1},
    {.bitmap_index = 50691, .adv_w = 192, .box_w = 11, .box_h = 11, .ofs_x = 0, .ofs_y = -1},
    {.bitmap_index = 50707, .adv_w = 192, .box_w = 11, .box_h = 11, .ofs_x = 0, .ofs_y = -1},
    {.bitmap_index = 50723, .adv_w = 192, .box_w = 11, .box_h = 11, .ofs_x = 0, .ofs_y = -1},
    {.bitmap_index = 50739, .adv_w = 192, .box_w = 11, .box_h = 11, .ofs_x = 0, .ofs_y = -1},
    {.bitmap_index = 50755, .adv_w = 192, .box_w = 11, .box_h = 11, .ofs_x = 0, .ofs_y = -1},
    {.bitmap_index = 50771, .adv_w = 192, .box_w = 11, .box_h = 11, .ofs_x = 0, .ofs_y = -1},
    {.bitmap_index = 50787, .adv_w = 192, .box_w = 11, .box_h = 11, .ofs_x = 0, .ofs_y = -1},
    {.bitmap_index = 50803, .adv_w = 192, .box_w = 11, .box_h = 11, .ofs_x = 0, .ofs_y = -1},
    {.bitmap_index = 50819, .adv_w = 192, .box_w = 11, .box_h = 11, .ofs_x = 0, .ofs_y = -1},
    {.bitmap_index = 50835, .adv_w = 192, .box_w = 11, .box_h = 11, .ofs_x = 0, .ofs_y = -1},
    {.bitmap_index = 50851, .adv_w = 192, .box_w = 11, .box_h = 11, .ofs_x = 0, .ofs_y = -1},
    {.bitmap_index = 50867, .adv_w = 192, .box_w = 11, .box_h = 11, .ofs_x = 0, .ofs_y = -1},
    {.bitmap_index = 50883, .adv_w = 192, .box_w = 11, .box_h = 11, .ofs_x = 0, .ofs_y = -1},
    {.bitmap_index = 50899, .adv_w = 192, .box_w = 11, .box_h = 11, .ofs_x = 0, .ofs_y = -1},
    {.bitmap_index = 50915, .adv_w = 192, .box_w = 11, .box_h = 11, .ofs_x = 0, .ofs_y = -1},
    {.bitmap_index = 50931, .adv_w = 192, .box_w = 11, .box_h = 11, .ofs_x = 0, .ofs_y = -1},
    {.bitmap_index = 50947, .adv_w = 192, .box_w = 11, .box_h = 11, .ofs_x = 0, .ofs_y = -1},
    {.bitmap_index = 50963, .adv_w = 192, .box_w = 11, .box_h = 11, .ofs_x = 0, .ofs_y = -1},
    {.bitmap_index = 50979, .adv_w = 192, .box_w = 11, .box_h = 11, .ofs_x = 0, .ofs_y = -1},
    {.bitmap_index = 50995, .adv_w = 192, .box_w = 11, .box_h = 11, .ofs_x = 0, .ofs_y = -1},
    {.bitmap_index = 51011, .adv_w = 192, .box_w = 11, .box_h = 11, .ofs_x = 0, .ofs_y = -1},
    {.bitmap_index = 51027, .adv_w = 192, .box_w = 11, .box_h = 11, .ofs_x = 0, .ofs_y = -1},
    {.bitmap_index = 51043, .adv_w = 192, .box_w = 11, .box_h = 11, .ofs_x = 0, .ofs_y = -1},
    {.bitmap_index = 51059, .adv_w = 192, .box_w = 11, .box_h = 11, .ofs_x = 0, .ofs_y = -1},
    {.bitmap_index = 51075, .adv_w = 192, .box_w = 11, .box_h = 11, .ofs_x = 0, .ofs_y = -1},
    {.bitmap_index = 51091, .adv_w = 192, .box_w = 11, .box_h = 11, .ofs_x = 0, .ofs_y = -1},
    {.bitmap_index = 51107, .adv_w = 192, .box_w = 11, .box_h = 11, .ofs_x = 0, .ofs_y = -1},
    {.bitmap_index = 51123, .adv_w = 192, .box_w = 11, .box_h = 11, .ofs_x = 0, .ofs_y = -1},
    {.bitmap_index = 51139, .adv_w = 192, .box_w = 11, .box_h = 11, .ofs_x = 0, .ofs_y = -1},
    {.bitmap_index = 51155, .adv_w = 192, .box_w = 11, .box_h = 11, .ofs_x = 0, .ofs_y = -1},
    {.bitmap_index = 51171, .adv_w = 192, .box_w = 11, .box_h = 11, .ofs_x = 0, .ofs_y = -1},
    {.bitmap_index = 51187, .adv_w = 192, .box_w = 11, .box_h = 11, .ofs_x = 0, .ofs_y = -1},
    {.bitmap_index = 51203, .adv_w = 192, .box_w = 11, .box_h = 11, .ofs_x = 0, .ofs_y = -1},
    {.bitmap_index = 51219, .adv_w = 192, .box_w = 11, .box_h = 11, .ofs_x = 0, .ofs_y = -1},
    {.bitmap_index = 51235, .adv_w = 192, .box_w = 11, .box_h = 11, .ofs_x = 0, .ofs_y = -1},
    {.bitmap_index = 51251, .adv_w = 192, .box_w = 11, .box_h = 11, .ofs_x = 0, .ofs_y = -1},
    {.bitmap_index = 51267, .adv_w = 192, .box_w = 11, .box_h = 11, .ofs_x = 0, .ofs_y = -1},
    {.bitmap_index = 51283, .adv_w = 192, .box_w = 11, .box_h = 11, .ofs_x = 0, .ofs_y = -1},
    {.bitmap_index = 51299, .adv_w = 192, .box_w = 11, .box_h = 11, .ofs_x = 0, .ofs_y = -1},
    {.bitmap_index = 51315, .adv_w = 192, .box_w = 11, .box_h = 11, .ofs_x = 0, .ofs_y = -1},
    {.bitmap_index = 51331, .adv_w = 192, .box_w = 11, .box_h = 11, .ofs_x = 0, .ofs_y = -1},
    {.bitmap_index = 51347, .adv_w = 192, .box_w = 11, .box_h = 11, .ofs_x = 0, .ofs_y = -1},
    {.bitmap_index = 51363, .adv_w = 192, .box_w = 11, .box_h = 11, .ofs_x = 0, .ofs_y = -1},
    {.bitmap_index = 51379, .adv_w = 192, .box_w = 11, .box_h = 11, .ofs_x = 0, .ofs_y = -1},
    {.bitmap_index = 51395, .adv_w = 192, .box_w = 11, .box_h = 11, .ofs_x = 0, .ofs_y = -1},
    {.bitmap_index = 51411, .adv_w = 192, .box_w = 11, .box_h = 11, .ofs_x = 0, .ofs_y = -1},
    {.bitmap_index = 51427, .adv_w = 192, .box_w = 11, .box_h = 11, .ofs_x = 0, .ofs_y = -1},
    {.bitmap_index = 51443, .adv_w = 192, .box_w = 11, .box_h = 11, .ofs_x = 0, .ofs_y = -1},
    {.bitmap_index = 51459, .adv_w = 192, .box_w = 11, .box_h = 11, .ofs_x = 0, .ofs_y = -1},
    {.bitmap_index = 51475, .adv_w = 192, .box_w = 11, .box_h = 11, .ofs_x = 0, .ofs_y = -1},
    {.bitmap_index = 51491, .adv_w = 192, .box_w = 11, .box_h = 11, .ofs_x = 0, .ofs_y = -1},
    {.bitmap_index = 51507, .adv_w = 192, .box_w = 11, .box_h = 11, .ofs_x = 0, .ofs_y = -1},
    {.bitmap_index = 51523, .adv_w = 192, .box_w = 11, .box_h = 11, .ofs_x = 0, .ofs_y = -1},
    {.bitmap_index = 51539, .adv_w = 192, .box_w = 11, .box_h = 11, .ofs_x = 0, .ofs_y = -1},
    {.bitmap_index = 51555, .adv_w = 192, .box_w = 11, .box_h = 11, .ofs_x = 0, .ofs_y = -1},
    {.bitmap_index = 51571, .adv_w = 192, .box_w = 11, .box_h = 11, .ofs_x = 0, .ofs_y = -1},
    {.bitmap_index = 51587, .adv_w = 192, .box_w = 11, .box_h = 11, .ofs_x = 0, .ofs_y = -1},
    {.bitmap_index = 51603, .adv_w = 192, .box_w = 11, .box_h = 11, .ofs_x = 0, .ofs_y = -1},
    {.bitmap_index = 51619, .adv_w = 192, .box_w = 11, .box_h = 11, .ofs_x = 0, .ofs_y = -1},
    {.bitmap_index = 51635, .adv_w = 192, .box_w = 11, .box_h = 11, .ofs_x = 0, .ofs_y = -1},
    {.bitmap_index = 51651, .adv_w = 192, .box_w = 11, .box_h = 11, .ofs_x = 0, .ofs_y = -1},
    {.bitmap_index = 51667, .adv_w = 192, .box_w = 11, .box_h = 11, .ofs_x = 0, .ofs_y = -1},
    {.bitmap_index = 51683, .adv_w = 192, .box_w = 11, .box_h = 11, .ofs_x = 0, .ofs_y = -1},
    {.bitmap_index = 51699, .adv_w = 192, .box_w = 11, .box_h = 11, .ofs_x = 0, .ofs_y = -1},
    {.bitmap_index = 51715, .adv_w = 192, .box_w = 11, .box_h = 11, .ofs_x = 0, .ofs_y = -1},
    {.bitmap_index = 51731, .adv_w = 192, .box_w = 11, .box_h = 11, .ofs_x = 0, .ofs_y = -1},
    {.bitmap_index = 51747, .adv_w = 192, .box_w = 11, .box_h = 11, .ofs_x = 0, .ofs_y = -1},
    {.bitmap_index = 51763, .adv_w = 192, .box_w = 11, .box_h = 11, .ofs_x = 0, .ofs_y = -1},
    {.bitmap_index = 51779, .adv_w = 192, .box_w = 11, .box_h = 11, .ofs_x = 0, .ofs_y = -1},
    {.bitmap_index = 51795, .adv_w = 192, .box_w = 11, .box_h = 11, .ofs_x = 0, .ofs_y = -1},
    {.bitmap_index = 51811, .adv_w = 192, .box_w = 11, .box_h = 11, .ofs_x = 0, .ofs_y = -1},
    {.bitmap_index = 51827, .adv_w = 192, .box_w = 11, .box_h = 11, .ofs_x = 0, .ofs_y = -1},
    {.bitmap_index = 51843, .adv_w = 192, .box_w = 11, .box_h = 11, .ofs_x = 0, .ofs_y = -1},
    {.bitmap_index = 51859, .adv_w = 192, .box_w = 11, .box_h = 11, .ofs_x = 0, .ofs_y = -1},
    {.bitmap_index = 51875, .adv_w = 192, .box_w = 11, .box_h = 11, .ofs_x = 0, .ofs_y = -1},
    {.bitmap_index = 51891, .adv_w = 192, .box_w = 11, .box_h = 11, .ofs_x = 0, .ofs_y = -1},
    {.bitmap_index = 51907, .adv_w = 192, .box_w = 11, .box_h = 11, .ofs_x = 0, .ofs_y = -1},
    {.bitmap_index = 51923, .adv_w = 192, .box_w = 11, .box_h = 11, .ofs_x = 0, .ofs_y = -1},
    {.bitmap_index = 51939, .adv_w = 192, .box_w = 11, .box_h = 11, .ofs_x = 0, .ofs_y = -1},
    {.bitmap_index = 51955, .adv_w = 192, .box_w = 11, .box_h = 11, .ofs_x = 0, .ofs_y = -1},
    {.bitmap_index = 51971, .adv_w = 192, .box_w = 11, .box_h = 11, .ofs_x = 0, .ofs_y = -1},
    {.bitmap_index = 51987, .adv_w = 192, .box_w = 11, .box_h = 11, .ofs_x = 0, .ofs_y = -1},
    {.bitmap_index = 52003, .adv_w = 192, .box_w = 11, .box_h = 11, .ofs_x = 0, .ofs_y = -1},
    {.bitmap_index = 52019, .adv_w = 192, .box_w = 11, .box_h = 11, .ofs_x = 0, .ofs_y = -1},
    {.bitmap_index = 52035, .adv_w = 192, .box_w = 11, .box_h = 11, .ofs_x = 0, .ofs_y = -1},
    {.bitmap_index = 52051, .adv_w = 192, .box_w = 11, .box_h = 11, .ofs_x = 0, .ofs_y = -1},
    {.bitmap_index = 52067, .adv_w = 192, .box_w = 11, .box_h = 11, .ofs_x = 0, .ofs_y = -1},
    {.bitmap_index = 52083, .adv_w = 192, .box_w = 11, .box_h = 11, .ofs_x = 0, .ofs_y = -1},
    {.bitmap_index = 52099, .adv_w = 192, .box_w = 11, .box_h = 11, .ofs_x = 0, .ofs_y = -1},
    {.bitmap_index = 52115, .adv_w = 192, .box_w = 11, .box_h = 11, .ofs_x = 0, .ofs_y = -1},
    {.bitmap_index = 52131, .adv_w = 192, .box_w = 11, .box_h = 11, .ofs_x = 0, .ofs_y = -1},
    {.bitmap_index = 52147, .adv_w = 192, .box_w = 11, .box_h = 11, .ofs_x = 0, .ofs_y = -1},
    {.bitmap_index = 52163, .adv_w = 192, .box_w = 11, .box_h = 11, .ofs_x = 0, .ofs_y = -1},
    {.bitmap_index = 52179, .adv_w = 192, .box_w = 11, .box_h = 11, .ofs_x = 0, .ofs_y = -1},
    {.bitmap_index = 52195, .adv_w = 192, .box_w = 11, .box_h = 11, .ofs_x = 0, .ofs_y = -1},
    {.bitmap_index = 52211, .adv_w = 192, .box_w = 11, .box_h = 11, .ofs_x = 0, .ofs_y = -1},
    {.bitmap_index = 52227, .adv_w = 192, .box_w = 11, .box_h = 11, .ofs_x = 0, .ofs_y = -1},
    {.bitmap_index = 52243, .adv_w = 192, .box_w = 11, .box_h = 11, .ofs_x = 0, .ofs_y = -1},
    {.bitmap_index = 52259, .adv_w = 192, .box_w = 11, .box_h = 11, .ofs_x = 0, .ofs_y = -1},
    {.bitmap_index = 52275, .adv_w = 192, .box_w = 11, .box_h = 11, .ofs_x = 0, .ofs_y = -1},
    {.bitmap_index = 52291, .adv_w = 192, .box_w = 11, .box_h = 11, .ofs_x = 0, .ofs_y = -1},
    {.bitmap_index = 52307, .adv_w = 192, .box_w = 11, .box_h = 11, .ofs_x = 0, .ofs_y = -1},
    {.bitmap_index = 52323, .adv_w = 192, .box_w = 11, .box_h = 11, .ofs_x = 0, .ofs_y = -1},
    {.bitmap_index = 52339, .adv_w = 192, .box_w = 11, .box_h = 11, .ofs_x = 0, .ofs_y = -1},
    {.bitmap_index = 52355, .adv_w = 192, .box_w = 11, .box_h = 11, .ofs_x = 0, .ofs_y = -1},
    {.bitmap_index = 52371, .adv_w = 192, .box_w = 11, .box_h = 11, .ofs_x = 0, .ofs_y = -1},
    {.bitmap_index = 52387, .adv_w = 192, .box_w = 11, .box_h = 11, .ofs_x = 0, .ofs_y = -1},
    {.bitmap_index = 52403, .adv_w = 192, .box_w = 11, .box_h = 11, .ofs_x = 0, .ofs_y = -1},
    {.bitmap_index = 52419, .adv_w = 192, .box_w = 11, .box_h = 11, .ofs_x = 0, .ofs_y = -1},
    {.bitmap_index = 52435, .adv_w = 192, .box_w = 11, .box_h = 11, .ofs_x = 0, .ofs_y = -1},
    {.bitmap_index = 52451, .adv_w = 192, .box_w = 11, .box_h = 11, .ofs_x = 0, .ofs_y = -1},
    {.bitmap_index = 52467, .adv_w = 192, .box_w = 11, .box_h = 11, .ofs_x = 0, .ofs_y = -1},
    {.bitmap_index = 52483, .adv_w = 192, .box_w = 11, .box_h = 11, .ofs_x = 0, .ofs_y = -1},
    {.bitmap_index = 52499, .adv_w = 192, .box_w = 11, .box_h = 11, .ofs_x = 0, .ofs_y = -1},
    {.bitmap_index = 52515, .adv_w = 192, .box_w = 11, .box_h = 11, .ofs_x = 0, .ofs_y = -1},
    {.bitmap_index = 52531, .adv_w = 192, .box_w = 11, .box_h = 11, .ofs_x = 0, .ofs_y = -1},
    {.bitmap_index = 52547, .adv_w = 192, .box_w = 11, .box_h = 11, .ofs_x = 0, .ofs_y = -1},
    {.bitmap_index = 52563, .adv_w = 192, .box_w = 11, .box_h = 11, .ofs_x = 0, .ofs_y = -1},
    {.bitmap_index = 52579, .adv_w = 192, .box_w = 11, .box_h = 11, .ofs_x = 0, .ofs_y = -1},
    {.bitmap_index = 52595, .adv_w = 192, .box_w = 11, .box_h = 11, .ofs_x = 0, .ofs_y = -1},
    {.bitmap_index = 52611, .adv_w = 192, .box_w = 11, .box_h = 11, .ofs_x = 0, .ofs_y = -1},
    {.bitmap_index = 52627, .adv_w = 192, .box_w = 11, .box_h = 11, .ofs_x = 0, .ofs_y = -1},
    {.bitmap_index = 52643, .adv_w = 192, .box_w = 11, .box_h = 11, .ofs_x = 0, .ofs_y = -1},
    {.bitmap_index = 52659, .adv_w = 192, .box_w = 11, .box_h = 11, .ofs_x = 0, .ofs_y = -1},
    {.bitmap_index = 52675, .adv_w = 192, .box_w = 11, .box_h = 11, .ofs_x = 0, .ofs_y = -1},
    {.bitmap_index = 52691, .adv_w = 192, .box_w = 11, .box_h = 11, .ofs_x = 0, .ofs_y = -1},
    {.bitmap_index = 52707, .adv_w = 192, .box_w = 11, .box_h = 11, .ofs_x = 0, .ofs_y = -1},
    {.bitmap_index = 52723, .adv_w = 192, .box_w = 11, .box_h = 11, .ofs_x = 0, .ofs_y = -1},
    {.bitmap_index = 52739, .adv_w = 192, .box_w = 11, .box_h = 11, .ofs_x = 0, .ofs_y = -1},
    {.bitmap_index = 52755, .adv_w = 192, .box_w = 11, .box_h = 11, .ofs_x = 0, .ofs_y = -1},
    {.bitmap_index = 52771, .adv_w = 192, .box_w = 11, .box_h = 11, .ofs_x = 0, .ofs_y = -1},
    {.bitmap_index = 52787, .adv_w = 192, .box_w = 11, .box_h = 11, .ofs_x = 0, .ofs_y = -1},
    {.bitmap_index = 52803, .adv_w = 192, .box_w = 11, .box_h = 11, .ofs_x = 0, .ofs_y = -1},
    {.bitmap_index = 52819, .adv_w = 192, .box_w = 11, .box_h = 11, .ofs_x = 0, .ofs_y = -1},
    {.bitmap_index = 52835, .adv_w = 192, .box_w = 11, .box_h = 11, .ofs_x = 0, .ofs_y = -1},
    {.bitmap_index = 52851, .adv_w = 192, .box_w = 11, .box_h = 11, .ofs_x = 0, .ofs_y = -1},
    {.bitmap_index = 52867, .adv_w = 192, .box_w = 11, .box_h = 11, .ofs_x = 0, .ofs_y = -1},
    {.bitmap_index = 52883, .adv_w = 192, .box_w = 11, .box_h = 11, .ofs_x = 0, .ofs_y = -1},
    {.bitmap_index = 52899, .adv_w = 192, .box_w = 11, .box_h = 11, .ofs_x = 0, .ofs_y = -1},
    {.bitmap_index = 52915, .adv_w = 192, .box_w = 11, .box_h = 11, .ofs_x = 0, .ofs_y = -1},
    {.bitmap_index = 52931, .adv_w = 192, .box_w = 11, .box_h = 11, .ofs_x = 0, .ofs_y = -1},
    {.bitmap_index = 52947, .adv_w = 192, .box_w = 11, .box_h = 11, .ofs_x = 0, .ofs_y = -1},
    {.bitmap_index = 52963, .adv_w = 192, .box_w = 11, .box_h = 11, .ofs_x = 0, .ofs_y = -1},
    {.bitmap_index = 52979, .adv_w = 192, .box_w = 11, .box_h = 11, .ofs_x = 0, .ofs_y = -1},
    {.bitmap_index = 52995, .adv_w = 192, .box_w = 11, .box_h = 11, .ofs_x = 0, .ofs_y = -1},
    {.bitmap_index = 53011, .adv_w = 192, .box_w = 11, .box_h = 11, .ofs_x = 0, .ofs_y = -1},
    {.bitmap_index = 53027, .adv_w = 192, .box_w = 11, .box_h = 11, .ofs_x = 0, .ofs_y = -1},
    {.bitmap_index = 53043, .adv_w = 192, .box_w = 11, .box_h = 11, .ofs_x = 0, .ofs_y = -1},
    {.bitmap_index = 53059, .adv_w = 192, .box_w = 11, .box_h = 11, .ofs_x = 0, .ofs_y = -1},
    {.bitmap_index = 53075, .adv_w = 192, .box_w = 11, .box_h = 11, .ofs_x = 0, .ofs_y = -1},
    {.bitmap_index = 53091, .adv_w = 192, .box_w = 11, .box_h = 11, .ofs_x = 0, .ofs_y = -1},
    {.bitmap_index = 53107, .adv_w = 192, .box_w = 11, .box_h = 11, .ofs_x = 0, .ofs_y = -1},
    {.bitmap_index = 53123, .adv_w = 192, .box_w = 11, .box_h = 11, .ofs_x = 0, .ofs_y = -1},
    {.bitmap_index = 53139, .adv_w = 192, .box_w = 11, .box_h = 11, .ofs_x = 0, .ofs_y = -1},
    {.bitmap_index = 53155, .adv_w = 192, .box_w = 11, .box_h = 11, .ofs_x = 0, .ofs_y = -1},
    {.bitmap_index = 53171, .adv_w = 192, .box_w = 11, .box_h = 11, .ofs_x = 0, .ofs_y = -1},
    {.bitmap_index = 53187, .adv_w = 192, .box_w = 11, .box_h = 11, .ofs_x = 0, .ofs_y = -1},
    {.bitmap_index = 53203, .adv_w = 192, .box_w = 11, .box_h = 11, .ofs_x = 0, .ofs_y = -1},
    {.bitmap_index = 53219, .adv_w = 192, .box_w = 11, .box_h = 11, .ofs_x = 0, .ofs_y = -1},
    {.bitmap_index = 53235, .adv_w = 192, .box_w = 11, .box_h = 11, .ofs_x = 0, .ofs_y = -1},
    {.bitmap_index = 53251, .adv_w = 192, .box_w = 11, .box_h = 11, .ofs_x = 0, .ofs_y = -1},
    {.bitmap_index = 53267, .adv_w = 192, .box_w = 11, .box_h = 11, .ofs_x = 0, .ofs_y = -1},
    {.bitmap_index = 53283, .adv_w = 192, .box_w = 11, .box_h = 11, .ofs_x = 0, .ofs_y = -1},
    {.bitmap_index = 53299, .adv_w = 192, .box_w = 11, .box_h = 11, .ofs_x = 0, .ofs_y = -1},
    {.bitmap_index = 53315, .adv_w = 192, .box_w = 11, .box_h = 11, .ofs_x = 0, .ofs_y = -1},
    {.bitmap_index = 53331, .adv_w = 192, .box_w = 11, .box_h = 11, .ofs_x = 0, .ofs_y = -1},
    {.bitmap_index = 53347, .adv_w = 192, .box_w = 11, .box_h = 11, .ofs_x = 0, .ofs_y = -1},
    {.bitmap_index = 53363, .adv_w = 192, .box_w = 11, .box_h = 11, .ofs_x = 0, .ofs_y = -1},
    {.bitmap_index = 53379, .adv_w = 192, .box_w = 11, .box_h = 11, .ofs_x = 0, .ofs_y = -1},
    {.bitmap_index = 53395, .adv_w = 192, .box_w = 11, .box_h = 11, .ofs_x = 0, .ofs_y = -1},
    {.bitmap_index = 53411, .adv_w = 192, .box_w = 11, .box_h = 11, .ofs_x = 0, .ofs_y = -1},
    {.bitmap_index = 53427, .adv_w = 192, .box_w = 11, .box_h = 11, .ofs_x = 0, .ofs_y = -1},
    {.bitmap_index = 53443, .adv_w = 192, .box_w = 11, .box_h = 11, .ofs_x = 0, .ofs_y = -1},
    {.bitmap_index = 53459, .adv_w = 192, .box_w = 11, .box_h = 11, .ofs_x = 0, .ofs_y = -1},
    {.bitmap_index = 53475, .adv_w = 192, .box_w = 11, .box_h = 11, .ofs_x = 0, .ofs_y = -1},
    {.bitmap_index = 53491, .adv_w = 192, .box_w = 11, .box_h = 11, .ofs_x = 0, .ofs_y = -1},
    {.bitmap_index = 53507, .adv_w = 192, .box_w = 11, .box_h = 11, .ofs_x = 0, .ofs_y = -1},
    {.bitmap_index = 53523, .adv_w = 192, .box_w = 11, .box_h = 11, .ofs_x = 0, .ofs_y = -1},
    {.bitmap_index = 53539, .adv_w = 192, .box_w = 11, .box_h = 11, .ofs_x = 0, .ofs_y = -1},
    {.bitmap_index = 53555, .adv_w = 192, .box_w = 11, .box_h = 11, .ofs_x = 0, .ofs_y = -1},
    {.bitmap_index = 53571, .adv_w = 192, .box_w = 11, .box_h = 11, .ofs_x = 0, .ofs_y = -1},
    {.bitmap_index = 53587, .adv_w = 192, .box_w = 11, .box_h = 11, .ofs_x = 0, .ofs_y = -1},
    {.bitmap_index = 53603, .adv_w = 192, .box_w = 11, .box_h = 11, .ofs_x = 0, .ofs_y = -1},
    {.bitmap_index = 53619, .adv_w = 192, .box_w = 11, .box_h = 11, .ofs_x = 0, .ofs_y = -1},
    {.bitmap_index = 53635, .adv_w = 192, .box_w = 11, .box_h = 11, .ofs_x = 0, .ofs_y = -1},
    {.bitmap_index = 53651, .adv_w = 192, .box_w = 11, .box_h = 11, .ofs_x = 0, .ofs_y = -1},
    {.bitmap_index = 53667, .adv_w = 192, .box_w = 11, .box_h = 11, .ofs_x = 0, .ofs_y = -1},
    {.bitmap_index = 53683, .adv_w = 192, .box_w = 11, .box_h = 11, .ofs_x = 0, .ofs_y = -1},
    {.bitmap_index = 53699, .adv_w = 192, .box_w = 11, .box_h = 11, .ofs_x = 0, .ofs_y = -1},
    {.bitmap_index = 53715, .adv_w = 192, .box_w = 11, .box_h = 11, .ofs_x = 0, .ofs_y = -1},
    {.bitmap_index = 53731, .adv_w = 192, .box_w = 11, .box_h = 11, .ofs_x = 0, .ofs_y = -1},
    {.bitmap_index = 53747, .adv_w = 192, .box_w = 11, .box_h = 11, .ofs_x = 0, .ofs_y = -1},
    {.bitmap_index = 53763, .adv_w = 192, .box_w = 11, .box_h = 11, .ofs_x = 0, .ofs_y = -1},
    {.bitmap_index = 53779, .adv_w = 192, .box_w = 11, .box_h = 11, .ofs_x = 0, .ofs_y = -1},
    {.bitmap_index = 53795, .adv_w = 192, .box_w = 11, .box_h = 11, .ofs_x = 0, .ofs_y = -1},
    {.bitmap_index = 53811, .adv_w = 192, .box_w = 11, .box_h = 11, .ofs_x = 0, .ofs_y = -1},
    {.bitmap_index = 53827, .adv_w = 192, .box_w = 11, .box_h = 11, .ofs_x = 0, .ofs_y = -1},
    {.bitmap_index = 53843, .adv_w = 192, .box_w = 11, .box_h = 11, .ofs_x = 0, .ofs_y = -1},
    {.bitmap_index = 53859, .adv_w = 192, .box_w = 11, .box_h = 11, .ofs_x = 0, .ofs_y = -1},
    {.bitmap_index = 53875, .adv_w = 192, .box_w = 11, .box_h = 11, .ofs_x = 0, .ofs_y = -1},
    {.bitmap_index = 53891, .adv_w = 192, .box_w = 11, .box_h = 11, .ofs_x = 0, .ofs_y = -1},
    {.bitmap_index = 53907, .adv_w = 192, .box_w = 11, .box_h = 11, .ofs_x = 0, .ofs_y = -1},
    {.bitmap_index = 53923, .adv_w = 192, .box_w = 11, .box_h = 11, .ofs_x = 0, .ofs_y = -1},
    {.bitmap_index = 53939, .adv_w = 192, .box_w = 11, .box_h = 11, .ofs_x = 0, .ofs_y = -1},
    {.bitmap_index = 53955, .adv_w = 192, .box_w = 11, .box_h = 11, .ofs_x = 0, .ofs_y = -1},
    {.bitmap_index = 53971, .adv_w = 192, .box_w = 11, .box_h = 11, .ofs_x = 0, .ofs_y = -1},
    {.bitmap_index = 53987, .adv_w = 192, .box_w = 11, .box_h = 11, .ofs_x = 0, .ofs_y = -1},
    {.bitmap_index = 54003, .adv_w = 192, .box_w = 11, .box_h = 11, .ofs_x = 0, .ofs_y = -1},
    {.bitmap_index = 54019, .adv_w = 192, .box_w = 11, .box_h = 11, .ofs_x = 0, .ofs_y = -1},
    {.bitmap_index = 54035, .adv_w = 192, .box_w = 11, .box_h = 11, .ofs_x = 0, .ofs_y = -1},
    {.bitmap_index = 54051, .adv_w = 192, .box_w = 11, .box_h = 11, .ofs_x = 0, .ofs_y = -1},
    {.bitmap_index = 54067, .adv_w = 192, .box_w = 11, .box_h = 11, .ofs_x = 0, .ofs_y = -1},
    {.bitmap_index = 54083, .adv_w = 192, .box_w = 11, .box_h = 11, .ofs_x = 0, .ofs_y = -1},
    {.bitmap_index = 54099, .adv_w = 192, .box_w = 11, .box_h = 11, .ofs_x = 0, .ofs_y = -1},
    {.bitmap_index = 54115, .adv_w = 192, .box_w = 11, .box_h = 11, .ofs_x = 0, .ofs_y = -1},
    {.bitmap_index = 54131, .adv_w = 192, .box_w = 11, .box_h = 11, .ofs_x = 0, .ofs_y = -1},
    {.bitmap_index = 54147, .adv_w = 192, .box_w = 11, .box_h = 11, .ofs_x = 0, .ofs_y = -1},
    {.bitmap_index = 54163, .adv_w = 192, .box_w = 11, .box_h = 11, .ofs_x = 0, .ofs_y = -1},
    {.bitmap_index = 54179, .adv_w = 192, .box_w = 11, .box_h = 11, .ofs_x = 0, .ofs_y = -1},
    {.bitmap_index = 54195, .adv_w = 192, .box_w = 11, .box_h = 11, .ofs_x = 0, .ofs_y = -1},
    {.bitmap_index = 54211, .adv_w = 192, .box_w = 11, .box_h = 11, .ofs_x = 0, .ofs_y = -1},
    {.bitmap_index = 54227, .adv_w = 192, .box_w = 10, .box_h = 11, .ofs_x = 1, .ofs_y = -1},
    {.bitmap_index = 54241, .adv_w = 192, .box_w = 11, .box_h = 11, .ofs_x = 0, .ofs_y = -1},
    {.bitmap_index = 54257, .adv_w = 192, .box_w = 11, .box_h = 11, .ofs_x = 0, .ofs_y = -1},
    {.bitmap_index = 54273, .adv_w = 192, .box_w = 11, .box_h = 11, .ofs_x = 0, .ofs_y = -1},
    {.bitmap_index = 54289, .adv_w = 192, .box_w = 11, .box_h = 11, .ofs_x = 0, .ofs_y = -1},
    {.bitmap_index = 54305, .adv_w = 192, .box_w = 11, .box_h = 11, .ofs_x = 0, .ofs_y = -1},
    {.bitmap_index = 54321, .adv_w = 192, .box_w = 11, .box_h = 11, .ofs_x = 0, .ofs_y = -1},
    {.bitmap_index = 54337, .adv_w = 192, .box_w = 11, .box_h = 11, .ofs_x = 0, .ofs_y = -1},
    {.bitmap_index = 54353, .adv_w = 192, .box_w = 11, .box_h = 11, .ofs_x = 0, .ofs_y = -1},
    {.bitmap_index = 54369, .adv_w = 192, .box_w = 11, .box_h = 11, .ofs_x = 0, .ofs_y = -1},
    {.bitmap_index = 54385, .adv_w = 192, .box_w = 11, .box_h = 11, .ofs_x = 0, .ofs_y = -1},
    {.bitmap_index = 54401, .adv_w = 192, .box_w = 11, .box_h = 11, .ofs_x = 0, .ofs_y = -1},
    {.bitmap_index = 54417, .adv_w = 192, .box_w = 11, .box_h = 11, .ofs_x = 0, .ofs_y = -1},
    {.bitmap_index = 54433, .adv_w = 192, .box_w = 11, .box_h = 11, .ofs_x = 0, .ofs_y = -1},
    {.bitmap_index = 54449, .adv_w = 192, .box_w = 11, .box_h = 11, .ofs_x = 0, .ofs_y = -1},
    {.bitmap_index = 54465, .adv_w = 192, .box_w = 11, .box_h = 11, .ofs_x = 0, .ofs_y = -1},
    {.bitmap_index = 54481, .adv_w = 192, .box_w = 11, .box_h = 11, .ofs_x = 0, .ofs_y = -1},
    {.bitmap_index = 54497, .adv_w = 192, .box_w = 11, .box_h = 11, .ofs_x = 0, .ofs_y = -1},
    {.bitmap_index = 54513, .adv_w = 192, .box_w = 11, .box_h = 11, .ofs_x = 0, .ofs_y = -1},
    {.bitmap_index = 54529, .adv_w = 192, .box_w = 11, .box_h = 11, .ofs_x = 0, .ofs_y = -1},
    {.bitmap_index = 54545, .adv_w = 192, .box_w = 11, .box_h = 11, .ofs_x = 0, .ofs_y = -1},
    {.bitmap_index = 54561, .adv_w = 192, .box_w = 11, .box_h = 11, .ofs_x = 0, .ofs_y = -1},
    {.bitmap_index = 54577, .adv_w = 192, .box_w = 11, .box_h = 11, .ofs_x = 0, .ofs_y = -1},
    {.bitmap_index = 54593, .adv_w = 192, .box_w = 11, .box_h = 11, .ofs_x = 0, .ofs_y = -1},
    {.bitmap_index = 54609, .adv_w = 192, .box_w = 11, .box_h = 11, .ofs_x = 0, .ofs_y = -1},
    {.bitmap_index = 54625, .adv_w = 192, .box_w = 11, .box_h = 11, .ofs_x = 0, .ofs_y = -1},
    {.bitmap_index = 54641, .adv_w = 192, .box_w = 11, .box_h = 11, .ofs_x = 0, .ofs_y = -1},
    {.bitmap_index = 54657, .adv_w = 192, .box_w = 11, .box_h = 11, .ofs_x = 0, .ofs_y = -1},
    {.bitmap_index = 54673, .adv_w = 192, .box_w = 11, .box_h = 11, .ofs_x = 0, .ofs_y = -1},
    {.bitmap_index = 54689, .adv_w = 192, .box_w = 11, .box_h = 11, .ofs_x = 0, .ofs_y = -1},
    {.bitmap_index = 54705, .adv_w = 192, .box_w = 11, .box_h = 11, .ofs_x = 0, .ofs_y = -1},
    {.bitmap_index = 54721, .adv_w = 192, .box_w = 11, .box_h = 11, .ofs_x = 0, .ofs_y = -1},
    {.bitmap_index = 54737, .adv_w = 192, .box_w = 11, .box_h = 11, .ofs_x = 0, .ofs_y = -1},
    {.bitmap_index = 54753, .adv_w = 192, .box_w = 11, .box_h = 11, .ofs_x = 0, .ofs_y = -1},
    {.bitmap_index = 54769, .adv_w = 192, .box_w = 11, .box_h = 11, .ofs_x = 0, .ofs_y = -1},
    {.bitmap_index = 54785, .adv_w = 192, .box_w = 11, .box_h = 11, .ofs_x = 0, .ofs_y = -1},
    {.bitmap_index = 54801, .adv_w = 192, .box_w = 11, .box_h = 11, .ofs_x = 0, .ofs_y = -1},
    {.bitmap_index = 54817, .adv_w = 192, .box_w = 11, .box_h = 11, .ofs_x = 0, .ofs_y = -1},
    {.bitmap_index = 54833, .adv_w = 192, .box_w = 11, .box_h = 11, .ofs_x = 0, .ofs_y = -1},
    {.bitmap_index = 54849, .adv_w = 192, .box_w = 11, .box_h = 11, .ofs_x = 0, .ofs_y = -1},
    {.bitmap_index = 54865, .adv_w = 192, .box_w = 11, .box_h = 11, .ofs_x = 0, .ofs_y = -1},
    {.bitmap_index = 54881, .adv_w = 192, .box_w = 11, .box_h = 11, .ofs_x = 0, .ofs_y = -1},
    {.bitmap_index = 54897, .adv_w = 192, .box_w = 11, .box_h = 11, .ofs_x = 0, .ofs_y = -1},
    {.bitmap_index = 54913, .adv_w = 192, .box_w = 11, .box_h = 11, .ofs_x = 0, .ofs_y = -1},
    {.bitmap_index = 54929, .adv_w = 192, .box_w = 11, .box_h = 11, .ofs_x = 0, .ofs_y = -1},
    {.bitmap_index = 54945, .adv_w = 192, .box_w = 11, .box_h = 11, .ofs_x = 0, .ofs_y = -1},
    {.bitmap_index = 54961, .adv_w = 192, .box_w = 11, .box_h = 11, .ofs_x = 0, .ofs_y = -1},
    {.bitmap_index = 54977, .adv_w = 192, .box_w = 11, .box_h = 11, .ofs_x = 0, .ofs_y = -1},
    {.bitmap_index = 54993, .adv_w = 192, .box_w = 11, .box_h = 11, .ofs_x = 0, .ofs_y = -1},
    {.bitmap_index = 55009, .adv_w = 192, .box_w = 11, .box_h = 11, .ofs_x = 0, .ofs_y = -1},
    {.bitmap_index = 55025, .adv_w = 192, .box_w = 11, .box_h = 11, .ofs_x = 0, .ofs_y = -1},
    {.bitmap_index = 55041, .adv_w = 192, .box_w = 11, .box_h = 11, .ofs_x = 0, .ofs_y = -1},
    {.bitmap_index = 55057, .adv_w = 192, .box_w = 11, .box_h = 11, .ofs_x = 0, .ofs_y = -1},
    {.bitmap_index = 55073, .adv_w = 192, .box_w = 11, .box_h = 11, .ofs_x = 0, .ofs_y = -1},
    {.bitmap_index = 55089, .adv_w = 192, .box_w = 11, .box_h = 11, .ofs_x = 0, .ofs_y = -1},
    {.bitmap_index = 55105, .adv_w = 192, .box_w = 11, .box_h = 11, .ofs_x = 0, .ofs_y = -1},
    {.bitmap_index = 55121, .adv_w = 192, .box_w = 11, .box_h = 11, .ofs_x = 0, .ofs_y = -1},
    {.bitmap_index = 55137, .adv_w = 192, .box_w = 11, .box_h = 11, .ofs_x = 0, .ofs_y = -1},
    {.bitmap_index = 55153, .adv_w = 192, .box_w = 11, .box_h = 11, .ofs_x = 0, .ofs_y = -1},
    {.bitmap_index = 55169, .adv_w = 192, .box_w = 11, .box_h = 11, .ofs_x = 0, .ofs_y = -1},
    {.bitmap_index = 55185, .adv_w = 192, .box_w = 11, .box_h = 11, .ofs_x = 0, .ofs_y = -1},
    {.bitmap_index = 55201, .adv_w = 192, .box_w = 11, .box_h = 11, .ofs_x = 0, .ofs_y = -1},
    {.bitmap_index = 55217, .adv_w = 192, .box_w = 11, .box_h = 11, .ofs_x = 0, .ofs_y = -1},
    {.bitmap_index = 55233, .adv_w = 192, .box_w = 11, .box_h = 11, .ofs_x = 0, .ofs_y = -1},
    {.bitmap_index = 55249, .adv_w = 192, .box_w = 11, .box_h = 11, .ofs_x = 0, .ofs_y = -1},
    {.bitmap_index = 55265, .adv_w = 192, .box_w = 11, .box_h = 11, .ofs_x = 0, .ofs_y = -1},
    {.bitmap_index = 55281, .adv_w = 192, .box_w = 11, .box_h = 11, .ofs_x = 0, .ofs_y = -1},
    {.bitmap_index = 55297, .adv_w = 192, .box_w = 11, .box_h = 11, .ofs_x = 0, .ofs_y = -1},
    {.bitmap_index = 55313, .adv_w = 192, .box_w = 11, .box_h = 11, .ofs_x = 0, .ofs_y = -1},
    {.bitmap_index = 55329, .adv_w = 192, .box_w = 11, .box_h = 11, .ofs_x = 0, .ofs_y = -1},
    {.bitmap_index = 55345, .adv_w = 192, .box_w = 11, .box_h = 11, .ofs_x = 0, .ofs_y = -1},
    {.bitmap_index = 55361, .adv_w = 192, .box_w = 11, .box_h = 11, .ofs_x = 0, .ofs_y = -1},
    {.bitmap_index = 55377, .adv_w = 192, .box_w = 11, .box_h = 11, .ofs_x = 0, .ofs_y = -1},
    {.bitmap_index = 55393, .adv_w = 192, .box_w = 11, .box_h = 11, .ofs_x = 0, .ofs_y = -1},
    {.bitmap_index = 55409, .adv_w = 192, .box_w = 11, .box_h = 11, .ofs_x = 0, .ofs_y = -1},
    {.bitmap_index = 55425, .adv_w = 192, .box_w = 11, .box_h = 11, .ofs_x = 0, .ofs_y = -1},
    {.bitmap_index = 55441, .adv_w = 192, .box_w = 11, .box_h = 11, .ofs_x = 0, .ofs_y = -1},
    {.bitmap_index = 55457, .adv_w = 192, .box_w = 11, .box_h = 11, .ofs_x = 0, .ofs_y = -1},
    {.bitmap_index = 55473, .adv_w = 192, .box_w = 11, .box_h = 11, .ofs_x = 0, .ofs_y = -1},
    {.bitmap_index = 55489, .adv_w = 192, .box_w = 11, .box_h = 11, .ofs_x = 0, .ofs_y = -1},
    {.bitmap_index = 55505, .adv_w = 192, .box_w = 11, .box_h = 11, .ofs_x = 0, .ofs_y = -1},
    {.bitmap_index = 55521, .adv_w = 192, .box_w = 11, .box_h = 11, .ofs_x = 0, .ofs_y = -1},
    {.bitmap_index = 55537, .adv_w = 192, .box_w = 11, .box_h = 11, .ofs_x = 0, .ofs_y = -1},
    {.bitmap_index = 55553, .adv_w = 192, .box_w = 11, .box_h = 11, .ofs_x = 0, .ofs_y = -1},
    {.bitmap_index = 55569, .adv_w = 192, .box_w = 11, .box_h = 11, .ofs_x = 0, .ofs_y = -1},
    {.bitmap_index = 55585, .adv_w = 192, .box_w = 11, .box_h = 11, .ofs_x = 0, .ofs_y = -1},
    {.bitmap_index = 55601, .adv_w = 192, .box_w = 11, .box_h = 11, .ofs_x = 0, .ofs_y = -1},
    {.bitmap_index = 55617, .adv_w = 192, .box_w = 11, .box_h = 11, .ofs_x = 0, .ofs_y = -1},
    {.bitmap_index = 55633, .adv_w = 192, .box_w = 11, .box_h = 11, .ofs_x = 0, .ofs_y = -1},
    {.bitmap_index = 55649, .adv_w = 192, .box_w = 11, .box_h = 11, .ofs_x = 0, .ofs_y = -1},
    {.bitmap_index = 55665, .adv_w = 192, .box_w = 11, .box_h = 11, .ofs_x = 0, .ofs_y = -1},
    {.bitmap_index = 55681, .adv_w = 192, .box_w = 11, .box_h = 11, .ofs_x = 0, .ofs_y = -1},
    {.bitmap_index = 55697, .adv_w = 192, .box_w = 11, .box_h = 11, .ofs_x = 0, .ofs_y = -1},
    {.bitmap_index = 55713, .adv_w = 192, .box_w = 11, .box_h = 11, .ofs_x = 0, .ofs_y = -1},
    {.bitmap_index = 55729, .adv_w = 192, .box_w = 11, .box_h = 11, .ofs_x = 0, .ofs_y = -1},
    {.bitmap_index = 55745, .adv_w = 192, .box_w = 11, .box_h = 11, .ofs_x = 0, .ofs_y = -1},
    {.bitmap_index = 55761, .adv_w = 192, .box_w = 11, .box_h = 11, .ofs_x = 0, .ofs_y = -1},
    {.bitmap_index = 55777, .adv_w = 192, .box_w = 11, .box_h = 11, .ofs_x = 0, .ofs_y = -1},
    {.bitmap_index = 55793, .adv_w = 192, .box_w = 11, .box_h = 11, .ofs_x = 0, .ofs_y = -1},
    {.bitmap_index = 55809, .adv_w = 192, .box_w = 11, .box_h = 11, .ofs_x = 0, .ofs_y = -1},
    {.bitmap_index = 55825, .adv_w = 192, .box_w = 11, .box_h = 11, .ofs_x = 0, .ofs_y = -1},
    {.bitmap_index = 55841, .adv_w = 192, .box_w = 11, .box_h = 11, .ofs_x = 0, .ofs_y = -1},
    {.bitmap_index = 55857, .adv_w = 192, .box_w = 11, .box_h = 11, .ofs_x = 0, .ofs_y = -1},
    {.bitmap_index = 55873, .adv_w = 192, .box_w = 11, .box_h = 11, .ofs_x = 0, .ofs_y = -1},
    {.bitmap_index = 55889, .adv_w = 192, .box_w = 11, .box_h = 11, .ofs_x = 0, .ofs_y = -1},
    {.bitmap_index = 55905, .adv_w = 192, .box_w = 11, .box_h = 11, .ofs_x = 0, .ofs_y = -1},
    {.bitmap_index = 55921, .adv_w = 192, .box_w = 11, .box_h = 11, .ofs_x = 0, .ofs_y = -1},
    {.bitmap_index = 55937, .adv_w = 192, .box_w = 11, .box_h = 11, .ofs_x = 0, .ofs_y = -1},
    {.bitmap_index = 55953, .adv_w = 192, .box_w = 11, .box_h = 11, .ofs_x = 0, .ofs_y = -1},
    {.bitmap_index = 55969, .adv_w = 192, .box_w = 11, .box_h = 11, .ofs_x = 0, .ofs_y = -1},
    {.bitmap_index = 55985, .adv_w = 192, .box_w = 11, .box_h = 11, .ofs_x = 0, .ofs_y = -1},
    {.bitmap_index = 56001, .adv_w = 192, .box_w = 11, .box_h = 11, .ofs_x = 0, .ofs_y = -1},
    {.bitmap_index = 56017, .adv_w = 192, .box_w = 11, .box_h = 11, .ofs_x = 0, .ofs_y = -1},
    {.bitmap_index = 56033, .adv_w = 192, .box_w = 11, .box_h = 11, .ofs_x = 0, .ofs_y = -1},
    {.bitmap_index = 56049, .adv_w = 192, .box_w = 11, .box_h = 11, .ofs_x = 0, .ofs_y = -1},
    {.bitmap_index = 56065, .adv_w = 192, .box_w = 11, .box_h = 11, .ofs_x = 0, .ofs_y = -1},
    {.bitmap_index = 56081, .adv_w = 192, .box_w = 11, .box_h = 11, .ofs_x = 0, .ofs_y = -1},
    {.bitmap_index = 56097, .adv_w = 192, .box_w = 11, .box_h = 11, .ofs_x = 0, .ofs_y = -1},
    {.bitmap_index = 56113, .adv_w = 192, .box_w = 11, .box_h = 11, .ofs_x = 0, .ofs_y = -1},
    {.bitmap_index = 56129, .adv_w = 192, .box_w = 11, .box_h = 11, .ofs_x = 0, .ofs_y = -1},
    {.bitmap_index = 56145, .adv_w = 192, .box_w = 11, .box_h = 11, .ofs_x = 0, .ofs_y = -1},
    {.bitmap_index = 56161, .adv_w = 192, .box_w = 11, .box_h = 11, .ofs_x = 0, .ofs_y = -1},
    {.bitmap_index = 56177, .adv_w = 192, .box_w = 11, .box_h = 11, .ofs_x = 0, .ofs_y = -1},
    {.bitmap_index = 56193, .adv_w = 192, .box_w = 11, .box_h = 11, .ofs_x = 0, .ofs_y = -1},
    {.bitmap_index = 56209, .adv_w = 192, .box_w = 11, .box_h = 11, .ofs_x = 0, .ofs_y = -1},
    {.bitmap_index = 56225, .adv_w = 192, .box_w = 11, .box_h = 11, .ofs_x = 0, .ofs_y = -1},
    {.bitmap_index = 56241, .adv_w = 192, .box_w = 11, .box_h = 11, .ofs_x = 0, .ofs_y = -1},
    {.bitmap_index = 56257, .adv_w = 192, .box_w = 11, .box_h = 11, .ofs_x = 0, .ofs_y = -1},
    {.bitmap_index = 56273, .adv_w = 192, .box_w = 11, .box_h = 11, .ofs_x = 0, .ofs_y = -1},
    {.bitmap_index = 56289, .adv_w = 192, .box_w = 11, .box_h = 11, .ofs_x = 0, .ofs_y = -1},
    {.bitmap_index = 56305, .adv_w = 192, .box_w = 11, .box_h = 11, .ofs_x = 0, .ofs_y = -1},
    {.bitmap_index = 56321, .adv_w = 192, .box_w = 11, .box_h = 11, .ofs_x = 0, .ofs_y = -1},
    {.bitmap_index = 56337, .adv_w = 192, .box_w = 11, .box_h = 11, .ofs_x = 0, .ofs_y = -1},
    {.bitmap_index = 56353, .adv_w = 192, .box_w = 11, .box_h = 11, .ofs_x = 0, .ofs_y = -1},
    {.bitmap_index = 56369, .adv_w = 192, .box_w = 11, .box_h = 11, .ofs_x = 0, .ofs_y = -1},
    {.bitmap_index = 56385, .adv_w = 192, .box_w = 11, .box_h = 11, .ofs_x = 0, .ofs_y = -1},
    {.bitmap_index = 56401, .adv_w = 192, .box_w = 11, .box_h = 11, .ofs_x = 0, .ofs_y = -1},
    {.bitmap_index = 56417, .adv_w = 192, .box_w = 11, .box_h = 11, .ofs_x = 0, .ofs_y = -1},
    {.bitmap_index = 56433, .adv_w = 192, .box_w = 11, .box_h = 11, .ofs_x = 0, .ofs_y = -1},
    {.bitmap_index = 56449, .adv_w = 192, .box_w = 11, .box_h = 11, .ofs_x = 0, .ofs_y = -1},
    {.bitmap_index = 56465, .adv_w = 192, .box_w = 11, .box_h = 11, .ofs_x = 0, .ofs_y = -1},
    {.bitmap_index = 56481, .adv_w = 192, .box_w = 11, .box_h = 11, .ofs_x = 0, .ofs_y = -1},
    {.bitmap_index = 56497, .adv_w = 192, .box_w = 11, .box_h = 11, .ofs_x = 0, .ofs_y = -1},
    {.bitmap_index = 56513, .adv_w = 192, .box_w = 11, .box_h = 11, .ofs_x = 0, .ofs_y = -1},
    {.bitmap_index = 56529, .adv_w = 192, .box_w = 11, .box_h = 11, .ofs_x = 0, .ofs_y = -1},
    {.bitmap_index = 56545, .adv_w = 192, .box_w = 11, .box_h = 11, .ofs_x = 0, .ofs_y = -1},
    {.bitmap_index = 56561, .adv_w = 192, .box_w = 11, .box_h = 11, .ofs_x = 0, .ofs_y = -1},
    {.bitmap_index = 56577, .adv_w = 192, .box_w = 11, .box_h = 11, .ofs_x = 0, .ofs_y = -1},
    {.bitmap_index = 56593, .adv_w = 192, .box_w = 11, .box_h = 11, .ofs_x = 0, .ofs_y = -1},
    {.bitmap_index = 56609, .adv_w = 192, .box_w = 11, .box_h = 11, .ofs_x = 0, .ofs_y = -1},
    {.bitmap_index = 56625, .adv_w = 192, .box_w = 11, .box_h = 11, .ofs_x = 0, .ofs_y = -1},
    {.bitmap_index = 56641, .adv_w = 192, .box_w = 11, .box_h = 11, .ofs_x = 0, .ofs_y = -1},
    {.bitmap_index = 56657, .adv_w = 192, .box_w = 11, .box_h = 11, .ofs_x = 0, .ofs_y = -1},
    {.bitmap_index = 56673, .adv_w = 192, .box_w = 11, .box_h = 11, .ofs_x = 0, .ofs_y = -1},
    {.bitmap_index = 56689, .adv_w = 192, .box_w = 11, .box_h = 11, .ofs_x = 0, .ofs_y = -1},
    {.bitmap_index = 56705, .adv_w = 192, .box_w = 11, .box_h = 11, .ofs_x = 0, .ofs_y = -1},
    {.bitmap_index = 56721, .adv_w = 192, .box_w = 11, .box_h = 11, .ofs_x = 0, .ofs_y = -1},
    {.bitmap_index = 56737, .adv_w = 192, .box_w = 11, .box_h = 11, .ofs_x = 0, .ofs_y = -1},
    {.bitmap_index = 56753, .adv_w = 192, .box_w = 11, .box_h = 11, .ofs_x = 0, .ofs_y = -1},
    {.bitmap_index = 56769, .adv_w = 192, .box_w = 11, .box_h = 11, .ofs_x = 0, .ofs_y = -1},
    {.bitmap_index = 56785, .adv_w = 192, .box_w = 11, .box_h = 11, .ofs_x = 0, .ofs_y = -1},
    {.bitmap_index = 56801, .adv_w = 192, .box_w = 11, .box_h = 11, .ofs_x = 0, .ofs_y = -1},
    {.bitmap_index = 56817, .adv_w = 192, .box_w = 11, .box_h = 11, .ofs_x = 0, .ofs_y = -1},
    {.bitmap_index = 56833, .adv_w = 192, .box_w = 11, .box_h = 11, .ofs_x = 0, .ofs_y = -1},
    {.bitmap_index = 56849, .adv_w = 192, .box_w = 11, .box_h = 11, .ofs_x = 0, .ofs_y = -1},
    {.bitmap_index = 56865, .adv_w = 192, .box_w = 11, .box_h = 11, .ofs_x = 0, .ofs_y = -1},
    {.bitmap_index = 56881, .adv_w = 192, .box_w = 11, .box_h = 11, .ofs_x = 0, .ofs_y = -1},
    {.bitmap_index = 56897, .adv_w = 192, .box_w = 11, .box_h = 11, .ofs_x = 0, .ofs_y = -1},
    {.bitmap_index = 56913, .adv_w = 192, .box_w = 11, .box_h = 11, .ofs_x = 0, .ofs_y = -1},
    {.bitmap_index = 56929, .adv_w = 192, .box_w = 11, .box_h = 11, .ofs_x = 0, .ofs_y = -1},
    {.bitmap_index = 56945, .adv_w = 192, .box_w = 11, .box_h = 11, .ofs_x = 0, .ofs_y = -1},
    {.bitmap_index = 56961, .adv_w = 192, .box_w = 11, .box_h = 11, .ofs_x = 0, .ofs_y = -1},
    {.bitmap_index = 56977, .adv_w = 192, .box_w = 11, .box_h = 11, .ofs_x = 0, .ofs_y = -1},
    {.bitmap_index = 56993, .adv_w = 192, .box_w = 11, .box_h = 11, .ofs_x = 0, .ofs_y = -1},
    {.bitmap_index = 57009, .adv_w = 192, .box_w = 11, .box_h = 11, .ofs_x = 0, .ofs_y = -1},
    {.bitmap_index = 57025, .adv_w = 192, .box_w = 11, .box_h = 11, .ofs_x = 0, .ofs_y = -1},
    {.bitmap_index = 57041, .adv_w = 192, .box_w = 11, .box_h = 11, .ofs_x = 0, .ofs_y = -1},
    {.bitmap_index = 57057, .adv_w = 192, .box_w = 11, .box_h = 11, .ofs_x = 0, .ofs_y = -1},
    {.bitmap_index = 57073, .adv_w = 192, .box_w = 11, .box_h = 11, .ofs_x = 0, .ofs_y = -1},
    {.bitmap_index = 57089, .adv_w = 192, .box_w = 11, .box_h = 11, .ofs_x = 0, .ofs_y = -1},
    {.bitmap_index = 57105, .adv_w = 192, .box_w = 11, .box_h = 11, .ofs_x = 0, .ofs_y = -1},
    {.bitmap_index = 57121, .adv_w = 192, .box_w = 11, .box_h = 11, .ofs_x = 0, .ofs_y = -1},
    {.bitmap_index = 57137, .adv_w = 192, .box_w = 11, .box_h = 11, .ofs_x = 0, .ofs_y = -1},
    {.bitmap_index = 57153, .adv_w = 192, .box_w = 11, .box_h = 11, .ofs_x = 0, .ofs_y = -1},
    {.bitmap_index = 57169, .adv_w = 192, .box_w = 11, .box_h = 11, .ofs_x = 0, .ofs_y = -1},
    {.bitmap_index = 57185, .adv_w = 192, .box_w = 11, .box_h = 11, .ofs_x = 0, .ofs_y = -1},
    {.bitmap_index = 57201, .adv_w = 192, .box_w = 11, .box_h = 11, .ofs_x = 0, .ofs_y = -1},
    {.bitmap_index = 57217, .adv_w = 192, .box_w = 11, .box_h = 11, .ofs_x = 0, .ofs_y = -1},
    {.bitmap_index = 57233, .adv_w = 192, .box_w = 11, .box_h = 11, .ofs_x = 0, .ofs_y = -1},
    {.bitmap_index = 57249, .adv_w = 192, .box_w = 11, .box_h = 11, .ofs_x = 0, .ofs_y = -1},
    {.bitmap_index = 57265, .adv_w = 192, .box_w = 11, .box_h = 11, .ofs_x = 0, .ofs_y = -1},
    {.bitmap_index = 57281, .adv_w = 192, .box_w = 11, .box_h = 11, .ofs_x = 0, .ofs_y = -1},
    {.bitmap_index = 57297, .adv_w = 192, .box_w = 11, .box_h = 11, .ofs_x = 0, .ofs_y = -1},
    {.bitmap_index = 57313, .adv_w = 192, .box_w = 11, .box_h = 11, .ofs_x = 0, .ofs_y = -1},
    {.bitmap_index = 57329, .adv_w = 192, .box_w = 11, .box_h = 11, .ofs_x = 0, .ofs_y = -1},
    {.bitmap_index = 57345, .adv_w = 192, .box_w = 11, .box_h = 11, .ofs_x = 0, .ofs_y = -1},
    {.bitmap_index = 57361, .adv_w = 192, .box_w = 11, .box_h = 11, .ofs_x = 0, .ofs_y = -1},
    {.bitmap_index = 57377, .adv_w = 192, .box_w = 11, .box_h = 11, .ofs_x = 0, .ofs_y = -1},
    {.bitmap_index = 57393, .adv_w = 192, .box_w = 11, .box_h = 11, .ofs_x = 0, .ofs_y = -1},
    {.bitmap_index = 57409, .adv_w = 192, .box_w = 11, .box_h = 11, .ofs_x = 0, .ofs_y = -1},
    {.bitmap_index = 57425, .adv_w = 192, .box_w = 11, .box_h = 11, .ofs_x = 0, .ofs_y = -1},
    {.bitmap_index = 57441, .adv_w = 192, .box_w = 11, .box_h = 11, .ofs_x = 0, .ofs_y = -1},
    {.bitmap_index = 57457, .adv_w = 192, .box_w = 11, .box_h = 11, .ofs_x = 0, .ofs_y = -1},
    {.bitmap_index = 57473, .adv_w = 192, .box_w = 11, .box_h = 11, .ofs_x = 0, .ofs_y = -1},
    {.bitmap_index = 57489, .adv_w = 192, .box_w = 11, .box_h = 11, .ofs_x = 0, .ofs_y = -1},
    {.bitmap_index = 57505, .adv_w = 192, .box_w = 11, .box_h = 11, .ofs_x = 0, .ofs_y = -1},
    {.bitmap_index = 57521, .adv_w = 192, .box_w = 11, .box_h = 11, .ofs_x = 0, .ofs_y = -1},
    {.bitmap_index = 57537, .adv_w = 192, .box_w = 11, .box_h = 11, .ofs_x = 0, .ofs_y = -1},
    {.bitmap_index = 57553, .adv_w = 192, .box_w = 11, .box_h = 11, .ofs_x = 0, .ofs_y = -1},
    {.bitmap_index = 57569, .adv_w = 192, .box_w = 11, .box_h = 11, .ofs_x = 0, .ofs_y = -1},
    {.bitmap_index = 57585, .adv_w = 192, .box_w = 11, .box_h = 11, .ofs_x = 0, .ofs_y = -1},
    {.bitmap_index = 57601, .adv_w = 192, .box_w = 11, .box_h = 11, .ofs_x = 0, .ofs_y = -1},
    {.bitmap_index = 57617, .adv_w = 192, .box_w = 11, .box_h = 11, .ofs_x = 0, .ofs_y = -1},
    {.bitmap_index = 57633, .adv_w = 192, .box_w = 11, .box_h = 11, .ofs_x = 0, .ofs_y = -1},
    {.bitmap_index = 57649, .adv_w = 192, .box_w = 11, .box_h = 11, .ofs_x = 0, .ofs_y = -1},
    {.bitmap_index = 57665, .adv_w = 192, .box_w = 11, .box_h = 11, .ofs_x = 0, .ofs_y = -1},
    {.bitmap_index = 57681, .adv_w = 192, .box_w = 11, .box_h = 11, .ofs_x = 0, .ofs_y = -1},
    {.bitmap_index = 57697, .adv_w = 192, .box_w = 11, .box_h = 11, .ofs_x = 0, .ofs_y = -1},
    {.bitmap_index = 57713, .adv_w = 192, .box_w = 11, .box_h = 11, .ofs_x = 0, .ofs_y = -1},
    {.bitmap_index = 57729, .adv_w = 192, .box_w = 11, .box_h = 11, .ofs_x = 0, .ofs_y = -1},
    {.bitmap_index = 57745, .adv_w = 192, .box_w = 11, .box_h = 11, .ofs_x = 0, .ofs_y = -1},
    {.bitmap_index = 57761, .adv_w = 192, .box_w = 11, .box_h = 11, .ofs_x = 0, .ofs_y = -1},
    {.bitmap_index = 57777, .adv_w = 192, .box_w = 11, .box_h = 11, .ofs_x = 0, .ofs_y = -1},
    {.bitmap_index = 57793, .adv_w = 192, .box_w = 11, .box_h = 11, .ofs_x = 0, .ofs_y = -1},
    {.bitmap_index = 57809, .adv_w = 192, .box_w = 11, .box_h = 11, .ofs_x = 0, .ofs_y = -1},
    {.bitmap_index = 57825, .adv_w = 192, .box_w = 11, .box_h = 11, .ofs_x = 0, .ofs_y = -1},
    {.bitmap_index = 57841, .adv_w = 192, .box_w = 11, .box_h = 11, .ofs_x = 0, .ofs_y = -1},
    {.bitmap_index = 57857, .adv_w = 192, .box_w = 11, .box_h = 11, .ofs_x = 0, .ofs_y = -1},
    {.bitmap_index = 57873, .adv_w = 192, .box_w = 11, .box_h = 11, .ofs_x = 0, .ofs_y = -1},
    {.bitmap_index = 57889, .adv_w = 192, .box_w = 11, .box_h = 11, .ofs_x = 0, .ofs_y = -1},
    {.bitmap_index = 57905, .adv_w = 192, .box_w = 11, .box_h = 11, .ofs_x = 0, .ofs_y = -1},
    {.bitmap_index = 57921, .adv_w = 192, .box_w = 11, .box_h = 11, .ofs_x = 0, .ofs_y = -1},
    {.bitmap_index = 57937, .adv_w = 192, .box_w = 11, .box_h = 11, .ofs_x = 0, .ofs_y = -1},
    {.bitmap_index = 57953, .adv_w = 192, .box_w = 11, .box_h = 11, .ofs_x = 0, .ofs_y = -1},
    {.bitmap_index = 57969, .adv_w = 192, .box_w = 11, .box_h = 11, .ofs_x = 0, .ofs_y = -1},
    {.bitmap_index = 57985, .adv_w = 192, .box_w = 11, .box_h = 11, .ofs_x = 0, .ofs_y = -1},
    {.bitmap_index = 58001, .adv_w = 192, .box_w = 11, .box_h = 11, .ofs_x = 0, .ofs_y = -1},
    {.bitmap_index = 58017, .adv_w = 192, .box_w = 11, .box_h = 11, .ofs_x = 0, .ofs_y = -1},
    {.bitmap_index = 58033, .adv_w = 192, .box_w = 11, .box_h = 11, .ofs_x = 0, .ofs_y = -1},
    {.bitmap_index = 58049, .adv_w = 192, .box_w = 11, .box_h = 11, .ofs_x = 0, .ofs_y = -1},
    {.bitmap_index = 58065, .adv_w = 192, .box_w = 11, .box_h = 11, .ofs_x = 0, .ofs_y = -1},
    {.bitmap_index = 58081, .adv_w = 192, .box_w = 11, .box_h = 11, .ofs_x = 0, .ofs_y = -1},
    {.bitmap_index = 58097, .adv_w = 192, .box_w = 11, .box_h = 11, .ofs_x = 0, .ofs_y = -1},
    {.bitmap_index = 58113, .adv_w = 192, .box_w = 11, .box_h = 11, .ofs_x = 0, .ofs_y = -1},
    {.bitmap_index = 58129, .adv_w = 192, .box_w = 11, .box_h = 11, .ofs_x = 0, .ofs_y = -1},
    {.bitmap_index = 58145, .adv_w = 192, .box_w = 11, .box_h = 11, .ofs_x = 0, .ofs_y = -1},
    {.bitmap_index = 58161, .adv_w = 192, .box_w = 11, .box_h = 11, .ofs_x = 0, .ofs_y = -1},
    {.bitmap_index = 58177, .adv_w = 192, .box_w = 11, .box_h = 11, .ofs_x = 0, .ofs_y = -1},
    {.bitmap_index = 58193, .adv_w = 192, .box_w = 11, .box_h = 11, .ofs_x = 0, .ofs_y = -1},
    {.bitmap_index = 58209, .adv_w = 192, .box_w = 11, .box_h = 11, .ofs_x = 0, .ofs_y = -1},
    {.bitmap_index = 58225, .adv_w = 192, .box_w = 11, .box_h = 11, .ofs_x = 0, .ofs_y = -1},
    {.bitmap_index = 58241, .adv_w = 192, .box_w = 11, .box_h = 11, .ofs_x = 0, .ofs_y = -1},
    {.bitmap_index = 58257, .adv_w = 192, .box_w = 11, .box_h = 11, .ofs_x = 0, .ofs_y = -1},
    {.bitmap_index = 58273, .adv_w = 192, .box_w = 11, .box_h = 11, .ofs_x = 0, .ofs_y = -1},
    {.bitmap_index = 58289, .adv_w = 192, .box_w = 11, .box_h = 11, .ofs_x = 0, .ofs_y = -1},
    {.bitmap_index = 58305, .adv_w = 192, .box_w = 11, .box_h = 11, .ofs_x = 0, .ofs_y = -1},
    {.bitmap_index = 58321, .adv_w = 192, .box_w = 11, .box_h = 11, .ofs_x = 0, .ofs_y = -1},
    {.bitmap_index = 58337, .adv_w = 192, .box_w = 11, .box_h = 11, .ofs_x = 0, .ofs_y = -1},
    {.bitmap_index = 58353, .adv_w = 192, .box_w = 11, .box_h = 11, .ofs_x = 0, .ofs_y = -1},
    {.bitmap_index = 58369, .adv_w = 192, .box_w = 11, .box_h = 11, .ofs_x = 0, .ofs_y = -1},
    {.bitmap_index = 58385, .adv_w = 192, .box_w = 11, .box_h = 11, .ofs_x = 0, .ofs_y = -1},
    {.bitmap_index = 58401, .adv_w = 192, .box_w = 11, .box_h = 11, .ofs_x = 0, .ofs_y = -1},
    {.bitmap_index = 58417, .adv_w = 192, .box_w = 11, .box_h = 11, .ofs_x = 0, .ofs_y = -1},
    {.bitmap_index = 58433, .adv_w = 192, .box_w = 11, .box_h = 11, .ofs_x = 0, .ofs_y = -1},
    {.bitmap_index = 58449, .adv_w = 192, .box_w = 11, .box_h = 11, .ofs_x = 0, .ofs_y = -1},
    {.bitmap_index = 58465, .adv_w = 192, .box_w = 11, .box_h = 11, .ofs_x = 0, .ofs_y = -1},
    {.bitmap_index = 58481, .adv_w = 192, .box_w = 11, .box_h = 11, .ofs_x = 0, .ofs_y = -1},
    {.bitmap_index = 58497, .adv_w = 192, .box_w = 11, .box_h = 11, .ofs_x = 0, .ofs_y = -1},
    {.bitmap_index = 58513, .adv_w = 192, .box_w = 11, .box_h = 11, .ofs_x = 0, .ofs_y = -1},
    {.bitmap_index = 58529, .adv_w = 192, .box_w = 11, .box_h = 11, .ofs_x = 0, .ofs_y = -1},
    {.bitmap_index = 58545, .adv_w = 192, .box_w = 11, .box_h = 11, .ofs_x = 0, .ofs_y = -1},
    {.bitmap_index = 58561, .adv_w = 192, .box_w = 11, .box_h = 11, .ofs_x = 0, .ofs_y = -1},
    {.bitmap_index = 58577, .adv_w = 192, .box_w = 11, .box_h = 11, .ofs_x = 0, .ofs_y = -1},
    {.bitmap_index = 58593, .adv_w = 192, .box_w = 11, .box_h = 11, .ofs_x = 0, .ofs_y = -1},
    {.bitmap_index = 58609, .adv_w = 192, .box_w = 11, .box_h = 11, .ofs_x = 0, .ofs_y = -1},
    {.bitmap_index = 58625, .adv_w = 192, .box_w = 11, .box_h = 11, .ofs_x = 0, .ofs_y = -1},
    {.bitmap_index = 58641, .adv_w = 192, .box_w = 11, .box_h = 11, .ofs_x = 0, .ofs_y = -1},
    {.bitmap_index = 58657, .adv_w = 192, .box_w = 11, .box_h = 11, .ofs_x = 0, .ofs_y = -1},
    {.bitmap_index = 58673, .adv_w = 192, .box_w = 11, .box_h = 11, .ofs_x = 0, .ofs_y = -1},
    {.bitmap_index = 58689, .adv_w = 192, .box_w = 11, .box_h = 11, .ofs_x = 0, .ofs_y = -1},
    {.bitmap_index = 58705, .adv_w = 192, .box_w = 11, .box_h = 11, .ofs_x = 0, .ofs_y = -1},
    {.bitmap_index = 58721, .adv_w = 192, .box_w = 11, .box_h = 11, .ofs_x = 0, .ofs_y = -1},
    {.bitmap_index = 58737, .adv_w = 192, .box_w = 11, .box_h = 11, .ofs_x = 0, .ofs_y = -1},
    {.bitmap_index = 58753, .adv_w = 192, .box_w = 11, .box_h = 11, .ofs_x = 0, .ofs_y = -1},
    {.bitmap_index = 58769, .adv_w = 192, .box_w = 11, .box_h = 11, .ofs_x = 0, .ofs_y = -1},
    {.bitmap_index = 58785, .adv_w = 192, .box_w = 11, .box_h = 11, .ofs_x = 0, .ofs_y = -1},
    {.bitmap_index = 58801, .adv_w = 192, .box_w = 11, .box_h = 11, .ofs_x = 0, .ofs_y = -1},
    {.bitmap_index = 58817, .adv_w = 192, .box_w = 11, .box_h = 11, .ofs_x = 0, .ofs_y = -1},
    {.bitmap_index = 58833, .adv_w = 192, .box_w = 11, .box_h = 11, .ofs_x = 0, .ofs_y = -1},
    {.bitmap_index = 58849, .adv_w = 192, .box_w = 11, .box_h = 11, .ofs_x = 0, .ofs_y = -1},
    {.bitmap_index = 58865, .adv_w = 192, .box_w = 11, .box_h = 11, .ofs_x = 0, .ofs_y = -1},
    {.bitmap_index = 58881, .adv_w = 192, .box_w = 11, .box_h = 11, .ofs_x = 0, .ofs_y = -1},
    {.bitmap_index = 58897, .adv_w = 192, .box_w = 11, .box_h = 11, .ofs_x = 0, .ofs_y = -1},
    {.bitmap_index = 58913, .adv_w = 192, .box_w = 11, .box_h = 11, .ofs_x = 0, .ofs_y = -1},
    {.bitmap_index = 58929, .adv_w = 192, .box_w = 11, .box_h = 11, .ofs_x = 0, .ofs_y = -1},
    {.bitmap_index = 58945, .adv_w = 192, .box_w = 11, .box_h = 11, .ofs_x = 0, .ofs_y = -1},
    {.bitmap_index = 58961, .adv_w = 192, .box_w = 11, .box_h = 11, .ofs_x = 0, .ofs_y = -1},
    {.bitmap_index = 58977, .adv_w = 192, .box_w = 11, .box_h = 11, .ofs_x = 0, .ofs_y = -1},
    {.bitmap_index = 58993, .adv_w = 192, .box_w = 11, .box_h = 11, .ofs_x = 0, .ofs_y = -1},
    {.bitmap_index = 59009, .adv_w = 192, .box_w = 11, .box_h = 11, .ofs_x = 0, .ofs_y = -1},
    {.bitmap_index = 59025, .adv_w = 192, .box_w = 11, .box_h = 11, .ofs_x = 0, .ofs_y = -1},
    {.bitmap_index = 59041, .adv_w = 192, .box_w = 11, .box_h = 11, .ofs_x = 0, .ofs_y = -1},
    {.bitmap_index = 59057, .adv_w = 192, .box_w = 11, .box_h = 11, .ofs_x = 0, .ofs_y = -1},
    {.bitmap_index = 59073, .adv_w = 192, .box_w = 11, .box_h = 11, .ofs_x = 0, .ofs_y = -1},
    {.bitmap_index = 59089, .adv_w = 192, .box_w = 11, .box_h = 11, .ofs_x = 0, .ofs_y = -1},
    {.bitmap_index = 59105, .adv_w = 192, .box_w = 11, .box_h = 11, .ofs_x = 0, .ofs_y = -1},
    {.bitmap_index = 59121, .adv_w = 192, .box_w = 11, .box_h = 11, .ofs_x = 0, .ofs_y = -1},
    {.bitmap_index = 59137, .adv_w = 192, .box_w = 11, .box_h = 11, .ofs_x = 0, .ofs_y = -1},
    {.bitmap_index = 59153, .adv_w = 192, .box_w = 11, .box_h = 11, .ofs_x = 0, .ofs_y = -1},
    {.bitmap_index = 59169, .adv_w = 192, .box_w = 11, .box_h = 11, .ofs_x = 0, .ofs_y = -1},
    {.bitmap_index = 59185, .adv_w = 192, .box_w = 11, .box_h = 11, .ofs_x = 0, .ofs_y = -1},
    {.bitmap_index = 59201, .adv_w = 192, .box_w = 11, .box_h = 11, .ofs_x = 0, .ofs_y = -1},
    {.bitmap_index = 59217, .adv_w = 192, .box_w = 11, .box_h = 11, .ofs_x = 0, .ofs_y = -1},
    {.bitmap_index = 59233, .adv_w = 192, .box_w = 11, .box_h = 11, .ofs_x = 0, .ofs_y = -1},
    {.bitmap_index = 59249, .adv_w = 192, .box_w = 11, .box_h = 11, .ofs_x = 0, .ofs_y = -1},
    {.bitmap_index = 59265, .adv_w = 192, .box_w = 11, .box_h = 11, .ofs_x = 0, .ofs_y = -1},
    {.bitmap_index = 59281, .adv_w = 192, .box_w = 11, .box_h = 11, .ofs_x = 0, .ofs_y = -1},
    {.bitmap_index = 59297, .adv_w = 192, .box_w = 11, .box_h = 11, .ofs_x = 0, .ofs_y = -1},
    {.bitmap_index = 59313, .adv_w = 192, .box_w = 11, .box_h = 11, .ofs_x = 0, .ofs_y = -1},
    {.bitmap_index = 59329, .adv_w = 192, .box_w = 11, .box_h = 11, .ofs_x = 0, .ofs_y = -1},
    {.bitmap_index = 59345, .adv_w = 192, .box_w = 11, .box_h = 11, .ofs_x = 0, .ofs_y = -1},
    {.bitmap_index = 59361, .adv_w = 192, .box_w = 11, .box_h = 11, .ofs_x = 0, .ofs_y = -1},
    {.bitmap_index = 59377, .adv_w = 192, .box_w = 11, .box_h = 11, .ofs_x = 0, .ofs_y = -1},
    {.bitmap_index = 59393, .adv_w = 192, .box_w = 11, .box_h = 11, .ofs_x = 0, .ofs_y = -1},
    {.bitmap_index = 59409, .adv_w = 192, .box_w = 11, .box_h = 11, .ofs_x = 0, .ofs_y = -1},
    {.bitmap_index = 59425, .adv_w = 192, .box_w = 11, .box_h = 11, .ofs_x = 0, .ofs_y = -1},
    {.bitmap_index = 59441, .adv_w = 192, .box_w = 11, .box_h = 11, .ofs_x = 0, .ofs_y = -1},
    {.bitmap_index = 59457, .adv_w = 192, .box_w = 11, .box_h = 11, .ofs_x = 0, .ofs_y = -1},
    {.bitmap_index = 59473, .adv_w = 192, .box_w = 11, .box_h = 11, .ofs_x = 0, .ofs_y = -1},
    {.bitmap_index = 59489, .adv_w = 192, .box_w = 11, .box_h = 11, .ofs_x = 0, .ofs_y = -1},
    {.bitmap_index = 59505, .adv_w = 192, .box_w = 11, .box_h = 11, .ofs_x = 0, .ofs_y = -1},
    {.bitmap_index = 59521, .adv_w = 192, .box_w = 11, .box_h = 11, .ofs_x = 0, .ofs_y = -1},
    {.bitmap_index = 59537, .adv_w = 192, .box_w = 11, .box_h = 11, .ofs_x = 0, .ofs_y = -1},
    {.bitmap_index = 59553, .adv_w = 192, .box_w = 11, .box_h = 11, .ofs_x = 0, .ofs_y = -1},
    {.bitmap_index = 59569, .adv_w = 192, .box_w = 11, .box_h = 11, .ofs_x = 0, .ofs_y = -1},
    {.bitmap_index = 59585, .adv_w = 192, .box_w = 11, .box_h = 11, .ofs_x = 0, .ofs_y = -1},
    {.bitmap_index = 59601, .adv_w = 192, .box_w = 11, .box_h = 11, .ofs_x = 0, .ofs_y = -1},
    {.bitmap_index = 59617, .adv_w = 192, .box_w = 11, .box_h = 11, .ofs_x = 0, .ofs_y = -1},
    {.bitmap_index = 59633, .adv_w = 192, .box_w = 11, .box_h = 11, .ofs_x = 0, .ofs_y = -1},
    {.bitmap_index = 59649, .adv_w = 192, .box_w = 11, .box_h = 11, .ofs_x = 0, .ofs_y = -1},
    {.bitmap_index = 59665, .adv_w = 192, .box_w = 11, .box_h = 11, .ofs_x = 0, .ofs_y = -1},
    {.bitmap_index = 59681, .adv_w = 192, .box_w = 11, .box_h = 11, .ofs_x = 0, .ofs_y = -1},
    {.bitmap_index = 59697, .adv_w = 192, .box_w = 11, .box_h = 11, .ofs_x = 0, .ofs_y = -1},
    {.bitmap_index = 59713, .adv_w = 192, .box_w = 11, .box_h = 11, .ofs_x = 0, .ofs_y = -1},
    {.bitmap_index = 59729, .adv_w = 192, .box_w = 11, .box_h = 11, .ofs_x = 0, .ofs_y = -1},
    {.bitmap_index = 59745, .adv_w = 192, .box_w = 11, .box_h = 11, .ofs_x = 0, .ofs_y = -1},
    {.bitmap_index = 59761, .adv_w = 192, .box_w = 11, .box_h = 11, .ofs_x = 0, .ofs_y = -1},
    {.bitmap_index = 59777, .adv_w = 192, .box_w = 11, .box_h = 11, .ofs_x = 0, .ofs_y = -1},
    {.bitmap_index = 59793, .adv_w = 192, .box_w = 11, .box_h = 11, .ofs_x = 0, .ofs_y = -1},
    {.bitmap_index = 59809, .adv_w = 192, .box_w = 11, .box_h = 11, .ofs_x = 0, .ofs_y = -1},
    {.bitmap_index = 59825, .adv_w = 192, .box_w = 11, .box_h = 11, .ofs_x = 0, .ofs_y = -1},
    {.bitmap_index = 59841, .adv_w = 192, .box_w = 11, .box_h = 11, .ofs_x = 0, .ofs_y = -1},
    {.bitmap_index = 59857, .adv_w = 192, .box_w = 11, .box_h = 11, .ofs_x = 0, .ofs_y = -1},
    {.bitmap_index = 59873, .adv_w = 192, .box_w = 11, .box_h = 11, .ofs_x = 0, .ofs_y = -1},
    {.bitmap_index = 59889, .adv_w = 192, .box_w = 11, .box_h = 11, .ofs_x = 0, .ofs_y = -1},
    {.bitmap_index = 59905, .adv_w = 192, .box_w = 11, .box_h = 11, .ofs_x = 0, .ofs_y = -1},
    {.bitmap_index = 59921, .adv_w = 192, .box_w = 11, .box_h = 11, .ofs_x = 0, .ofs_y = -1},
    {.bitmap_index = 59937, .adv_w = 192, .box_w = 11, .box_h = 11, .ofs_x = 0, .ofs_y = -1},
    {.bitmap_index = 59953, .adv_w = 192, .box_w = 11, .box_h = 11, .ofs_x = 0, .ofs_y = -1},
    {.bitmap_index = 59969, .adv_w = 192, .box_w = 11, .box_h = 11, .ofs_x = 0, .ofs_y = -1},
    {.bitmap_index = 59985, .adv_w = 192, .box_w = 11, .box_h = 11, .ofs_x = 0, .ofs_y = -1},
    {.bitmap_index = 60001, .adv_w = 192, .box_w = 11, .box_h = 11, .ofs_x = 0, .ofs_y = -1},
    {.bitmap_index = 60017, .adv_w = 192, .box_w = 11, .box_h = 11, .ofs_x = 0, .ofs_y = -1},
    {.bitmap_index = 60033, .adv_w = 192, .box_w = 11, .box_h = 11, .ofs_x = 0, .ofs_y = -1},
    {.bitmap_index = 60049, .adv_w = 192, .box_w = 11, .box_h = 11, .ofs_x = 0, .ofs_y = -1},
    {.bitmap_index = 60065, .adv_w = 192, .box_w = 11, .box_h = 11, .ofs_x = 0, .ofs_y = -1},
    {.bitmap_index = 60081, .adv_w = 192, .box_w = 11, .box_h = 11, .ofs_x = 0, .ofs_y = -1},
    {.bitmap_index = 60097, .adv_w = 192, .box_w = 11, .box_h = 11, .ofs_x = 0, .ofs_y = -1},
    {.bitmap_index = 60113, .adv_w = 192, .box_w = 11, .box_h = 11, .ofs_x = 0, .ofs_y = -1},
    {.bitmap_index = 60129, .adv_w = 192, .box_w = 11, .box_h = 11, .ofs_x = 0, .ofs_y = -1},
    {.bitmap_index = 60145, .adv_w = 192, .box_w = 11, .box_h = 11, .ofs_x = 0, .ofs_y = -1},
    {.bitmap_index = 60161, .adv_w = 192, .box_w = 11, .box_h = 11, .ofs_x = 0, .ofs_y = -1},
    {.bitmap_index = 60177, .adv_w = 192, .box_w = 11, .box_h = 11, .ofs_x = 0, .ofs_y = -1},
    {.bitmap_index = 60193, .adv_w = 192, .box_w = 11, .box_h = 11, .ofs_x = 0, .ofs_y = -1},
    {.bitmap_index = 60209, .adv_w = 192, .box_w = 11, .box_h = 11, .ofs_x = 0, .ofs_y = -1},
    {.bitmap_index = 60225, .adv_w = 192, .box_w = 11, .box_h = 11, .ofs_x = 0, .ofs_y = -1},
    {.bitmap_index = 60241, .adv_w = 192, .box_w = 11, .box_h = 11, .ofs_x = 0, .ofs_y = -1},
    {.bitmap_index = 60257, .adv_w = 192, .box_w = 11, .box_h = 11, .ofs_x = 0, .ofs_y = -1},
    {.bitmap_index = 60273, .adv_w = 192, .box_w = 11, .box_h = 11, .ofs_x = 0, .ofs_y = -1},
    {.bitmap_index = 60289, .adv_w = 192, .box_w = 11, .box_h = 11, .ofs_x = 0, .ofs_y = -1},
    {.bitmap_index = 60305, .adv_w = 192, .box_w = 11, .box_h = 11, .ofs_x = 0, .ofs_y = -1},
    {.bitmap_index = 60321, .adv_w = 192, .box_w = 11, .box_h = 11, .ofs_x = 0, .ofs_y = -1},
    {.bitmap_index = 60337, .adv_w = 192, .box_w = 11, .box_h = 11, .ofs_x = 0, .ofs_y = -1},
    {.bitmap_index = 60353, .adv_w = 192, .box_w = 11, .box_h = 11, .ofs_x = 0, .ofs_y = -1},
    {.bitmap_index = 60369, .adv_w = 192, .box_w = 11, .box_h = 11, .ofs_x = 0, .ofs_y = -1},
    {.bitmap_index = 60385, .adv_w = 192, .box_w = 11, .box_h = 11, .ofs_x = 0, .ofs_y = -1},
    {.bitmap_index = 60401, .adv_w = 192, .box_w = 11, .box_h = 11, .ofs_x = 0, .ofs_y = -1},
    {.bitmap_index = 60417, .adv_w = 192, .box_w = 10, .box_h = 11, .ofs_x = 1, .ofs_y = -1},
    {.bitmap_index = 60431, .adv_w = 192, .box_w = 11, .box_h = 11, .ofs_x = 0, .ofs_y = -1},
    {.bitmap_index = 60447, .adv_w = 192, .box_w = 11, .box_h = 11, .ofs_x = 0, .ofs_y = -1},
    {.bitmap_index = 60463, .adv_w = 192, .box_w = 11, .box_h = 11, .ofs_x = 0, .ofs_y = -1},
    {.bitmap_index = 60479, .adv_w = 192, .box_w = 11, .box_h = 11, .ofs_x = 0, .ofs_y = -1},
    {.bitmap_index = 60495, .adv_w = 192, .box_w = 11, .box_h = 11, .ofs_x = 0, .ofs_y = -1},
    {.bitmap_index = 60511, .adv_w = 192, .box_w = 11, .box_h = 11, .ofs_x = 0, .ofs_y = -1},
    {.bitmap_index = 60527, .adv_w = 192, .box_w = 11, .box_h = 11, .ofs_x = 0, .ofs_y = -1},
    {.bitmap_index = 60543, .adv_w = 192, .box_w = 11, .box_h = 11, .ofs_x = 0, .ofs_y = -1},
    {.bitmap_index = 60559, .adv_w = 192, .box_w = 3, .box_h = 9, .ofs_x = 1, .ofs_y = 0},
    {.bitmap_index = 60563, .adv_w = 192, .box_w = 7, .box_h = 9, .ofs_x = 2, .ofs_y = 0},
    {.bitmap_index = 60571, .adv_w = 192, .box_w = 3, .box_h = 11, .ofs_x = 7, .ofs_y = -1},
    {.bitmap_index = 60576, .adv_w = 192, .box_w = 3, .box_h = 11, .ofs_x = 1, .ofs_y = -1},
    {.bitmap_index = 60581, .adv_w = 192, .box_w = 7, .box_h = 7, .ofs_x = 2, .ofs_y = 1},
    {.bitmap_index = 60588, .adv_w = 192, .box_w = 2, .box_h = 4, .ofs_x = 2, .ofs_y = -1},
    {.bitmap_index = 60589, .adv_w = 192, .box_w = 7, .box_h = 1, .ofs_x = 2, .ofs_y = 4},
    {.bitmap_index = 60590, .adv_w = 192, .box_w = 2, .box_h = 2, .ofs_x = 2, .ofs_y = 0},
    {.bitmap_index = 60591, .adv_w = 192, .box_w = 2, .box_h = 8, .ofs_x = 2, .ofs_y = 0},
    {.bitmap_index = 60593, .adv_w = 192, .box_w = 2, .box_h = 9, .ofs_x = 2, .ofs_y = -1},
    {.bitmap_index = 60596, .adv_w = 192, .box_w = 5, .box_h = 9, .ofs_x = 0, .ofs_y = 0},
    {.bitmap_index = 60602, .adv_w = 192, .box_w = 11, .box_h = 3, .ofs_x = 0, .ofs_y = 3}
};

/*---------------------
 *  CHARACTER MAPPING
 *--------------------*/

static const uint16_t unicode_list_1[] = {
    0x0, 0x7, 0x27, 0x47, 0x1f64, 0x1f68, 0x1f69, 0x1f6c,
    0x1f6d, 0x1f76, 0x2f50, 0x2f51, 0x2f52, 0x2f53, 0x2f58, 0x2f59,
    0x2f5a, 0x2f5b, 0x2f5c, 0x2f5d, 0x2f5e, 0x2f5f, 0x2f60, 0x2f61,
    0x2f64, 0x2f65, 0x304b, 0x304c, 0x4d50, 0x4d51, 0x4d53, 0x4d57,
    0x4d58, 0x4d59, 0x4d5a, 0x4d5b, 0x4d5d, 0x4d5e, 0x4d61, 0x4d63,
    0x4d64, 0x4d66, 0x4d68, 0x4d69, 0x4d6a, 0x4d6b, 0x4d6c, 0x4d6d,
    0x4d72, 0x4d74, 0x4d75, 0x4d77, 0x4d7a, 0x4d7b, 0x4d7d, 0x4d80,
    0x4d82, 0x4d84, 0x4d88, 0x4d89, 0x4d8a, 0x4d8b, 0x4d8d, 0x4d8e,
    0x4d93, 0x4d95, 0x4d98, 0x4d99, 0x4d9b, 0x4d9c, 0x4d9d, 0x4d9e,
    0x4d9f, 0x4da0, 0x4da2, 0x4da3, 0x4da4, 0x4da6, 0x4da8, 0x4da9,
    0x4dad, 0x4dae, 0x4daf, 0x4db0, 0x4db1, 0x4db6, 0x4dc0, 0x4dc1,
    0x4dc3, 0x4dce, 0x4dd6, 0x4dd8, 0x4dd9, 0x4ddb, 0x4ddc, 0x4dde,
    0x4ddf, 0x4de1, 0x4de2, 0x4de4, 0x4de5, 0x4dea, 0x4deb, 0x4df1,
    0x4df2, 0x4df4, 0x4df5, 0x4df6, 0x4df7, 0x4df8, 0x4df9, 0x4dfb,
    0x4dfc, 0x4dfd, 0x4dfe, 0x4e02, 0x4e0a, 0x4e0f, 0x4e10, 0x4e11,
    0x4e15, 0x4e16, 0x4e17, 0x4e1a, 0x4e1b, 0x4e1d, 0x4e1e, 0x4e21,
    0x4e23, 0x4e24, 0x4e25, 0x4e26, 0x4e27, 0x4e28, 0x4e29, 0x4e2f,
    0x4e33, 0x4e34, 0x4e35, 0x4e3a, 0x4e3c, 0x4e40, 0x4e42, 0x4e46,
    0x4e47, 0x4e4b, 0x4e4d, 0x4e4f, 0x4e51, 0x4e5a, 0x4e5d, 0x4e5e,
    0x4e5f, 0x4e60, 0x4e61, 0x4e67, 0x4e68, 0x4e69, 0x4e6a, 0x4e6e,
    0x4e6f, 0x4e70, 0x4e74, 0x4e76, 0x4e7a, 0x4e7f, 0x4e80, 0x4e84,
    0x4e86, 0x4e88, 0x4e8a, 0x4e8c, 0x4e93, 0x4e96, 0x4e9d, 0x4e9e,
    0x4e9f, 0x4ea0, 0x4ea1, 0x4ea3, 0x4ea5, 0x4ea9, 0x4eab, 0x4eac,
    0x4eb0, 0x4eb3, 0x4eb9, 0x4ebc, 0x4ebf, 0x4ec0, 0x4ec3, 0x4ecf,
    0x4ed4, 0x4ed8, 0x4edb, 0x4edd, 0x4ee7, 0x4eeb, 0x4eed, 0x4ef0,
    0x4ef3, 0x4ef5, 0x4ef6, 0x4ef7, 0x4ef8, 0x4ef9, 0x4efe, 0x4eff,
    0x4f05, 0x4f0f, 0x4f13, 0x4f14, 0x4f1a, 0x4f1f, 0x4f20, 0x4f27,
    0x4f28, 0x4f2d, 0x4f2e, 0x4f31, 0x4f39, 0x4f3d, 0x4f3e, 0x4f3f,
    0x4f41, 0x4f4a, 0x4f5d, 0x4f62, 0x4f64, 0x4f68, 0x4f69, 0x4f6a,
    0x4f6f, 0x4f71, 0x4f76, 0x4f7a, 0x4f8a, 0x4f8c, 0x4f8e, 0x4f97,
    0x4f9f, 0x4faa, 0x4fac, 0x4fb5, 0x4fc6, 0x4fc7, 0x4fcf, 0x4fd0,
    0x4fd5, 0x4fd8, 0x4fdd, 0x4ff3, 0x4ff8, 0x4ffc, 0x5002, 0x500b,
    0x501f, 0x502a, 0x5037, 0x5043, 0x5045, 0x504b, 0x5062, 0x5071,
    0x508f, 0x5091, 0x5093, 0x5094, 0x5095, 0x5096, 0x5098, 0x5099,
    0x509b, 0x509d, 0x50a1, 0x50a4, 0x50aa, 0x50ac, 0x50b2, 0x50b5,
    0x50b8, 0x50bb, 0x50bc, 0x50bd, 0x50c0, 0x50c1, 0x50c3, 0x50c4,
    0x50c5, 0x50c6, 0x50c7, 0x50c8, 0x50c9, 0x50cb, 0x50cc, 0x50cd,
    0x50d0, 0x50d5, 0x50d8, 0x50d9, 0x50dc, 0x50dd, 0x50e2, 0x50e5,
    0x50e7, 0x50e9, 0x50eb, 0x50ec, 0x50f0, 0x50f4, 0x50fc, 0x50ff,
    0x5100, 0x5102, 0x5103, 0x5105, 0x5106, 0x5107, 0x510b, 0x5110,
    0x5114, 0x5116, 0x5119, 0x511b, 0x511c, 0x511f, 0x5121, 0x512b,
    0x512d, 0x5130, 0x5131, 0x5134, 0x513d, 0x513f, 0x5140, 0x5143,
    0x5146, 0x5148, 0x5149, 0x514a, 0x514b, 0x514d, 0x514f, 0x5150,
    0x5151, 0x5153, 0x5156, 0x5157, 0x515a, 0x5161, 0x5162, 0x5167,
    0x5168, 0x5169, 0x516a, 0x516b, 0x516d, 0x5170, 0x5174, 0x5178,
    0x5179, 0x517b, 0x517e, 0x5180, 0x5186, 0x5187, 0x5188, 0x5189,
    0x518a, 0x518b, 0x518d, 0x5191, 0x5192, 0x5193, 0x519a, 0x519d,
    0x51a0, 0x51a1, 0x51a4, 0x51a6, 0x51b5, 0x51b7, 0x51b9, 0x51ba,
    0x51bf, 0x51c2, 0x51cf, 0x51d8, 0x51eb, 0x51ed, 0x51ee, 0x51ef,
    0x51f0, 0x51f1, 0x51f3, 0x51f8, 0x51f9, 0x51fa, 0x51fb, 0x5201,
    0x5202, 0x5203, 0x520f, 0x5213, 0x5217, 0x5219, 0x521b, 0x5222,
    0x5228, 0x522f, 0x5234, 0x524a, 0x524e, 0x524f, 0x5250, 0x5255,
    0x5256, 0x5258, 0x5266, 0x5267, 0x5269, 0x526d, 0x5270, 0x5271,
    0x5273, 0x527a, 0x5289, 0x528a, 0x528b, 0x528f, 0x5291, 0x5293,
    0x5297, 0x5298, 0x5299, 0x529a, 0x529e, 0x529f, 0x52a1, 0x52a2,
    0x52a3, 0x52a5, 0x52a6, 0x52a7, 0x52aa, 0x52ac, 0x52ae, 0x52b0,
    0x52b1, 0x52b2, 0x52b4, 0x52b7, 0x52bb, 0x52bf, 0x52c0, 0x52c1,
    0x52c3, 0x52c4, 0x52c5, 0x52c7, 0x52c8, 0x52cf, 0x52d2, 0x52d4,
    0x52d5, 0x52d6, 0x52d9, 0x52db, 0x52dc, 0x52e5, 0x52e8, 0x52ea,
    0x52ef, 0x52f2, 0x52f6, 0x52f8, 0x52f9, 0x530b, 0x530f, 0x5311,
    0x5312, 0x5318, 0x5319, 0x531a, 0x531b, 0x531c, 0x531d, 0x5321,
    0x5324, 0x5326, 0x5327, 0x5328, 0x5329, 0x532b, 0x5330, 0x5333,
    0x5334, 0x5335, 0x5336, 0x533a, 0x533b, 0x533c, 0x533d, 0x533e,
    0x533f, 0x5340, 0x5342, 0x5343, 0x5346, 0x5347, 0x5348, 0x5349,
    0x534c, 0x5351, 0x5353, 0x5354, 0x5358, 0x5359, 0x535a, 0x535c,
    0x535d, 0x535e, 0x535f, 0x5360, 0x5361, 0x5363, 0x5365, 0x5367,
    0x536b, 0x536d, 0x536e, 0x536f, 0x5370, 0x5376, 0x5377, 0x5378,
    0x5379, 0x537b, 0x537c, 0x537d, 0x537e, 0x537f, 0x5381, 0x5384,
    0x5385, 0x5388, 0x5389, 0x538b, 0x538c, 0x538e, 0x5390, 0x5396,
    0x5398, 0x539a, 0x53a0, 0x53a5, 0x53a8, 0x53ab, 0x53ac, 0x53b2,
    0x53b8, 0x53c3, 0x53c5, 0x53c8, 0x53cb, 0x53cc, 0x53cd, 0x53d0,
    0x53d6, 0x53db, 0x53dc, 0x53de, 0x53df, 0x53e0, 0x53e2, 0x53e5,
    0x53e6, 0x53e9, 0x53f8, 0x53fc, 0x53ff, 0x5401, 0x5403, 0x5408,
    0x540d, 0x5410, 0x5411, 0x5414, 0x5416, 0x5417, 0x5418, 0x5419,
    0x541d, 0x541e, 0x5421, 0x5427, 0x542f, 0x5435, 0x5436, 0x5438,
    0x5439, 0x543a, 0x543d, 0x543e, 0x5442, 0x544a, 0x544c, 0x5451,
    0x5456, 0x5457, 0x5459, 0x5460, 0x5474, 0x547c, 0x547e, 0x547f,
    0x5481, 0x548e, 0x5493, 0x5494, 0x5496, 0x549a, 0x54b1, 0x54b4,
    0x54b5, 0x54b6, 0x54ba, 0x54be, 0x54c8, 0x54cc, 0x54d0, 0x54d2,
    0x54d4, 0x54d7, 0x54d9, 0x54da, 0x54e8, 0x54ec, 0x54ed, 0x54f7,
    0x5503, 0x5507, 0x550b, 0x5515, 0x5523, 0x552c, 0x5531, 0x5533,
    0x554d, 0x5559, 0x555e, 0x5568, 0x556b, 0x5581, 0x5582, 0x5584,
    0x5586, 0x558b, 0x558f, 0x559e, 0x55b8, 0x55ba, 0x55bc, 0x55c6,
    0x55de, 0x55df, 0x55f3, 0x5607, 0x560c, 0x561a, 0x562a, 0x562b,
    0x562e, 0x5630, 0x5632, 0x5634, 0x563d, 0x5640, 0x5641, 0x5644,
    0x564a, 0x564d, 0x564e, 0x5653, 0x5656, 0x5658, 0x566f, 0x5673,
    0x5678, 0x567d, 0x5680, 0x568a, 0x568e, 0x5690, 0x5697, 0x569a,
    0x569d, 0x569e, 0x569f, 0x56a0, 0x56a1, 0x56a7, 0x56aa, 0x56ab,
    0x56ad, 0x56ae, 0x56af, 0x56b0, 0x56b1, 0x56b4, 0x56b6, 0x56ba,
    0x56bf, 0x56c7, 0x56d2, 0x56d3, 0x56d4, 0x56db, 0x56e2, 0x56eb,
    0x56f2, 0x56f3, 0x56f6, 0x56fb, 0x56fe, 0x5712, 0x5713, 0x571b,
    0x571e, 0x5724, 0x572f, 0x5730, 0x5749, 0x574a, 0x5752, 0x5756,
    0x5761, 0x5765, 0x5771, 0x5774, 0x577a, 0x5780, 0x5785, 0x579c,
    0x57a1, 0x57a4, 0x57a8, 0x57ae, 0x57bb, 0x57d3, 0x57d5, 0x57e2,
    0x57e3, 0x57e9, 0x57ee, 0x57ef, 0x57f8, 0x57f9, 0x5811, 0x5825,
    0x5834, 0x583b, 0x583c, 0x583e, 0x5840, 0x5843, 0x5846, 0x5849,
    0x5854, 0x5857, 0x585d, 0x585f, 0x5865, 0x5866, 0x586a, 0x586c,
    0x586f, 0x5877, 0x5879, 0x587a, 0x587b, 0x587e, 0x587f, 0x5881,
    0x5884, 0x5887, 0x5888, 0x5889, 0x588a, 0x5894, 0x5897, 0x5898,
    0x5899, 0x589b, 0x589e, 0x589f, 0x58a1, 0x58a4, 0x58a6, 0x58a7,
    0x58b0, 0x58b2, 0x58b5, 0x58c3, 0x58c4, 0x58c6, 0x58c8, 0x58c9,
    0x58cd, 0x58d2, 0x58d4, 0x58d6, 0x58d7, 0x58d8, 0x58da, 0x58e2,
    0x58e3, 0x58e6, 0x58e9, 0x58f5, 0x58f8, 0x58fe, 0x5909, 0x590b,
    0x5916, 0x591b, 0x5920, 0x5921, 0x5923, 0x5924, 0x592a, 0x592c,
    0x5935, 0x5938, 0x593c, 0x594b, 0x594f, 0x5951, 0x5953, 0x5954,
    0x5957, 0x5968, 0x596c, 0x596f, 0x5970, 0x5975, 0x5979, 0x5981,
    0x5986, 0x5996, 0x5999, 0x59aa, 0x59ba, 0x59c4, 0x59c6, 0x59cf,
    0x59e2, 0x59ea, 0x5a03, 0x5a11, 0x5a12, 0x5a19, 0x5a1c, 0x5a31,
    0x5a39, 0x5aa0, 0x5aa4, 0x5aa5, 0x5aa7, 0x5aa8, 0x5aa9, 0x5aac,
    0x5aad, 0x5aaf, 0x5ab3, 0x5ab4, 0x5ab6, 0x5ab9, 0x5aba, 0x5ac0,
    0x5ac5, 0x5aca, 0x5acd, 0x5ad1, 0x5ad3, 0x5ad5, 0x5ad7, 0x5ad8,
    0x5ad9, 0x5adb, 0x5adc, 0x5adf, 0x5ae7, 0x5ae8, 0x5ae9, 0x5aea,
    0x5aeb, 0x5aec, 0x5aed, 0x5aee, 0x5af0, 0x5af1, 0x5af2, 0x5af3,
    0x5af4, 0x5af6, 0x5afa, 0x5afb, 0x5b00, 0x5b03, 0x5b04, 0x5b05,
    0x5b06, 0x5b09, 0x5b0d, 0x5b0e, 0x5b0f, 0x5b12, 0x5b14, 0x5b15,
    0x5b16, 0x5b17, 0x5b1c, 0x5b20, 0x5b22, 0x5b23, 0x5b2d, 0x5b2e,
    0x5b2f, 0x5b31, 0x5b35, 0x5b38, 0x5b48, 0x5b49, 0x5b4a, 0x5b4b,
    0x5b4c, 0x5b4f, 0x5b51, 0x5b54, 0x5b56, 0x5b59, 0x5b5a, 0x5b5f,
    0x5b61, 0x5b64, 0x5b66, 0x5b68, 0x5b6a, 0x5b6d, 0x5b74, 0x5b77,
    0x5b81, 0x5b88, 0x5b89, 0x5b8a, 0x5b8c, 0x5b8d, 0x5b8e, 0x5b8f,
    0x5b90, 0x5b91, 0x5b92, 0x5b95, 0x5b98, 0x5b99, 0x5b9a, 0x5b9b,
    0x5b9e, 0x5b9f, 0x5ba1, 0x5ba5, 0x5bae, 0x5bb0, 0x5bb1, 0x5bb5,
    0x5bbf, 0x5bc1, 0x5bc9, 0x5bcf, 0x5bd1, 0x5bd2, 0x5be4, 0x5be7,
    0x5beb, 0x5bf9, 0x5bfd, 0x5c03, 0x5c08, 0x5c0f, 0x5c29, 0x5c31,
    0x5c36, 0x5c38, 0x5c3a, 0x5c3d, 0x5c40, 0x5c4b, 0x5c57, 0x5c5e,
    0x5c64, 0x5c66, 0x5c79, 0x5c7d, 0x5c9c, 0x5d1d, 0x5d2d, 0x5d2e,
    0x5d31, 0x5d32, 0x5d35, 0x5d36, 0x5d37, 0x5d38, 0x5d39, 0x5d3b,
    0x5d3e, 0x5d41, 0x5d42, 0x5d43, 0x5d44, 0x5d47, 0x5d4e, 0x5d51,
    0x5d52, 0x5d53, 0x5d55, 0x5d56, 0x5d58, 0x5d5c, 0x5d60, 0x5d65,
    0x5d66, 0x5d68, 0x5d6a, 0x5d6b, 0x5d6c, 0x5d6d, 0x5d76, 0x5d77,
    0x5d7d, 0x5d7e, 0x5d88, 0x5d8d, 0x5d92, 0x5d95, 0x5d9c, 0x5da5,
    0x5db2, 0x5dc2, 0x5dc3, 0x5dc4, 0x5dc6, 0x5dc8, 0x5dcb, 0x5dcc,
    0x5dcd, 0x5dcf, 0x5dd4, 0x5dd6, 0x5dd7, 0x5dda, 0x5ddf, 0x5de0,
    0x5de3, 0x5de4, 0x5de5, 0x5de7, 0x5de9, 0x5dea, 0x5dec, 0x5dee,
    0x5def, 0x5df6, 0x5df7, 0x5dfd, 0x5e06, 0x5e07, 0x5e08, 0x5e19,
    0x5e1a, 0x5e23, 0x5e26, 0x5e46, 0x5e47, 0x5e4a, 0x5e50, 0x5e52,
    0x5e53, 0x5e54, 0x5e5a, 0x5e5f, 0x5e63, 0x5e65, 0x5e67, 0x5e68,
    0x5e6b, 0x5e6f, 0x5e70, 0x5e75, 0x5e76, 0x5e77, 0x5e7f, 0x5e81,
    0x5e89, 0x5e8a, 0x5ea2, 0x5ea3, 0x5ea5, 0x5ead, 0x5eb2, 0x5eb4,
    0x5eb6, 0x5eb9, 0x5eba, 0x5ebc, 0x5ebd, 0x5ec0, 0x5ec1, 0x5ec9,
    0x5ecb, 0x5ecc, 0x5ed0, 0x5ed1, 0x5ed4, 0x5ed5, 0x5ed8, 0x5eda,
    0x5edb, 0x5ee0, 0x5ee2, 0x5ee7, 0x5ee8, 0x5ef1, 0x5efa, 0x5efe,
    0x5f07, 0x5f0d, 0x5f13, 0x5f15, 0x5f16, 0x5f1c, 0x5f1d, 0x5f27,
    0x5f28, 0x5f29, 0x5f30, 0x5f37, 0x5f3b, 0x5f41, 0x5f45, 0x5f4b,
    0x5f4d, 0x5f4f, 0x5f50, 0x5f51, 0x5f52, 0x5f5e, 0x5f62, 0x5f64,
    0x5f65, 0x5f66, 0x5f6c, 0x5f6d, 0x5f70, 0x5f75, 0x5f77, 0x5f78,
    0x5f7a, 0x5f7f, 0x5f8b, 0x5f93, 0x5f9b, 0x5f9d, 0x5fa0, 0x5fa2,
    0x5fa5, 0x5fb2, 0x5fb4, 0x5fb8, 0x5fb9, 0x5fbb, 0x5fbc, 0x5fbd,
    0x5fbf, 0x5fc0, 0x5fc3, 0x5fc6, 0x5fcc, 0x5fcf, 0x5fd4, 0x5fd9,
    0x5fdd, 0x5fe4, 0x5fef, 0x5ff0, 0x5ff3, 0x5ff6, 0x5ff8, 0x5ffc,
    0x5fff, 0x6002, 0x6008, 0x600c, 0x6015, 0x601a, 0x601b, 0x6021,
    0x6025, 0x602c, 0x602f, 0x6030, 0x6036, 0x6037, 0x6038, 0x6039,
    0x603b, 0x603d, 0x603e, 0x603f, 0x6040, 0x6043, 0x6046, 0x6049,
    0x604a, 0x6051, 0x6058, 0x6059, 0x605f, 0x606a, 0x606f, 0x6074,
    0x6077, 0x608f, 0x6098, 0x609c, 0x609e, 0x60a1, 0x60a5, 0x60b2,
    0x60b7, 0x60b8, 0x60c0, 0x60c7, 0x60db, 0x60de, 0x60f8, 0x610e,
    0x6112, 0x6118, 0x611a, 0x6122, 0x6136, 0x6158, 0x615a, 0x615c,
    0x615d, 0x615e, 0x615f, 0x6160, 0x6161, 0x6162, 0x6166, 0x6168,
    0x616a, 0x617a, 0x617e, 0x6183, 0x6184, 0x6187, 0x618f, 0x6190,
    0x6191, 0x6197, 0x619b, 0x619d, 0x619e, 0x61a1, 0x61a2, 0x61a3,
    0x61a4, 0x61a8, 0x61ab, 0x61b3, 0x61b6, 0x61b7, 0x61b9, 0x61bb,
    0x61bc, 0x61bd, 0x61be, 0x61bf, 0x61c0, 0x61c3, 0x61c6, 0x61c9,
    0x61cc, 0x61ce, 0x61cf, 0x61d0, 0x61d4, 0x61d9, 0x61da, 0x61e1,
    0x61e2, 0x61e3, 0x61e5, 0x61e6, 0x61e7, 0x61e8, 0x61ea, 0x61eb,
    0x61f0, 0x61f1, 0x61f2, 0x61f4, 0x61f5, 0x61f8, 0x61fb, 0x61fc,
    0x6201, 0x6205, 0x6209, 0x620c, 0x620d, 0x620f, 0x6212, 0x6214,
    0x6215, 0x6216, 0x6217, 0x6218, 0x6219, 0x621c, 0x621d, 0x621e,
    0x6220, 0x6222, 0x6223, 0x6224, 0x6226, 0x6228, 0x6229, 0x622b,
    0x622c, 0x622f, 0x6232, 0x6233, 0x6235, 0x6236, 0x6237, 0x6238,
    0x6239, 0x623c, 0x623d, 0x623f, 0x6241, 0x6243, 0x6244, 0x6247,
    0x624c, 0x624d, 0x624e, 0x624f, 0x6251, 0x6252, 0x6257, 0x6259,
    0x625e, 0x6261, 0x6266, 0x626a, 0x626b, 0x626d, 0x626e, 0x626f,
    0x6270, 0x6271, 0x6273, 0x6274, 0x6275, 0x6278, 0x627a, 0x627b,
    0x627f, 0x628a, 0x628d, 0x6292, 0x6295, 0x6296, 0x6299, 0x629c,
    0x629d, 0x629e, 0x629f, 0x62a0, 0x62a5, 0x62ae, 0x62af, 0x62b1,
    0x62b2, 0x62b3, 0x62b7, 0x62be, 0x62c6, 0x62c7, 0x62cb, 0x62d0,
    0x62d2, 0x62d7, 0x62d8, 0x62d9, 0x62dc, 0x62df, 0x62e0, 0x62e2,
    0x62e6, 0x62e8, 0x62f0, 0x62f2, 0x62f3, 0x62f5, 0x62f7, 0x62f8,
    0x62f9, 0x62fa, 0x6303, 0x6307, 0x6308, 0x630a, 0x6319, 0x631d,
    0x631f, 0x6320, 0x6322, 0x6326, 0x6331, 0x6333, 0x6339, 0x633a,
    0x633d, 0x6344, 0x634d, 0x6350, 0x6351, 0x6352, 0x6355, 0x635f,
    0x6360, 0x6363, 0x6364, 0x636c, 0x636e, 0x637a, 0x637c, 0x637d,
    0x638a, 0x638d, 0x6394, 0x6396, 0x6397, 0x6398, 0x639a, 0x63a4,
    0x63a8, 0x63b7, 0x63b9, 0x63c8, 0x63c9, 0x63d2, 0x63d5, 0x63d7,
    0x63e1, 0x63e2, 0x63e5, 0x63ee, 0x63f4, 0x63f9, 0x63fc, 0x63fd,
    0x63fe, 0x6400, 0x6405, 0x640c, 0x6412, 0x6415, 0x641d, 0x641e,
    0x6422, 0x642e, 0x6436, 0x6450, 0x6462, 0x6468, 0x647b, 0x647f,
    0x6486, 0x6489, 0x648b, 0x648e, 0x648f, 0x6495, 0x6498, 0x649c,
    0x649f, 0x64a1, 0x64a6, 0x64a9, 0x64ab, 0x64ad, 0x64ae, 0x64b2,
    0x64b3, 0x64b6, 0x64bc, 0x64c0, 0x64c2, 0x64c4, 0x64c7, 0x64d7,
    0x64db, 0x64dc, 0x64e1, 0x64e7, 0x64e9, 0x64ec, 0x64ef, 0x64f1,
    0x64f4, 0x64f5, 0x64f7, 0x64f9, 0x64fd, 0x64ff, 0x6500, 0x6509,
    0x650d, 0x6511, 0x6515, 0x651b, 0x651f, 0x6527, 0x6530, 0x6532,
    0x6535, 0x6536, 0x6537, 0x6538, 0x6539, 0x653c, 0x653d, 0x6541,
    0x6546, 0x6547, 0x654a, 0x6552, 0x6556, 0x655c, 0x655e, 0x655f,
    0x6563, 0x6564, 0x656f, 0x6570, 0x6575, 0x6577, 0x6578, 0x657d,
    0x657f, 0x658c, 0x658e, 0x6593, 0x659b, 0x659c, 0x65a2, 0x65a3,
    0x65a5, 0x65aa, 0x65b4, 0x65b6, 0x65b8, 0x65be, 0x65bf, 0x65c0,
    0x65c4, 0x65c6, 0x65ca, 0x65ce, 0x65d2, 0x65d7, 0x65e1, 0x65e6,
    0x65e7, 0x65fe, 0x6604, 0x6629, 0x662d, 0x6640, 0x6642, 0x6643,
    0x6644, 0x6649, 0x664c, 0x664e, 0x664f, 0x6650, 0x6658, 0x6659,
    0x665b, 0x665d, 0x6664, 0x6667, 0x666b, 0x666d, 0x666f, 0x6678,
    0x667a, 0x667b, 0x667c, 0x667d, 0x667f, 0x6681, 0x6684, 0x6685,
    0x668a, 0x668d, 0x6690, 0x6692, 0x6693, 0x6696, 0x6699, 0x669e,
    0x669f, 0x66a0, 0x66a1, 0x66a6, 0x66ac, 0x66af, 0x66b0, 0x66b1,
    0x66b5, 0x66b8, 0x66bd, 0x66bf, 0x66c0, 0x66ce, 0x66cf, 0x66d1,
    0x66d4, 0x66d9, 0x66e0, 0x66e5, 0x66e7, 0x66ea, 0x66ec, 0x66ed,
    0x66f2, 0x66f3, 0x66fa, 0x66fb, 0x66ff, 0x6706, 0x6707, 0x6714,
    0x671f, 0x6720, 0x6721, 0x6722, 0x6723, 0x6724, 0x672c, 0x672e,
    0x6730, 0x6735, 0x673c, 0x673f, 0x6741, 0x6743, 0x6744, 0x674f,
    0x6755, 0x6757, 0x6758, 0x675b, 0x675f, 0x6761, 0x6763, 0x6766,
    0x6767, 0x6771, 0x677a, 0x6787, 0x6788, 0x6789, 0x678c, 0x678d,
    0x6792, 0x6793, 0x6795, 0x6796, 0x6798, 0x679c, 0x67a0, 0x67a1,
    0x67a3, 0x67a4, 0x67b3, 0x67b5, 0x67b8, 0x67b9, 0x67c6, 0x67d1,
    0x67d5, 0x67d6, 0x67e7, 0x67f2, 0x67f6, 0x67f7, 0x67f8, 0x67fd,
    0x67ff, 0x6800, 0x6803, 0x6810, 0x6819, 0x681b, 0x681d, 0x6822,
    0x6825, 0x6828, 0x682a, 0x6830, 0x683e, 0x6841, 0x6845, 0x684a,
    0x6855, 0x685d, 0x685e, 0x6862, 0x687d, 0x6880, 0x688d, 0x688f,
    0x68a4, 0x68aa, 0x68ae, 0x68c7, 0x68cc, 0x68d2, 0x68d6, 0x68e4,
    0x68ec, 0x68f8, 0x6904, 0x6907, 0x6920, 0x692b, 0x694d, 0x695a,
    0x696f, 0x6971, 0x697a, 0x6981, 0x6997, 0x69a9, 0x69b1, 0x69c1,
    0x69d0, 0x69d4, 0x69fc, 0x6a70, 0x6a71, 0x6a72, 0x6a73, 0x6a77,
    0x6a82, 0x6a8a, 0x6a8e, 0x6a97, 0x6a99, 0x6a9c, 0x6ab2, 0x6ab3,
    0x6ab4, 0x6ab5, 0x6ab6, 0x6ab7, 0x6aba, 0x6ac9, 0x6acb, 0x6acc,
    0x6ad3, 0x6ad6, 0x6ad9, 0x6ada, 0x6adb, 0x6ae6, 0x6b04, 0x6b05,
    0x6b07, 0x6b0f, 0x6b11, 0x6b15, 0x6b1b, 0x6b1d, 0x6b1f, 0x6b22,
    0x6b24, 0x6b25, 0x6b26, 0x6b27, 0x6b29, 0x6b2b, 0x6b31, 0x6b3b,
    0x6b3f, 0x6b5f, 0x6b61, 0x6b63, 0x6b64, 0x6b66, 0x6b6b, 0x6b6f,
    0x6b72, 0x6b76, 0x6b77, 0x6b78, 0x6b7e, 0x6b7f, 0x6b80, 0x6b84,
    0x6b88, 0x6b90, 0x6b91, 0x6b92, 0x6b97, 0x6b99, 0x6ba0, 0x6ba5,
    0x6ba7, 0x6bab, 0x6bad, 0x6bae, 0x6baf, 0x6bb0, 0x6bb1, 0x6bb4,
    0x6bba, 0x6bc0, 0x6bc2, 0x6bc9, 0x6bcd, 0x6bce, 0x6bd1, 0x6bd2,
    0x6bd3, 0x6bd8, 0x6bd9, 0x6bdf, 0x6be9, 0x6beb, 0x6bef, 0x6bf1,
    0x6bf4, 0x6bf5, 0x6bf6, 0x6bf7, 0x6bfa, 0x6bfb, 0x6bfe, 0x6c03,
    0x6c08, 0x6c09, 0x6c0b, 0x6c0c, 0x6c0d, 0x6c0e, 0x6c0f, 0x6c14,
    0x6c15, 0x6c19, 0x6c1a, 0x6c1c, 0x6c25, 0x6c2b, 0x6c2e, 0x6c31,
    0x6c32, 0x6c33, 0x6c35, 0x6c38, 0x6c3a, 0x6c40, 0x6c43, 0x6c45,
    0x6c4b, 0x6c4c, 0x6c4d, 0x6c51, 0x6c5b, 0x6c62, 0x6c67, 0x6c6b,
    0x6c6e, 0x6c75, 0x6c7a, 0x6c81, 0x6c82, 0x6c8b, 0x6c8c, 0x6c8d,
    0x6c8e, 0x6c91, 0x6c95, 0x6c96, 0x6c97, 0x6c9a, 0x6c9b, 0x6c9e,
    0x6ca1, 0x6ca3, 0x6ca9, 0x6caa, 0x6cb6, 0x6cb9, 0x6cba, 0x6cbe,
    0x6cc4, 0x6cc7, 0x6cc8, 0x6cd2, 0x6cd5, 0x6cd8, 0x6cd9, 0x6cdc,
    0x6cde, 0x6ce5, 0x6ceb, 0x6ced, 0x6cef, 0x6cf1, 0x6cf3, 0x6cf4,
    0x6cf6, 0x6cf7, 0x6cf8, 0x6cf9, 0x6cfa, 0x6cff, 0x6d02, 0x6d05,
    0x6d08, 0x6d10, 0x6d14, 0x6d16, 0x6d1b, 0x6d1c, 0x6d21, 0x6d26,
    0x6d28, 0x6d31, 0x6d34, 0x6d3b, 0x6d3c, 0x6d3e, 0x6d41, 0x6d43,
    0x6d47, 0x6d49, 0x6d4b, 0x6d55, 0x6d5a, 0x6d5d, 0x6d60, 0x6d64,
    0x6d67, 0x6d6d, 0x6d70, 0x6d71, 0x6d73, 0x6d74, 0x6d79, 0x6d7d,
    0x6d7f, 0x6d84, 0x6d88, 0x6d8a, 0x6d93, 0x6d9d, 0x6da6, 0x6da8,
    0x6dab, 0x6dce, 0x6dcf, 0x6dd3, 0x6dd5, 0x6dd9, 0x6de0, 0x6dec,
    0x6df2, 0x6dfa, 0x6dff, 0x6e06, 0x6e0a, 0x6e11, 0x6e17, 0x6e1b,
    0x6e21, 0x6e23, 0x6e24, 0x6e2a, 0x6e2e, 0x6e31, 0x6e34, 0x6e35,
    0x6e36, 0x6e38, 0x6e39, 0x6e44, 0x6e52, 0x6e56, 0x6e5f, 0x6e63,
    0x6e64, 0x6e70, 0x6e7b, 0x6e81, 0x6e83, 0x6e8e, 0x6e9d, 0x6ea8,
    0x6eac, 0x6eae, 0x6eb6, 0x6ebd, 0x6ebe, 0x6ed4, 0x6ed8, 0x6ede,
    0x6eec, 0x6ef1, 0x6f03, 0x6f10, 0x6f22, 0x6f61, 0x6f9c, 0x6fbb,
    0x6fbd, 0x6fbf, 0x6fc0, 0x6fc5, 0x6fc6, 0x6fc8, 0x6fcc, 0x6fce,
    0x6fcf, 0x6fd9, 0x6fda, 0x6fde, 0x6fe2, 0x6fe4, 0x6fe5, 0x6fe9,
    0x6ffc, 0x6ffd, 0x6ffe, 0x6fff, 0x7003, 0x7008, 0x7009, 0x700c,
    0x700d, 0x7011, 0x7012, 0x7013, 0x7018, 0x7028, 0x7029, 0x702b,
    0x702f, 0x7034, 0x7036, 0x7037, 0x7039, 0x703b, 0x703c, 0x703d,
    0x703f, 0x7047, 0x7049, 0x704d, 0x7059, 0x705a, 0x7065, 0x7069,
    0x706a, 0x7076, 0x7080, 0x7086, 0x709c, 0x709e, 0x70ae, 0x70b4,
    0x70b7, 0x70be, 0x70cd, 0x70d4, 0x70da, 0x70df, 0x70e4, 0x70e9,
    0x70ef, 0x70fc, 0x7113, 0x711e, 0x7125, 0x7135, 0x7156, 0x717a,
    0x717c, 0x7181, 0x7185, 0x7186, 0x7187, 0x7188, 0x7189, 0x718d,
    0x7197, 0x7198, 0x719c, 0x71a9, 0x71ab, 0x71af, 0x71b1, 0x71b2,
    0x71b7, 0x71b9, 0x71c2, 0x71c5, 0x71c9, 0x71ca, 0x71d0, 0x71d1,
    0x71da, 0x71fc, 0x71ff, 0x7206, 0x7209, 0x7212, 0x7214, 0x7218,
    0x7220, 0x7227, 0x7229, 0x722e, 0x7230, 0x7231, 0x723c, 0x723d,
    0x723e, 0x7240, 0x7241, 0x7248, 0x724c, 0x725e, 0x7266, 0x726b,
    0x726c, 0x7279, 0x727a, 0x727b, 0x727e, 0x7284, 0x728e, 0x728f,
    0x72bd, 0x72d4, 0x72d7, 0x72d9, 0x72db, 0x72e6, 0x72eb, 0x72f9,
    0x72fb, 0x72ff, 0x7300, 0x7302, 0x730b, 0x731a, 0x731d, 0x7320,
    0x7330, 0x733d, 0x7353, 0x7355, 0x7356, 0x7359, 0x7360, 0x7372,
    0x7383, 0x7384, 0x7385, 0x7386, 0x738c, 0x73aa, 0x73ae, 0x73af,
    0x73c0, 0x73c6, 0x73d3, 0x742c, 0x7432, 0x7433, 0x7434, 0x7436,
    0x743e, 0x7446, 0x7447, 0x7454, 0x7468, 0x746a, 0x746c, 0x746f,
    0x7475, 0x7478, 0x7479, 0x747b, 0x747d, 0x7480, 0x7481, 0x7482,
    0x7483, 0x7485, 0x7487, 0x7488, 0x748b, 0x7495, 0x749c, 0x749f,
    0x74a4, 0x74a9, 0x74ac, 0x74b5, 0x74b6, 0x74ba, 0x74c4, 0x74c8,
    0x74d6, 0x74df, 0x74e1, 0x74e7, 0x74e9, 0x74ea, 0x74ef, 0x74f1,
    0x74f4, 0x74f5, 0x74fb, 0x74fe, 0x74ff, 0x7502, 0x7505, 0x7509,
    0x750c, 0x750d, 0x750e, 0x7515, 0x7517, 0x7518, 0x7519, 0x751a,
    0x7522, 0x7524, 0x7525, 0x7528, 0x752b, 0x752e, 0x7532, 0x753a,
    0x7540, 0x7544, 0x7549, 0x7551, 0x756f, 0x7574, 0x7576, 0x7579,
    0x757a, 0x757b, 0x7584, 0x7588, 0x759c, 0x75b3, 0x75c8, 0x75cb,
    0x75cd, 0x75ce, 0x75d2, 0x75d4, 0x75d6, 0x75d7, 0x75db, 0x75e1,
    0x75e6, 0x75fe, 0x7601, 0x760f, 0x7612, 0x7615, 0x7616, 0x7618,
    0x761a, 0x761e, 0x761f, 0x7620, 0x7621, 0x7622, 0x7624, 0x7626,
    0x7627, 0x7628, 0x762b, 0x762f, 0x763e, 0x763f, 0x7642, 0x7644,
    0x7648, 0x764c, 0x764e, 0x7651, 0x7659, 0x765b, 0x766f, 0x7670,
    0x7678, 0x7679, 0x767f, 0x7686, 0x7687, 0x768a, 0x768c, 0x7690,
    0x7691, 0x76ab, 0x76b1, 0x76b3, 0x76b6, 0x76bb, 0x76bc, 0x76c9,
    0x76d4, 0x76d5, 0x76de, 0x76e2, 0x76f5, 0x76f7, 0x76f9, 0x76fa,
    0x76fc, 0x7703, 0x770b, 0x7727, 0x772b, 0x7732, 0x7733, 0x7735,
    0x7739, 0x773b, 0x773d, 0x773e, 0x7743, 0x774d, 0x774e, 0x774f,
    0x7751, 0x7752, 0x775c, 0x775d, 0x7762, 0x7764, 0x7766, 0x776a,
    0x7777, 0x7780, 0x7784, 0x7787, 0x7788, 0x778e, 0x7790, 0x7795,
    0x77a2, 0x77a5, 0x77ad, 0x77bb, 0x77bc, 0x77be, 0x77c7, 0x77cc,
    0x77d9, 0x77dc, 0x77dd, 0x77de, 0x77e1, 0x77e7, 0x77e8, 0x77ef,
    0x77f7, 0x7800, 0x7801, 0x7803, 0x7804, 0x780e, 0x7811, 0x7815,
    0x781a, 0x781b, 0x7820, 0x7825, 0x7838, 0x7847, 0x784a, 0x7851,
    0x788a, 0x788c, 0x788e, 0x7891, 0x7898, 0x78a6, 0x78ad, 0x78ae,
    0x78af, 0x78b5, 0x78b8, 0x78bd, 0x78c7, 0x78c8, 0x78d1, 0x78d4,
    0x78df, 0x7909, 0x790b, 0x790d, 0x790e, 0x7910, 0x7911, 0x7913,
    0x7916, 0x7919, 0x791b, 0x791d, 0x7921, 0x7922, 0x7928, 0x792f,
    0x7934, 0x7936, 0x7937, 0x7939, 0x793f, 0x7940, 0x7948, 0x794b,
    0x794d, 0x7950, 0x795b, 0x795d, 0x795e, 0x7967, 0x796a, 0x7970,
    0x7983, 0x798b, 0x798c, 0x798d, 0x798f, 0x7996, 0x79a7, 0x79c4,
    0x79c6, 0x79c7, 0x79ca, 0x79cf, 0x79d1, 0x79d3, 0x79d4, 0x79dd,
    0x79e1, 0x79e2, 0x79e6, 0x79e7, 0x79e8, 0x79ec, 0x79ed, 0x79ef,
    0x79f5, 0x7a0f, 0x7a1b, 0x7a26, 0x7a29, 0x7a2e, 0x7a2f, 0x7a30,
    0x7a33, 0x7a35, 0x7a3d, 0x7a3f, 0x7a49, 0x7a4f, 0x7a56, 0x7a5b,
    0x7a61, 0x7a64, 0x7a6b, 0x7a76, 0x7a78, 0x7a7c, 0x7a8a, 0x7a8c,
    0x7a99, 0x7a9b, 0x7a9f, 0x7aa0, 0x7aa1, 0x7aa2, 0x7aa4, 0x7aa6,
    0x7aab, 0x7ac7, 0x7ac9, 0x7ace, 0x7ad0, 0x7add, 0x7ae4, 0x7ae5,
    0x7ae7, 0x7af1, 0x7af9, 0x7afd, 0x7b01, 0x7b16, 0x7b17, 0x7b23,
    0x7b29, 0x7b31, 0x7b3e, 0x7b41, 0x7b47, 0x7b57, 0x7b77, 0x7b8f,
    0x7b9d, 0x7bc3, 0x7bcb, 0x7bcd, 0x7bd9, 0x7be2, 0x7be5, 0x7be7,
    0x7be8, 0x7bef, 0x7bf4, 0x7bf5, 0x7bfa, 0x7bfe, 0x7c01, 0x7c03,
    0x7c09, 0x7c0e, 0x7c1a, 0x7c25, 0x7c26, 0x7c29, 0x7c2c, 0x7c2f,
    0x7c30, 0x7c3f, 0x7c4b, 0x7c5a, 0x7c70, 0x7c72, 0x7c77, 0x7c7b,
    0x7c7f, 0x7cbe, 0x7d91, 0x7dd2, 0x7df0, 0x7df2, 0x7df4, 0x7df6,
    0x7df7, 0x7dfa, 0x7dfb, 0x7dfc, 0x7dff, 0x7e01, 0x7e02, 0x7e03,
    0x7e05, 0x7e06, 0x7e07, 0x7e08, 0x7e09, 0x7e0a, 0x7e0d, 0x7e0f,
    0x7e13, 0x7e14, 0x7e15, 0x7e16, 0x7e17, 0x7e18, 0x7e1a, 0x7e1d,
    0x7e1e, 0x7e1f, 0x7e21, 0x7e22, 0x7e23, 0x7e25, 0x7e28, 0x7e29,
    0x7e2a, 0x7e2c, 0x7e2d, 0x7e2e, 0x7e2f, 0x7e32, 0x7e33, 0x7e35,
    0x7e36, 0x7e37, 0x7e39, 0x7e3a, 0x7e3d, 0x7e40, 0x7e43, 0x7e44,
    0x7e45, 0x7e47, 0x7e48, 0x7e4c, 0x7e4d, 0x7e4f, 0x7e50, 0x7e54,
    0x7e55, 0x7e56, 0x7e59, 0x7e5e, 0x7e63, 0x7e64, 0x7e65, 0x7e66,
    0x7e68, 0x7e6a, 0x7e6d, 0x7e70, 0x7e78, 0x7e79, 0x7e7e, 0x7e84,
    0x7e88, 0x7e8a, 0x7ea0, 0x7ea1, 0x7ea5, 0x7ea7, 0x7eaa, 0x7eb2,
    0x7eb9, 0x7eba, 0x7ebe, 0x7ec2, 0x7eda, 0x7edc, 0x7ede, 0x7ee4,
    0x7eea, 0x7eee, 0x7ef1, 0x7ef4, 0x7f09, 0x7f0d, 0x7f11, 0x7f15,
    0x7f1c, 0x7f24, 0x7f28, 0x7f2f, 0x7f30, 0x7f40, 0x7f41, 0x7f4b,
    0x7f4c, 0x7f50, 0x7f51, 0x7f53, 0x7f55, 0x7f5c, 0x7f5d, 0x7f60,
    0x7f65, 0x7f67, 0x7f68, 0x7f69, 0x7f7a, 0x7f83, 0x7f86, 0x7f88,
    0x7f8b, 0x7f8d, 0x7f8f, 0x7f92, 0x7f9a, 0x7f9b, 0x7f9c, 0x7fa4,
    0x7fa8, 0x7faa, 0x7fba, 0x7fd3, 0x7fd4, 0x7fd6, 0x7fd7, 0x7fd9,
    0x7fdb, 0x7fdc, 0x7fe6, 0x7fe8, 0x7fea, 0x7feb, 0x7fed, 0x7ff0,
    0x7ff1, 0x7ff2, 0x7ff4, 0x7ff5, 0x7ff9, 0x7ffa, 0x7ffe, 0x7fff,
    0x8002, 0x800a, 0x800e, 0x800f, 0x8010, 0x8011, 0x8013, 0x8016,
    0x801c, 0x801e, 0x8026, 0x802a, 0x802c, 0x802e, 0x8031, 0x803f,
    0x8040, 0x8043, 0x8046, 0x8048, 0x804a, 0x804d, 0x8052, 0x8056,
    0x8059, 0x805a, 0x805f, 0x8060, 0x8061, 0x8063, 0x8066, 0x806a,
    0x807f, 0x8081, 0x8088, 0x808e, 0x8096, 0x809a, 0x809b, 0x80a0,
    0x80a1, 0x80a4, 0x80a5, 0x80b5, 0x80be, 0x80c0, 0x80c9, 0x80ca,
    0x80cb, 0x80ce, 0x80cf, 0x80d0, 0x80da, 0x80df, 0x80e8, 0x80eb,
    0x80ec, 0x80ed, 0x80f8, 0x8103, 0x8110, 0x8112, 0x8113, 0x8116,
    0x8133, 0x813a, 0x813d, 0x8143, 0x8144, 0x814b, 0x814c, 0x8150,
    0x8155, 0x8156, 0x815c, 0x815d, 0x8162, 0x8164, 0x816c, 0x816e,
    0x816f, 0x817a, 0x817c, 0x8180, 0x8181, 0x8185, 0x8186, 0x8187,
    0x8189, 0x8197, 0x81a8, 0x81bf, 0x81c0, 0x81c2, 0x81c3, 0x81ca,
    0x81ce, 0x81d2, 0x81db, 0x81dd, 0x81e2, 0x81ec, 0x81ed, 0x81f5,
    0x81f6, 0x81fc, 0x81fd, 0x81ff, 0x8201, 0x8203, 0x8209, 0x820d,
    0x8217, 0x821d, 0x821f, 0x8221, 0x8224, 0x8227, 0x822b, 0x822e,
    0x822f, 0x8235, 0x8236, 0x823b, 0x823f, 0x8241, 0x8249, 0x8251,
    0x8252, 0x8253, 0x8254, 0x8255, 0x825e, 0x8277, 0x8278, 0x827b,
    0x827c, 0x8285, 0x8286, 0x8288, 0x8289, 0x8296, 0x8299, 0x82a0,
    0x82a2, 0x82a4, 0x82aa, 0x82b1, 0x82b3, 0x82b4, 0x82b7, 0x82bb,
    0x82bf, 0x82c7, 0x82d6, 0x82d9, 0x82de, 0x82fb, 0x8301, 0x8302,
    0x8307, 0x8309, 0x830d, 0x8317, 0x831a, 0x831c, 0x831f, 0x832c,
    0x8330, 0x8339, 0x8341, 0x8342, 0x8354, 0x835c, 0x835d, 0x835e,
    0x836d, 0x8374, 0x8375, 0x8377, 0x8378, 0x838d, 0x83a7, 0x83ab,
    0x83b1, 0x83b3, 0x83bb, 0x83bc, 0x83c1, 0x83c5, 0x83d2, 0x83db,
    0x83e9, 0x83ec, 0x8402, 0x8408, 0x8414, 0x8419, 0x8421, 0x8426,
    0x842d, 0x842f, 0x843c, 0x8461, 0x8463, 0x8467, 0x846a, 0x8471,
    0x847b, 0x847c, 0x8487, 0x848c, 0x848d, 0x8499, 0x849a, 0x84c4,
    0x84ce, 0x84d4, 0x84eb, 0x84fa, 0x84ff, 0x8519, 0x851f, 0x8520,
    0x8525, 0x8534, 0x8539, 0x854b, 0x8561, 0x8588, 0x859e, 0x859f,
    0x85a0, 0x85a1, 0x85aa, 0x85ae, 0x85bb, 0x85c1, 0x85c9, 0x85cd,
    0x85ce, 0x85d0, 0x85d1, 0x85d2, 0x85da, 0x85dc, 0x85e5, 0x85ec,
    0x85f4, 0x8610, 0x8616, 0x8617, 0x861a, 0x861b, 0x8624, 0x8629,
    0x862b, 0x8634, 0x863e, 0x8640, 0x8649, 0x864e, 0x8650, 0x8652,
    0x8662, 0x8665, 0x8667, 0x8668, 0x866c, 0x8671, 0x8697, 0x8699,
    0x869e, 0x86a7, 0x86c4, 0x86c6, 0x86dd, 0x86ef, 0x870a, 0x8749,
    0x8765, 0x8772, 0x8790, 0x8795, 0x879c, 0x879d, 0x87a4, 0x87a7,
    0x87a9, 0x87b1, 0x87b3, 0x87b5, 0x87b8, 0x87bb, 0x87bc, 0x87c0,
    0x87c7, 0x87d1, 0x87d4, 0x87db, 0x87dd, 0x87e2, 0x87e6, 0x87ec,
    0x87fb, 0x87fd, 0x8801, 0x8811, 0x8812, 0x8815, 0x8824, 0x8825,
    0x8829, 0x8834, 0x8843, 0x8844, 0x8848, 0x8849, 0x8852, 0x8860,
    0x8862, 0x8875, 0x887a, 0x8894, 0x88af, 0x88cf, 0x88d1, 0x88d6,
    0x8911, 0x8912, 0x8914, 0x8915, 0x8916, 0x8918, 0x8919, 0x8922,
    0x8933, 0x8936, 0x8950, 0x89c9, 0x89d9, 0x89da, 0x89e3, 0x8ab6,
    0x8abc, 0x8af1, 0x8af2, 0x8af3, 0x8af4, 0x8af5, 0x8af8, 0x8af9,
    0x8afb, 0x8afd, 0x8afe, 0x8aff, 0x8b00, 0x8b02, 0x8b03, 0x8b06,
    0x8b08, 0x8b09, 0x8b0a, 0x8b0c, 0x8b0d, 0x8b0e, 0x8b0f, 0x8b10,
    0x8b11, 0x8b14, 0x8b15, 0x8b16, 0x8b18, 0x8b19, 0x8b1a, 0x8b1c,
    0x8b1d, 0x8b21, 0x8b25, 0x8b27, 0x8b2a, 0x8b2b, 0x8b2d, 0x8b2e,
    0x8b31, 0x8b32, 0x8b33, 0x8b35, 0x8b36, 0x8b37, 0x8b3b, 0x8b3c,
    0x8b3d, 0x8b3f, 0x8b41, 0x8b42, 0x8b44, 0x8b45, 0x8b47, 0x8b48,
    0x8b4a, 0x8b4b, 0x8b4d, 0x8b4e, 0x8b51, 0x8b53, 0x8b55, 0x8b56,
    0x8b58, 0x8b5a, 0x8b5b, 0x8b5d, 0x8b5e, 0x8b60, 0x8b63, 0x8b67,
    0x8b6a, 0x8b6c, 0x8b72, 0x8b73, 0x8b74, 0x8b76, 0x8b78, 0x8b79,
    0x8b7c, 0x8b7d, 0x8b80, 0x8b81, 0x8b84, 0x8b87, 0x8b91, 0x8b96,
    0x8b9c, 0x8bb1, 0x8bb2, 0x8bba, 0x8bbb, 0x8bc9, 0x8bca, 0x8bd9,
    0x8bdc, 0x8c6d, 0x8c6e, 0x8c6f
};

static const uint16_t unicode_list_3[] = {
    0x0, 0x1, 0x3, 0x4, 0x5, 0x6, 0x8, 0xa,
    0xb, 0xd, 0xe, 0xf, 0x10, 0x16, 0x17, 0x18,
    0x1a, 0x1b, 0x1c, 0x20, 0x22, 0x24, 0x26, 0x27,
    0x2a, 0x2c, 0x2d, 0x2e, 0x2f, 0x30, 0x32, 0x37,
    0x3c, 0x40, 0x41, 0x42, 0x43, 0x4d, 0x51, 0x56,
    0x57, 0x6b, 0x6f, 0x7f, 0x80, 0x8a, 0x8f, 0x97,
    0x98, 0x9d, 0xa9, 0xab, 0xb4, 0xb6, 0xbb, 0xbf,
    0xc1, 0xc6, 0xd6, 0xd8, 0xdb, 0xea, 0xee, 0xf5,
    0xf6, 0x110, 0x114, 0x117, 0x132, 0x138, 0x139, 0x13e,
    0x14b, 0x14d, 0x153, 0x177, 0x178, 0x17b, 0x17e, 0x186,
    0x232, 0x233, 0x234, 0x235, 0x238, 0x23a, 0x23b, 0x23c,
    0x240, 0x247, 0x249, 0x24b, 0x24f, 0x251, 0x252, 0x254,
    0x255, 0x256, 0x25c, 0x25d, 0x25f, 0x261, 0x262, 0x263,
    0x265, 0x267, 0x268, 0x26a, 0x26b, 0x26f, 0x274, 0x275,
    0x277, 0x27c, 0x27d, 0x285, 0x289, 0x28a, 0x28d, 0x28e,
    0x290, 0x291, 0x293, 0x294, 0x29a, 0x29c, 0x29d, 0x2a0,
    0x2a4, 0x2a5, 0x2a7, 0x2a8, 0x2a9, 0x2aa, 0x2ab, 0x2ae,
    0x2b6, 0x2b7, 0x2b9, 0x2bc, 0x2c3, 0x2c4, 0x2c5, 0x2c9,
    0x2cc, 0x2cd, 0x2ce, 0x2cf, 0x2d2, 0x2d5, 0x2d6, 0x2db,
    0x2dc, 0x2de, 0x2e0, 0x2e3, 0x2e6, 0x2e7, 0x2e9, 0x2ea,
    0x2eb, 0x2ec, 0x2ee, 0x2fa, 0x304, 0x307, 0x308, 0x30a,
    0x30d, 0x30e, 0x313, 0x319, 0x31b, 0x31f, 0x323, 0x32f,
    0x331, 0x339, 0x33a, 0x341, 0x34b, 0x34c, 0x35d, 0x35f,
    0x36e, 0x36f, 0x372, 0x376, 0x37a, 0x37b, 0x37d, 0x381,
    0x385, 0x387, 0x38d, 0x396, 0x39a, 0x39d, 0x3a9, 0x3ad,
    0x3b3, 0x3b4, 0x3b9, 0x3c0, 0x3c4, 0x3c9, 0x3ce, 0x3e5,
    0x415, 0x417, 0x418, 0x419, 0x41e, 0x423, 0x426, 0x429,
    0x42a, 0x42f, 0x431, 0x436, 0x438, 0x43a, 0x43d, 0x441,
    0x442, 0x443, 0x444, 0x44b, 0x453, 0x455, 0x457, 0x45e,
    0x466, 0x467, 0x493, 0x495, 0x496, 0x498, 0x499, 0x49a,
    0x49b, 0x49d, 0x4a8, 0x540, 0x754, 0x755, 0x75a, 0x75e,
    0x75f, 0x765, 0x769, 0x76a, 0x76b, 0x76c, 0x76d, 0x76e,
    0x771, 0x772, 0x773, 0x774, 0x775, 0x77a, 0x77d, 0x77f,
    0x781, 0x787, 0x78a, 0x78c, 0x78d, 0x78e, 0x78f, 0x791,
    0x792, 0x7a8, 0x7a9, 0x7ad, 0x7af, 0x7b8, 0x7b9, 0x7bc,
    0x7bd, 0x7be, 0x7c2, 0x7c4, 0x7c6, 0x7ca, 0x7cc, 0x7cd,
    0x7d0, 0x7d1, 0x7d4, 0x7d7, 0x7d8, 0x7dc, 0x7dd, 0x7e3,
    0x7e5, 0x7e6, 0x7ed, 0x7ef, 0x7f0, 0x7f1, 0x7f2, 0x7f4,
    0x7f9, 0x7fa, 0x7fb, 0x7fc, 0x805, 0x807, 0x80c, 0x80d,
    0x813, 0x816, 0x819, 0x81c, 0x81d, 0x828, 0x82f, 0x839,
    0x83c, 0x842, 0x84b, 0x8b4, 0x8b6, 0x8b9, 0x8ba, 0x8bb,
    0x8bc, 0x8be, 0x8c0, 0x8c3, 0x8c4, 0x8c5, 0x8c6, 0x8c7,
    0x8c9, 0x8cc, 0x8cd, 0x8ce, 0x8d1, 0x8d5, 0x8da, 0x8dc,
    0x8dd, 0x8e0, 0x8e8, 0x8eb, 0x8fa, 0x8fe, 0x8ff, 0x900,
    0x901, 0x902, 0x907, 0x90b, 0x90c, 0x910, 0x911, 0x912,
    0x913, 0x914, 0x917, 0x918, 0x919, 0x91c, 0x921, 0x927,
    0x92d, 0x92e, 0x930, 0x934, 0x935, 0x936, 0x941, 0x942,
    0x943, 0x951, 0x952, 0x957, 0x95b, 0x95c, 0x960, 0x964,
    0x965, 0x968, 0x973, 0x982, 0x98a, 0x98c, 0x98d, 0x990,
    0x991, 0x992, 0x993, 0x998, 0x999, 0x99b, 0x9a1, 0x9b4,
    0x9b6, 0x9c2, 0x9c3, 0x9c5, 0x9ca, 0x9cc, 0x9d0, 0x9d3,
    0x9d5, 0x9d9, 0x9df, 0x9e2, 0x9e8, 0x9ea, 0x9fe, 0xa04,
    0xa05, 0xa1e, 0xa22, 0xa25, 0xa27, 0xa2a, 0xa2c, 0xa2d,
    0xa2e, 0xa35, 0xa3f, 0xa40, 0xa42, 0xa57, 0xa59, 0xa64,
    0xa6c, 0xa79, 0xab2, 0xab3, 0xab5, 0xab9, 0xabf, 0xac1,
    0xac2, 0xb41, 0xb42, 0xb43, 0xb45, 0xb46, 0xb47, 0xb49,
    0xb4a, 0xb4b, 0xb4d, 0xb4e, 0xb50, 0xb51, 0xb52, 0xb53,
    0xb54, 0xb56, 0xb5c, 0xb5d, 0xb5f, 0xb62, 0xb63, 0xb64,
    0xb68, 0xb69, 0xb6c, 0xb70, 0xb73, 0xb9a, 0xba4, 0xbaa,
    0xbab, 0xbdc, 0xc31, 0xc39, 0xc3a, 0xc3b, 0xc3c, 0xc3d,
    0xc3e, 0xc41, 0xc42, 0xc46, 0xc48, 0xc4b, 0xc4d, 0xc51,
    0xc52, 0xc54, 0xc57, 0xc5b, 0xc5e, 0xc62, 0xc65, 0xd38,
    0xd39, 0xd3a, 0xd3b, 0xd3c, 0xd3d, 0xd3f, 0xd40, 0xd42,
    0xd45, 0xd47, 0xd48, 0xd4a, 0xd4e, 0xd50, 0xd52, 0xd53,
    0xd57, 0xd58, 0xd5b, 0xd5d, 0xd63, 0xd66, 0xd6d, 0xd70,
    0xd74, 0xd84, 0xd9f, 0xda4, 0xdcf, 0xe08, 0xe0d, 0xe0e,
    0xe10, 0xe1b, 0xe20, 0xf48, 0xf4d, 0xf59, 0xf68, 0xf70,
    0xf84, 0xf8f, 0xfa2, 0xfaa, 0x10eb, 0x10ed, 0x10ef, 0x10f1,
    0x10f2, 0x10f9, 0x10fb, 0x10ff, 0x1101, 0x1109, 0x110b, 0x110f,
    0x1111, 0x1116, 0x111b, 0x1130, 0x113c, 0x114b, 0x115f, 0x1172,
    0x1187, 0x1190, 0x1199, 0x119a, 0x119d, 0x11a0, 0x11a4, 0x11da,
    0x11df, 0x11ec, 0x1207, 0x121c, 0x124b, 0x1250, 0x1257, 0x1265,
    0x1266, 0x126b, 0x71cd, 0x71d1, 0x71d4, 0x71d5, 0x71d7, 0x71d8,
    0x71d9, 0x71da, 0x71e6, 0x71e7, 0x71eb, 0x722a
};

/*Collect the unicode lists and glyph_id offsets*/
static const lv_font_fmt_txt_cmap_t cmaps[] =
{
    {
        .range_start = 32, .range_length = 95, .glyph_id_start = 1,
        .unicode_list = NULL, .glyph_id_ofs_list = NULL, .list_length = 0, .type = LV_FONT_FMT_TXT_CMAP_FORMAT0_TINY
    },
    {
        .range_start = 176, .range_length = 35952, .glyph_id_start = 96,
        .unicode_list = unicode_list_1, .glyph_id_ofs_list = NULL, .list_length = 3188, .type = LV_FONT_FMT_TXT_CMAP_SPARSE_TINY
    },
    {
        .range_start = 36129, .range_length = 17, .glyph_id_start = 3284,
        .unicode_list = NULL, .glyph_id_ofs_list = NULL, .list_length = 0, .type = LV_FONT_FMT_TXT_CMAP_FORMAT0_TINY
    },
    {
        .range_start = 36148, .range_length = 29227, .glyph_id_start = 3301,
        .unicode_list = unicode_list_3, .glyph_id_ofs_list = NULL, .list_length = 590, .type = LV_FONT_FMT_TXT_CMAP_SPARSE_TINY
    }
};

/*-----------------
 *    KERNING
 *----------------*/


/*Pair left and right glyphs for kerning*/
static const uint16_t kern_pair_glyph_ids[] =
{
    16, 16,
    34, 53,
    34, 55,
    34, 56,
    34, 58,
    34, 71,
    34, 75,
    34, 77,
    34, 85,
    34, 87,
    39, 13,
    39, 15,
    39, 34,
    39, 66,
    39, 68,
    39, 69,
    39, 70,
    39, 71,
    39, 72,
    39, 74,
    39, 75,
    39, 78,
    39, 79,
    39, 80,
    39, 81,
    39, 82,
    39, 83,
    39, 84,
    39, 85,
    39, 86,
    39, 87,
    39, 88,
    39, 89,
    39, 90,
    39, 91,
    45, 53,
    45, 55,
    45, 56,
    45, 58,
    45, 71,
    45, 75,
    45, 77,
    45, 85,
    45, 87,
    45, 88,
    45, 90,
    49, 13,
    49, 15,
    49, 34,
    49, 66,
    53, 13,
    53, 15,
    53, 34,
    53, 66,
    53, 68,
    53, 69,
    53, 70,
    53, 71,
    53, 74,
    53, 75,
    53, 78,
    53, 79,
    53, 80,
    53, 81,
    53, 82,
    53, 83,
    53, 84,
    53, 85,
    53, 86,
    53, 87,
    53, 88,
    53, 89,
    53, 90,
    53, 91,
    55, 13,
    55, 15,
    55, 34,
    55, 66,
    55, 68,
    55, 69,
    55, 70,
    55, 71,
    55, 72,
    55, 74,
    55, 75,
    55, 78,
    55, 79,
    55, 80,
    55, 81,
    55, 82,
    55, 83,
    55, 84,
    55, 85,
    55, 86,
    55, 87,
    55, 88,
    55, 89,
    55, 90,
    55, 91,
    56, 13,
    56, 15,
    56, 34,
    56, 66,
    56, 68,
    56, 69,
    56, 70,
    56, 72,
    56, 80,
    56, 82,
    56, 84,
    58, 13,
    58, 15,
    58, 34,
    58, 66,
    58, 68,
    58, 69,
    58, 70,
    58, 71,
    58, 72,
    58, 74,
    58, 75,
    58, 78,
    58, 79,
    58, 80,
    58, 81,
    58, 82,
    58, 83,
    58, 84,
    58, 85,
    58, 86,
    58, 87,
    58, 88,
    58, 89,
    58, 90,
    58, 91,
    61, 61,
    71, 13,
    71, 15,
    71, 66,
    74, 75,
    77, 75,
    83, 13,
    83, 15,
    83, 66,
    87, 13,
    87, 15,
    88, 13,
    88, 15,
    90, 13,
    90, 15
};

/* Kerning between the respective left and right glyphs
 * 4.4 format which needs to scaled with `kern_scale`*/
static const int8_t kern_pair_values[] =
{
    -16, -16, -16, -16, -16, -16, -16, -16,
    -16, -16, -16, -16, -16, -16, -16, -16,
    -16, -16, -16, -16, -16, -16, -16, -16,
    -16, -16, -16, -16, -16, -16, -16, -16,
    -16, -16, -16, -16, -16, -16, -16, -16,
    -16, -16, -16, -16, -16, -16, -16, -16,
    -16, -16, -16, -16, -16, -16, -16, -16,
    -16, -16, -16, -16, -16, -16, -16, -16,
    -16, -16, -16, -16, -16, -16, -16, -16,
    -16, -16, -16, -16, -16, -16, -16, -16,
    -16, -16, -16, -16, -16, -16, -16, -16,
    -16, -16, -16, -16, -16, -16, -16, -16,
    -16, -16, -16, -16, -16, -16, -16, -16,
    -16, -16, -16, -16, -16, -16, -16, -16,
    -16, -16, -16, -16, -16, -16, -16, -16,
    -16, -16, -16, -16, -16, -16, -16, -16,
    -16, -16, -16, -16, -16, -16, -16, -16,
    -16, -16, -16, -16, -16, -16, -16, -16,
    -16, -16, -16, -16, -16, -16
};

/*Collect the kern pair's data in one place*/
static const lv_font_fmt_txt_kern_pair_t kern_pairs =
{
    .glyph_ids = kern_pair_glyph_ids,
    .values = kern_pair_values,
    .pair_cnt = 150,
    .glyph_ids_size = 1
};

/*--------------------
 *  ALL CUSTOM DATA
 *--------------------*/

#if LVGL_VERSION_MAJOR == 8
/*Store all the custom data of the font*/
static  lv_font_fmt_txt_glyph_cache_t cache;
#endif

#if LVGL_VERSION_MAJOR >= 8
static const lv_font_fmt_txt_dsc_t font_dsc = {
#else
static lv_font_fmt_txt_dsc_t font_dsc = {
#endif
    .glyph_bitmap = glyph_bitmap,
    .glyph_dsc = glyph_dsc,
    .cmaps = cmaps,
    .kern_dsc = &kern_pairs,
    .kern_scale = 16,
    .cmap_num = 4,
    .bpp = 1,
    .kern_classes = 0,
    .bitmap_format = 0,
#if LVGL_VERSION_MAJOR == 8
    .cache = &cache
#endif
};



/*-----------------
 *  PUBLIC FONT
 *----------------*/

/*Initialize a public general font descriptor*/
#if LVGL_VERSION_MAJOR >= 8
const lv_font_t love_font_12 = {
#else
lv_font_t love_font_12 = {
#endif
    .get_glyph_dsc = lv_font_get_glyph_dsc_fmt_txt,    /*Function pointer to get glyph's data*/
    .get_glyph_bitmap = lv_font_get_bitmap_fmt_txt,    /*Function pointer to get glyph's bitmap*/
    .line_height = 12,          /*The maximum line height required by the font*/
    .base_line = 2,             /*Baseline measured from the bottom of the line*/
#if !(LVGL_VERSION_MAJOR == 6 && LVGL_VERSION_MINOR == 0)
    .subpx = LV_FONT_SUBPX_NONE,
#endif
#if LV_VERSION_CHECK(7, 4, 0) || LVGL_VERSION_MAJOR >= 8
    .underline_position = -1,
    .underline_thickness = 1,
#endif
    .dsc = &font_dsc,          /*The custom font data. Will be accessed by `get_glyph_bitmap/dsc` */
#if LV_VERSION_CHECK(8, 2, 0) || LVGL_VERSION_MAJOR >= 9
    .fallback = NULL,
#endif
    .user_data = NULL,
};



#endif /*#if LOVE_FONT_12*/

