// assets/images/love_pixel_art.c —— 由 assets/images/love_pixel_art_gen.py 生成,请勿手改。
// 同一份掩码也导出到 assets/images/web/ 供后台网页使用,两端视觉一致。
//
// 图标是 LV_COLOR_FORMAT_I4:数据开头是 16 个 lv_color32_t 调色板(内存顺序
// B,G,R,A),后面是每字节 2 像素、高半字节在前的索引。这是 lv_bin_decoder 对
// LV_IMAGE_SRC_VARIABLE + 索引格式的约定(见 decode_indexed:palette 取
// image->data 开头,索引数据从 image->data + palette_size*4 开始)。
#include "love_pixel_art.h"

static const uint8_t icon_bird_data[864] = {
    /* pal 0 */ 0x00, 0x00, 0x00, 0x00,
    /* pal 1 */ 0x2A, 0x20, 0x17, 0xFF,
    /* pal 2 */ 0xFF, 0xFF, 0xFF, 0xFF,
    /* pal 3 */ 0xEA, 0xF4, 0xF4, 0xFF,
    /* pal 4 */ 0x2F, 0x3B, 0xE4, 0xFF,
    /* pal 5 */ 0x9C, 0x93, 0xF1, 0xFF,
    /* pal 6 */ 0x33, 0x5A, 0x8A, 0xFF,
    /* pal 7 */ 0xB8, 0xD9, 0xF7, 0xFF,
    /* pal 8 */ 0x3E, 0xB2, 0xFF, 0xFF,
    /* pal 9 */ 0x28, 0xD9, 0xFF, 0xFF,
    /* pal10 */ 0x2D, 0xBE, 0x82, 0xFF,
    /* pal11 */ 0x1D, 0x95, 0x55, 0xFF,
    /* pal12 */ 0xFF, 0xF3, 0xB9, 0xFF,
    /* pal13 */ 0x9E, 0x9E, 0x9E, 0xFF,
    /* pal14 */ 0x00, 0x00, 0x00, 0x00,
    /* pal15 */ 0x00, 0x00, 0x00, 0x00,
    0xFF, 0xFF, 0xFF, 0xFF, 0xFF, 0xFF, 0xFF, 0xFF, 0xFF, 0xFF, 0xFF, 0xFF, 0xFF, 0xFF, 0xFF, 0xFF, 0xFF, 0xFF, 0xFF, 0xFF,
    0xFF, 0xFF, 0xFF, 0xFF, 0xFF, 0xFF, 0xFF, 0xFF, 0xFF, 0xFF, 0xFF, 0xFF, 0xFF, 0xFF, 0xFF, 0xFF, 0xFF, 0xFF, 0xFF, 0xFF,
    0xFF, 0xFF, 0xFF, 0xFF, 0xFF, 0xFF, 0xFF, 0xFF, 0xFF, 0xFF, 0xFF, 0xFF, 0xFF, 0xFF, 0xFF, 0xFF, 0xFF, 0xFF, 0xFF, 0xFF,
    0xFF, 0xFF, 0xFF, 0xFF, 0xFF, 0xFF, 0xFF, 0xFF, 0xFF, 0xFF, 0xFF, 0xFF, 0xFF, 0xFF, 0xFF, 0xFF, 0xFF, 0xFF, 0xFF, 0xFF,
    0xFF, 0xFF, 0xFF, 0xFF, 0xFF, 0xFF, 0xFF, 0xFF, 0xFF, 0xFF, 0xFF, 0xFF, 0xFF, 0xFF, 0xFF, 0xFF, 0xFF, 0xFF, 0xFF, 0xFF,
    0xFF, 0xFF, 0xFF, 0xFF, 0xFF, 0x11, 0x11, 0x11, 0x11, 0x11, 0x11, 0x11, 0x1F, 0xFF, 0xFF, 0xFF, 0xFF, 0xFF, 0xFF, 0xFF,
    0xFF, 0xFF, 0xFF, 0xFF, 0xFF, 0x11, 0x11, 0x11, 0x11, 0x11, 0x11, 0x11, 0x1F, 0xFF, 0xFF, 0xFF, 0xFF, 0xFF, 0xFF, 0xFF,
    0xFF, 0xFF, 0xFF, 0xFF, 0xFF, 0x11, 0x11, 0x11, 0x11, 0x11, 0x11, 0x11, 0x1F, 0xFF, 0xFF, 0xFF, 0xFF, 0xFF, 0xFF, 0xFF,
    0xFF, 0xFF, 0xFF, 0xFF, 0xFF, 0x11, 0x11, 0x11, 0x11, 0x11, 0x11, 0x11, 0x1F, 0xFF, 0xFF, 0xFF, 0xFF, 0xFF, 0xFF, 0xFF,
    0xFF, 0xFF, 0xFF, 0xFF, 0xFF, 0x11, 0x11, 0x11, 0x11, 0x11, 0x11, 0x11, 0x1F, 0xFF, 0xFF, 0xFF, 0xFF, 0xFF, 0xFF, 0xFF,
    0xFF, 0xFF, 0xF1, 0x11, 0x11, 0x99, 0x99, 0x99, 0x99, 0x99, 0x99, 0x99, 0x91, 0x11, 0x11, 0xFF, 0xFF, 0xFF, 0xFF, 0xFF,
    0xFF, 0xFF, 0xF1, 0x11, 0x11, 0x99, 0x99, 0x99, 0x99, 0x99, 0x99, 0x99, 0x91, 0x11, 0x11, 0xFF, 0xFF, 0xFF, 0xFF, 0xFF,
    0xFF, 0xFF, 0xF1, 0x11, 0x11, 0x99, 0x99, 0x99, 0x99, 0x99, 0x99, 0x99, 0x91, 0x11, 0x11, 0xFF, 0xFF, 0xFF, 0xFF, 0xFF,
    0xFF, 0xFF, 0xF1, 0x11, 0x11, 0x99, 0x99, 0x99, 0x99, 0x99, 0x99, 0x99, 0x91, 0x11, 0x11, 0xFF, 0xFF, 0xFF, 0xFF, 0xFF,
    0xFF, 0xFF, 0xF1, 0x11, 0x11, 0x99, 0x99, 0x99, 0x99, 0x99, 0x99, 0x99, 0x91, 0x11, 0x11, 0xFF, 0xFF, 0xFF, 0xFF, 0xFF,
    0xFF, 0xFF, 0xF1, 0x11, 0x11, 0x99, 0x99, 0x91, 0x11, 0x11, 0x99, 0x99, 0x99, 0x99, 0x99, 0x11, 0x11, 0x18, 0x88, 0x88,
    0xFF, 0xFF, 0xF1, 0x11, 0x11, 0x99, 0x99, 0x91, 0x11, 0x11, 0x99, 0x99, 0x99, 0x99, 0x99, 0x11, 0x11, 0x18, 0x88, 0x88,
    0xFF, 0xFF, 0xF1, 0x11, 0x11, 0x99, 0x99, 0x91, 0x11, 0x11, 0x99, 0x99, 0x99, 0x99, 0x99, 0x11, 0x11, 0x18, 0x88, 0x88,
    0xFF, 0xFF, 0xF1, 0x11, 0x11, 0x99, 0x99, 0x91, 0x11, 0x11, 0x99, 0x99, 0x99, 0x99, 0x99, 0x11, 0x11, 0x18, 0x88, 0x88,
    0xFF, 0xFF, 0xF1, 0x11, 0x11, 0x99, 0x99, 0x91, 0x11, 0x11, 0x99, 0x99, 0x99, 0x99, 0x99, 0x11, 0x11, 0x18, 0x88, 0x88,
    0xFF, 0xFF, 0xF1, 0x11, 0x11, 0x99, 0x99, 0x99, 0x99, 0x99, 0x99, 0x99, 0x99, 0x99, 0x99, 0x11, 0x11, 0x18, 0x88, 0x88,
    0xFF, 0xFF, 0xF1, 0x11, 0x11, 0x99, 0x99, 0x99, 0x99, 0x99, 0x99, 0x99, 0x99, 0x99, 0x99, 0x11, 0x11, 0x18, 0x88, 0x88,
    0xFF, 0xFF, 0xF1, 0x11, 0x11, 0x99, 0x99, 0x99, 0x99, 0x99, 0x99, 0x99, 0x99, 0x99, 0x99, 0x11, 0x11, 0x18, 0x88, 0x88,
    0xFF, 0xFF, 0xF1, 0x11, 0x11, 0x99, 0x99, 0x99, 0x99, 0x99, 0x99, 0x99, 0x99, 0x99, 0x99, 0x11, 0x11, 0x18, 0x88, 0x88,
    0xFF, 0xFF, 0xF1, 0x11, 0x11, 0x99, 0x99, 0x99, 0x99, 0x99, 0x99, 0x99, 0x99, 0x99, 0x99, 0x11, 0x11, 0x18, 0x88, 0x88,
    0xFF, 0xFF, 0xF1, 0x11, 0x11, 0x99, 0x99, 0x99, 0x99, 0x99, 0x99, 0x99, 0x99, 0x99, 0x99, 0x11, 0x11, 0x1F, 0xFF, 0xFF,
    0xFF, 0xFF, 0xF1, 0x11, 0x11, 0x99, 0x99, 0x99, 0x99, 0x99, 0x99, 0x99, 0x99, 0x99, 0x99, 0x11, 0x11, 0x1F, 0xFF, 0xFF,
    0xFF, 0xFF, 0xF1, 0x11, 0x11, 0x99, 0x99, 0x99, 0x99, 0x99, 0x99, 0x99, 0x99, 0x99, 0x99, 0x11, 0x11, 0x1F, 0xFF, 0xFF,
    0xFF, 0xFF, 0xF1, 0x11, 0x11, 0x99, 0x99, 0x99, 0x99, 0x99, 0x99, 0x99, 0x99, 0x99, 0x99, 0x11, 0x11, 0x1F, 0xFF, 0xFF,
    0xFF, 0xFF, 0xF1, 0x11, 0x11, 0x99, 0x99, 0x99, 0x99, 0x99, 0x99, 0x99, 0x99, 0x99, 0x99, 0x11, 0x11, 0x1F, 0xFF, 0xFF,
    0xFF, 0xFF, 0xFF, 0xFF, 0xFF, 0x11, 0x11, 0x19, 0x99, 0x99, 0x99, 0x99, 0x91, 0x11, 0x11, 0xFF, 0xFF, 0xFF, 0xFF, 0xFF,
    0xFF, 0xFF, 0xFF, 0xFF, 0xFF, 0x11, 0x11, 0x19, 0x99, 0x99, 0x99, 0x99, 0x91, 0x11, 0x11, 0xFF, 0xFF, 0xFF, 0xFF, 0xFF,
    0xFF, 0xFF, 0xFF, 0xFF, 0xFF, 0x11, 0x11, 0x19, 0x99, 0x99, 0x99, 0x99, 0x91, 0x11, 0x11, 0xFF, 0xFF, 0xFF, 0xFF, 0xFF,
    0xFF, 0xFF, 0xFF, 0xFF, 0xFF, 0x11, 0x11, 0x19, 0x99, 0x99, 0x99, 0x99, 0x91, 0x11, 0x11, 0xFF, 0xFF, 0xFF, 0xFF, 0xFF,
    0xFF, 0xFF, 0xFF, 0xFF, 0xFF, 0x11, 0x11, 0x19, 0x99, 0x99, 0x99, 0x99, 0x91, 0x11, 0x11, 0xFF, 0xFF, 0xFF, 0xFF, 0xFF,
    0xFF, 0xFF, 0xFF, 0xFF, 0xFF, 0xFF, 0xFF, 0xF1, 0x11, 0x11, 0x11, 0x11, 0x1F, 0xFF, 0xFF, 0xFF, 0xFF, 0xFF, 0xFF, 0xFF,
    0xFF, 0xFF, 0xFF, 0xFF, 0xFF, 0xFF, 0xFF, 0xF1, 0x11, 0x11, 0x11, 0x11, 0x1F, 0xFF, 0xFF, 0xFF, 0xFF, 0xFF, 0xFF, 0xFF,
    0xFF, 0xFF, 0xFF, 0xFF, 0xFF, 0xFF, 0xFF, 0xF1, 0x11, 0x11, 0x11, 0x11, 0x1F, 0xFF, 0xFF, 0xFF, 0xFF, 0xFF, 0xFF, 0xFF,
    0xFF, 0xFF, 0xFF, 0xFF, 0xFF, 0xFF, 0xFF, 0xF1, 0x11, 0x11, 0x11, 0x11, 0x1F, 0xFF, 0xFF, 0xFF, 0xFF, 0xFF, 0xFF, 0xFF,
    0xFF, 0xFF, 0xFF, 0xFF, 0xFF, 0xFF, 0xFF, 0xF1, 0x11, 0x11, 0x11, 0x11, 0x1F, 0xFF, 0xFF, 0xFF, 0xFF, 0xFF, 0xFF, 0xFF,
};

static const lv_image_dsc_t icon_bird = {
    .header = { .cf = LV_COLOR_FORMAT_I4,
                .w = 40, .h = 40, .stride = 40 / 2 },
    .data_size = sizeof(icon_bird_data),
    .data = (const uint8_t *)icon_bird_data,
};

static const uint8_t icon_cat_data[864] = {
    /* pal 0 */ 0x00, 0x00, 0x00, 0x00,
    /* pal 1 */ 0x2A, 0x20, 0x17, 0xFF,
    /* pal 2 */ 0xFF, 0xFF, 0xFF, 0xFF,
    /* pal 3 */ 0xEA, 0xF4, 0xF4, 0xFF,
    /* pal 4 */ 0x2F, 0x3B, 0xE4, 0xFF,
    /* pal 5 */ 0x9C, 0x93, 0xF1, 0xFF,
    /* pal 6 */ 0x33, 0x5A, 0x8A, 0xFF,
    /* pal 7 */ 0xB8, 0xD9, 0xF7, 0xFF,
    /* pal 8 */ 0x3E, 0xB2, 0xFF, 0xFF,
    /* pal 9 */ 0x28, 0xD9, 0xFF, 0xFF,
    /* pal10 */ 0x2D, 0xBE, 0x82, 0xFF,
    /* pal11 */ 0x1D, 0x95, 0x55, 0xFF,
    /* pal12 */ 0xFF, 0xF3, 0xB9, 0xFF,
    /* pal13 */ 0x9E, 0x9E, 0x9E, 0xFF,
    /* pal14 */ 0x00, 0x00, 0x00, 0x00,
    /* pal15 */ 0x00, 0x00, 0x00, 0x00,
    0x11, 0x11, 0x11, 0x11, 0x11, 0xFF, 0xFF, 0xFF, 0xFF, 0xFF, 0xFF, 0xFF, 0xFF, 0xFF, 0xFF, 0x11, 0x11, 0x11, 0x11, 0x11,
    0x11, 0x11, 0x11, 0x11, 0x11, 0xFF, 0xFF, 0xFF, 0xFF, 0xFF, 0xFF, 0xFF, 0xFF, 0xFF, 0xFF, 0x11, 0x11, 0x11, 0x11, 0x11,
    0x11, 0x11, 0x11, 0x11, 0x11, 0xFF, 0xFF, 0xFF, 0xFF, 0xFF, 0xFF, 0xFF, 0xFF, 0xFF, 0xFF, 0x11, 0x11, 0x11, 0x11, 0x11,
    0x11, 0x11, 0x11, 0x11, 0x11, 0xFF, 0xFF, 0xFF, 0xFF, 0xFF, 0xFF, 0xFF, 0xFF, 0xFF, 0xFF, 0x11, 0x11, 0x11, 0x11, 0x11,
    0x11, 0x11, 0x11, 0x11, 0x11, 0xFF, 0xFF, 0xFF, 0xFF, 0xFF, 0xFF, 0xFF, 0xFF, 0xFF, 0xFF, 0x11, 0x11, 0x11, 0x11, 0x11,
    0x11, 0x11, 0x1D, 0xDD, 0xDD, 0xDD, 0xDD, 0xD1, 0x11, 0x11, 0x11, 0x11, 0x1D, 0xDD, 0xDD, 0xDD, 0xDD, 0xD1, 0x11, 0x11,
    0x11, 0x11, 0x1D, 0xDD, 0xDD, 0xDD, 0xDD, 0xD1, 0x11, 0x11, 0x11, 0x11, 0x1D, 0xDD, 0xDD, 0xDD, 0xDD, 0xD1, 0x11, 0x11,
    0x11, 0x11, 0x1D, 0xDD, 0xDD, 0xDD, 0xDD, 0xD1, 0x11, 0x11, 0x11, 0x11, 0x1D, 0xDD, 0xDD, 0xDD, 0xDD, 0xD1, 0x11, 0x11,
    0x11, 0x11, 0x1D, 0xDD, 0xDD, 0xDD, 0xDD, 0xD1, 0x11, 0x11, 0x11, 0x11, 0x1D, 0xDD, 0xDD, 0xDD, 0xDD, 0xD1, 0x11, 0x11,
    0x11, 0x11, 0x1D, 0xDD, 0xDD, 0xDD, 0xDD, 0xD1, 0x11, 0x11, 0x11, 0x11, 0x1D, 0xDD, 0xDD, 0xDD, 0xDD, 0xD1, 0x11, 0x11,
    0x11, 0x11, 0x1D, 0xDD, 0xDD, 0xDD, 0xDD, 0xDD, 0xDD, 0xDD, 0xDD, 0xDD, 0xDD, 0xDD, 0xDD, 0xDD, 0xDD, 0xD1, 0x11, 0x11,
    0x11, 0x11, 0x1D, 0xDD, 0xDD, 0xDD, 0xDD, 0xDD, 0xDD, 0xDD, 0xDD, 0xDD, 0xDD, 0xDD, 0xDD, 0xDD, 0xDD, 0xD1, 0x11, 0x11,
    0x11, 0x11, 0x1D, 0xDD, 0xDD, 0xDD, 0xDD, 0xDD, 0xDD, 0xDD, 0xDD, 0xDD, 0xDD, 0xDD, 0xDD, 0xDD, 0xDD, 0xD1, 0x11, 0x11,
    0x11, 0x11, 0x1D, 0xDD, 0xDD, 0xDD, 0xDD, 0xDD, 0xDD, 0xDD, 0xDD, 0xDD, 0xDD, 0xDD, 0xDD, 0xDD, 0xDD, 0xD1, 0x11, 0x11,
    0x11, 0x11, 0x1D, 0xDD, 0xDD, 0xDD, 0xDD, 0xDD, 0xDD, 0xDD, 0xDD, 0xDD, 0xDD, 0xDD, 0xDD, 0xDD, 0xDD, 0xD1, 0x11, 0x11,
    0x11, 0x11, 0x1D, 0xDD, 0xDD, 0x11, 0x11, 0x1D, 0xDD, 0xDD, 0xDD, 0xDD, 0xD1, 0x11, 0x11, 0xDD, 0xDD, 0xD1, 0x11, 0x11,
    0x11, 0x11, 0x1D, 0xDD, 0xDD, 0x11, 0x11, 0x1D, 0xDD, 0xDD, 0xDD, 0xDD, 0xD1, 0x11, 0x11, 0xDD, 0xDD, 0xD1, 0x11, 0x11,
    0x11, 0x11, 0x1D, 0xDD, 0xDD, 0x11, 0x11, 0x1D, 0xDD, 0xDD, 0xDD, 0xDD, 0xD1, 0x11, 0x11, 0xDD, 0xDD, 0xD1, 0x11, 0x11,
    0x11, 0x11, 0x1D, 0xDD, 0xDD, 0x11, 0x11, 0x1D, 0xDD, 0xDD, 0xDD, 0xDD, 0xD1, 0x11, 0x11, 0xDD, 0xDD, 0xD1, 0x11, 0x11,
    0x11, 0x11, 0x1D, 0xDD, 0xDD, 0x11, 0x11, 0x1D, 0xDD, 0xDD, 0xDD, 0xDD, 0xD1, 0x11, 0x11, 0xDD, 0xDD, 0xD1, 0x11, 0x11,
    0x11, 0x11, 0x1D, 0xDD, 0xDD, 0xDD, 0xDD, 0xDD, 0xDD, 0xDD, 0xDD, 0xDD, 0xDD, 0xDD, 0xDD, 0xDD, 0xDD, 0xD1, 0x11, 0x11,
    0x11, 0x11, 0x1D, 0xDD, 0xDD, 0xDD, 0xDD, 0xDD, 0xDD, 0xDD, 0xDD, 0xDD, 0xDD, 0xDD, 0xDD, 0xDD, 0xDD, 0xD1, 0x11, 0x11,
    0x11, 0x11, 0x1D, 0xDD, 0xDD, 0xDD, 0xDD, 0xDD, 0xDD, 0xDD, 0xDD, 0xDD, 0xDD, 0xDD, 0xDD, 0xDD, 0xDD, 0xD1, 0x11, 0x11,
    0x11, 0x11, 0x1D, 0xDD, 0xDD, 0xDD, 0xDD, 0xDD, 0xDD, 0xDD, 0xDD, 0xDD, 0xDD, 0xDD, 0xDD, 0xDD, 0xDD, 0xD1, 0x11, 0x11,
    0x11, 0x11, 0x1D, 0xDD, 0xDD, 0xDD, 0xDD, 0xDD, 0xDD, 0xDD, 0xDD, 0xDD, 0xDD, 0xDD, 0xDD, 0xDD, 0xDD, 0xD1, 0x11, 0x11,
    0x11, 0x11, 0x1D, 0xDD, 0xDD, 0x33, 0x33, 0x31, 0x11, 0x11, 0x11, 0x11, 0x13, 0x33, 0x33, 0xDD, 0xDD, 0xD1, 0x11, 0x11,
    0x11, 0x11, 0x1D, 0xDD, 0xDD, 0x33, 0x33, 0x31, 0x11, 0x11, 0x11, 0x11, 0x13, 0x33, 0x33, 0xDD, 0xDD, 0xD1, 0x11, 0x11,
    0x11, 0x11, 0x1D, 0xDD, 0xDD, 0x33, 0x33, 0x31, 0x11, 0x11, 0x11, 0x11, 0x13, 0x33, 0x33, 0xDD, 0xDD, 0xD1, 0x11, 0x11,
    0x11, 0x11, 0x1D, 0xDD, 0xDD, 0x33, 0x33, 0x31, 0x11, 0x11, 0x11, 0x11, 0x13, 0x33, 0x33, 0xDD, 0xDD, 0xD1, 0x11, 0x11,
    0x11, 0x11, 0x1D, 0xDD, 0xDD, 0x33, 0x33, 0x31, 0x11, 0x11, 0x11, 0x11, 0x13, 0x33, 0x33, 0xDD, 0xDD, 0xD1, 0x11, 0x11,
    0xFF, 0xFF, 0xF1, 0x11, 0x11, 0xDD, 0xDD, 0xDD, 0xDD, 0xDD, 0xDD, 0xDD, 0xDD, 0xDD, 0xDD, 0x11, 0x11, 0x1F, 0xFF, 0xFF,
    0xFF, 0xFF, 0xF1, 0x11, 0x11, 0xDD, 0xDD, 0xDD, 0xDD, 0xDD, 0xDD, 0xDD, 0xDD, 0xDD, 0xDD, 0x11, 0x11, 0x1F, 0xFF, 0xFF,
    0xFF, 0xFF, 0xF1, 0x11, 0x11, 0xDD, 0xDD, 0xDD, 0xDD, 0xDD, 0xDD, 0xDD, 0xDD, 0xDD, 0xDD, 0x11, 0x11, 0x1F, 0xFF, 0xFF,
    0xFF, 0xFF, 0xF1, 0x11, 0x11, 0xDD, 0xDD, 0xDD, 0xDD, 0xDD, 0xDD, 0xDD, 0xDD, 0xDD, 0xDD, 0x11, 0x11, 0x1F, 0xFF, 0xFF,
    0xFF, 0xFF, 0xF1, 0x11, 0x11, 0xDD, 0xDD, 0xDD, 0xDD, 0xDD, 0xDD, 0xDD, 0xDD, 0xDD, 0xDD, 0x11, 0x11, 0x1F, 0xFF, 0xFF,
    0xFF, 0xFF, 0xFF, 0xFF, 0xFF, 0x11, 0x11, 0x11, 0x11, 0x11, 0x11, 0x11, 0x11, 0x11, 0x11, 0xFF, 0xFF, 0xFF, 0xFF, 0xFF,
    0xFF, 0xFF, 0xFF, 0xFF, 0xFF, 0x11, 0x11, 0x11, 0x11, 0x11, 0x11, 0x11, 0x11, 0x11, 0x11, 0xFF, 0xFF, 0xFF, 0xFF, 0xFF,
    0xFF, 0xFF, 0xFF, 0xFF, 0xFF, 0x11, 0x11, 0x11, 0x11, 0x11, 0x11, 0x11, 0x11, 0x11, 0x11, 0xFF, 0xFF, 0xFF, 0xFF, 0xFF,
    0xFF, 0xFF, 0xFF, 0xFF, 0xFF, 0x11, 0x11, 0x11, 0x11, 0x11, 0x11, 0x11, 0x11, 0x11, 0x11, 0xFF, 0xFF, 0xFF, 0xFF, 0xFF,
    0xFF, 0xFF, 0xFF, 0xFF, 0xFF, 0x11, 0x11, 0x11, 0x11, 0x11, 0x11, 0x11, 0x11, 0x11, 0x11, 0xFF, 0xFF, 0xFF, 0xFF, 0xFF,
};

static const lv_image_dsc_t icon_cat = {
    .header = { .cf = LV_COLOR_FORMAT_I4,
                .w = 40, .h = 40, .stride = 40 / 2 },
    .data_size = sizeof(icon_cat_data),
    .data = (const uint8_t *)icon_cat_data,
};

static const uint8_t icon_dog_data[864] = {
    /* pal 0 */ 0x00, 0x00, 0x00, 0x00,
    /* pal 1 */ 0x2A, 0x20, 0x17, 0xFF,
    /* pal 2 */ 0xFF, 0xFF, 0xFF, 0xFF,
    /* pal 3 */ 0xEA, 0xF4, 0xF4, 0xFF,
    /* pal 4 */ 0x2F, 0x3B, 0xE4, 0xFF,
    /* pal 5 */ 0x9C, 0x93, 0xF1, 0xFF,
    /* pal 6 */ 0x33, 0x5A, 0x8A, 0xFF,
    /* pal 7 */ 0xB8, 0xD9, 0xF7, 0xFF,
    /* pal 8 */ 0x3E, 0xB2, 0xFF, 0xFF,
    /* pal 9 */ 0x28, 0xD9, 0xFF, 0xFF,
    /* pal10 */ 0x2D, 0xBE, 0x82, 0xFF,
    /* pal11 */ 0x1D, 0x95, 0x55, 0xFF,
    /* pal12 */ 0xFF, 0xF3, 0xB9, 0xFF,
    /* pal13 */ 0x9E, 0x9E, 0x9E, 0xFF,
    /* pal14 */ 0x00, 0x00, 0x00, 0x00,
    /* pal15 */ 0x00, 0x00, 0x00, 0x00,
    0x11, 0x11, 0x1F, 0xFF, 0xFF, 0xFF, 0xFF, 0xFF, 0xFF, 0xFF, 0xFF, 0xFF, 0xFF, 0xFF, 0xFF, 0xFF, 0xFF, 0xF1, 0x11, 0x11,
    0x11, 0x11, 0x1F, 0xFF, 0xFF, 0xFF, 0xFF, 0xFF, 0xFF, 0xFF, 0xFF, 0xFF, 0xFF, 0xFF, 0xFF, 0xFF, 0xFF, 0xF1, 0x11, 0x11,
    0x11, 0x11, 0x1F, 0xFF, 0xFF, 0xFF, 0xFF, 0xFF, 0xFF, 0xFF, 0xFF, 0xFF, 0xFF, 0xFF, 0xFF, 0xFF, 0xFF, 0xF1, 0x11, 0x11,
    0x11, 0x11, 0x1F, 0xFF, 0xFF, 0xFF, 0xFF, 0xFF, 0xFF, 0xFF, 0xFF, 0xFF, 0xFF, 0xFF, 0xFF, 0xFF, 0xFF, 0xF1, 0x11, 0x11,
    0x11, 0x11, 0x1F, 0xFF, 0xFF, 0xFF, 0xFF, 0xFF, 0xFF, 0xFF, 0xFF, 0xFF, 0xFF, 0xFF, 0xFF, 0xFF, 0xFF, 0xF1, 0x11, 0x11,
    0x11, 0x11, 0x11, 0x11, 0x11, 0x66, 0x66, 0x66, 0x66, 0x66, 0x66, 0x66, 0x66, 0x66, 0x66, 0x11, 0x11, 0x11, 0x11, 0x11,
    0x11, 0x11, 0x11, 0x11, 0x11, 0x66, 0x66, 0x66, 0x66, 0x66, 0x66, 0x66, 0x66, 0x66, 0x66, 0x11, 0x11, 0x11, 0x11, 0x11,
    0x11, 0x11, 0x11, 0x11, 0x11, 0x66, 0x66, 0x66, 0x66, 0x66, 0x66, 0x66, 0x66, 0x66, 0x66, 0x11, 0x11, 0x11, 0x11, 0x11,
    0x11, 0x11, 0x11, 0x11, 0x11, 0x66, 0x66, 0x66, 0x66, 0x66, 0x66, 0x66, 0x66, 0x66, 0x66, 0x11, 0x11, 0x11, 0x11, 0x11,
    0x11, 0x11, 0x11, 0x11, 0x11, 0x66, 0x66, 0x66, 0x66, 0x66, 0x66, 0x66, 0x66, 0x66, 0x66, 0x11, 0x11, 0x11, 0x11, 0x11,
    0x11, 0x11, 0x16, 0x66, 0x66, 0x66, 0x66, 0x66, 0x66, 0x66, 0x66, 0x66, 0x66, 0x66, 0x66, 0x66, 0x66, 0x61, 0x11, 0x11,
    0x11, 0x11, 0x16, 0x66, 0x66, 0x66, 0x66, 0x66, 0x66, 0x66, 0x66, 0x66, 0x66, 0x66, 0x66, 0x66, 0x66, 0x61, 0x11, 0x11,
    0x11, 0x11, 0x16, 0x66, 0x66, 0x66, 0x66, 0x66, 0x66, 0x66, 0x66, 0x66, 0x66, 0x66, 0x66, 0x66, 0x66, 0x61, 0x11, 0x11,
    0x11, 0x11, 0x16, 0x66, 0x66, 0x66, 0x66, 0x66, 0x66, 0x66, 0x66, 0x66, 0x66, 0x66, 0x66, 0x66, 0x66, 0x61, 0x11, 0x11,
    0x11, 0x11, 0x16, 0x66, 0x66, 0x66, 0x66, 0x66, 0x66, 0x66, 0x66, 0x66, 0x66, 0x66, 0x66, 0x66, 0x66, 0x61, 0x11, 0x11,
    0x11, 0x11, 0x16, 0x66, 0x66, 0x11, 0x11, 0x16, 0x66, 0x66, 0x66, 0x66, 0x61, 0x11, 0x11, 0x66, 0x66, 0x61, 0x11, 0x11,
    0x11, 0x11, 0x16, 0x66, 0x66, 0x11, 0x11, 0x16, 0x66, 0x66, 0x66, 0x66, 0x61, 0x11, 0x11, 0x66, 0x66, 0x61, 0x11, 0x11,
    0x11, 0x11, 0x16, 0x66, 0x66, 0x11, 0x11, 0x16, 0x66, 0x66, 0x66, 0x66, 0x61, 0x11, 0x11, 0x66, 0x66, 0x61, 0x11, 0x11,
    0x11, 0x11, 0x16, 0x66, 0x66, 0x11, 0x11, 0x16, 0x66, 0x66, 0x66, 0x66, 0x61, 0x11, 0x11, 0x66, 0x66, 0x61, 0x11, 0x11,
    0x11, 0x11, 0x16, 0x66, 0x66, 0x11, 0x11, 0x16, 0x66, 0x66, 0x66, 0x66, 0x61, 0x11, 0x11, 0x66, 0x66, 0x61, 0x11, 0x11,
    0x11, 0x11, 0x16, 0x66, 0x66, 0x66, 0x66, 0x66, 0x66, 0x66, 0x66, 0x66, 0x66, 0x66, 0x66, 0x66, 0x66, 0x61, 0x11, 0x11,
    0x11, 0x11, 0x16, 0x66, 0x66, 0x66, 0x66, 0x66, 0x66, 0x66, 0x66, 0x66, 0x66, 0x66, 0x66, 0x66, 0x66, 0x61, 0x11, 0x11,
    0x11, 0x11, 0x16, 0x66, 0x66, 0x66, 0x66, 0x66, 0x66, 0x66, 0x66, 0x66, 0x66, 0x66, 0x66, 0x66, 0x66, 0x61, 0x11, 0x11,
    0x11, 0x11, 0x16, 0x66, 0x66, 0x66, 0x66, 0x66, 0x66, 0x66, 0x66, 0x66, 0x66, 0x66, 0x66, 0x66, 0x66, 0x61, 0x11, 0x11,
    0x11, 0x11, 0x16, 0x66, 0x66, 0x66, 0x66, 0x66, 0x66, 0x66, 0x66, 0x66, 0x66, 0x66, 0x66, 0x66, 0x66, 0x61, 0x11, 0x11,
    0x11, 0x11, 0x16, 0x66, 0x66, 0x77, 0x77, 0x77, 0x77, 0x77, 0x77, 0x77, 0x77, 0x77, 0x77, 0x66, 0x66, 0x61, 0x11, 0x11,
    0x11, 0x11, 0x16, 0x66, 0x66, 0x77, 0x77, 0x77, 0x77, 0x77, 0x77, 0x77, 0x77, 0x77, 0x77, 0x66, 0x66, 0x61, 0x11, 0x11,
    0x11, 0x11, 0x16, 0x66, 0x66, 0x77, 0x77, 0x77, 0x77, 0x77, 0x77, 0x77, 0x77, 0x77, 0x77, 0x66, 0x66, 0x61, 0x11, 0x11,
    0x11, 0x11, 0x16, 0x66, 0x66, 0x77, 0x77, 0x77, 0x77, 0x77, 0x77, 0x77, 0x77, 0x77, 0x77, 0x66, 0x66, 0x61, 0x11, 0x11,
    0x11, 0x11, 0x16, 0x66, 0x66, 0x77, 0x77, 0x77, 0x77, 0x77, 0x77, 0x77, 0x77, 0x77, 0x77, 0x66, 0x66, 0x61, 0x11, 0x11,
    0xFF, 0xFF, 0xF1, 0x11, 0x11, 0x66, 0x66, 0x67, 0x77, 0x77, 0x77, 0x77, 0x76, 0x66, 0x66, 0x11, 0x11, 0x1F, 0xFF, 0xFF,
    0xFF, 0xFF, 0xF1, 0x11, 0x11, 0x66, 0x66, 0x67, 0x77, 0x77, 0x77, 0x77, 0x76, 0x66, 0x66, 0x11, 0x11, 0x1F, 0xFF, 0xFF,
    0xFF, 0xFF, 0xF1, 0x11, 0x11, 0x66, 0x66, 0x67, 0x77, 0x77, 0x77, 0x77, 0x76, 0x66, 0x66, 0x11, 0x11, 0x1F, 0xFF, 0xFF,
    0xFF, 0xFF, 0xF1, 0x11, 0x11, 0x66, 0x66, 0x67, 0x77, 0x77, 0x77, 0x77, 0x76, 0x66, 0x66, 0x11, 0x11, 0x1F, 0xFF, 0xFF,
    0xFF, 0xFF, 0xF1, 0x11, 0x11, 0x66, 0x66, 0x67, 0x77, 0x77, 0x77, 0x77, 0x76, 0x66, 0x66, 0x11, 0x11, 0x1F, 0xFF, 0xFF,
    0xFF, 0xFF, 0xFF, 0xFF, 0xFF, 0x11, 0x11, 0x11, 0x11, 0x11, 0x11, 0x11, 0x11, 0x11, 0x11, 0xFF, 0xFF, 0xFF, 0xFF, 0xFF,
    0xFF, 0xFF, 0xFF, 0xFF, 0xFF, 0x11, 0x11, 0x11, 0x11, 0x11, 0x11, 0x11, 0x11, 0x11, 0x11, 0xFF, 0xFF, 0xFF, 0xFF, 0xFF,
    0xFF, 0xFF, 0xFF, 0xFF, 0xFF, 0x11, 0x11, 0x11, 0x11, 0x11, 0x11, 0x11, 0x11, 0x11, 0x11, 0xFF, 0xFF, 0xFF, 0xFF, 0xFF,
    0xFF, 0xFF, 0xFF, 0xFF, 0xFF, 0x11, 0x11, 0x11, 0x11, 0x11, 0x11, 0x11, 0x11, 0x11, 0x11, 0xFF, 0xFF, 0xFF, 0xFF, 0xFF,
    0xFF, 0xFF, 0xFF, 0xFF, 0xFF, 0x11, 0x11, 0x11, 0x11, 0x11, 0x11, 0x11, 0x11, 0x11, 0x11, 0xFF, 0xFF, 0xFF, 0xFF, 0xFF,
};

static const lv_image_dsc_t icon_dog = {
    .header = { .cf = LV_COLOR_FORMAT_I4,
                .w = 40, .h = 40, .stride = 40 / 2 },
    .data_size = sizeof(icon_dog_data),
    .data = (const uint8_t *)icon_dog_data,
};

static const uint8_t icon_rabbit_data[864] = {
    /* pal 0 */ 0x00, 0x00, 0x00, 0x00,
    /* pal 1 */ 0x2A, 0x20, 0x17, 0xFF,
    /* pal 2 */ 0xFF, 0xFF, 0xFF, 0xFF,
    /* pal 3 */ 0xEA, 0xF4, 0xF4, 0xFF,
    /* pal 4 */ 0x2F, 0x3B, 0xE4, 0xFF,
    /* pal 5 */ 0x9C, 0x93, 0xF1, 0xFF,
    /* pal 6 */ 0x33, 0x5A, 0x8A, 0xFF,
    /* pal 7 */ 0xB8, 0xD9, 0xF7, 0xFF,
    /* pal 8 */ 0x3E, 0xB2, 0xFF, 0xFF,
    /* pal 9 */ 0x28, 0xD9, 0xFF, 0xFF,
    /* pal10 */ 0x2D, 0xBE, 0x82, 0xFF,
    /* pal11 */ 0x1D, 0x95, 0x55, 0xFF,
    /* pal12 */ 0xFF, 0xF3, 0xB9, 0xFF,
    /* pal13 */ 0x9E, 0x9E, 0x9E, 0xFF,
    /* pal14 */ 0x00, 0x00, 0x00, 0x00,
    /* pal15 */ 0x00, 0x00, 0x00, 0x00,
    0xFF, 0xFF, 0xF1, 0x11, 0x11, 0x11, 0x11, 0x1F, 0xFF, 0xFF, 0xFF, 0xFF, 0xF1, 0x11, 0x11, 0x11, 0x11, 0x1F, 0xFF, 0xFF,
    0xFF, 0xFF, 0xF1, 0x11, 0x11, 0x11, 0x11, 0x1F, 0xFF, 0xFF, 0xFF, 0xFF, 0xF1, 0x11, 0x11, 0x11, 0x11, 0x1F, 0xFF, 0xFF,
    0xFF, 0xFF, 0xF1, 0x11, 0x11, 0x11, 0x11, 0x1F, 0xFF, 0xFF, 0xFF, 0xFF, 0xF1, 0x11, 0x11, 0x11, 0x11, 0x1F, 0xFF, 0xFF,
    0xFF, 0xFF, 0xF1, 0x11, 0x11, 0x11, 0x11, 0x1F, 0xFF, 0xFF, 0xFF, 0xFF, 0xF1, 0x11, 0x11, 0x11, 0x11, 0x1F, 0xFF, 0xFF,
    0xFF, 0xFF, 0xF1, 0x11, 0x11, 0x11, 0x11, 0x1F, 0xFF, 0xFF, 0xFF, 0xFF, 0xF1, 0x11, 0x11, 0x11, 0x11, 0x1F, 0xFF, 0xFF,
    0xFF, 0xFF, 0xF1, 0x11, 0x11, 0x33, 0x33, 0x31, 0x11, 0x11, 0x11, 0x11, 0x13, 0x33, 0x33, 0x11, 0x11, 0x1F, 0xFF, 0xFF,
    0xFF, 0xFF, 0xF1, 0x11, 0x11, 0x33, 0x33, 0x31, 0x11, 0x11, 0x11, 0x11, 0x13, 0x33, 0x33, 0x11, 0x11, 0x1F, 0xFF, 0xFF,
    0xFF, 0xFF, 0xF1, 0x11, 0x11, 0x33, 0x33, 0x31, 0x11, 0x11, 0x11, 0x11, 0x13, 0x33, 0x33, 0x11, 0x11, 0x1F, 0xFF, 0xFF,
    0xFF, 0xFF, 0xF1, 0x11, 0x11, 0x33, 0x33, 0x31, 0x11, 0x11, 0x11, 0x11, 0x13, 0x33, 0x33, 0x11, 0x11, 0x1F, 0xFF, 0xFF,
    0xFF, 0xFF, 0xF1, 0x11, 0x11, 0x33, 0x33, 0x31, 0x11, 0x11, 0x11, 0x11, 0x13, 0x33, 0x33, 0x11, 0x11, 0x1F, 0xFF, 0xFF,
    0xFF, 0xFF, 0xF1, 0x11, 0x11, 0x33, 0x33, 0x33, 0x33, 0x33, 0x33, 0x33, 0x33, 0x33, 0x33, 0x11, 0x11, 0x1F, 0xFF, 0xFF,
    0xFF, 0xFF, 0xF1, 0x11, 0x11, 0x33, 0x33, 0x33, 0x33, 0x33, 0x33, 0x33, 0x33, 0x33, 0x33, 0x11, 0x11, 0x1F, 0xFF, 0xFF,
    0xFF, 0xFF, 0xF1, 0x11, 0x11, 0x33, 0x33, 0x33, 0x33, 0x33, 0x33, 0x33, 0x33, 0x33, 0x33, 0x11, 0x11, 0x1F, 0xFF, 0xFF,
    0xFF, 0xFF, 0xF1, 0x11, 0x11, 0x33, 0x33, 0x33, 0x33, 0x33, 0x33, 0x33, 0x33, 0x33, 0x33, 0x11, 0x11, 0x1F, 0xFF, 0xFF,
    0xFF, 0xFF, 0xF1, 0x11, 0x11, 0x33, 0x33, 0x33, 0x33, 0x33, 0x33, 0x33, 0x33, 0x33, 0x33, 0x11, 0x11, 0x1F, 0xFF, 0xFF,
    0xFF, 0xFF, 0xF1, 0x11, 0x11, 0x33, 0x33, 0x31, 0x11, 0x11, 0x11, 0x11, 0x13, 0x33, 0x33, 0x11, 0x11, 0x1F, 0xFF, 0xFF,
    0xFF, 0xFF, 0xF1, 0x11, 0x11, 0x33, 0x33, 0x31, 0x11, 0x11, 0x11, 0x11, 0x13, 0x33, 0x33, 0x11, 0x11, 0x1F, 0xFF, 0xFF,
    0xFF, 0xFF, 0xF1, 0x11, 0x11, 0x33, 0x33, 0x31, 0x11, 0x11, 0x11, 0x11, 0x13, 0x33, 0x33, 0x11, 0x11, 0x1F, 0xFF, 0xFF,
    0xFF, 0xFF, 0xF1, 0x11, 0x11, 0x33, 0x33, 0x31, 0x11, 0x11, 0x11, 0x11, 0x13, 0x33, 0x33, 0x11, 0x11, 0x1F, 0xFF, 0xFF,
    0xFF, 0xFF, 0xF1, 0x11, 0x11, 0x33, 0x33, 0x31, 0x11, 0x11, 0x11, 0x11, 0x13, 0x33, 0x33, 0x11, 0x11, 0x1F, 0xFF, 0xFF,
    0xFF, 0xFF, 0xF1, 0x11, 0x11, 0x33, 0x33, 0x33, 0x33, 0x33, 0x33, 0x33, 0x33, 0x33, 0x33, 0x11, 0x11, 0x1F, 0xFF, 0xFF,
    0xFF, 0xFF, 0xF1, 0x11, 0x11, 0x33, 0x33, 0x33, 0x33, 0x33, 0x33, 0x33, 0x33, 0x33, 0x33, 0x11, 0x11, 0x1F, 0xFF, 0xFF,
    0xFF, 0xFF, 0xF1, 0x11, 0x11, 0x33, 0x33, 0x33, 0x33, 0x33, 0x33, 0x33, 0x33, 0x33, 0x33, 0x11, 0x11, 0x1F, 0xFF, 0xFF,
    0xFF, 0xFF, 0xF1, 0x11, 0x11, 0x33, 0x33, 0x33, 0x33, 0x33, 0x33, 0x33, 0x33, 0x33, 0x33, 0x11, 0x11, 0x1F, 0xFF, 0xFF,
    0xFF, 0xFF, 0xF1, 0x11, 0x11, 0x33, 0x33, 0x33, 0x33, 0x33, 0x33, 0x33, 0x33, 0x33, 0x33, 0x11, 0x11, 0x1F, 0xFF, 0xFF,
    0xFF, 0xFF, 0xFF, 0xFF, 0xFF, 0x11, 0x11, 0x13, 0x33, 0x33, 0x33, 0x33, 0x31, 0x11, 0x11, 0xFF, 0xFF, 0xFF, 0xFF, 0xFF,
    0xFF, 0xFF, 0xFF, 0xFF, 0xFF, 0x11, 0x11, 0x13, 0x33, 0x33, 0x33, 0x33, 0x31, 0x11, 0x11, 0xFF, 0xFF, 0xFF, 0xFF, 0xFF,
    0xFF, 0xFF, 0xFF, 0xFF, 0xFF, 0x11, 0x11, 0x13, 0x33, 0x33, 0x33, 0x33, 0x31, 0x11, 0x11, 0xFF, 0xFF, 0xFF, 0xFF, 0xFF,
    0xFF, 0xFF, 0xFF, 0xFF, 0xFF, 0x11, 0x11, 0x13, 0x33, 0x33, 0x33, 0x33, 0x31, 0x11, 0x11, 0xFF, 0xFF, 0xFF, 0xFF, 0xFF,
    0xFF, 0xFF, 0xFF, 0xFF, 0xFF, 0x11, 0x11, 0x13, 0x33, 0x33, 0x33, 0x33, 0x31, 0x11, 0x11, 0xFF, 0xFF, 0xFF, 0xFF, 0xFF,
    0xFF, 0xFF, 0xFF, 0xFF, 0xFF, 0x11, 0x11, 0x11, 0x11, 0x11, 0x11, 0x11, 0x11, 0x11, 0x11, 0xFF, 0xFF, 0xFF, 0xFF, 0xFF,
    0xFF, 0xFF, 0xFF, 0xFF, 0xFF, 0x11, 0x11, 0x11, 0x11, 0x11, 0x11, 0x11, 0x11, 0x11, 0x11, 0xFF, 0xFF, 0xFF, 0xFF, 0xFF,
    0xFF, 0xFF, 0xFF, 0xFF, 0xFF, 0x11, 0x11, 0x11, 0x11, 0x11, 0x11, 0x11, 0x11, 0x11, 0x11, 0xFF, 0xFF, 0xFF, 0xFF, 0xFF,
    0xFF, 0xFF, 0xFF, 0xFF, 0xFF, 0x11, 0x11, 0x11, 0x11, 0x11, 0x11, 0x11, 0x11, 0x11, 0x11, 0xFF, 0xFF, 0xFF, 0xFF, 0xFF,
    0xFF, 0xFF, 0xFF, 0xFF, 0xFF, 0x11, 0x11, 0x11, 0x11, 0x11, 0x11, 0x11, 0x11, 0x11, 0x11, 0xFF, 0xFF, 0xFF, 0xFF, 0xFF,
    0xFF, 0xFF, 0xFF, 0xFF, 0xFF, 0xFF, 0xFF, 0xFF, 0xFF, 0xFF, 0xFF, 0xFF, 0xFF, 0xFF, 0xFF, 0xFF, 0xFF, 0xFF, 0xFF, 0xFF,
    0xFF, 0xFF, 0xFF, 0xFF, 0xFF, 0xFF, 0xFF, 0xFF, 0xFF, 0xFF, 0xFF, 0xFF, 0xFF, 0xFF, 0xFF, 0xFF, 0xFF, 0xFF, 0xFF, 0xFF,
    0xFF, 0xFF, 0xFF, 0xFF, 0xFF, 0xFF, 0xFF, 0xFF, 0xFF, 0xFF, 0xFF, 0xFF, 0xFF, 0xFF, 0xFF, 0xFF, 0xFF, 0xFF, 0xFF, 0xFF,
    0xFF, 0xFF, 0xFF, 0xFF, 0xFF, 0xFF, 0xFF, 0xFF, 0xFF, 0xFF, 0xFF, 0xFF, 0xFF, 0xFF, 0xFF, 0xFF, 0xFF, 0xFF, 0xFF, 0xFF,
    0xFF, 0xFF, 0xFF, 0xFF, 0xFF, 0xFF, 0xFF, 0xFF, 0xFF, 0xFF, 0xFF, 0xFF, 0xFF, 0xFF, 0xFF, 0xFF, 0xFF, 0xFF, 0xFF, 0xFF,
};

static const lv_image_dsc_t icon_rabbit = {
    .header = { .cf = LV_COLOR_FORMAT_I4,
                .w = 40, .h = 40, .stride = 40 / 2 },
    .data_size = sizeof(icon_rabbit_data),
    .data = (const uint8_t *)icon_rabbit_data,
};

static const uint8_t icon_bear_data[864] = {
    /* pal 0 */ 0x00, 0x00, 0x00, 0x00,
    /* pal 1 */ 0x2A, 0x20, 0x17, 0xFF,
    /* pal 2 */ 0xFF, 0xFF, 0xFF, 0xFF,
    /* pal 3 */ 0xEA, 0xF4, 0xF4, 0xFF,
    /* pal 4 */ 0x2F, 0x3B, 0xE4, 0xFF,
    /* pal 5 */ 0x9C, 0x93, 0xF1, 0xFF,
    /* pal 6 */ 0x33, 0x5A, 0x8A, 0xFF,
    /* pal 7 */ 0xB8, 0xD9, 0xF7, 0xFF,
    /* pal 8 */ 0x3E, 0xB2, 0xFF, 0xFF,
    /* pal 9 */ 0x28, 0xD9, 0xFF, 0xFF,
    /* pal10 */ 0x2D, 0xBE, 0x82, 0xFF,
    /* pal11 */ 0x1D, 0x95, 0x55, 0xFF,
    /* pal12 */ 0xFF, 0xF3, 0xB9, 0xFF,
    /* pal13 */ 0x9E, 0x9E, 0x9E, 0xFF,
    /* pal14 */ 0x00, 0x00, 0x00, 0x00,
    /* pal15 */ 0x00, 0x00, 0x00, 0x00,
    0x11, 0x11, 0x11, 0x11, 0x11, 0xFF, 0xFF, 0xFF, 0xFF, 0xFF, 0xFF, 0xFF, 0xFF, 0xFF, 0xFF, 0x11, 0x11, 0x11, 0x11, 0x11,
    0x11, 0x11, 0x11, 0x11, 0x11, 0xFF, 0xFF, 0xFF, 0xFF, 0xFF, 0xFF, 0xFF, 0xFF, 0xFF, 0xFF, 0x11, 0x11, 0x11, 0x11, 0x11,
    0x11, 0x11, 0x11, 0x11, 0x11, 0xFF, 0xFF, 0xFF, 0xFF, 0xFF, 0xFF, 0xFF, 0xFF, 0xFF, 0xFF, 0x11, 0x11, 0x11, 0x11, 0x11,
    0x11, 0x11, 0x11, 0x11, 0x11, 0xFF, 0xFF, 0xFF, 0xFF, 0xFF, 0xFF, 0xFF, 0xFF, 0xFF, 0xFF, 0x11, 0x11, 0x11, 0x11, 0x11,
    0x11, 0x11, 0x11, 0x11, 0x11, 0xFF, 0xFF, 0xFF, 0xFF, 0xFF, 0xFF, 0xFF, 0xFF, 0xFF, 0xFF, 0x11, 0x11, 0x11, 0x11, 0x11,
    0x11, 0x11, 0x16, 0x66, 0x66, 0x66, 0x66, 0x61, 0x11, 0x11, 0x11, 0x11, 0x16, 0x66, 0x66, 0x66, 0x66, 0x61, 0x11, 0x11,
    0x11, 0x11, 0x16, 0x66, 0x66, 0x66, 0x66, 0x61, 0x11, 0x11, 0x11, 0x11, 0x16, 0x66, 0x66, 0x66, 0x66, 0x61, 0x11, 0x11,
    0x11, 0x11, 0x16, 0x66, 0x66, 0x66, 0x66, 0x61, 0x11, 0x11, 0x11, 0x11, 0x16, 0x66, 0x66, 0x66, 0x66, 0x61, 0x11, 0x11,
    0x11, 0x11, 0x16, 0x66, 0x66, 0x66, 0x66, 0x61, 0x11, 0x11, 0x11, 0x11, 0x16, 0x66, 0x66, 0x66, 0x66, 0x61, 0x11, 0x11,
    0x11, 0x11, 0x16, 0x66, 0x66, 0x66, 0x66, 0x61, 0x11, 0x11, 0x11, 0x11, 0x16, 0x66, 0x66, 0x66, 0x66, 0x61, 0x11, 0x11,
    0x11, 0x11, 0x16, 0x66, 0x66, 0x66, 0x66, 0x66, 0x66, 0x66, 0x66, 0x66, 0x66, 0x66, 0x66, 0x66, 0x66, 0x61, 0x11, 0x11,
    0x11, 0x11, 0x16, 0x66, 0x66, 0x66, 0x66, 0x66, 0x66, 0x66, 0x66, 0x66, 0x66, 0x66, 0x66, 0x66, 0x66, 0x61, 0x11, 0x11,
    0x11, 0x11, 0x16, 0x66, 0x66, 0x66, 0x66, 0x66, 0x66, 0x66, 0x66, 0x66, 0x66, 0x66, 0x66, 0x66, 0x66, 0x61, 0x11, 0x11,
    0x11, 0x11, 0x16, 0x66, 0x66, 0x66, 0x66, 0x66, 0x66, 0x66, 0x66, 0x66, 0x66, 0x66, 0x66, 0x66, 0x66, 0x61, 0x11, 0x11,
    0x11, 0x11, 0x16, 0x66, 0x66, 0x66, 0x66, 0x66, 0x66, 0x66, 0x66, 0x66, 0x66, 0x66, 0x66, 0x66, 0x66, 0x61, 0x11, 0x11,
    0x11, 0x11, 0x16, 0x66, 0x66, 0x11, 0x11, 0x16, 0x66, 0x66, 0x66, 0x66, 0x61, 0x11, 0x11, 0x66, 0x66, 0x61, 0x11, 0x11,
    0x11, 0x11, 0x16, 0x66, 0x66, 0x11, 0x11, 0x16, 0x66, 0x66, 0x66, 0x66, 0x61, 0x11, 0x11, 0x66, 0x66, 0x61, 0x11, 0x11,
    0x11, 0x11, 0x16, 0x66, 0x66, 0x11, 0x11, 0x16, 0x66, 0x66, 0x66, 0x66, 0x61, 0x11, 0x11, 0x66, 0x66, 0x61, 0x11, 0x11,
    0x11, 0x11, 0x16, 0x66, 0x66, 0x11, 0x11, 0x16, 0x66, 0x66, 0x66, 0x66, 0x61, 0x11, 0x11, 0x66, 0x66, 0x61, 0x11, 0x11,
    0x11, 0x11, 0x16, 0x66, 0x66, 0x11, 0x11, 0x16, 0x66, 0x66, 0x66, 0x66, 0x61, 0x11, 0x11, 0x66, 0x66, 0x61, 0x11, 0x11,
    0x11, 0x11, 0x16, 0x66, 0x66, 0x66, 0x66, 0x66, 0x66, 0x66, 0x66, 0x66, 0x66, 0x66, 0x66, 0x66, 0x66, 0x61, 0x11, 0x11,
    0x11, 0x11, 0x16, 0x66, 0x66, 0x66, 0x66, 0x66, 0x66, 0x66, 0x66, 0x66, 0x66, 0x66, 0x66, 0x66, 0x66, 0x61, 0x11, 0x11,
    0x11, 0x11, 0x16, 0x66, 0x66, 0x66, 0x66, 0x66, 0x66, 0x66, 0x66, 0x66, 0x66, 0x66, 0x66, 0x66, 0x66, 0x61, 0x11, 0x11,
    0x11, 0x11, 0x16, 0x66, 0x66, 0x66, 0x66, 0x66, 0x66, 0x66, 0x66, 0x66, 0x66, 0x66, 0x66, 0x66, 0x66, 0x61, 0x11, 0x11,
    0x11, 0x11, 0x16, 0x66, 0x66, 0x66, 0x66, 0x66, 0x66, 0x66, 0x66, 0x66, 0x66, 0x66, 0x66, 0x66, 0x66, 0x61, 0x11, 0x11,
    0x11, 0x11, 0x16, 0x66, 0x66, 0x66, 0x66, 0x67, 0x77, 0x77, 0x77, 0x77, 0x76, 0x66, 0x66, 0x66, 0x66, 0x61, 0x11, 0x11,
    0x11, 0x11, 0x16, 0x66, 0x66, 0x66, 0x66, 0x67, 0x77, 0x77, 0x77, 0x77, 0x76, 0x66, 0x66, 0x66, 0x66, 0x61, 0x11, 0x11,
    0x11, 0x11, 0x16, 0x66, 0x66, 0x66, 0x66, 0x67, 0x77, 0x77, 0x77, 0x77, 0x76, 0x66, 0x66, 0x66, 0x66, 0x61, 0x11, 0x11,
    0x11, 0x11, 0x16, 0x66, 0x66, 0x66, 0x66, 0x67, 0x77, 0x77, 0x77, 0x77, 0x76, 0x66, 0x66, 0x66, 0x66, 0x61, 0x11, 0x11,
    0x11, 0x11, 0x16, 0x66, 0x66, 0x66, 0x66, 0x67, 0x77, 0x77, 0x77, 0x77, 0x76, 0x66, 0x66, 0x66, 0x66, 0x61, 0x11, 0x11,
    0xFF, 0xFF, 0xF1, 0x11, 0x11, 0x66, 0x66, 0x66, 0x66, 0x66, 0x66, 0x66, 0x66, 0x66, 0x66, 0x11, 0x11, 0x1F, 0xFF, 0xFF,
    0xFF, 0xFF, 0xF1, 0x11, 0x11, 0x66, 0x66, 0x66, 0x66, 0x66, 0x66, 0x66, 0x66, 0x66, 0x66, 0x11, 0x11, 0x1F, 0xFF, 0xFF,
    0xFF, 0xFF, 0xF1, 0x11, 0x11, 0x66, 0x66, 0x66, 0x66, 0x66, 0x66, 0x66, 0x66, 0x66, 0x66, 0x11, 0x11, 0x1F, 0xFF, 0xFF,
    0xFF, 0xFF, 0xF1, 0x11, 0x11, 0x66, 0x66, 0x66, 0x66, 0x66, 0x66, 0x66, 0x66, 0x66, 0x66, 0x11, 0x11, 0x1F, 0xFF, 0xFF,
    0xFF, 0xFF, 0xF1, 0x11, 0x11, 0x66, 0x66, 0x66, 0x66, 0x66, 0x66, 0x66, 0x66, 0x66, 0x66, 0x11, 0x11, 0x1F, 0xFF, 0xFF,
    0xFF, 0xFF, 0xFF, 0xFF, 0xFF, 0x11, 0x11, 0x11, 0x11, 0x11, 0x11, 0x11, 0x11, 0x11, 0x11, 0xFF, 0xFF, 0xFF, 0xFF, 0xFF,
    0xFF, 0xFF, 0xFF, 0xFF, 0xFF, 0x11, 0x11, 0x11, 0x11, 0x11, 0x11, 0x11, 0x11, 0x11, 0x11, 0xFF, 0xFF, 0xFF, 0xFF, 0xFF,
    0xFF, 0xFF, 0xFF, 0xFF, 0xFF, 0x11, 0x11, 0x11, 0x11, 0x11, 0x11, 0x11, 0x11, 0x11, 0x11, 0xFF, 0xFF, 0xFF, 0xFF, 0xFF,
    0xFF, 0xFF, 0xFF, 0xFF, 0xFF, 0x11, 0x11, 0x11, 0x11, 0x11, 0x11, 0x11, 0x11, 0x11, 0x11, 0xFF, 0xFF, 0xFF, 0xFF, 0xFF,
    0xFF, 0xFF, 0xFF, 0xFF, 0xFF, 0x11, 0x11, 0x11, 0x11, 0x11, 0x11, 0x11, 0x11, 0x11, 0x11, 0xFF, 0xFF, 0xFF, 0xFF, 0xFF,
};

static const lv_image_dsc_t icon_bear = {
    .header = { .cf = LV_COLOR_FORMAT_I4,
                .w = 40, .h = 40, .stride = 40 / 2 },
    .data_size = sizeof(icon_bear_data),
    .data = (const uint8_t *)icon_bear_data,
};

static const uint8_t icon_fox_data[864] = {
    /* pal 0 */ 0x00, 0x00, 0x00, 0x00,
    /* pal 1 */ 0x2A, 0x20, 0x17, 0xFF,
    /* pal 2 */ 0xFF, 0xFF, 0xFF, 0xFF,
    /* pal 3 */ 0xEA, 0xF4, 0xF4, 0xFF,
    /* pal 4 */ 0x2F, 0x3B, 0xE4, 0xFF,
    /* pal 5 */ 0x9C, 0x93, 0xF1, 0xFF,
    /* pal 6 */ 0x33, 0x5A, 0x8A, 0xFF,
    /* pal 7 */ 0xB8, 0xD9, 0xF7, 0xFF,
    /* pal 8 */ 0x3E, 0xB2, 0xFF, 0xFF,
    /* pal 9 */ 0x28, 0xD9, 0xFF, 0xFF,
    /* pal10 */ 0x2D, 0xBE, 0x82, 0xFF,
    /* pal11 */ 0x1D, 0x95, 0x55, 0xFF,
    /* pal12 */ 0xFF, 0xF3, 0xB9, 0xFF,
    /* pal13 */ 0x9E, 0x9E, 0x9E, 0xFF,
    /* pal14 */ 0x00, 0x00, 0x00, 0x00,
    /* pal15 */ 0x00, 0x00, 0x00, 0x00,
    0x11, 0x11, 0x1F, 0xFF, 0xFF, 0xFF, 0xFF, 0xFF, 0xFF, 0xFF, 0xFF, 0xFF, 0xFF, 0xFF, 0xFF, 0xFF, 0xFF, 0xF1, 0x11, 0x11,
    0x11, 0x11, 0x1F, 0xFF, 0xFF, 0xFF, 0xFF, 0xFF, 0xFF, 0xFF, 0xFF, 0xFF, 0xFF, 0xFF, 0xFF, 0xFF, 0xFF, 0xF1, 0x11, 0x11,
    0x11, 0x11, 0x1F, 0xFF, 0xFF, 0xFF, 0xFF, 0xFF, 0xFF, 0xFF, 0xFF, 0xFF, 0xFF, 0xFF, 0xFF, 0xFF, 0xFF, 0xF1, 0x11, 0x11,
    0x11, 0x11, 0x1F, 0xFF, 0xFF, 0xFF, 0xFF, 0xFF, 0xFF, 0xFF, 0xFF, 0xFF, 0xFF, 0xFF, 0xFF, 0xFF, 0xFF, 0xF1, 0x11, 0x11,
    0x11, 0x11, 0x1F, 0xFF, 0xFF, 0xFF, 0xFF, 0xFF, 0xFF, 0xFF, 0xFF, 0xFF, 0xFF, 0xFF, 0xFF, 0xFF, 0xFF, 0xF1, 0x11, 0x11,
    0x11, 0x11, 0x18, 0x88, 0x88, 0x11, 0x11, 0x1F, 0xFF, 0xFF, 0xFF, 0xFF, 0xF1, 0x11, 0x11, 0x88, 0x88, 0x81, 0x11, 0x11,
    0x11, 0x11, 0x18, 0x88, 0x88, 0x11, 0x11, 0x1F, 0xFF, 0xFF, 0xFF, 0xFF, 0xF1, 0x11, 0x11, 0x88, 0x88, 0x81, 0x11, 0x11,
    0x11, 0x11, 0x18, 0x88, 0x88, 0x11, 0x11, 0x1F, 0xFF, 0xFF, 0xFF, 0xFF, 0xF1, 0x11, 0x11, 0x88, 0x88, 0x81, 0x11, 0x11,
    0x11, 0x11, 0x18, 0x88, 0x88, 0x11, 0x11, 0x1F, 0xFF, 0xFF, 0xFF, 0xFF, 0xF1, 0x11, 0x11, 0x88, 0x88, 0x81, 0x11, 0x11,
    0x11, 0x11, 0x18, 0x88, 0x88, 0x11, 0x11, 0x1F, 0xFF, 0xFF, 0xFF, 0xFF, 0xF1, 0x11, 0x11, 0x88, 0x88, 0x81, 0x11, 0x11,
    0x11, 0x11, 0x18, 0x88, 0x88, 0x88, 0x88, 0x88, 0x88, 0x88, 0x88, 0x88, 0x88, 0x88, 0x88, 0x88, 0x88, 0x81, 0x11, 0x11,
    0x11, 0x11, 0x18, 0x88, 0x88, 0x88, 0x88, 0x88, 0x88, 0x88, 0x88, 0x88, 0x88, 0x88, 0x88, 0x88, 0x88, 0x81, 0x11, 0x11,
    0x11, 0x11, 0x18, 0x88, 0x88, 0x88, 0x88, 0x88, 0x88, 0x88, 0x88, 0x88, 0x88, 0x88, 0x88, 0x88, 0x88, 0x81, 0x11, 0x11,
    0x11, 0x11, 0x18, 0x88, 0x88, 0x88, 0x88, 0x88, 0x88, 0x88, 0x88, 0x88, 0x88, 0x88, 0x88, 0x88, 0x88, 0x81, 0x11, 0x11,
    0x11, 0x11, 0x18, 0x88, 0x88, 0x88, 0x88, 0x88, 0x88, 0x88, 0x88, 0x88, 0x88, 0x88, 0x88, 0x88, 0x88, 0x81, 0x11, 0x11,
    0x11, 0x11, 0x18, 0x88, 0x88, 0x11, 0x11, 0x18, 0x88, 0x88, 0x88, 0x88, 0x81, 0x11, 0x11, 0x88, 0x88, 0x81, 0x11, 0x11,
    0x11, 0x11, 0x18, 0x88, 0x88, 0x11, 0x11, 0x18, 0x88, 0x88, 0x88, 0x88, 0x81, 0x11, 0x11, 0x88, 0x88, 0x81, 0x11, 0x11,
    0x11, 0x11, 0x18, 0x88, 0x88, 0x11, 0x11, 0x18, 0x88, 0x88, 0x88, 0x88, 0x81, 0x11, 0x11, 0x88, 0x88, 0x81, 0x11, 0x11,
    0x11, 0x11, 0x18, 0x88, 0x88, 0x11, 0x11, 0x18, 0x88, 0x88, 0x88, 0x88, 0x81, 0x11, 0x11, 0x88, 0x88, 0x81, 0x11, 0x11,
    0x11, 0x11, 0x18, 0x88, 0x88, 0x11, 0x11, 0x18, 0x88, 0x88, 0x88, 0x88, 0x81, 0x11, 0x11, 0x88, 0x88, 0x81, 0x11, 0x11,
    0x11, 0x11, 0x18, 0x88, 0x88, 0x22, 0x22, 0x22, 0x22, 0x22, 0x22, 0x22, 0x22, 0x22, 0x22, 0x88, 0x88, 0x81, 0x11, 0x11,
    0x11, 0x11, 0x18, 0x88, 0x88, 0x22, 0x22, 0x22, 0x22, 0x22, 0x22, 0x22, 0x22, 0x22, 0x22, 0x88, 0x88, 0x81, 0x11, 0x11,
    0x11, 0x11, 0x18, 0x88, 0x88, 0x22, 0x22, 0x22, 0x22, 0x22, 0x22, 0x22, 0x22, 0x22, 0x22, 0x88, 0x88, 0x81, 0x11, 0x11,
    0x11, 0x11, 0x18, 0x88, 0x88, 0x22, 0x22, 0x22, 0x22, 0x22, 0x22, 0x22, 0x22, 0x22, 0x22, 0x88, 0x88, 0x81, 0x11, 0x11,
    0x11, 0x11, 0x18, 0x88, 0x88, 0x22, 0x22, 0x22, 0x22, 0x22, 0x22, 0x22, 0x22, 0x22, 0x22, 0x88, 0x88, 0x81, 0x11, 0x11,
    0x11, 0x11, 0x18, 0x88, 0x88, 0x22, 0x22, 0x22, 0x22, 0x22, 0x22, 0x22, 0x22, 0x22, 0x22, 0x88, 0x88, 0x81, 0x11, 0x11,
    0x11, 0x11, 0x18, 0x88, 0x88, 0x22, 0x22, 0x22, 0x22, 0x22, 0x22, 0x22, 0x22, 0x22, 0x22, 0x88, 0x88, 0x81, 0x11, 0x11,
    0x11, 0x11, 0x18, 0x88, 0x88, 0x22, 0x22, 0x22, 0x22, 0x22, 0x22, 0x22, 0x22, 0x22, 0x22, 0x88, 0x88, 0x81, 0x11, 0x11,
    0x11, 0x11, 0x18, 0x88, 0x88, 0x22, 0x22, 0x22, 0x22, 0x22, 0x22, 0x22, 0x22, 0x22, 0x22, 0x88, 0x88, 0x81, 0x11, 0x11,
    0x11, 0x11, 0x18, 0x88, 0x88, 0x22, 0x22, 0x22, 0x22, 0x22, 0x22, 0x22, 0x22, 0x22, 0x22, 0x88, 0x88, 0x81, 0x11, 0x11,
    0xFF, 0xFF, 0xF1, 0x11, 0x11, 0x88, 0x88, 0x82, 0x22, 0x22, 0x22, 0x22, 0x28, 0x88, 0x88, 0x11, 0x11, 0x1F, 0xFF, 0xFF,
    0xFF, 0xFF, 0xF1, 0x11, 0x11, 0x88, 0x88, 0x82, 0x22, 0x22, 0x22, 0x22, 0x28, 0x88, 0x88, 0x11, 0x11, 0x1F, 0xFF, 0xFF,
    0xFF, 0xFF, 0xF1, 0x11, 0x11, 0x88, 0x88, 0x82, 0x22, 0x22, 0x22, 0x22, 0x28, 0x88, 0x88, 0x11, 0x11, 0x1F, 0xFF, 0xFF,
    0xFF, 0xFF, 0xF1, 0x11, 0x11, 0x88, 0x88, 0x82, 0x22, 0x22, 0x22, 0x22, 0x28, 0x88, 0x88, 0x11, 0x11, 0x1F, 0xFF, 0xFF,
    0xFF, 0xFF, 0xF1, 0x11, 0x11, 0x88, 0x88, 0x82, 0x22, 0x22, 0x22, 0x22, 0x28, 0x88, 0x88, 0x11, 0x11, 0x1F, 0xFF, 0xFF,
    0xFF, 0xFF, 0xFF, 0xFF, 0xFF, 0x11, 0x11, 0x11, 0x11, 0x11, 0x11, 0x11, 0x11, 0x11, 0x11, 0xFF, 0xFF, 0xFF, 0xFF, 0xFF,
    0xFF, 0xFF, 0xFF, 0xFF, 0xFF, 0x11, 0x11, 0x11, 0x11, 0x11, 0x11, 0x11, 0x11, 0x11, 0x11, 0xFF, 0xFF, 0xFF, 0xFF, 0xFF,
    0xFF, 0xFF, 0xFF, 0xFF, 0xFF, 0x11, 0x11, 0x11, 0x11, 0x11, 0x11, 0x11, 0x11, 0x11, 0x11, 0xFF, 0xFF, 0xFF, 0xFF, 0xFF,
    0xFF, 0xFF, 0xFF, 0xFF, 0xFF, 0x11, 0x11, 0x11, 0x11, 0x11, 0x11, 0x11, 0x11, 0x11, 0x11, 0xFF, 0xFF, 0xFF, 0xFF, 0xFF,
    0xFF, 0xFF, 0xFF, 0xFF, 0xFF, 0x11, 0x11, 0x11, 0x11, 0x11, 0x11, 0x11, 0x11, 0x11, 0x11, 0xFF, 0xFF, 0xFF, 0xFF, 0xFF,
};

static const lv_image_dsc_t icon_fox = {
    .header = { .cf = LV_COLOR_FORMAT_I4,
                .w = 40, .h = 40, .stride = 40 / 2 },
    .data_size = sizeof(icon_fox_data),
    .data = (const uint8_t *)icon_fox_data,
};

static const uint8_t icon_heart_data[864] = {
    /* pal 0 */ 0x00, 0x00, 0x00, 0x00,
    /* pal 1 */ 0x2A, 0x20, 0x17, 0xFF,
    /* pal 2 */ 0xFF, 0xFF, 0xFF, 0xFF,
    /* pal 3 */ 0xEA, 0xF4, 0xF4, 0xFF,
    /* pal 4 */ 0x2F, 0x3B, 0xE4, 0xFF,
    /* pal 5 */ 0x9C, 0x93, 0xF1, 0xFF,
    /* pal 6 */ 0x33, 0x5A, 0x8A, 0xFF,
    /* pal 7 */ 0xB8, 0xD9, 0xF7, 0xFF,
    /* pal 8 */ 0x3E, 0xB2, 0xFF, 0xFF,
    /* pal 9 */ 0x28, 0xD9, 0xFF, 0xFF,
    /* pal10 */ 0x2D, 0xBE, 0x82, 0xFF,
    /* pal11 */ 0x1D, 0x95, 0x55, 0xFF,
    /* pal12 */ 0xFF, 0xF3, 0xB9, 0xFF,
    /* pal13 */ 0x9E, 0x9E, 0x9E, 0xFF,
    /* pal14 */ 0x00, 0x00, 0x00, 0x00,
    /* pal15 */ 0x00, 0x00, 0x00, 0x00,
    0xFF, 0xFF, 0xFF, 0xFF, 0xFF, 0xFF, 0xFF, 0xFF, 0xFF, 0xFF, 0xFF, 0xFF, 0xFF, 0xFF, 0xFF, 0xFF, 0xFF, 0xFF, 0xFF, 0xFF,
    0xFF, 0xFF, 0xFF, 0xFF, 0xFF, 0xFF, 0xFF, 0xFF, 0xFF, 0xFF, 0xFF, 0xFF, 0xFF, 0xFF, 0xFF, 0xFF, 0xFF, 0xFF, 0xFF, 0xFF,
    0xFF, 0xFF, 0xFF, 0xFF, 0xFF, 0xFF, 0xFF, 0xFF, 0xFF, 0xFF, 0xFF, 0xFF, 0xFF, 0xFF, 0xFF, 0xFF, 0xFF, 0xFF, 0xFF, 0xFF,
    0xFF, 0xFF, 0xFF, 0xFF, 0xFF, 0xFF, 0xFF, 0xFF, 0xFF, 0xFF, 0xFF, 0xFF, 0xFF, 0xFF, 0xFF, 0xFF, 0xFF, 0xFF, 0xFF, 0xFF,
    0xFF, 0xFF, 0xFF, 0xFF, 0xFF, 0xFF, 0xFF, 0xFF, 0xFF, 0xFF, 0xFF, 0xFF, 0xFF, 0xFF, 0xFF, 0xFF, 0xFF, 0xFF, 0xFF, 0xFF,
    0xFF, 0xFF, 0xF1, 0x11, 0x11, 0x11, 0x11, 0x1F, 0xFF, 0xFF, 0xFF, 0xFF, 0xF1, 0x11, 0x11, 0x11, 0x11, 0x1F, 0xFF, 0xFF,
    0xFF, 0xFF, 0xF1, 0x11, 0x11, 0x11, 0x11, 0x1F, 0xFF, 0xFF, 0xFF, 0xFF, 0xF1, 0x11, 0x11, 0x11, 0x11, 0x1F, 0xFF, 0xFF,
    0xFF, 0xFF, 0xF1, 0x11, 0x11, 0x11, 0x11, 0x1F, 0xFF, 0xFF, 0xFF, 0xFF, 0xF1, 0x11, 0x11, 0x11, 0x11, 0x1F, 0xFF, 0xFF,
    0xFF, 0xFF, 0xF1, 0x11, 0x11, 0x11, 0x11, 0x1F, 0xFF, 0xFF, 0xFF, 0xFF, 0xF1, 0x11, 0x11, 0x11, 0x11, 0x1F, 0xFF, 0xFF,
    0xFF, 0xFF, 0xF1, 0x11, 0x11, 0x11, 0x11, 0x1F, 0xFF, 0xFF, 0xFF, 0xFF, 0xF1, 0x11, 0x11, 0x11, 0x11, 0x1F, 0xFF, 0xFF,
    0x11, 0x11, 0x14, 0x44, 0x44, 0x44, 0x44, 0x41, 0x11, 0x11, 0x11, 0x11, 0x14, 0x44, 0x44, 0x44, 0x44, 0x41, 0x11, 0x11,
    0x11, 0x11, 0x14, 0x44, 0x44, 0x44, 0x44, 0x41, 0x11, 0x11, 0x11, 0x11, 0x14, 0x44, 0x44, 0x44, 0x44, 0x41, 0x11, 0x11,
    0x11, 0x11, 0x14, 0x44, 0x44, 0x44, 0x44, 0x41, 0x11, 0x11, 0x11, 0x11, 0x14, 0x44, 0x44, 0x44, 0x44, 0x41, 0x11, 0x11,
    0x11, 0x11, 0x14, 0x44, 0x44, 0x44, 0x44, 0x41, 0x11, 0x11, 0x11, 0x11, 0x14, 0x44, 0x44, 0x44, 0x44, 0x41, 0x11, 0x11,
    0x11, 0x11, 0x14, 0x44, 0x44, 0x44, 0x44, 0x41, 0x11, 0x11, 0x11, 0x11, 0x14, 0x44, 0x44, 0x44, 0x44, 0x41, 0x11, 0x11,
    0x11, 0x11, 0x14, 0x44, 0x44, 0x44, 0x44, 0x44, 0x44, 0x44, 0x44, 0x44, 0x44, 0x44, 0x44, 0x44, 0x44, 0x41, 0x11, 0x11,
    0x11, 0x11, 0x14, 0x44, 0x44, 0x44, 0x44, 0x44, 0x44, 0x44, 0x44, 0x44, 0x44, 0x44, 0x44, 0x44, 0x44, 0x41, 0x11, 0x11,
    0x11, 0x11, 0x14, 0x44, 0x44, 0x44, 0x44, 0x44, 0x44, 0x44, 0x44, 0x44, 0x44, 0x44, 0x44, 0x44, 0x44, 0x41, 0x11, 0x11,
    0x11, 0x11, 0x14, 0x44, 0x44, 0x44, 0x44, 0x44, 0x44, 0x44, 0x44, 0x44, 0x44, 0x44, 0x44, 0x44, 0x44, 0x41, 0x11, 0x11,
    0x11, 0x11, 0x14, 0x44, 0x44, 0x44, 0x44, 0x44, 0x44, 0x44, 0x44, 0x44, 0x44, 0x44, 0x44, 0x44, 0x44, 0x41, 0x11, 0x11,
    0x11, 0x11, 0x14, 0x44, 0x44, 0x44, 0x44, 0x44, 0x44, 0x44, 0x44, 0x44, 0x44, 0x44, 0x44, 0x44, 0x44, 0x41, 0x11, 0x11,
    0x11, 0x11, 0x14, 0x44, 0x44, 0x44, 0x44, 0x44, 0x44, 0x44, 0x44, 0x44, 0x44, 0x44, 0x44, 0x44, 0x44, 0x41, 0x11, 0x11,
    0x11, 0x11, 0x14, 0x44, 0x44, 0x44, 0x44, 0x44, 0x44, 0x44, 0x44, 0x44, 0x44, 0x44, 0x44, 0x44, 0x44, 0x41, 0x11, 0x11,
    0x11, 0x11, 0x14, 0x44, 0x44, 0x44, 0x44, 0x44, 0x44, 0x44, 0x44, 0x44, 0x44, 0x44, 0x44, 0x44, 0x44, 0x41, 0x11, 0x11,
    0x11, 0x11, 0x14, 0x44, 0x44, 0x44, 0x44, 0x44, 0x44, 0x44, 0x44, 0x44, 0x44, 0x44, 0x44, 0x44, 0x44, 0x41, 0x11, 0x11,
    0xFF, 0xFF, 0xF1, 0x11, 0x11, 0x44, 0x44, 0x44, 0x44, 0x44, 0x44, 0x44, 0x44, 0x44, 0x44, 0x11, 0x11, 0x1F, 0xFF, 0xFF,
    0xFF, 0xFF, 0xF1, 0x11, 0x11, 0x44, 0x44, 0x44, 0x44, 0x44, 0x44, 0x44, 0x44, 0x44, 0x44, 0x11, 0x11, 0x1F, 0xFF, 0xFF,
    0xFF, 0xFF, 0xF1, 0x11, 0x11, 0x44, 0x44, 0x44, 0x44, 0x44, 0x44, 0x44, 0x44, 0x44, 0x44, 0x11, 0x11, 0x1F, 0xFF, 0xFF,
    0xFF, 0xFF, 0xF1, 0x11, 0x11, 0x44, 0x44, 0x44, 0x44, 0x44, 0x44, 0x44, 0x44, 0x44, 0x44, 0x11, 0x11, 0x1F, 0xFF, 0xFF,
    0xFF, 0xFF, 0xF1, 0x11, 0x11, 0x44, 0x44, 0x44, 0x44, 0x44, 0x44, 0x44, 0x44, 0x44, 0x44, 0x11, 0x11, 0x1F, 0xFF, 0xFF,
    0xFF, 0xFF, 0xFF, 0xFF, 0xFF, 0x11, 0x11, 0x14, 0x44, 0x44, 0x44, 0x44, 0x41, 0x11, 0x11, 0xFF, 0xFF, 0xFF, 0xFF, 0xFF,
    0xFF, 0xFF, 0xFF, 0xFF, 0xFF, 0x11, 0x11, 0x14, 0x44, 0x44, 0x44, 0x44, 0x41, 0x11, 0x11, 0xFF, 0xFF, 0xFF, 0xFF, 0xFF,
    0xFF, 0xFF, 0xFF, 0xFF, 0xFF, 0x11, 0x11, 0x14, 0x44, 0x44, 0x44, 0x44, 0x41, 0x11, 0x11, 0xFF, 0xFF, 0xFF, 0xFF, 0xFF,
    0xFF, 0xFF, 0xFF, 0xFF, 0xFF, 0x11, 0x11, 0x14, 0x44, 0x44, 0x44, 0x44, 0x41, 0x11, 0x11, 0xFF, 0xFF, 0xFF, 0xFF, 0xFF,
    0xFF, 0xFF, 0xFF, 0xFF, 0xFF, 0x11, 0x11, 0x14, 0x44, 0x44, 0x44, 0x44, 0x41, 0x11, 0x11, 0xFF, 0xFF, 0xFF, 0xFF, 0xFF,
    0xFF, 0xFF, 0xFF, 0xFF, 0xFF, 0xFF, 0xFF, 0xF1, 0x11, 0x11, 0x11, 0x11, 0x1F, 0xFF, 0xFF, 0xFF, 0xFF, 0xFF, 0xFF, 0xFF,
    0xFF, 0xFF, 0xFF, 0xFF, 0xFF, 0xFF, 0xFF, 0xF1, 0x11, 0x11, 0x11, 0x11, 0x1F, 0xFF, 0xFF, 0xFF, 0xFF, 0xFF, 0xFF, 0xFF,
    0xFF, 0xFF, 0xFF, 0xFF, 0xFF, 0xFF, 0xFF, 0xF1, 0x11, 0x11, 0x11, 0x11, 0x1F, 0xFF, 0xFF, 0xFF, 0xFF, 0xFF, 0xFF, 0xFF,
    0xFF, 0xFF, 0xFF, 0xFF, 0xFF, 0xFF, 0xFF, 0xF1, 0x11, 0x11, 0x11, 0x11, 0x1F, 0xFF, 0xFF, 0xFF, 0xFF, 0xFF, 0xFF, 0xFF,
    0xFF, 0xFF, 0xFF, 0xFF, 0xFF, 0xFF, 0xFF, 0xF1, 0x11, 0x11, 0x11, 0x11, 0x1F, 0xFF, 0xFF, 0xFF, 0xFF, 0xFF, 0xFF, 0xFF,
};

static const lv_image_dsc_t icon_heart = {
    .header = { .cf = LV_COLOR_FORMAT_I4,
                .w = 40, .h = 40, .stride = 40 / 2 },
    .data_size = sizeof(icon_heart_data),
    .data = (const uint8_t *)icon_heart_data,
};

static const uint8_t icon_star_data[864] = {
    /* pal 0 */ 0x00, 0x00, 0x00, 0x00,
    /* pal 1 */ 0x2A, 0x20, 0x17, 0xFF,
    /* pal 2 */ 0xFF, 0xFF, 0xFF, 0xFF,
    /* pal 3 */ 0xEA, 0xF4, 0xF4, 0xFF,
    /* pal 4 */ 0x2F, 0x3B, 0xE4, 0xFF,
    /* pal 5 */ 0x9C, 0x93, 0xF1, 0xFF,
    /* pal 6 */ 0x33, 0x5A, 0x8A, 0xFF,
    /* pal 7 */ 0xB8, 0xD9, 0xF7, 0xFF,
    /* pal 8 */ 0x3E, 0xB2, 0xFF, 0xFF,
    /* pal 9 */ 0x28, 0xD9, 0xFF, 0xFF,
    /* pal10 */ 0x2D, 0xBE, 0x82, 0xFF,
    /* pal11 */ 0x1D, 0x95, 0x55, 0xFF,
    /* pal12 */ 0xFF, 0xF3, 0xB9, 0xFF,
    /* pal13 */ 0x9E, 0x9E, 0x9E, 0xFF,
    /* pal14 */ 0x00, 0x00, 0x00, 0x00,
    /* pal15 */ 0x00, 0x00, 0x00, 0x00,
    0xFF, 0xFF, 0xFF, 0xFF, 0xFF, 0xFF, 0xFF, 0xF1, 0x11, 0x11, 0x11, 0x11, 0x1F, 0xFF, 0xFF, 0xFF, 0xFF, 0xFF, 0xFF, 0xFF,
    0xFF, 0xFF, 0xFF, 0xFF, 0xFF, 0xFF, 0xFF, 0xF1, 0x11, 0x11, 0x11, 0x11, 0x1F, 0xFF, 0xFF, 0xFF, 0xFF, 0xFF, 0xFF, 0xFF,
    0xFF, 0xFF, 0xFF, 0xFF, 0xFF, 0xFF, 0xFF, 0xF1, 0x11, 0x11, 0x11, 0x11, 0x1F, 0xFF, 0xFF, 0xFF, 0xFF, 0xFF, 0xFF, 0xFF,
    0xFF, 0xFF, 0xFF, 0xFF, 0xFF, 0xFF, 0xFF, 0xF1, 0x11, 0x11, 0x11, 0x11, 0x1F, 0xFF, 0xFF, 0xFF, 0xFF, 0xFF, 0xFF, 0xFF,
    0xFF, 0xFF, 0xFF, 0xFF, 0xFF, 0xFF, 0xFF, 0xF1, 0x11, 0x11, 0x11, 0x11, 0x1F, 0xFF, 0xFF, 0xFF, 0xFF, 0xFF, 0xFF, 0xFF,
    0xFF, 0xFF, 0xFF, 0xFF, 0xFF, 0x11, 0x11, 0x19, 0x99, 0x99, 0x99, 0x99, 0x91, 0x11, 0x11, 0xFF, 0xFF, 0xFF, 0xFF, 0xFF,
    0xFF, 0xFF, 0xFF, 0xFF, 0xFF, 0x11, 0x11, 0x19, 0x99, 0x99, 0x99, 0x99, 0x91, 0x11, 0x11, 0xFF, 0xFF, 0xFF, 0xFF, 0xFF,
    0xFF, 0xFF, 0xFF, 0xFF, 0xFF, 0x11, 0x11, 0x19, 0x99, 0x99, 0x99, 0x99, 0x91, 0x11, 0x11, 0xFF, 0xFF, 0xFF, 0xFF, 0xFF,
    0xFF, 0xFF, 0xFF, 0xFF, 0xFF, 0x11, 0x11, 0x19, 0x99, 0x99, 0x99, 0x99, 0x91, 0x11, 0x11, 0xFF, 0xFF, 0xFF, 0xFF, 0xFF,
    0xFF, 0xFF, 0xFF, 0xFF, 0xFF, 0x11, 0x11, 0x19, 0x99, 0x99, 0x99, 0x99, 0x91, 0x11, 0x11, 0xFF, 0xFF, 0xFF, 0xFF, 0xFF,
    0x11, 0x11, 0x11, 0x11, 0x11, 0x11, 0x11, 0x19, 0x99, 0x99, 0x99, 0x99, 0x91, 0x11, 0x11, 0x11, 0x11, 0x11, 0x11, 0x11,
    0x11, 0x11, 0x11, 0x11, 0x11, 0x11, 0x11, 0x19, 0x99, 0x99, 0x99, 0x99, 0x91, 0x11, 0x11, 0x11, 0x11, 0x11, 0x11, 0x11,
    0x11, 0x11, 0x11, 0x11, 0x11, 0x11, 0x11, 0x19, 0x99, 0x99, 0x99, 0x99, 0x91, 0x11, 0x11, 0x11, 0x11, 0x11, 0x11, 0x11,
    0x11, 0x11, 0x11, 0x11, 0x11, 0x11, 0x11, 0x19, 0x99, 0x99, 0x99, 0x99, 0x91, 0x11, 0x11, 0x11, 0x11, 0x11, 0x11, 0x11,
    0x11, 0x11, 0x11, 0x11, 0x11, 0x11, 0x11, 0x19, 0x99, 0x99, 0x99, 0x99, 0x91, 0x11, 0x11, 0x11, 0x11, 0x11, 0x11, 0x11,
    0x11, 0x11, 0x19, 0x99, 0x99, 0x99, 0x99, 0x99, 0x99, 0x99, 0x99, 0x99, 0x99, 0x99, 0x99, 0x99, 0x99, 0x91, 0x11, 0x11,
    0x11, 0x11, 0x19, 0x99, 0x99, 0x99, 0x99, 0x99, 0x99, 0x99, 0x99, 0x99, 0x99, 0x99, 0x99, 0x99, 0x99, 0x91, 0x11, 0x11,
    0x11, 0x11, 0x19, 0x99, 0x99, 0x99, 0x99, 0x99, 0x99, 0x99, 0x99, 0x99, 0x99, 0x99, 0x99, 0x99, 0x99, 0x91, 0x11, 0x11,
    0x11, 0x11, 0x19, 0x99, 0x99, 0x99, 0x99, 0x99, 0x99, 0x99, 0x99, 0x99, 0x99, 0x99, 0x99, 0x99, 0x99, 0x91, 0x11, 0x11,
    0x11, 0x11, 0x19, 0x99, 0x99, 0x99, 0x99, 0x99, 0x99, 0x99, 0x99, 0x99, 0x99, 0x99, 0x99, 0x99, 0x99, 0x91, 0x11, 0x11,
    0xFF, 0xFF, 0xF1, 0x11, 0x11, 0x99, 0x99, 0x99, 0x99, 0x99, 0x99, 0x99, 0x99, 0x99, 0x99, 0x11, 0x11, 0x1F, 0xFF, 0xFF,
    0xFF, 0xFF, 0xF1, 0x11, 0x11, 0x99, 0x99, 0x99, 0x99, 0x99, 0x99, 0x99, 0x99, 0x99, 0x99, 0x11, 0x11, 0x1F, 0xFF, 0xFF,
    0xFF, 0xFF, 0xF1, 0x11, 0x11, 0x99, 0x99, 0x99, 0x99, 0x99, 0x99, 0x99, 0x99, 0x99, 0x99, 0x11, 0x11, 0x1F, 0xFF, 0xFF,
    0xFF, 0xFF, 0xF1, 0x11, 0x11, 0x99, 0x99, 0x99, 0x99, 0x99, 0x99, 0x99, 0x99, 0x99, 0x99, 0x11, 0x11, 0x1F, 0xFF, 0xFF,
    0xFF, 0xFF, 0xF1, 0x11, 0x11, 0x99, 0x99, 0x99, 0x99, 0x99, 0x99, 0x99, 0x99, 0x99, 0x99, 0x11, 0x11, 0x1F, 0xFF, 0xFF,
    0xFF, 0xFF, 0xF1, 0x11, 0x11, 0x99, 0x99, 0x99, 0x99, 0x99, 0x99, 0x99, 0x99, 0x99, 0x99, 0x11, 0x11, 0x1F, 0xFF, 0xFF,
    0xFF, 0xFF, 0xF1, 0x11, 0x11, 0x99, 0x99, 0x99, 0x99, 0x99, 0x99, 0x99, 0x99, 0x99, 0x99, 0x11, 0x11, 0x1F, 0xFF, 0xFF,
    0xFF, 0xFF, 0xF1, 0x11, 0x11, 0x99, 0x99, 0x99, 0x99, 0x99, 0x99, 0x99, 0x99, 0x99, 0x99, 0x11, 0x11, 0x1F, 0xFF, 0xFF,
    0xFF, 0xFF, 0xF1, 0x11, 0x11, 0x99, 0x99, 0x99, 0x99, 0x99, 0x99, 0x99, 0x99, 0x99, 0x99, 0x11, 0x11, 0x1F, 0xFF, 0xFF,
    0xFF, 0xFF, 0xF1, 0x11, 0x11, 0x99, 0x99, 0x99, 0x99, 0x99, 0x99, 0x99, 0x99, 0x99, 0x99, 0x11, 0x11, 0x1F, 0xFF, 0xFF,
    0x11, 0x11, 0x19, 0x99, 0x99, 0x11, 0x11, 0x1F, 0xFF, 0xFF, 0xFF, 0xFF, 0xF1, 0x11, 0x11, 0x99, 0x99, 0x91, 0x11, 0x11,
    0x11, 0x11, 0x19, 0x99, 0x99, 0x11, 0x11, 0x1F, 0xFF, 0xFF, 0xFF, 0xFF, 0xF1, 0x11, 0x11, 0x99, 0x99, 0x91, 0x11, 0x11,
    0x11, 0x11, 0x19, 0x99, 0x99, 0x11, 0x11, 0x1F, 0xFF, 0xFF, 0xFF, 0xFF, 0xF1, 0x11, 0x11, 0x99, 0x99, 0x91, 0x11, 0x11,
    0x11, 0x11, 0x19, 0x99, 0x99, 0x11, 0x11, 0x1F, 0xFF, 0xFF, 0xFF, 0xFF, 0xF1, 0x11, 0x11, 0x99, 0x99, 0x91, 0x11, 0x11,
    0x11, 0x11, 0x19, 0x99, 0x99, 0x11, 0x11, 0x1F, 0xFF, 0xFF, 0xFF, 0xFF, 0xF1, 0x11, 0x11, 0x99, 0x99, 0x91, 0x11, 0x11,
    0x11, 0x11, 0x11, 0x11, 0x11, 0xFF, 0xFF, 0xFF, 0xFF, 0xFF, 0xFF, 0xFF, 0xFF, 0xFF, 0xFF, 0x11, 0x11, 0x11, 0x11, 0x11,
    0x11, 0x11, 0x11, 0x11, 0x11, 0xFF, 0xFF, 0xFF, 0xFF, 0xFF, 0xFF, 0xFF, 0xFF, 0xFF, 0xFF, 0x11, 0x11, 0x11, 0x11, 0x11,
    0x11, 0x11, 0x11, 0x11, 0x11, 0xFF, 0xFF, 0xFF, 0xFF, 0xFF, 0xFF, 0xFF, 0xFF, 0xFF, 0xFF, 0x11, 0x11, 0x11, 0x11, 0x11,
    0x11, 0x11, 0x11, 0x11, 0x11, 0xFF, 0xFF, 0xFF, 0xFF, 0xFF, 0xFF, 0xFF, 0xFF, 0xFF, 0xFF, 0x11, 0x11, 0x11, 0x11, 0x11,
    0x11, 0x11, 0x11, 0x11, 0x11, 0xFF, 0xFF, 0xFF, 0xFF, 0xFF, 0xFF, 0xFF, 0xFF, 0xFF, 0xFF, 0x11, 0x11, 0x11, 0x11, 0x11,
};

static const lv_image_dsc_t icon_star = {
    .header = { .cf = LV_COLOR_FORMAT_I4,
                .w = 40, .h = 40, .stride = 40 / 2 },
    .data_size = sizeof(icon_star_data),
    .data = (const uint8_t *)icon_star_data,
};

static const uint8_t icon_flower_data[864] = {
    /* pal 0 */ 0x00, 0x00, 0x00, 0x00,
    /* pal 1 */ 0x2A, 0x20, 0x17, 0xFF,
    /* pal 2 */ 0xFF, 0xFF, 0xFF, 0xFF,
    /* pal 3 */ 0xEA, 0xF4, 0xF4, 0xFF,
    /* pal 4 */ 0x2F, 0x3B, 0xE4, 0xFF,
    /* pal 5 */ 0x9C, 0x93, 0xF1, 0xFF,
    /* pal 6 */ 0x33, 0x5A, 0x8A, 0xFF,
    /* pal 7 */ 0xB8, 0xD9, 0xF7, 0xFF,
    /* pal 8 */ 0x3E, 0xB2, 0xFF, 0xFF,
    /* pal 9 */ 0x28, 0xD9, 0xFF, 0xFF,
    /* pal10 */ 0x2D, 0xBE, 0x82, 0xFF,
    /* pal11 */ 0x1D, 0x95, 0x55, 0xFF,
    /* pal12 */ 0xFF, 0xF3, 0xB9, 0xFF,
    /* pal13 */ 0x9E, 0x9E, 0x9E, 0xFF,
    /* pal14 */ 0x00, 0x00, 0x00, 0x00,
    /* pal15 */ 0x00, 0x00, 0x00, 0x00,
    0xFF, 0xFF, 0xFF, 0xFF, 0xFF, 0x11, 0x11, 0x15, 0x55, 0x55, 0x55, 0x55, 0x51, 0x11, 0x11, 0xFF, 0xFF, 0xFF, 0xFF, 0xFF,
    0xFF, 0xFF, 0xFF, 0xFF, 0xFF, 0x11, 0x11, 0x15, 0x55, 0x55, 0x55, 0x55, 0x51, 0x11, 0x11, 0xFF, 0xFF, 0xFF, 0xFF, 0xFF,
    0xFF, 0xFF, 0xFF, 0xFF, 0xFF, 0x11, 0x11, 0x15, 0x55, 0x55, 0x55, 0x55, 0x51, 0x11, 0x11, 0xFF, 0xFF, 0xFF, 0xFF, 0xFF,
    0xFF, 0xFF, 0xFF, 0xFF, 0xFF, 0x11, 0x11, 0x15, 0x55, 0x55, 0x55, 0x55, 0x51, 0x11, 0x11, 0xFF, 0xFF, 0xFF, 0xFF, 0xFF,
    0xFF, 0xFF, 0xFF, 0xFF, 0xFF, 0x11, 0x11, 0x15, 0x55, 0x55, 0x55, 0x55, 0x51, 0x11, 0x11, 0xFF, 0xFF, 0xFF, 0xFF, 0xFF,
    0xFF, 0xFF, 0xF1, 0x11, 0x11, 0x55, 0x55, 0x55, 0x55, 0x55, 0x55, 0x55, 0x55, 0x55, 0x55, 0x11, 0x11, 0x1F, 0xFF, 0xFF,
    0xFF, 0xFF, 0xF1, 0x11, 0x11, 0x55, 0x55, 0x55, 0x55, 0x55, 0x55, 0x55, 0x55, 0x55, 0x55, 0x11, 0x11, 0x1F, 0xFF, 0xFF,
    0xFF, 0xFF, 0xF1, 0x11, 0x11, 0x55, 0x55, 0x55, 0x55, 0x55, 0x55, 0x55, 0x55, 0x55, 0x55, 0x11, 0x11, 0x1F, 0xFF, 0xFF,
    0xFF, 0xFF, 0xF1, 0x11, 0x11, 0x55, 0x55, 0x55, 0x55, 0x55, 0x55, 0x55, 0x55, 0x55, 0x55, 0x11, 0x11, 0x1F, 0xFF, 0xFF,
    0xFF, 0xFF, 0xF1, 0x11, 0x11, 0x55, 0x55, 0x55, 0x55, 0x55, 0x55, 0x55, 0x55, 0x55, 0x55, 0x11, 0x11, 0x1F, 0xFF, 0xFF,
    0x11, 0x11, 0x15, 0x55, 0x55, 0x99, 0x99, 0x99, 0x99, 0x99, 0x99, 0x99, 0x99, 0x99, 0x99, 0x55, 0x55, 0x51, 0x11, 0x11,
    0x11, 0x11, 0x15, 0x55, 0x55, 0x99, 0x99, 0x99, 0x99, 0x99, 0x99, 0x99, 0x99, 0x99, 0x99, 0x55, 0x55, 0x51, 0x11, 0x11,
    0x11, 0x11, 0x15, 0x55, 0x55, 0x99, 0x99, 0x99, 0x99, 0x99, 0x99, 0x99, 0x99, 0x99, 0x99, 0x55, 0x55, 0x51, 0x11, 0x11,
    0x11, 0x11, 0x15, 0x55, 0x55, 0x99, 0x99, 0x99, 0x99, 0x99, 0x99, 0x99, 0x99, 0x99, 0x99, 0x55, 0x55, 0x51, 0x11, 0x11,
    0x11, 0x11, 0x15, 0x55, 0x55, 0x99, 0x99, 0x99, 0x99, 0x99, 0x99, 0x99, 0x99, 0x99, 0x99, 0x55, 0x55, 0x51, 0x11, 0x11,
    0x11, 0x11, 0x15, 0x55, 0x55, 0x99, 0x99, 0x99, 0x99, 0x99, 0x99, 0x99, 0x99, 0x99, 0x99, 0x55, 0x55, 0x51, 0x11, 0x11,
    0x11, 0x11, 0x15, 0x55, 0x55, 0x99, 0x99, 0x99, 0x99, 0x99, 0x99, 0x99, 0x99, 0x99, 0x99, 0x55, 0x55, 0x51, 0x11, 0x11,
    0x11, 0x11, 0x15, 0x55, 0x55, 0x99, 0x99, 0x99, 0x99, 0x99, 0x99, 0x99, 0x99, 0x99, 0x99, 0x55, 0x55, 0x51, 0x11, 0x11,
    0x11, 0x11, 0x15, 0x55, 0x55, 0x99, 0x99, 0x99, 0x99, 0x99, 0x99, 0x99, 0x99, 0x99, 0x99, 0x55, 0x55, 0x51, 0x11, 0x11,
    0x11, 0x11, 0x15, 0x55, 0x55, 0x99, 0x99, 0x99, 0x99, 0x99, 0x99, 0x99, 0x99, 0x99, 0x99, 0x55, 0x55, 0x51, 0x11, 0x11,
    0xFF, 0xFF, 0xF1, 0x11, 0x11, 0x55, 0x55, 0x55, 0x55, 0x55, 0x55, 0x55, 0x55, 0x55, 0x55, 0x11, 0x11, 0x1F, 0xFF, 0xFF,
    0xFF, 0xFF, 0xF1, 0x11, 0x11, 0x55, 0x55, 0x55, 0x55, 0x55, 0x55, 0x55, 0x55, 0x55, 0x55, 0x11, 0x11, 0x1F, 0xFF, 0xFF,
    0xFF, 0xFF, 0xF1, 0x11, 0x11, 0x55, 0x55, 0x55, 0x55, 0x55, 0x55, 0x55, 0x55, 0x55, 0x55, 0x11, 0x11, 0x1F, 0xFF, 0xFF,
    0xFF, 0xFF, 0xF1, 0x11, 0x11, 0x55, 0x55, 0x55, 0x55, 0x55, 0x55, 0x55, 0x55, 0x55, 0x55, 0x11, 0x11, 0x1F, 0xFF, 0xFF,
    0xFF, 0xFF, 0xF1, 0x11, 0x11, 0x55, 0x55, 0x55, 0x55, 0x55, 0x55, 0x55, 0x55, 0x55, 0x55, 0x11, 0x11, 0x1F, 0xFF, 0xFF,
    0xFF, 0xFF, 0xF1, 0x11, 0x11, 0xBB, 0xBB, 0xB1, 0x11, 0x11, 0xBB, 0xBB, 0xBB, 0xBB, 0xBB, 0x11, 0x11, 0x1F, 0xFF, 0xFF,
    0xFF, 0xFF, 0xF1, 0x11, 0x11, 0xBB, 0xBB, 0xB1, 0x11, 0x11, 0xBB, 0xBB, 0xBB, 0xBB, 0xBB, 0x11, 0x11, 0x1F, 0xFF, 0xFF,
    0xFF, 0xFF, 0xF1, 0x11, 0x11, 0xBB, 0xBB, 0xB1, 0x11, 0x11, 0xBB, 0xBB, 0xBB, 0xBB, 0xBB, 0x11, 0x11, 0x1F, 0xFF, 0xFF,
    0xFF, 0xFF, 0xF1, 0x11, 0x11, 0xBB, 0xBB, 0xB1, 0x11, 0x11, 0xBB, 0xBB, 0xBB, 0xBB, 0xBB, 0x11, 0x11, 0x1F, 0xFF, 0xFF,
    0xFF, 0xFF, 0xF1, 0x11, 0x11, 0xBB, 0xBB, 0xB1, 0x11, 0x11, 0xBB, 0xBB, 0xBB, 0xBB, 0xBB, 0x11, 0x11, 0x1F, 0xFF, 0xFF,
    0xFF, 0xFF, 0xFF, 0xFF, 0xFF, 0x11, 0x11, 0x1B, 0xBB, 0xBB, 0xBB, 0xBB, 0xB1, 0x11, 0x11, 0xFF, 0xFF, 0xFF, 0xFF, 0xFF,
    0xFF, 0xFF, 0xFF, 0xFF, 0xFF, 0x11, 0x11, 0x1B, 0xBB, 0xBB, 0xBB, 0xBB, 0xB1, 0x11, 0x11, 0xFF, 0xFF, 0xFF, 0xFF, 0xFF,
    0xFF, 0xFF, 0xFF, 0xFF, 0xFF, 0x11, 0x11, 0x1B, 0xBB, 0xBB, 0xBB, 0xBB, 0xB1, 0x11, 0x11, 0xFF, 0xFF, 0xFF, 0xFF, 0xFF,
    0xFF, 0xFF, 0xFF, 0xFF, 0xFF, 0x11, 0x11, 0x1B, 0xBB, 0xBB, 0xBB, 0xBB, 0xB1, 0x11, 0x11, 0xFF, 0xFF, 0xFF, 0xFF, 0xFF,
    0xFF, 0xFF, 0xFF, 0xFF, 0xFF, 0x11, 0x11, 0x1B, 0xBB, 0xBB, 0xBB, 0xBB, 0xB1, 0x11, 0x11, 0xFF, 0xFF, 0xFF, 0xFF, 0xFF,
    0xFF, 0xFF, 0xFF, 0xFF, 0xFF, 0xFF, 0xFF, 0xF1, 0x11, 0x11, 0x11, 0x11, 0x1F, 0xFF, 0xFF, 0xFF, 0xFF, 0xFF, 0xFF, 0xFF,
    0xFF, 0xFF, 0xFF, 0xFF, 0xFF, 0xFF, 0xFF, 0xF1, 0x11, 0x11, 0x11, 0x11, 0x1F, 0xFF, 0xFF, 0xFF, 0xFF, 0xFF, 0xFF, 0xFF,
    0xFF, 0xFF, 0xFF, 0xFF, 0xFF, 0xFF, 0xFF, 0xF1, 0x11, 0x11, 0x11, 0x11, 0x1F, 0xFF, 0xFF, 0xFF, 0xFF, 0xFF, 0xFF, 0xFF,
    0xFF, 0xFF, 0xFF, 0xFF, 0xFF, 0xFF, 0xFF, 0xF1, 0x11, 0x11, 0x11, 0x11, 0x1F, 0xFF, 0xFF, 0xFF, 0xFF, 0xFF, 0xFF, 0xFF,
    0xFF, 0xFF, 0xFF, 0xFF, 0xFF, 0xFF, 0xFF, 0xF1, 0x11, 0x11, 0x11, 0x11, 0x1F, 0xFF, 0xFF, 0xFF, 0xFF, 0xFF, 0xFF, 0xFF,
};

static const lv_image_dsc_t icon_flower = {
    .header = { .cf = LV_COLOR_FORMAT_I4,
                .w = 40, .h = 40, .stride = 40 / 2 },
    .data_size = sizeof(icon_flower_data),
    .data = (const uint8_t *)icon_flower_data,
};

static const uint8_t icon_moon_data[864] = {
    /* pal 0 */ 0x00, 0x00, 0x00, 0x00,
    /* pal 1 */ 0x2A, 0x20, 0x17, 0xFF,
    /* pal 2 */ 0xFF, 0xFF, 0xFF, 0xFF,
    /* pal 3 */ 0xEA, 0xF4, 0xF4, 0xFF,
    /* pal 4 */ 0x2F, 0x3B, 0xE4, 0xFF,
    /* pal 5 */ 0x9C, 0x93, 0xF1, 0xFF,
    /* pal 6 */ 0x33, 0x5A, 0x8A, 0xFF,
    /* pal 7 */ 0xB8, 0xD9, 0xF7, 0xFF,
    /* pal 8 */ 0x3E, 0xB2, 0xFF, 0xFF,
    /* pal 9 */ 0x28, 0xD9, 0xFF, 0xFF,
    /* pal10 */ 0x2D, 0xBE, 0x82, 0xFF,
    /* pal11 */ 0x1D, 0x95, 0x55, 0xFF,
    /* pal12 */ 0xFF, 0xF3, 0xB9, 0xFF,
    /* pal13 */ 0x9E, 0x9E, 0x9E, 0xFF,
    /* pal14 */ 0x00, 0x00, 0x00, 0x00,
    /* pal15 */ 0x00, 0x00, 0x00, 0x00,
    0xFF, 0xFF, 0xFF, 0xFF, 0xFF, 0xFF, 0xFF, 0xF1, 0x11, 0x11, 0x11, 0x11, 0x11, 0x11, 0x11, 0x11, 0x11, 0x1F, 0xFF, 0xFF,
    0xFF, 0xFF, 0xFF, 0xFF, 0xFF, 0xFF, 0xFF, 0xF1, 0x11, 0x11, 0x11, 0x11, 0x11, 0x11, 0x11, 0x11, 0x11, 0x1F, 0xFF, 0xFF,
    0xFF, 0xFF, 0xFF, 0xFF, 0xFF, 0xFF, 0xFF, 0xF1, 0x11, 0x11, 0x11, 0x11, 0x11, 0x11, 0x11, 0x11, 0x11, 0x1F, 0xFF, 0xFF,
    0xFF, 0xFF, 0xFF, 0xFF, 0xFF, 0xFF, 0xFF, 0xF1, 0x11, 0x11, 0x11, 0x11, 0x11, 0x11, 0x11, 0x11, 0x11, 0x1F, 0xFF, 0xFF,
    0xFF, 0xFF, 0xFF, 0xFF, 0xFF, 0xFF, 0xFF, 0xF1, 0x11, 0x11, 0x11, 0x11, 0x11, 0x11, 0x11, 0x11, 0x11, 0x1F, 0xFF, 0xFF,
    0xFF, 0xFF, 0xFF, 0xFF, 0xFF, 0x11, 0x11, 0x19, 0x99, 0x99, 0x99, 0x99, 0x99, 0x99, 0x99, 0x99, 0x99, 0x91, 0x11, 0x11,
    0xFF, 0xFF, 0xFF, 0xFF, 0xFF, 0x11, 0x11, 0x19, 0x99, 0x99, 0x99, 0x99, 0x99, 0x99, 0x99, 0x99, 0x99, 0x91, 0x11, 0x11,
    0xFF, 0xFF, 0xFF, 0xFF, 0xFF, 0x11, 0x11, 0x19, 0x99, 0x99, 0x99, 0x99, 0x99, 0x99, 0x99, 0x99, 0x99, 0x91, 0x11, 0x11,
    0xFF, 0xFF, 0xFF, 0xFF, 0xFF, 0x11, 0x11, 0x19, 0x99, 0x99, 0x99, 0x99, 0x99, 0x99, 0x99, 0x99, 0x99, 0x91, 0x11, 0x11,
    0xFF, 0xFF, 0xFF, 0xFF, 0xFF, 0x11, 0x11, 0x19, 0x99, 0x99, 0x99, 0x99, 0x99, 0x99, 0x99, 0x99, 0x99, 0x91, 0x11, 0x11,
    0xFF, 0xFF, 0xF1, 0x11, 0x11, 0x99, 0x99, 0x99, 0x99, 0x99, 0x99, 0x99, 0x99, 0x99, 0x99, 0x11, 0x11, 0x1F, 0xFF, 0xFF,
    0xFF, 0xFF, 0xF1, 0x11, 0x11, 0x99, 0x99, 0x99, 0x99, 0x99, 0x99, 0x99, 0x99, 0x99, 0x99, 0x11, 0x11, 0x1F, 0xFF, 0xFF,
    0xFF, 0xFF, 0xF1, 0x11, 0x11, 0x99, 0x99, 0x99, 0x99, 0x99, 0x99, 0x99, 0x99, 0x99, 0x99, 0x11, 0x11, 0x1F, 0xFF, 0xFF,
    0xFF, 0xFF, 0xF1, 0x11, 0x11, 0x99, 0x99, 0x99, 0x99, 0x99, 0x99, 0x99, 0x99, 0x99, 0x99, 0x11, 0x11, 0x1F, 0xFF, 0xFF,
    0xFF, 0xFF, 0xF1, 0x11, 0x11, 0x99, 0x99, 0x99, 0x99, 0x99, 0x99, 0x99, 0x99, 0x99, 0x99, 0x11, 0x11, 0x1F, 0xFF, 0xFF,
    0xFF, 0xFF, 0xF1, 0x11, 0x11, 0x99, 0x99, 0x99, 0x99, 0x99, 0x99, 0x99, 0x91, 0x11, 0x11, 0xFF, 0xFF, 0xFF, 0xFF, 0xFF,
    0xFF, 0xFF, 0xF1, 0x11, 0x11, 0x99, 0x99, 0x99, 0x99, 0x99, 0x99, 0x99, 0x91, 0x11, 0x11, 0xFF, 0xFF, 0xFF, 0xFF, 0xFF,
    0xFF, 0xFF, 0xF1, 0x11, 0x11, 0x99, 0x99, 0x99, 0x99, 0x99, 0x99, 0x99, 0x91, 0x11, 0x11, 0xFF, 0xFF, 0xFF, 0xFF, 0xFF,
    0xFF, 0xFF, 0xF1, 0x11, 0x11, 0x99, 0x99, 0x99, 0x99, 0x99, 0x99, 0x99, 0x91, 0x11, 0x11, 0xFF, 0xFF, 0xFF, 0xFF, 0xFF,
    0xFF, 0xFF, 0xF1, 0x11, 0x11, 0x99, 0x99, 0x99, 0x99, 0x99, 0x99, 0x99, 0x91, 0x11, 0x11, 0xFF, 0xFF, 0xFF, 0xFF, 0xFF,
    0xFF, 0xFF, 0xF1, 0x11, 0x11, 0x99, 0x99, 0x99, 0x99, 0x99, 0x99, 0x99, 0x91, 0x11, 0x11, 0xFF, 0xFF, 0xFF, 0xFF, 0xFF,
    0xFF, 0xFF, 0xF1, 0x11, 0x11, 0x99, 0x99, 0x99, 0x99, 0x99, 0x99, 0x99, 0x91, 0x11, 0x11, 0xFF, 0xFF, 0xFF, 0xFF, 0xFF,
    0xFF, 0xFF, 0xF1, 0x11, 0x11, 0x99, 0x99, 0x99, 0x99, 0x99, 0x99, 0x99, 0x91, 0x11, 0x11, 0xFF, 0xFF, 0xFF, 0xFF, 0xFF,
    0xFF, 0xFF, 0xF1, 0x11, 0x11, 0x99, 0x99, 0x99, 0x99, 0x99, 0x99, 0x99, 0x91, 0x11, 0x11, 0xFF, 0xFF, 0xFF, 0xFF, 0xFF,
    0xFF, 0xFF, 0xF1, 0x11, 0x11, 0x99, 0x99, 0x99, 0x99, 0x99, 0x99, 0x99, 0x91, 0x11, 0x11, 0xFF, 0xFF, 0xFF, 0xFF, 0xFF,
    0xFF, 0xFF, 0xF1, 0x11, 0x11, 0x99, 0x99, 0x99, 0x99, 0x99, 0x99, 0x99, 0x99, 0x99, 0x99, 0x11, 0x11, 0x1F, 0xFF, 0xFF,
    0xFF, 0xFF, 0xF1, 0x11, 0x11, 0x99, 0x99, 0x99, 0x99, 0x99, 0x99, 0x99, 0x99, 0x99, 0x99, 0x11, 0x11, 0x1F, 0xFF, 0xFF,
    0xFF, 0xFF, 0xF1, 0x11, 0x11, 0x99, 0x99, 0x99, 0x99, 0x99, 0x99, 0x99, 0x99, 0x99, 0x99, 0x11, 0x11, 0x1F, 0xFF, 0xFF,
    0xFF, 0xFF, 0xF1, 0x11, 0x11, 0x99, 0x99, 0x99, 0x99, 0x99, 0x99, 0x99, 0x99, 0x99, 0x99, 0x11, 0x11, 0x1F, 0xFF, 0xFF,
    0xFF, 0xFF, 0xF1, 0x11, 0x11, 0x99, 0x99, 0x99, 0x99, 0x99, 0x99, 0x99, 0x99, 0x99, 0x99, 0x11, 0x11, 0x1F, 0xFF, 0xFF,
    0xFF, 0xFF, 0xFF, 0xFF, 0xFF, 0x11, 0x11, 0x19, 0x99, 0x99, 0x99, 0x99, 0x99, 0x99, 0x99, 0x99, 0x99, 0x91, 0x11, 0x11,
    0xFF, 0xFF, 0xFF, 0xFF, 0xFF, 0x11, 0x11, 0x19, 0x99, 0x99, 0x99, 0x99, 0x99, 0x99, 0x99, 0x99, 0x99, 0x91, 0x11, 0x11,
    0xFF, 0xFF, 0xFF, 0xFF, 0xFF, 0x11, 0x11, 0x19, 0x99, 0x99, 0x99, 0x99, 0x99, 0x99, 0x99, 0x99, 0x99, 0x91, 0x11, 0x11,
    0xFF, 0xFF, 0xFF, 0xFF, 0xFF, 0x11, 0x11, 0x19, 0x99, 0x99, 0x99, 0x99, 0x99, 0x99, 0x99, 0x99, 0x99, 0x91, 0x11, 0x11,
    0xFF, 0xFF, 0xFF, 0xFF, 0xFF, 0x11, 0x11, 0x19, 0x99, 0x99, 0x99, 0x99, 0x99, 0x99, 0x99, 0x99, 0x99, 0x91, 0x11, 0x11,
    0xFF, 0xFF, 0xFF, 0xFF, 0xFF, 0xFF, 0xFF, 0xF1, 0x11, 0x11, 0x11, 0x11, 0x11, 0x11, 0x11, 0x11, 0x11, 0x1F, 0xFF, 0xFF,
    0xFF, 0xFF, 0xFF, 0xFF, 0xFF, 0xFF, 0xFF, 0xF1, 0x11, 0x11, 0x11, 0x11, 0x11, 0x11, 0x11, 0x11, 0x11, 0x1F, 0xFF, 0xFF,
    0xFF, 0xFF, 0xFF, 0xFF, 0xFF, 0xFF, 0xFF, 0xF1, 0x11, 0x11, 0x11, 0x11, 0x11, 0x11, 0x11, 0x11, 0x11, 0x1F, 0xFF, 0xFF,
    0xFF, 0xFF, 0xFF, 0xFF, 0xFF, 0xFF, 0xFF, 0xF1, 0x11, 0x11, 0x11, 0x11, 0x11, 0x11, 0x11, 0x11, 0x11, 0x1F, 0xFF, 0xFF,
    0xFF, 0xFF, 0xFF, 0xFF, 0xFF, 0xFF, 0xFF, 0xF1, 0x11, 0x11, 0x11, 0x11, 0x11, 0x11, 0x11, 0x11, 0x11, 0x1F, 0xFF, 0xFF,
};

static const lv_image_dsc_t icon_moon = {
    .header = { .cf = LV_COLOR_FORMAT_I4,
                .w = 40, .h = 40, .stride = 40 / 2 },
    .data_size = sizeof(icon_moon_data),
    .data = (const uint8_t *)icon_moon_data,
};

static const uint8_t icon_cake_data[864] = {
    /* pal 0 */ 0x00, 0x00, 0x00, 0x00,
    /* pal 1 */ 0x2A, 0x20, 0x17, 0xFF,
    /* pal 2 */ 0xFF, 0xFF, 0xFF, 0xFF,
    /* pal 3 */ 0xEA, 0xF4, 0xF4, 0xFF,
    /* pal 4 */ 0x2F, 0x3B, 0xE4, 0xFF,
    /* pal 5 */ 0x9C, 0x93, 0xF1, 0xFF,
    /* pal 6 */ 0x33, 0x5A, 0x8A, 0xFF,
    /* pal 7 */ 0xB8, 0xD9, 0xF7, 0xFF,
    /* pal 8 */ 0x3E, 0xB2, 0xFF, 0xFF,
    /* pal 9 */ 0x28, 0xD9, 0xFF, 0xFF,
    /* pal10 */ 0x2D, 0xBE, 0x82, 0xFF,
    /* pal11 */ 0x1D, 0x95, 0x55, 0xFF,
    /* pal12 */ 0xFF, 0xF3, 0xB9, 0xFF,
    /* pal13 */ 0x9E, 0x9E, 0x9E, 0xFF,
    /* pal14 */ 0x00, 0x00, 0x00, 0x00,
    /* pal15 */ 0x00, 0x00, 0x00, 0x00,
    0xFF, 0xFF, 0xFF, 0xFF, 0xFF, 0xFF, 0xFF, 0xF8, 0x88, 0x88, 0xFF, 0xFF, 0xFF, 0xFF, 0xFF, 0xFF, 0xFF, 0xFF, 0xFF, 0xFF,
    0xFF, 0xFF, 0xFF, 0xFF, 0xFF, 0xFF, 0xFF, 0xF8, 0x88, 0x88, 0xFF, 0xFF, 0xFF, 0xFF, 0xFF, 0xFF, 0xFF, 0xFF, 0xFF, 0xFF,
    0xFF, 0xFF, 0xFF, 0xFF, 0xFF, 0xFF, 0xFF, 0xF8, 0x88, 0x88, 0xFF, 0xFF, 0xFF, 0xFF, 0xFF, 0xFF, 0xFF, 0xFF, 0xFF, 0xFF,
    0xFF, 0xFF, 0xFF, 0xFF, 0xFF, 0xFF, 0xFF, 0xF8, 0x88, 0x88, 0xFF, 0xFF, 0xFF, 0xFF, 0xFF, 0xFF, 0xFF, 0xFF, 0xFF, 0xFF,
    0xFF, 0xFF, 0xFF, 0xFF, 0xFF, 0xFF, 0xFF, 0xF8, 0x88, 0x88, 0xFF, 0xFF, 0xFF, 0xFF, 0xFF, 0xFF, 0xFF, 0xFF, 0xFF, 0xFF,
    0xFF, 0xFF, 0xFF, 0xFF, 0xFF, 0xFF, 0xFF, 0xF1, 0x11, 0x11, 0xFF, 0xFF, 0xFF, 0xFF, 0xFF, 0xFF, 0xFF, 0xFF, 0xFF, 0xFF,
    0xFF, 0xFF, 0xFF, 0xFF, 0xFF, 0xFF, 0xFF, 0xF1, 0x11, 0x11, 0xFF, 0xFF, 0xFF, 0xFF, 0xFF, 0xFF, 0xFF, 0xFF, 0xFF, 0xFF,
    0xFF, 0xFF, 0xFF, 0xFF, 0xFF, 0xFF, 0xFF, 0xF1, 0x11, 0x11, 0xFF, 0xFF, 0xFF, 0xFF, 0xFF, 0xFF, 0xFF, 0xFF, 0xFF, 0xFF,
    0xFF, 0xFF, 0xFF, 0xFF, 0xFF, 0xFF, 0xFF, 0xF1, 0x11, 0x11, 0xFF, 0xFF, 0xFF, 0xFF, 0xFF, 0xFF, 0xFF, 0xFF, 0xFF, 0xFF,
    0xFF, 0xFF, 0xFF, 0xFF, 0xFF, 0xFF, 0xFF, 0xF1, 0x11, 0x11, 0xFF, 0xFF, 0xFF, 0xFF, 0xFF, 0xFF, 0xFF, 0xFF, 0xFF, 0xFF,
    0xFF, 0xFF, 0xFF, 0xFF, 0xFF, 0x11, 0x11, 0x11, 0x11, 0x11, 0x11, 0x11, 0x11, 0x11, 0x11, 0xFF, 0xFF, 0xFF, 0xFF, 0xFF,
    0xFF, 0xFF, 0xFF, 0xFF, 0xFF, 0x11, 0x11, 0x11, 0x11, 0x11, 0x11, 0x11, 0x11, 0x11, 0x11, 0xFF, 0xFF, 0xFF, 0xFF, 0xFF,
    0xFF, 0xFF, 0xFF, 0xFF, 0xFF, 0x11, 0x11, 0x11, 0x11, 0x11, 0x11, 0x11, 0x11, 0x11, 0x11, 0xFF, 0xFF, 0xFF, 0xFF, 0xFF,
    0xFF, 0xFF, 0xFF, 0xFF, 0xFF, 0x11, 0x11, 0x11, 0x11, 0x11, 0x11, 0x11, 0x11, 0x11, 0x11, 0xFF, 0xFF, 0xFF, 0xFF, 0xFF,
    0xFF, 0xFF, 0xFF, 0xFF, 0xFF, 0x11, 0x11, 0x11, 0x11, 0x11, 0x11, 0x11, 0x11, 0x11, 0x11, 0xFF, 0xFF, 0xFF, 0xFF, 0xFF,
    0xFF, 0xFF, 0xF1, 0x11, 0x11, 0x22, 0x22, 0x22, 0x22, 0x22, 0x22, 0x22, 0x22, 0x22, 0x22, 0x11, 0x11, 0x1F, 0xFF, 0xFF,
    0xFF, 0xFF, 0xF1, 0x11, 0x11, 0x22, 0x22, 0x22, 0x22, 0x22, 0x22, 0x22, 0x22, 0x22, 0x22, 0x11, 0x11, 0x1F, 0xFF, 0xFF,
    0xFF, 0xFF, 0xF1, 0x11, 0x11, 0x22, 0x22, 0x22, 0x22, 0x22, 0x22, 0x22, 0x22, 0x22, 0x22, 0x11, 0x11, 0x1F, 0xFF, 0xFF,
    0xFF, 0xFF, 0xF1, 0x11, 0x11, 0x22, 0x22, 0x22, 0x22, 0x22, 0x22, 0x22, 0x22, 0x22, 0x22, 0x11, 0x11, 0x1F, 0xFF, 0xFF,
    0xFF, 0xFF, 0xF1, 0x11, 0x11, 0x22, 0x22, 0x22, 0x22, 0x22, 0x22, 0x22, 0x22, 0x22, 0x22, 0x11, 0x11, 0x1F, 0xFF, 0xFF,
    0xFF, 0xFF, 0xF1, 0x11, 0x11, 0x33, 0x33, 0x32, 0x22, 0x22, 0x33, 0x33, 0x32, 0x22, 0x22, 0x11, 0x11, 0x1F, 0xFF, 0xFF,
    0xFF, 0xFF, 0xF1, 0x11, 0x11, 0x33, 0x33, 0x32, 0x22, 0x22, 0x33, 0x33, 0x32, 0x22, 0x22, 0x11, 0x11, 0x1F, 0xFF, 0xFF,
    0xFF, 0xFF, 0xF1, 0x11, 0x11, 0x33, 0x33, 0x32, 0x22, 0x22, 0x33, 0x33, 0x32, 0x22, 0x22, 0x11, 0x11, 0x1F, 0xFF, 0xFF,
    0xFF, 0xFF, 0xF1, 0x11, 0x11, 0x33, 0x33, 0x32, 0x22, 0x22, 0x33, 0x33, 0x32, 0x22, 0x22, 0x11, 0x11, 0x1F, 0xFF, 0xFF,
    0xFF, 0xFF, 0xF1, 0x11, 0x11, 0x33, 0x33, 0x32, 0x22, 0x22, 0x33, 0x33, 0x32, 0x22, 0x22, 0x11, 0x11, 0x1F, 0xFF, 0xFF,
    0xFF, 0xFF, 0xF1, 0x11, 0x11, 0x11, 0x11, 0x11, 0x11, 0x11, 0x11, 0x11, 0x11, 0x11, 0x11, 0x11, 0x11, 0x1F, 0xFF, 0xFF,
    0xFF, 0xFF, 0xF1, 0x11, 0x11, 0x11, 0x11, 0x11, 0x11, 0x11, 0x11, 0x11, 0x11, 0x11, 0x11, 0x11, 0x11, 0x1F, 0xFF, 0xFF,
    0xFF, 0xFF, 0xF1, 0x11, 0x11, 0x11, 0x11, 0x11, 0x11, 0x11, 0x11, 0x11, 0x11, 0x11, 0x11, 0x11, 0x11, 0x1F, 0xFF, 0xFF,
    0xFF, 0xFF, 0xF1, 0x11, 0x11, 0x11, 0x11, 0x11, 0x11, 0x11, 0x11, 0x11, 0x11, 0x11, 0x11, 0x11, 0x11, 0x1F, 0xFF, 0xFF,
    0xFF, 0xFF, 0xF1, 0x11, 0x11, 0x11, 0x11, 0x11, 0x11, 0x11, 0x11, 0x11, 0x11, 0x11, 0x11, 0x11, 0x11, 0x1F, 0xFF, 0xFF,
    0xFF, 0xFF, 0xF1, 0x11, 0x11, 0x55, 0x55, 0x55, 0x55, 0x55, 0x55, 0x55, 0x55, 0x55, 0x55, 0x11, 0x11, 0x1F, 0xFF, 0xFF,
    0xFF, 0xFF, 0xF1, 0x11, 0x11, 0x55, 0x55, 0x55, 0x55, 0x55, 0x55, 0x55, 0x55, 0x55, 0x55, 0x11, 0x11, 0x1F, 0xFF, 0xFF,
    0xFF, 0xFF, 0xF1, 0x11, 0x11, 0x55, 0x55, 0x55, 0x55, 0x55, 0x55, 0x55, 0x55, 0x55, 0x55, 0x11, 0x11, 0x1F, 0xFF, 0xFF,
    0xFF, 0xFF, 0xF1, 0x11, 0x11, 0x55, 0x55, 0x55, 0x55, 0x55, 0x55, 0x55, 0x55, 0x55, 0x55, 0x11, 0x11, 0x1F, 0xFF, 0xFF,
    0xFF, 0xFF, 0xF1, 0x11, 0x11, 0x55, 0x55, 0x55, 0x55, 0x55, 0x55, 0x55, 0x55, 0x55, 0x55, 0x11, 0x11, 0x1F, 0xFF, 0xFF,
    0x11, 0x11, 0x11, 0x11, 0x11, 0x11, 0x11, 0x11, 0x11, 0x11, 0x11, 0x11, 0x11, 0x11, 0x11, 0x11, 0x11, 0x11, 0x11, 0x11,
    0x11, 0x11, 0x11, 0x11, 0x11, 0x11, 0x11, 0x11, 0x11, 0x11, 0x11, 0x11, 0x11, 0x11, 0x11, 0x11, 0x11, 0x11, 0x11, 0x11,
    0x11, 0x11, 0x11, 0x11, 0x11, 0x11, 0x11, 0x11, 0x11, 0x11, 0x11, 0x11, 0x11, 0x11, 0x11, 0x11, 0x11, 0x11, 0x11, 0x11,
    0x11, 0x11, 0x11, 0x11, 0x11, 0x11, 0x11, 0x11, 0x11, 0x11, 0x11, 0x11, 0x11, 0x11, 0x11, 0x11, 0x11, 0x11, 0x11, 0x11,
    0x11, 0x11, 0x11, 0x11, 0x11, 0x11, 0x11, 0x11, 0x11, 0x11, 0x11, 0x11, 0x11, 0x11, 0x11, 0x11, 0x11, 0x11, 0x11, 0x11,
};

static const lv_image_dsc_t icon_cake = {
    .header = { .cf = LV_COLOR_FORMAT_I4,
                .w = 40, .h = 40, .stride = 40 / 2 },
    .data_size = sizeof(icon_cake_data),
    .data = (const uint8_t *)icon_cake_data,
};

static const uint8_t icon_gift_data[864] = {
    /* pal 0 */ 0x00, 0x00, 0x00, 0x00,
    /* pal 1 */ 0x2A, 0x20, 0x17, 0xFF,
    /* pal 2 */ 0xFF, 0xFF, 0xFF, 0xFF,
    /* pal 3 */ 0xEA, 0xF4, 0xF4, 0xFF,
    /* pal 4 */ 0x2F, 0x3B, 0xE4, 0xFF,
    /* pal 5 */ 0x9C, 0x93, 0xF1, 0xFF,
    /* pal 6 */ 0x33, 0x5A, 0x8A, 0xFF,
    /* pal 7 */ 0xB8, 0xD9, 0xF7, 0xFF,
    /* pal 8 */ 0x3E, 0xB2, 0xFF, 0xFF,
    /* pal 9 */ 0x28, 0xD9, 0xFF, 0xFF,
    /* pal10 */ 0x2D, 0xBE, 0x82, 0xFF,
    /* pal11 */ 0x1D, 0x95, 0x55, 0xFF,
    /* pal12 */ 0xFF, 0xF3, 0xB9, 0xFF,
    /* pal13 */ 0x9E, 0x9E, 0x9E, 0xFF,
    /* pal14 */ 0x00, 0x00, 0x00, 0x00,
    /* pal15 */ 0x00, 0x00, 0x00, 0x00,
    0xFF, 0xFF, 0xF1, 0x11, 0x11, 0x11, 0x11, 0x1F, 0xFF, 0xFF, 0xFF, 0xFF, 0xF1, 0x11, 0x11, 0x11, 0x11, 0x1F, 0xFF, 0xFF,
    0xFF, 0xFF, 0xF1, 0x11, 0x11, 0x11, 0x11, 0x1F, 0xFF, 0xFF, 0xFF, 0xFF, 0xF1, 0x11, 0x11, 0x11, 0x11, 0x1F, 0xFF, 0xFF,
    0xFF, 0xFF, 0xF1, 0x11, 0x11, 0x11, 0x11, 0x1F, 0xFF, 0xFF, 0xFF, 0xFF, 0xF1, 0x11, 0x11, 0x11, 0x11, 0x1F, 0xFF, 0xFF,
    0xFF, 0xFF, 0xF1, 0x11, 0x11, 0x11, 0x11, 0x1F, 0xFF, 0xFF, 0xFF, 0xFF, 0xF1, 0x11, 0x11, 0x11, 0x11, 0x1F, 0xFF, 0xFF,
    0xFF, 0xFF, 0xF1, 0x11, 0x11, 0x11, 0x11, 0x1F, 0xFF, 0xFF, 0xFF, 0xFF, 0xF1, 0x11, 0x11, 0x11, 0x11, 0x1F, 0xFF, 0xFF,
    0x11, 0x11, 0x14, 0x44, 0x44, 0x44, 0x44, 0x41, 0x11, 0x11, 0x11, 0x11, 0x14, 0x44, 0x44, 0x44, 0x44, 0x41, 0x11, 0x11,
    0x11, 0x11, 0x14, 0x44, 0x44, 0x44, 0x44, 0x41, 0x11, 0x11, 0x11, 0x11, 0x14, 0x44, 0x44, 0x44, 0x44, 0x41, 0x11, 0x11,
    0x11, 0x11, 0x14, 0x44, 0x44, 0x44, 0x44, 0x41, 0x11, 0x11, 0x11, 0x11, 0x14, 0x44, 0x44, 0x44, 0x44, 0x41, 0x11, 0x11,
    0x11, 0x11, 0x14, 0x44, 0x44, 0x44, 0x44, 0x41, 0x11, 0x11, 0x11, 0x11, 0x14, 0x44, 0x44, 0x44, 0x44, 0x41, 0x11, 0x11,
    0x11, 0x11, 0x14, 0x44, 0x44, 0x44, 0x44, 0x41, 0x11, 0x11, 0x11, 0x11, 0x14, 0x44, 0x44, 0x44, 0x44, 0x41, 0x11, 0x11,
    0x11, 0x11, 0x11, 0x11, 0x11, 0x11, 0x11, 0x11, 0x11, 0x11, 0x11, 0x11, 0x11, 0x11, 0x11, 0x11, 0x11, 0x11, 0x11, 0x11,
    0x11, 0x11, 0x11, 0x11, 0x11, 0x11, 0x11, 0x11, 0x11, 0x11, 0x11, 0x11, 0x11, 0x11, 0x11, 0x11, 0x11, 0x11, 0x11, 0x11,
    0x11, 0x11, 0x11, 0x11, 0x11, 0x11, 0x11, 0x11, 0x11, 0x11, 0x11, 0x11, 0x11, 0x11, 0x11, 0x11, 0x11, 0x11, 0x11, 0x11,
    0x11, 0x11, 0x11, 0x11, 0x11, 0x11, 0x11, 0x11, 0x11, 0x11, 0x11, 0x11, 0x11, 0x11, 0x11, 0x11, 0x11, 0x11, 0x11, 0x11,
    0x11, 0x11, 0x11, 0x11, 0x11, 0x11, 0x11, 0x11, 0x11, 0x11, 0x11, 0x11, 0x11, 0x11, 0x11, 0x11, 0x11, 0x11, 0x11, 0x11,
    0x11, 0x11, 0x19, 0x99, 0x99, 0x99, 0x99, 0x94, 0x44, 0x44, 0x44, 0x44, 0x49, 0x99, 0x99, 0x99, 0x99, 0x91, 0x11, 0x11,
    0x11, 0x11, 0x19, 0x99, 0x99, 0x99, 0x99, 0x94, 0x44, 0x44, 0x44, 0x44, 0x49, 0x99, 0x99, 0x99, 0x99, 0x91, 0x11, 0x11,
    0x11, 0x11, 0x19, 0x99, 0x99, 0x99, 0x99, 0x94, 0x44, 0x44, 0x44, 0x44, 0x49, 0x99, 0x99, 0x99, 0x99, 0x91, 0x11, 0x11,
    0x11, 0x11, 0x19, 0x99, 0x99, 0x99, 0x99, 0x94, 0x44, 0x44, 0x44, 0x44, 0x49, 0x99, 0x99, 0x99, 0x99, 0x91, 0x11, 0x11,
    0x11, 0x11, 0x19, 0x99, 0x99, 0x99, 0x99, 0x94, 0x44, 0x44, 0x44, 0x44, 0x49, 0x99, 0x99, 0x99, 0x99, 0x91, 0x11, 0x11,
    0x11, 0x11, 0x19, 0x99, 0x99, 0x99, 0x99, 0x94, 0x44, 0x44, 0x44, 0x44, 0x49, 0x99, 0x99, 0x99, 0x99, 0x91, 0x11, 0x11,
    0x11, 0x11, 0x19, 0x99, 0x99, 0x99, 0x99, 0x94, 0x44, 0x44, 0x44, 0x44, 0x49, 0x99, 0x99, 0x99, 0x99, 0x91, 0x11, 0x11,
    0x11, 0x11, 0x19, 0x99, 0x99, 0x99, 0x99, 0x94, 0x44, 0x44, 0x44, 0x44, 0x49, 0x99, 0x99, 0x99, 0x99, 0x91, 0x11, 0x11,
    0x11, 0x11, 0x19, 0x99, 0x99, 0x99, 0x99, 0x94, 0x44, 0x44, 0x44, 0x44, 0x49, 0x99, 0x99, 0x99, 0x99, 0x91, 0x11, 0x11,
    0x11, 0x11, 0x19, 0x99, 0x99, 0x99, 0x99, 0x94, 0x44, 0x44, 0x44, 0x44, 0x49, 0x99, 0x99, 0x99, 0x99, 0x91, 0x11, 0x11,
    0x11, 0x11, 0x19, 0x99, 0x99, 0x99, 0x99, 0x94, 0x44, 0x44, 0x44, 0x44, 0x49, 0x99, 0x99, 0x99, 0x99, 0x91, 0x11, 0x11,
    0x11, 0x11, 0x19, 0x99, 0x99, 0x99, 0x99, 0x94, 0x44, 0x44, 0x44, 0x44, 0x49, 0x99, 0x99, 0x99, 0x99, 0x91, 0x11, 0x11,
    0x11, 0x11, 0x19, 0x99, 0x99, 0x99, 0x99, 0x94, 0x44, 0x44, 0x44, 0x44, 0x49, 0x99, 0x99, 0x99, 0x99, 0x91, 0x11, 0x11,
    0x11, 0x11, 0x19, 0x99, 0x99, 0x99, 0x99, 0x94, 0x44, 0x44, 0x44, 0x44, 0x49, 0x99, 0x99, 0x99, 0x99, 0x91, 0x11, 0x11,
    0x11, 0x11, 0x19, 0x99, 0x99, 0x99, 0x99, 0x94, 0x44, 0x44, 0x44, 0x44, 0x49, 0x99, 0x99, 0x99, 0x99, 0x91, 0x11, 0x11,
    0x11, 0x11, 0x19, 0x99, 0x99, 0x99, 0x99, 0x94, 0x44, 0x44, 0x44, 0x44, 0x49, 0x99, 0x99, 0x99, 0x99, 0x91, 0x11, 0x11,
    0x11, 0x11, 0x19, 0x99, 0x99, 0x99, 0x99, 0x94, 0x44, 0x44, 0x44, 0x44, 0x49, 0x99, 0x99, 0x99, 0x99, 0x91, 0x11, 0x11,
    0x11, 0x11, 0x19, 0x99, 0x99, 0x99, 0x99, 0x94, 0x44, 0x44, 0x44, 0x44, 0x49, 0x99, 0x99, 0x99, 0x99, 0x91, 0x11, 0x11,
    0x11, 0x11, 0x19, 0x99, 0x99, 0x99, 0x99, 0x94, 0x44, 0x44, 0x44, 0x44, 0x49, 0x99, 0x99, 0x99, 0x99, 0x91, 0x11, 0x11,
    0x11, 0x11, 0x19, 0x99, 0x99, 0x99, 0x99, 0x94, 0x44, 0x44, 0x44, 0x44, 0x49, 0x99, 0x99, 0x99, 0x99, 0x91, 0x11, 0x11,
    0x11, 0x11, 0x11, 0x11, 0x11, 0x11, 0x11, 0x11, 0x11, 0x11, 0x11, 0x11, 0x11, 0x11, 0x11, 0x11, 0x11, 0x11, 0x11, 0x11,
    0x11, 0x11, 0x11, 0x11, 0x11, 0x11, 0x11, 0x11, 0x11, 0x11, 0x11, 0x11, 0x11, 0x11, 0x11, 0x11, 0x11, 0x11, 0x11, 0x11,
    0x11, 0x11, 0x11, 0x11, 0x11, 0x11, 0x11, 0x11, 0x11, 0x11, 0x11, 0x11, 0x11, 0x11, 0x11, 0x11, 0x11, 0x11, 0x11, 0x11,
    0x11, 0x11, 0x11, 0x11, 0x11, 0x11, 0x11, 0x11, 0x11, 0x11, 0x11, 0x11, 0x11, 0x11, 0x11, 0x11, 0x11, 0x11, 0x11, 0x11,
    0x11, 0x11, 0x11, 0x11, 0x11, 0x11, 0x11, 0x11, 0x11, 0x11, 0x11, 0x11, 0x11, 0x11, 0x11, 0x11, 0x11, 0x11, 0x11, 0x11,
};

static const lv_image_dsc_t icon_gift = {
    .header = { .cf = LV_COLOR_FORMAT_I4,
                .w = 40, .h = 40, .stride = 40 / 2 },
    .data_size = sizeof(icon_gift_data),
    .data = (const uint8_t *)icon_gift_data,
};

static const uint8_t icon_balloon_data[864] = {
    /* pal 0 */ 0x00, 0x00, 0x00, 0x00,
    /* pal 1 */ 0x2A, 0x20, 0x17, 0xFF,
    /* pal 2 */ 0xFF, 0xFF, 0xFF, 0xFF,
    /* pal 3 */ 0xEA, 0xF4, 0xF4, 0xFF,
    /* pal 4 */ 0x2F, 0x3B, 0xE4, 0xFF,
    /* pal 5 */ 0x9C, 0x93, 0xF1, 0xFF,
    /* pal 6 */ 0x33, 0x5A, 0x8A, 0xFF,
    /* pal 7 */ 0xB8, 0xD9, 0xF7, 0xFF,
    /* pal 8 */ 0x3E, 0xB2, 0xFF, 0xFF,
    /* pal 9 */ 0x28, 0xD9, 0xFF, 0xFF,
    /* pal10 */ 0x2D, 0xBE, 0x82, 0xFF,
    /* pal11 */ 0x1D, 0x95, 0x55, 0xFF,
    /* pal12 */ 0xFF, 0xF3, 0xB9, 0xFF,
    /* pal13 */ 0x9E, 0x9E, 0x9E, 0xFF,
    /* pal14 */ 0x00, 0x00, 0x00, 0x00,
    /* pal15 */ 0x00, 0x00, 0x00, 0x00,
    0xFF, 0xFF, 0xFF, 0xFF, 0xFF, 0x11, 0x11, 0x11, 0x11, 0x11, 0x11, 0x11, 0x11, 0x11, 0x11, 0xFF, 0xFF, 0xFF, 0xFF, 0xFF,
    0xFF, 0xFF, 0xFF, 0xFF, 0xFF, 0x11, 0x11, 0x11, 0x11, 0x11, 0x11, 0x11, 0x11, 0x11, 0x11, 0xFF, 0xFF, 0xFF, 0xFF, 0xFF,
    0xFF, 0xFF, 0xFF, 0xFF, 0xFF, 0x11, 0x11, 0x11, 0x11, 0x11, 0x11, 0x11, 0x11, 0x11, 0x11, 0xFF, 0xFF, 0xFF, 0xFF, 0xFF,
    0xFF, 0xFF, 0xFF, 0xFF, 0xFF, 0x11, 0x11, 0x11, 0x11, 0x11, 0x11, 0x11, 0x11, 0x11, 0x11, 0xFF, 0xFF, 0xFF, 0xFF, 0xFF,
    0xFF, 0xFF, 0xFF, 0xFF, 0xFF, 0x11, 0x11, 0x11, 0x11, 0x11, 0x11, 0x11, 0x11, 0x11, 0x11, 0xFF, 0xFF, 0xFF, 0xFF, 0xFF,
    0xFF, 0xFF, 0xF1, 0x11, 0x11, 0x44, 0x44, 0x44, 0x44, 0x44, 0x44, 0x44, 0x44, 0x44, 0x44, 0x11, 0x11, 0x1F, 0xFF, 0xFF,
    0xFF, 0xFF, 0xF1, 0x11, 0x11, 0x44, 0x44, 0x44, 0x44, 0x44, 0x44, 0x44, 0x44, 0x44, 0x44, 0x11, 0x11, 0x1F, 0xFF, 0xFF,
    0xFF, 0xFF, 0xF1, 0x11, 0x11, 0x44, 0x44, 0x44, 0x44, 0x44, 0x44, 0x44, 0x44, 0x44, 0x44, 0x11, 0x11, 0x1F, 0xFF, 0xFF,
    0xFF, 0xFF, 0xF1, 0x11, 0x11, 0x44, 0x44, 0x44, 0x44, 0x44, 0x44, 0x44, 0x44, 0x44, 0x44, 0x11, 0x11, 0x1F, 0xFF, 0xFF,
    0xFF, 0xFF, 0xF1, 0x11, 0x11, 0x44, 0x44, 0x44, 0x44, 0x44, 0x44, 0x44, 0x44, 0x44, 0x44, 0x11, 0x11, 0x1F, 0xFF, 0xFF,
    0x11, 0x11, 0x14, 0x44, 0x44, 0x44, 0x44, 0x44, 0x44, 0x44, 0x44, 0x44, 0x44, 0x44, 0x44, 0x44, 0x44, 0x41, 0x11, 0x11,
    0x11, 0x11, 0x14, 0x44, 0x44, 0x44, 0x44, 0x44, 0x44, 0x44, 0x44, 0x44, 0x44, 0x44, 0x44, 0x44, 0x44, 0x41, 0x11, 0x11,
    0x11, 0x11, 0x14, 0x44, 0x44, 0x44, 0x44, 0x44, 0x44, 0x44, 0x44, 0x44, 0x44, 0x44, 0x44, 0x44, 0x44, 0x41, 0x11, 0x11,
    0x11, 0x11, 0x14, 0x44, 0x44, 0x44, 0x44, 0x44, 0x44, 0x44, 0x44, 0x44, 0x44, 0x44, 0x44, 0x44, 0x44, 0x41, 0x11, 0x11,
    0x11, 0x11, 0x14, 0x44, 0x44, 0x44, 0x44, 0x44, 0x44, 0x44, 0x44, 0x44, 0x44, 0x44, 0x44, 0x44, 0x44, 0x41, 0x11, 0x11,
    0x11, 0x11, 0x14, 0x44, 0x44, 0x44, 0x44, 0x44, 0x44, 0x44, 0x44, 0x44, 0x44, 0x44, 0x44, 0x44, 0x44, 0x41, 0x11, 0x11,
    0x11, 0x11, 0x14, 0x44, 0x44, 0x44, 0x44, 0x44, 0x44, 0x44, 0x44, 0x44, 0x44, 0x44, 0x44, 0x44, 0x44, 0x41, 0x11, 0x11,
    0x11, 0x11, 0x14, 0x44, 0x44, 0x44, 0x44, 0x44, 0x44, 0x44, 0x44, 0x44, 0x44, 0x44, 0x44, 0x44, 0x44, 0x41, 0x11, 0x11,
    0x11, 0x11, 0x14, 0x44, 0x44, 0x44, 0x44, 0x44, 0x44, 0x44, 0x44, 0x44, 0x44, 0x44, 0x44, 0x44, 0x44, 0x41, 0x11, 0x11,
    0x11, 0x11, 0x14, 0x44, 0x44, 0x44, 0x44, 0x44, 0x44, 0x44, 0x44, 0x44, 0x44, 0x44, 0x44, 0x44, 0x44, 0x41, 0x11, 0x11,
    0x11, 0x11, 0x14, 0x44, 0x44, 0x44, 0x44, 0x44, 0x44, 0x44, 0x44, 0x44, 0x44, 0x44, 0x44, 0x44, 0x44, 0x41, 0x11, 0x11,
    0x11, 0x11, 0x14, 0x44, 0x44, 0x44, 0x44, 0x44, 0x44, 0x44, 0x44, 0x44, 0x44, 0x44, 0x44, 0x44, 0x44, 0x41, 0x11, 0x11,
    0x11, 0x11, 0x14, 0x44, 0x44, 0x44, 0x44, 0x44, 0x44, 0x44, 0x44, 0x44, 0x44, 0x44, 0x44, 0x44, 0x44, 0x41, 0x11, 0x11,
    0x11, 0x11, 0x14, 0x44, 0x44, 0x44, 0x44, 0x44, 0x44, 0x44, 0x44, 0x44, 0x44, 0x44, 0x44, 0x44, 0x44, 0x41, 0x11, 0x11,
    0x11, 0x11, 0x14, 0x44, 0x44, 0x44, 0x44, 0x44, 0x44, 0x44, 0x44, 0x44, 0x44, 0x44, 0x44, 0x44, 0x44, 0x41, 0x11, 0x11,
    0xFF, 0xFF, 0xF1, 0x11, 0x11, 0x44, 0x44, 0x44, 0x44, 0x44, 0x44, 0x44, 0x44, 0x44, 0x44, 0x11, 0x11, 0x1F, 0xFF, 0xFF,
    0xFF, 0xFF, 0xF1, 0x11, 0x11, 0x44, 0x44, 0x44, 0x44, 0x44, 0x44, 0x44, 0x44, 0x44, 0x44, 0x11, 0x11, 0x1F, 0xFF, 0xFF,
    0xFF, 0xFF, 0xF1, 0x11, 0x11, 0x44, 0x44, 0x44, 0x44, 0x44, 0x44, 0x44, 0x44, 0x44, 0x44, 0x11, 0x11, 0x1F, 0xFF, 0xFF,
    0xFF, 0xFF, 0xF1, 0x11, 0x11, 0x44, 0x44, 0x44, 0x44, 0x44, 0x44, 0x44, 0x44, 0x44, 0x44, 0x11, 0x11, 0x1F, 0xFF, 0xFF,
    0xFF, 0xFF, 0xF1, 0x11, 0x11, 0x44, 0x44, 0x44, 0x44, 0x44, 0x44, 0x44, 0x44, 0x44, 0x44, 0x11, 0x11, 0x1F, 0xFF, 0xFF,
    0xFF, 0xFF, 0xFF, 0xFF, 0xFF, 0x11, 0x11, 0x11, 0x11, 0x11, 0x11, 0x11, 0x11, 0x11, 0x11, 0xFF, 0xFF, 0xFF, 0xFF, 0xFF,
    0xFF, 0xFF, 0xFF, 0xFF, 0xFF, 0x11, 0x11, 0x11, 0x11, 0x11, 0x11, 0x11, 0x11, 0x11, 0x11, 0xFF, 0xFF, 0xFF, 0xFF, 0xFF,
    0xFF, 0xFF, 0xFF, 0xFF, 0xFF, 0x11, 0x11, 0x11, 0x11, 0x11, 0x11, 0x11, 0x11, 0x11, 0x11, 0xFF, 0xFF, 0xFF, 0xFF, 0xFF,
    0xFF, 0xFF, 0xFF, 0xFF, 0xFF, 0x11, 0x11, 0x11, 0x11, 0x11, 0x11, 0x11, 0x11, 0x11, 0x11, 0xFF, 0xFF, 0xFF, 0xFF, 0xFF,
    0xFF, 0xFF, 0xFF, 0xFF, 0xFF, 0x11, 0x11, 0x11, 0x11, 0x11, 0x11, 0x11, 0x11, 0x11, 0x11, 0xFF, 0xFF, 0xFF, 0xFF, 0xFF,
    0xFF, 0xFF, 0xFF, 0xFF, 0xFF, 0xFF, 0xFF, 0xF1, 0x11, 0x11, 0xFF, 0xFF, 0xFF, 0xFF, 0xFF, 0xFF, 0xFF, 0xFF, 0xFF, 0xFF,
    0xFF, 0xFF, 0xFF, 0xFF, 0xFF, 0xFF, 0xFF, 0xF1, 0x11, 0x11, 0xFF, 0xFF, 0xFF, 0xFF, 0xFF, 0xFF, 0xFF, 0xFF, 0xFF, 0xFF,
    0xFF, 0xFF, 0xFF, 0xFF, 0xFF, 0xFF, 0xFF, 0xF1, 0x11, 0x11, 0xFF, 0xFF, 0xFF, 0xFF, 0xFF, 0xFF, 0xFF, 0xFF, 0xFF, 0xFF,
    0xFF, 0xFF, 0xFF, 0xFF, 0xFF, 0xFF, 0xFF, 0xF1, 0x11, 0x11, 0xFF, 0xFF, 0xFF, 0xFF, 0xFF, 0xFF, 0xFF, 0xFF, 0xFF, 0xFF,
    0xFF, 0xFF, 0xFF, 0xFF, 0xFF, 0xFF, 0xFF, 0xF1, 0x11, 0x11, 0xFF, 0xFF, 0xFF, 0xFF, 0xFF, 0xFF, 0xFF, 0xFF, 0xFF, 0xFF,
};

static const lv_image_dsc_t icon_balloon = {
    .header = { .cf = LV_COLOR_FORMAT_I4,
                .w = 40, .h = 40, .stride = 40 / 2 },
    .data_size = sizeof(icon_balloon_data),
    .data = (const uint8_t *)icon_balloon_data,
};

static const uint8_t icon_ring_data[864] = {
    /* pal 0 */ 0x00, 0x00, 0x00, 0x00,
    /* pal 1 */ 0x2A, 0x20, 0x17, 0xFF,
    /* pal 2 */ 0xFF, 0xFF, 0xFF, 0xFF,
    /* pal 3 */ 0xEA, 0xF4, 0xF4, 0xFF,
    /* pal 4 */ 0x2F, 0x3B, 0xE4, 0xFF,
    /* pal 5 */ 0x9C, 0x93, 0xF1, 0xFF,
    /* pal 6 */ 0x33, 0x5A, 0x8A, 0xFF,
    /* pal 7 */ 0xB8, 0xD9, 0xF7, 0xFF,
    /* pal 8 */ 0x3E, 0xB2, 0xFF, 0xFF,
    /* pal 9 */ 0x28, 0xD9, 0xFF, 0xFF,
    /* pal10 */ 0x2D, 0xBE, 0x82, 0xFF,
    /* pal11 */ 0x1D, 0x95, 0x55, 0xFF,
    /* pal12 */ 0xFF, 0xF3, 0xB9, 0xFF,
    /* pal13 */ 0x9E, 0x9E, 0x9E, 0xFF,
    /* pal14 */ 0x00, 0x00, 0x00, 0x00,
    /* pal15 */ 0x00, 0x00, 0x00, 0x00,
    0xFF, 0xFF, 0xFF, 0xFF, 0xFF, 0xFF, 0xFF, 0xF1, 0x11, 0x11, 0x11, 0x11, 0x1F, 0xFF, 0xFF, 0xFF, 0xFF, 0xFF, 0xFF, 0xFF,
    0xFF, 0xFF, 0xFF, 0xFF, 0xFF, 0xFF, 0xFF, 0xF1, 0x11, 0x11, 0x11, 0x11, 0x1F, 0xFF, 0xFF, 0xFF, 0xFF, 0xFF, 0xFF, 0xFF,
    0xFF, 0xFF, 0xFF, 0xFF, 0xFF, 0xFF, 0xFF, 0xF1, 0x11, 0x11, 0x11, 0x11, 0x1F, 0xFF, 0xFF, 0xFF, 0xFF, 0xFF, 0xFF, 0xFF,
    0xFF, 0xFF, 0xFF, 0xFF, 0xFF, 0xFF, 0xFF, 0xF1, 0x11, 0x11, 0x11, 0x11, 0x1F, 0xFF, 0xFF, 0xFF, 0xFF, 0xFF, 0xFF, 0xFF,
    0xFF, 0xFF, 0xFF, 0xFF, 0xFF, 0xFF, 0xFF, 0xF1, 0x11, 0x11, 0x11, 0x11, 0x1F, 0xFF, 0xFF, 0xFF, 0xFF, 0xFF, 0xFF, 0xFF,
    0xFF, 0xFF, 0xFF, 0xFF, 0xFF, 0x11, 0x11, 0x1C, 0xCC, 0xCC, 0xCC, 0xCC, 0xC1, 0x11, 0x11, 0xFF, 0xFF, 0xFF, 0xFF, 0xFF,
    0xFF, 0xFF, 0xFF, 0xFF, 0xFF, 0x11, 0x11, 0x1C, 0xCC, 0xCC, 0xCC, 0xCC, 0xC1, 0x11, 0x11, 0xFF, 0xFF, 0xFF, 0xFF, 0xFF,
    0xFF, 0xFF, 0xFF, 0xFF, 0xFF, 0x11, 0x11, 0x1C, 0xCC, 0xCC, 0xCC, 0xCC, 0xC1, 0x11, 0x11, 0xFF, 0xFF, 0xFF, 0xFF, 0xFF,
    0xFF, 0xFF, 0xFF, 0xFF, 0xFF, 0x11, 0x11, 0x1C, 0xCC, 0xCC, 0xCC, 0xCC, 0xC1, 0x11, 0x11, 0xFF, 0xFF, 0xFF, 0xFF, 0xFF,
    0xFF, 0xFF, 0xFF, 0xFF, 0xFF, 0x11, 0x11, 0x1C, 0xCC, 0xCC, 0xCC, 0xCC, 0xC1, 0x11, 0x11, 0xFF, 0xFF, 0xFF, 0xFF, 0xFF,
    0xFF, 0xFF, 0xFF, 0xFF, 0xFF, 0x11, 0x11, 0x1C, 0xCC, 0xCC, 0xCC, 0xCC, 0xC1, 0x11, 0x11, 0xFF, 0xFF, 0xFF, 0xFF, 0xFF,
    0xFF, 0xFF, 0xFF, 0xFF, 0xFF, 0x11, 0x11, 0x1C, 0xCC, 0xCC, 0xCC, 0xCC, 0xC1, 0x11, 0x11, 0xFF, 0xFF, 0xFF, 0xFF, 0xFF,
    0xFF, 0xFF, 0xFF, 0xFF, 0xFF, 0x11, 0x11, 0x1C, 0xCC, 0xCC, 0xCC, 0xCC, 0xC1, 0x11, 0x11, 0xFF, 0xFF, 0xFF, 0xFF, 0xFF,
    0xFF, 0xFF, 0xFF, 0xFF, 0xFF, 0x11, 0x11, 0x1C, 0xCC, 0xCC, 0xCC, 0xCC, 0xC1, 0x11, 0x11, 0xFF, 0xFF, 0xFF, 0xFF, 0xFF,
    0xFF, 0xFF, 0xFF, 0xFF, 0xFF, 0x11, 0x11, 0x1C, 0xCC, 0xCC, 0xCC, 0xCC, 0xC1, 0x11, 0x11, 0xFF, 0xFF, 0xFF, 0xFF, 0xFF,
    0xFF, 0xFF, 0xF1, 0x11, 0x11, 0x11, 0x11, 0x11, 0x11, 0x11, 0x11, 0x11, 0x11, 0x11, 0x11, 0x11, 0x11, 0x1F, 0xFF, 0xFF,
    0xFF, 0xFF, 0xF1, 0x11, 0x11, 0x11, 0x11, 0x11, 0x11, 0x11, 0x11, 0x11, 0x11, 0x11, 0x11, 0x11, 0x11, 0x1F, 0xFF, 0xFF,
    0xFF, 0xFF, 0xF1, 0x11, 0x11, 0x11, 0x11, 0x11, 0x11, 0x11, 0x11, 0x11, 0x11, 0x11, 0x11, 0x11, 0x11, 0x1F, 0xFF, 0xFF,
    0xFF, 0xFF, 0xF1, 0x11, 0x11, 0x11, 0x11, 0x11, 0x11, 0x11, 0x11, 0x11, 0x11, 0x11, 0x11, 0x11, 0x11, 0x1F, 0xFF, 0xFF,
    0xFF, 0xFF, 0xF1, 0x11, 0x11, 0x11, 0x11, 0x11, 0x11, 0x11, 0x11, 0x11, 0x11, 0x11, 0x11, 0x11, 0x11, 0x1F, 0xFF, 0xFF,
    0x11, 0x11, 0x19, 0x99, 0x99, 0x99, 0x99, 0x99, 0x99, 0x99, 0x99, 0x99, 0x99, 0x99, 0x99, 0x99, 0x99, 0x91, 0x11, 0x11,
    0x11, 0x11, 0x19, 0x99, 0x99, 0x99, 0x99, 0x99, 0x99, 0x99, 0x99, 0x99, 0x99, 0x99, 0x99, 0x99, 0x99, 0x91, 0x11, 0x11,
    0x11, 0x11, 0x19, 0x99, 0x99, 0x99, 0x99, 0x99, 0x99, 0x99, 0x99, 0x99, 0x99, 0x99, 0x99, 0x99, 0x99, 0x91, 0x11, 0x11,
    0x11, 0x11, 0x19, 0x99, 0x99, 0x99, 0x99, 0x99, 0x99, 0x99, 0x99, 0x99, 0x99, 0x99, 0x99, 0x99, 0x99, 0x91, 0x11, 0x11,
    0x11, 0x11, 0x19, 0x99, 0x99, 0x99, 0x99, 0x99, 0x99, 0x99, 0x99, 0x99, 0x99, 0x99, 0x99, 0x99, 0x99, 0x91, 0x11, 0x11,
    0x11, 0x11, 0x19, 0x99, 0x99, 0x11, 0x11, 0x1F, 0xFF, 0xFF, 0xFF, 0xFF, 0xF1, 0x11, 0x11, 0x99, 0x99, 0x91, 0x11, 0x11,
    0x11, 0x11, 0x19, 0x99, 0x99, 0x11, 0x11, 0x1F, 0xFF, 0xFF, 0xFF, 0xFF, 0xF1, 0x11, 0x11, 0x99, 0x99, 0x91, 0x11, 0x11,
    0x11, 0x11, 0x19, 0x99, 0x99, 0x11, 0x11, 0x1F, 0xFF, 0xFF, 0xFF, 0xFF, 0xF1, 0x11, 0x11, 0x99, 0x99, 0x91, 0x11, 0x11,
    0x11, 0x11, 0x19, 0x99, 0x99, 0x11, 0x11, 0x1F, 0xFF, 0xFF, 0xFF, 0xFF, 0xF1, 0x11, 0x11, 0x99, 0x99, 0x91, 0x11, 0x11,
    0x11, 0x11, 0x19, 0x99, 0x99, 0x11, 0x11, 0x1F, 0xFF, 0xFF, 0xFF, 0xFF, 0xF1, 0x11, 0x11, 0x99, 0x99, 0x91, 0x11, 0x11,
    0xFF, 0xFF, 0xF1, 0x11, 0x11, 0x99, 0x99, 0x99, 0x99, 0x99, 0x99, 0x99, 0x99, 0x99, 0x99, 0x11, 0x11, 0x1F, 0xFF, 0xFF,
    0xFF, 0xFF, 0xF1, 0x11, 0x11, 0x99, 0x99, 0x99, 0x99, 0x99, 0x99, 0x99, 0x99, 0x99, 0x99, 0x11, 0x11, 0x1F, 0xFF, 0xFF,
    0xFF, 0xFF, 0xF1, 0x11, 0x11, 0x99, 0x99, 0x99, 0x99, 0x99, 0x99, 0x99, 0x99, 0x99, 0x99, 0x11, 0x11, 0x1F, 0xFF, 0xFF,
    0xFF, 0xFF, 0xF1, 0x11, 0x11, 0x99, 0x99, 0x99, 0x99, 0x99, 0x99, 0x99, 0x99, 0x99, 0x99, 0x11, 0x11, 0x1F, 0xFF, 0xFF,
    0xFF, 0xFF, 0xF1, 0x11, 0x11, 0x99, 0x99, 0x99, 0x99, 0x99, 0x99, 0x99, 0x99, 0x99, 0x99, 0x11, 0x11, 0x1F, 0xFF, 0xFF,
    0xFF, 0xFF, 0xFF, 0xFF, 0xFF, 0x11, 0x11, 0x11, 0x11, 0x11, 0x11, 0x11, 0x11, 0x11, 0x11, 0xFF, 0xFF, 0xFF, 0xFF, 0xFF,
    0xFF, 0xFF, 0xFF, 0xFF, 0xFF, 0x11, 0x11, 0x11, 0x11, 0x11, 0x11, 0x11, 0x11, 0x11, 0x11, 0xFF, 0xFF, 0xFF, 0xFF, 0xFF,
    0xFF, 0xFF, 0xFF, 0xFF, 0xFF, 0x11, 0x11, 0x11, 0x11, 0x11, 0x11, 0x11, 0x11, 0x11, 0x11, 0xFF, 0xFF, 0xFF, 0xFF, 0xFF,
    0xFF, 0xFF, 0xFF, 0xFF, 0xFF, 0x11, 0x11, 0x11, 0x11, 0x11, 0x11, 0x11, 0x11, 0x11, 0x11, 0xFF, 0xFF, 0xFF, 0xFF, 0xFF,
    0xFF, 0xFF, 0xFF, 0xFF, 0xFF, 0x11, 0x11, 0x11, 0x11, 0x11, 0x11, 0x11, 0x11, 0x11, 0x11, 0xFF, 0xFF, 0xFF, 0xFF, 0xFF,
};

static const lv_image_dsc_t icon_ring = {
    .header = { .cf = LV_COLOR_FORMAT_I4,
                .w = 40, .h = 40, .stride = 40 / 2 },
    .data_size = sizeof(icon_ring_data),
    .data = (const uint8_t *)icon_ring_data,
};

static const uint8_t icon_leaf_data[864] = {
    /* pal 0 */ 0x00, 0x00, 0x00, 0x00,
    /* pal 1 */ 0x2A, 0x20, 0x17, 0xFF,
    /* pal 2 */ 0xFF, 0xFF, 0xFF, 0xFF,
    /* pal 3 */ 0xEA, 0xF4, 0xF4, 0xFF,
    /* pal 4 */ 0x2F, 0x3B, 0xE4, 0xFF,
    /* pal 5 */ 0x9C, 0x93, 0xF1, 0xFF,
    /* pal 6 */ 0x33, 0x5A, 0x8A, 0xFF,
    /* pal 7 */ 0xB8, 0xD9, 0xF7, 0xFF,
    /* pal 8 */ 0x3E, 0xB2, 0xFF, 0xFF,
    /* pal 9 */ 0x28, 0xD9, 0xFF, 0xFF,
    /* pal10 */ 0x2D, 0xBE, 0x82, 0xFF,
    /* pal11 */ 0x1D, 0x95, 0x55, 0xFF,
    /* pal12 */ 0xFF, 0xF3, 0xB9, 0xFF,
    /* pal13 */ 0x9E, 0x9E, 0x9E, 0xFF,
    /* pal14 */ 0x00, 0x00, 0x00, 0x00,
    /* pal15 */ 0x00, 0x00, 0x00, 0x00,
    0xFF, 0xFF, 0xFF, 0xFF, 0xFF, 0xFF, 0xFF, 0xFF, 0xFF, 0xFF, 0xFF, 0xFF, 0xF1, 0x11, 0x11, 0x11, 0x11, 0x11, 0x11, 0x11,
    0xFF, 0xFF, 0xFF, 0xFF, 0xFF, 0xFF, 0xFF, 0xFF, 0xFF, 0xFF, 0xFF, 0xFF, 0xF1, 0x11, 0x11, 0x11, 0x11, 0x11, 0x11, 0x11,
    0xFF, 0xFF, 0xFF, 0xFF, 0xFF, 0xFF, 0xFF, 0xFF, 0xFF, 0xFF, 0xFF, 0xFF, 0xF1, 0x11, 0x11, 0x11, 0x11, 0x11, 0x11, 0x11,
    0xFF, 0xFF, 0xFF, 0xFF, 0xFF, 0xFF, 0xFF, 0xFF, 0xFF, 0xFF, 0xFF, 0xFF, 0xF1, 0x11, 0x11, 0x11, 0x11, 0x11, 0x11, 0x11,
    0xFF, 0xFF, 0xFF, 0xFF, 0xFF, 0xFF, 0xFF, 0xFF, 0xFF, 0xFF, 0xFF, 0xFF, 0xF1, 0x11, 0x11, 0x11, 0x11, 0x11, 0x11, 0x11,
    0xFF, 0xFF, 0xFF, 0xFF, 0xFF, 0xFF, 0xFF, 0xF1, 0x11, 0x11, 0x11, 0x11, 0x1A, 0xAA, 0xAA, 0xAA, 0xAA, 0xA1, 0x11, 0x11,
    0xFF, 0xFF, 0xFF, 0xFF, 0xFF, 0xFF, 0xFF, 0xF1, 0x11, 0x11, 0x11, 0x11, 0x1A, 0xAA, 0xAA, 0xAA, 0xAA, 0xA1, 0x11, 0x11,
    0xFF, 0xFF, 0xFF, 0xFF, 0xFF, 0xFF, 0xFF, 0xF1, 0x11, 0x11, 0x11, 0x11, 0x1A, 0xAA, 0xAA, 0xAA, 0xAA, 0xA1, 0x11, 0x11,
    0xFF, 0xFF, 0xFF, 0xFF, 0xFF, 0xFF, 0xFF, 0xF1, 0x11, 0x11, 0x11, 0x11, 0x1A, 0xAA, 0xAA, 0xAA, 0xAA, 0xA1, 0x11, 0x11,
    0xFF, 0xFF, 0xFF, 0xFF, 0xFF, 0xFF, 0xFF, 0xF1, 0x11, 0x11, 0x11, 0x11, 0x1A, 0xAA, 0xAA, 0xAA, 0xAA, 0xA1, 0x11, 0x11,
    0xFF, 0xFF, 0xF1, 0x11, 0x11, 0x11, 0x11, 0x1A, 0xAA, 0xAA, 0xAA, 0xAA, 0xAA, 0xAA, 0xAA, 0x11, 0x11, 0x1F, 0xFF, 0xFF,
    0xFF, 0xFF, 0xF1, 0x11, 0x11, 0x11, 0x11, 0x1A, 0xAA, 0xAA, 0xAA, 0xAA, 0xAA, 0xAA, 0xAA, 0x11, 0x11, 0x1F, 0xFF, 0xFF,
    0xFF, 0xFF, 0xF1, 0x11, 0x11, 0x11, 0x11, 0x1A, 0xAA, 0xAA, 0xAA, 0xAA, 0xAA, 0xAA, 0xAA, 0x11, 0x11, 0x1F, 0xFF, 0xFF,
    0xFF, 0xFF, 0xF1, 0x11, 0x11, 0x11, 0x11, 0x1A, 0xAA, 0xAA, 0xAA, 0xAA, 0xAA, 0xAA, 0xAA, 0x11, 0x11, 0x1F, 0xFF, 0xFF,
    0xFF, 0xFF, 0xF1, 0x11, 0x11, 0x11, 0x11, 0x1A, 0xAA, 0xAA, 0xAA, 0xAA, 0xAA, 0xAA, 0xAA, 0x11, 0x11, 0x1F, 0xFF, 0xFF,
    0x11, 0x11, 0x1A, 0xAA, 0xAA, 0xAA, 0xAA, 0xAA, 0xAA, 0xAA, 0xAA, 0xAA, 0xA1, 0x11, 0x11, 0xFF, 0xFF, 0xFF, 0xFF, 0xFF,
    0x11, 0x11, 0x1A, 0xAA, 0xAA, 0xAA, 0xAA, 0xAA, 0xAA, 0xAA, 0xAA, 0xAA, 0xA1, 0x11, 0x11, 0xFF, 0xFF, 0xFF, 0xFF, 0xFF,
    0x11, 0x11, 0x1A, 0xAA, 0xAA, 0xAA, 0xAA, 0xAA, 0xAA, 0xAA, 0xAA, 0xAA, 0xA1, 0x11, 0x11, 0xFF, 0xFF, 0xFF, 0xFF, 0xFF,
    0x11, 0x11, 0x1A, 0xAA, 0xAA, 0xAA, 0xAA, 0xAA, 0xAA, 0xAA, 0xAA, 0xAA, 0xA1, 0x11, 0x11, 0xFF, 0xFF, 0xFF, 0xFF, 0xFF,
    0x11, 0x11, 0x1A, 0xAA, 0xAA, 0xAA, 0xAA, 0xAA, 0xAA, 0xAA, 0xAA, 0xAA, 0xA1, 0x11, 0x11, 0xFF, 0xFF, 0xFF, 0xFF, 0xFF,
    0x11, 0x11, 0x1A, 0xAA, 0xAA, 0xAA, 0xAA, 0xAA, 0xAA, 0xAA, 0x11, 0x11, 0x1F, 0xFF, 0xFF, 0xFF, 0xFF, 0xFF, 0xFF, 0xFF,
    0x11, 0x11, 0x1A, 0xAA, 0xAA, 0xAA, 0xAA, 0xAA, 0xAA, 0xAA, 0x11, 0x11, 0x1F, 0xFF, 0xFF, 0xFF, 0xFF, 0xFF, 0xFF, 0xFF,
    0x11, 0x11, 0x1A, 0xAA, 0xAA, 0xAA, 0xAA, 0xAA, 0xAA, 0xAA, 0x11, 0x11, 0x1F, 0xFF, 0xFF, 0xFF, 0xFF, 0xFF, 0xFF, 0xFF,
    0x11, 0x11, 0x1A, 0xAA, 0xAA, 0xAA, 0xAA, 0xAA, 0xAA, 0xAA, 0x11, 0x11, 0x1F, 0xFF, 0xFF, 0xFF, 0xFF, 0xFF, 0xFF, 0xFF,
    0x11, 0x11, 0x1A, 0xAA, 0xAA, 0xAA, 0xAA, 0xAA, 0xAA, 0xAA, 0x11, 0x11, 0x1F, 0xFF, 0xFF, 0xFF, 0xFF, 0xFF, 0xFF, 0xFF,
    0x11, 0x11, 0x1A, 0xAA, 0xAA, 0xAA, 0xAA, 0xA1, 0x11, 0x11, 0xFF, 0xFF, 0xFF, 0xFF, 0xFF, 0xFF, 0xFF, 0xFF, 0xFF, 0xFF,
    0x11, 0x11, 0x1A, 0xAA, 0xAA, 0xAA, 0xAA, 0xA1, 0x11, 0x11, 0xFF, 0xFF, 0xFF, 0xFF, 0xFF, 0xFF, 0xFF, 0xFF, 0xFF, 0xFF,
    0x11, 0x11, 0x1A, 0xAA, 0xAA, 0xAA, 0xAA, 0xA1, 0x11, 0x11, 0xFF, 0xFF, 0xFF, 0xFF, 0xFF, 0xFF, 0xFF, 0xFF, 0xFF, 0xFF,
    0x11, 0x11, 0x1A, 0xAA, 0xAA, 0xAA, 0xAA, 0xA1, 0x11, 0x11, 0xFF, 0xFF, 0xFF, 0xFF, 0xFF, 0xFF, 0xFF, 0xFF, 0xFF, 0xFF,
    0x11, 0x11, 0x1A, 0xAA, 0xAA, 0xAA, 0xAA, 0xA1, 0x11, 0x11, 0xFF, 0xFF, 0xFF, 0xFF, 0xFF, 0xFF, 0xFF, 0xFF, 0xFF, 0xFF,
    0x11, 0x11, 0x1A, 0xAA, 0xAA, 0x11, 0x11, 0x1F, 0xFF, 0xFF, 0xFF, 0xFF, 0xFF, 0xFF, 0xFF, 0xFF, 0xFF, 0xFF, 0xFF, 0xFF,
    0x11, 0x11, 0x1A, 0xAA, 0xAA, 0x11, 0x11, 0x1F, 0xFF, 0xFF, 0xFF, 0xFF, 0xFF, 0xFF, 0xFF, 0xFF, 0xFF, 0xFF, 0xFF, 0xFF,
    0x11, 0x11, 0x1A, 0xAA, 0xAA, 0x11, 0x11, 0x1F, 0xFF, 0xFF, 0xFF, 0xFF, 0xFF, 0xFF, 0xFF, 0xFF, 0xFF, 0xFF, 0xFF, 0xFF,
    0x11, 0x11, 0x1A, 0xAA, 0xAA, 0x11, 0x11, 0x1F, 0xFF, 0xFF, 0xFF, 0xFF, 0xFF, 0xFF, 0xFF, 0xFF, 0xFF, 0xFF, 0xFF, 0xFF,
    0x11, 0x11, 0x1A, 0xAA, 0xAA, 0x11, 0x11, 0x1F, 0xFF, 0xFF, 0xFF, 0xFF, 0xFF, 0xFF, 0xFF, 0xFF, 0xFF, 0xFF, 0xFF, 0xFF,
    0x11, 0x11, 0x11, 0x11, 0x11, 0xFF, 0xFF, 0xFF, 0xFF, 0xFF, 0xFF, 0xFF, 0xFF, 0xFF, 0xFF, 0xFF, 0xFF, 0xFF, 0xFF, 0xFF,
    0x11, 0x11, 0x11, 0x11, 0x11, 0xFF, 0xFF, 0xFF, 0xFF, 0xFF, 0xFF, 0xFF, 0xFF, 0xFF, 0xFF, 0xFF, 0xFF, 0xFF, 0xFF, 0xFF,
    0x11, 0x11, 0x11, 0x11, 0x11, 0xFF, 0xFF, 0xFF, 0xFF, 0xFF, 0xFF, 0xFF, 0xFF, 0xFF, 0xFF, 0xFF, 0xFF, 0xFF, 0xFF, 0xFF,
    0x11, 0x11, 0x11, 0x11, 0x11, 0xFF, 0xFF, 0xFF, 0xFF, 0xFF, 0xFF, 0xFF, 0xFF, 0xFF, 0xFF, 0xFF, 0xFF, 0xFF, 0xFF, 0xFF,
    0x11, 0x11, 0x11, 0x11, 0x11, 0xFF, 0xFF, 0xFF, 0xFF, 0xFF, 0xFF, 0xFF, 0xFF, 0xFF, 0xFF, 0xFF, 0xFF, 0xFF, 0xFF, 0xFF,
};

static const lv_image_dsc_t icon_leaf = {
    .header = { .cf = LV_COLOR_FORMAT_I4,
                .w = 40, .h = 40, .stride = 40 / 2 },
    .data_size = sizeof(icon_leaf_data),
    .data = (const uint8_t *)icon_leaf_data,
};

static const uint8_t icon_tree_data[864] = {
    /* pal 0 */ 0x00, 0x00, 0x00, 0x00,
    /* pal 1 */ 0x2A, 0x20, 0x17, 0xFF,
    /* pal 2 */ 0xFF, 0xFF, 0xFF, 0xFF,
    /* pal 3 */ 0xEA, 0xF4, 0xF4, 0xFF,
    /* pal 4 */ 0x2F, 0x3B, 0xE4, 0xFF,
    /* pal 5 */ 0x9C, 0x93, 0xF1, 0xFF,
    /* pal 6 */ 0x33, 0x5A, 0x8A, 0xFF,
    /* pal 7 */ 0xB8, 0xD9, 0xF7, 0xFF,
    /* pal 8 */ 0x3E, 0xB2, 0xFF, 0xFF,
    /* pal 9 */ 0x28, 0xD9, 0xFF, 0xFF,
    /* pal10 */ 0x2D, 0xBE, 0x82, 0xFF,
    /* pal11 */ 0x1D, 0x95, 0x55, 0xFF,
    /* pal12 */ 0xFF, 0xF3, 0xB9, 0xFF,
    /* pal13 */ 0x9E, 0x9E, 0x9E, 0xFF,
    /* pal14 */ 0x00, 0x00, 0x00, 0x00,
    /* pal15 */ 0x00, 0x00, 0x00, 0x00,
    0xFF, 0xFF, 0xFF, 0xFF, 0xFF, 0xFF, 0xFF, 0xF9, 0x99, 0x99, 0xFF, 0xFF, 0xFF, 0xFF, 0xFF, 0xFF, 0xFF, 0xFF, 0xFF, 0xFF,
    0xFF, 0xFF, 0xFF, 0xFF, 0xFF, 0xFF, 0xFF, 0xF9, 0x99, 0x99, 0xFF, 0xFF, 0xFF, 0xFF, 0xFF, 0xFF, 0xFF, 0xFF, 0xFF, 0xFF,
    0xFF, 0xFF, 0xFF, 0xFF, 0xFF, 0xFF, 0xFF, 0xF9, 0x99, 0x99, 0xFF, 0xFF, 0xFF, 0xFF, 0xFF, 0xFF, 0xFF, 0xFF, 0xFF, 0xFF,
    0xFF, 0xFF, 0xFF, 0xFF, 0xFF, 0xFF, 0xFF, 0xF9, 0x99, 0x99, 0xFF, 0xFF, 0xFF, 0xFF, 0xFF, 0xFF, 0xFF, 0xFF, 0xFF, 0xFF,
    0xFF, 0xFF, 0xFF, 0xFF, 0xFF, 0xFF, 0xFF, 0xF9, 0x99, 0x99, 0xFF, 0xFF, 0xFF, 0xFF, 0xFF, 0xFF, 0xFF, 0xFF, 0xFF, 0xFF,
    0xFF, 0xFF, 0xFF, 0xFF, 0xFF, 0x11, 0x11, 0x19, 0x99, 0x99, 0x11, 0x11, 0x1F, 0xFF, 0xFF, 0xFF, 0xFF, 0xFF, 0xFF, 0xFF,
    0xFF, 0xFF, 0xFF, 0xFF, 0xFF, 0x11, 0x11, 0x19, 0x99, 0x99, 0x11, 0x11, 0x1F, 0xFF, 0xFF, 0xFF, 0xFF, 0xFF, 0xFF, 0xFF,
    0xFF, 0xFF, 0xFF, 0xFF, 0xFF, 0x11, 0x11, 0x19, 0x99, 0x99, 0x11, 0x11, 0x1F, 0xFF, 0xFF, 0xFF, 0xFF, 0xFF, 0xFF, 0xFF,
    0xFF, 0xFF, 0xFF, 0xFF, 0xFF, 0x11, 0x11, 0x19, 0x99, 0x99, 0x11, 0x11, 0x1F, 0xFF, 0xFF, 0xFF, 0xFF, 0xFF, 0xFF, 0xFF,
    0xFF, 0xFF, 0xFF, 0xFF, 0xFF, 0x11, 0x11, 0x19, 0x99, 0x99, 0x11, 0x11, 0x1F, 0xFF, 0xFF, 0xFF, 0xFF, 0xFF, 0xFF, 0xFF,
    0xFF, 0xFF, 0xF1, 0x11, 0x11, 0xAA, 0xAA, 0xAA, 0xAA, 0xAA, 0xAA, 0xAA, 0xA1, 0x11, 0x11, 0xFF, 0xFF, 0xFF, 0xFF, 0xFF,
    0xFF, 0xFF, 0xF1, 0x11, 0x11, 0xAA, 0xAA, 0xAA, 0xAA, 0xAA, 0xAA, 0xAA, 0xA1, 0x11, 0x11, 0xFF, 0xFF, 0xFF, 0xFF, 0xFF,
    0xFF, 0xFF, 0xF1, 0x11, 0x11, 0xAA, 0xAA, 0xAA, 0xAA, 0xAA, 0xAA, 0xAA, 0xA1, 0x11, 0x11, 0xFF, 0xFF, 0xFF, 0xFF, 0xFF,
    0xFF, 0xFF, 0xF1, 0x11, 0x11, 0xAA, 0xAA, 0xAA, 0xAA, 0xAA, 0xAA, 0xAA, 0xA1, 0x11, 0x11, 0xFF, 0xFF, 0xFF, 0xFF, 0xFF,
    0xFF, 0xFF, 0xF1, 0x11, 0x11, 0xAA, 0xAA, 0xAA, 0xAA, 0xAA, 0xAA, 0xAA, 0xA1, 0x11, 0x11, 0xFF, 0xFF, 0xFF, 0xFF, 0xFF,
    0x11, 0x11, 0x1A, 0xAA, 0xAA, 0xAA, 0xAA, 0xA4, 0x44, 0x44, 0xAA, 0xAA, 0xAA, 0xAA, 0xAA, 0x11, 0x11, 0x1F, 0xFF, 0xFF,
    0x11, 0x11, 0x1A, 0xAA, 0xAA, 0xAA, 0xAA, 0xA4, 0x44, 0x44, 0xAA, 0xAA, 0xAA, 0xAA, 0xAA, 0x11, 0x11, 0x1F, 0xFF, 0xFF,
    0x11, 0x11, 0x1A, 0xAA, 0xAA, 0xAA, 0xAA, 0xA4, 0x44, 0x44, 0xAA, 0xAA, 0xAA, 0xAA, 0xAA, 0x11, 0x11, 0x1F, 0xFF, 0xFF,
    0x11, 0x11, 0x1A, 0xAA, 0xAA, 0xAA, 0xAA, 0xA4, 0x44, 0x44, 0xAA, 0xAA, 0xAA, 0xAA, 0xAA, 0x11, 0x11, 0x1F, 0xFF, 0xFF,
    0x11, 0x11, 0x1A, 0xAA, 0xAA, 0xAA, 0xAA, 0xA4, 0x44, 0x44, 0xAA, 0xAA, 0xAA, 0xAA, 0xAA, 0x11, 0x11, 0x1F, 0xFF, 0xFF,
    0x11, 0x11, 0x11, 0x11, 0x11, 0x11, 0x11, 0x11, 0x11, 0x11, 0x11, 0x11, 0x11, 0x11, 0x11, 0x11, 0x11, 0x1F, 0xFF, 0xFF,
    0x11, 0x11, 0x11, 0x11, 0x11, 0x11, 0x11, 0x11, 0x11, 0x11, 0x11, 0x11, 0x11, 0x11, 0x11, 0x11, 0x11, 0x1F, 0xFF, 0xFF,
    0x11, 0x11, 0x11, 0x11, 0x11, 0x11, 0x11, 0x11, 0x11, 0x11, 0x11, 0x11, 0x11, 0x11, 0x11, 0x11, 0x11, 0x1F, 0xFF, 0xFF,
    0x11, 0x11, 0x11, 0x11, 0x11, 0x11, 0x11, 0x11, 0x11, 0x11, 0x11, 0x11, 0x11, 0x11, 0x11, 0x11, 0x11, 0x1F, 0xFF, 0xFF,
    0x11, 0x11, 0x11, 0x11, 0x11, 0x11, 0x11, 0x11, 0x11, 0x11, 0x11, 0x11, 0x11, 0x11, 0x11, 0x11, 0x11, 0x1F, 0xFF, 0xFF,
    0x11, 0x11, 0x1A, 0xAA, 0xAA, 0xAA, 0xAA, 0xAA, 0xAA, 0xAA, 0xAA, 0xAA, 0xAA, 0xAA, 0xAA, 0x11, 0x11, 0x1F, 0xFF, 0xFF,
    0x11, 0x11, 0x1A, 0xAA, 0xAA, 0xAA, 0xAA, 0xAA, 0xAA, 0xAA, 0xAA, 0xAA, 0xAA, 0xAA, 0xAA, 0x11, 0x11, 0x1F, 0xFF, 0xFF,
    0x11, 0x11, 0x1A, 0xAA, 0xAA, 0xAA, 0xAA, 0xAA, 0xAA, 0xAA, 0xAA, 0xAA, 0xAA, 0xAA, 0xAA, 0x11, 0x11, 0x1F, 0xFF, 0xFF,
    0x11, 0x11, 0x1A, 0xAA, 0xAA, 0xAA, 0xAA, 0xAA, 0xAA, 0xAA, 0xAA, 0xAA, 0xAA, 0xAA, 0xAA, 0x11, 0x11, 0x1F, 0xFF, 0xFF,
    0x11, 0x11, 0x1A, 0xAA, 0xAA, 0xAA, 0xAA, 0xAA, 0xAA, 0xAA, 0xAA, 0xAA, 0xAA, 0xAA, 0xAA, 0x11, 0x11, 0x1F, 0xFF, 0xFF,
    0x11, 0x11, 0x11, 0x11, 0x11, 0x11, 0x11, 0x11, 0x11, 0x11, 0x11, 0x11, 0x11, 0x11, 0x11, 0x11, 0x11, 0x1F, 0xFF, 0xFF,
    0x11, 0x11, 0x11, 0x11, 0x11, 0x11, 0x11, 0x11, 0x11, 0x11, 0x11, 0x11, 0x11, 0x11, 0x11, 0x11, 0x11, 0x1F, 0xFF, 0xFF,
    0x11, 0x11, 0x11, 0x11, 0x11, 0x11, 0x11, 0x11, 0x11, 0x11, 0x11, 0x11, 0x11, 0x11, 0x11, 0x11, 0x11, 0x1F, 0xFF, 0xFF,
    0x11, 0x11, 0x11, 0x11, 0x11, 0x11, 0x11, 0x11, 0x11, 0x11, 0x11, 0x11, 0x11, 0x11, 0x11, 0x11, 0x11, 0x1F, 0xFF, 0xFF,
    0x11, 0x11, 0x11, 0x11, 0x11, 0x11, 0x11, 0x11, 0x11, 0x11, 0x11, 0x11, 0x11, 0x11, 0x11, 0x11, 0x11, 0x1F, 0xFF, 0xFF,
    0xFF, 0xFF, 0xFF, 0xFF, 0xFF, 0x11, 0x11, 0x16, 0x66, 0x66, 0x66, 0x66, 0x61, 0x11, 0x11, 0xFF, 0xFF, 0xFF, 0xFF, 0xFF,
    0xFF, 0xFF, 0xFF, 0xFF, 0xFF, 0x11, 0x11, 0x16, 0x66, 0x66, 0x66, 0x66, 0x61, 0x11, 0x11, 0xFF, 0xFF, 0xFF, 0xFF, 0xFF,
    0xFF, 0xFF, 0xFF, 0xFF, 0xFF, 0x11, 0x11, 0x16, 0x66, 0x66, 0x66, 0x66, 0x61, 0x11, 0x11, 0xFF, 0xFF, 0xFF, 0xFF, 0xFF,
    0xFF, 0xFF, 0xFF, 0xFF, 0xFF, 0x11, 0x11, 0x16, 0x66, 0x66, 0x66, 0x66, 0x61, 0x11, 0x11, 0xFF, 0xFF, 0xFF, 0xFF, 0xFF,
    0xFF, 0xFF, 0xFF, 0xFF, 0xFF, 0x11, 0x11, 0x16, 0x66, 0x66, 0x66, 0x66, 0x61, 0x11, 0x11, 0xFF, 0xFF, 0xFF, 0xFF, 0xFF,
};

static const lv_image_dsc_t icon_tree = {
    .header = { .cf = LV_COLOR_FORMAT_I4,
                .w = 40, .h = 40, .stride = 40 / 2 },
    .data_size = sizeof(icon_tree_data),
    .data = (const uint8_t *)icon_tree_data,
};

static const uint16_t bg_tile_data[2304] = {
    0xF4B3, 0xF4B3, 0xF4B3, 0xF4B3, 0xF4B3, 0xF4B3, 0xF4B3, 0xF4B3, 0xF4B3, 0xF4B3, 0xF4B3, 0xF4B3, 0xF4B3, 0xF4B3, 0xF4B3, 0xF4B3, 0xF4B3, 0xF4B3, 0xF4B3, 0xF4B3, 0xF4B3, 0xF4B3, 0xF4B3, 0xF4B3, 0xF4B3, 0xF4B3, 0xF4B3, 0xF4B3, 0xF4B3, 0xF4B3, 0xF4B3, 0xF4B3, 0xF4B3, 0xF4B3, 0xF4B3, 0xF4B3, 0xF4B3, 0xF4B3, 0xF4B3, 0xF4B3, 0xF4B3, 0xF4B3, 0xF4B3, 0xF4B3, 0xF4B3, 0xF4B3, 0xF4B3, 0xF4B3,
    0xF4B3, 0xF4B3, 0xF4B3, 0xF4B3, 0xF4B3, 0xF4B3, 0xF4B3, 0xF4B3, 0xF4B3, 0xF4B3, 0xF4B3, 0xF4B3, 0xF4B3, 0xF4B3, 0xF4B3, 0xF4B3, 0xF4B3, 0xF4B3, 0xF4B3, 0xF4B3, 0xF4B3, 0xF4B3, 0xF4B3, 0xF4B3, 0xF4B3, 0xF4B3, 0xF4B3, 0xF4B3, 0xF4B3, 0xF4B3, 0xF4B3, 0xF4B3, 0xF4B3, 0xF4B3, 0xF4B3, 0xF4B3, 0xF4B3, 0xF4B3, 0xF4B3, 0xF4B3, 0xF4B3, 0xF4B3, 0xF4B3, 0xF4B3, 0xF4B3, 0xF4B3, 0xF4B3, 0xF4B3,
    0xF4B3, 0xF4B3, 0xF4B3, 0xF4B3, 0xF4B3, 0xF4B3, 0xF4B3, 0xF4B3, 0xF4B3, 0xF4B3, 0xF4B3, 0xF4B3, 0xF4B3, 0xF4B3, 0xF4B3, 0xF4B3, 0xF4B3, 0xF4B3, 0xF4B3, 0xF4B3, 0xF4B3, 0xF4B3, 0xF4B3, 0xF4B3, 0xF4B3, 0xF4B3, 0xF4B3, 0xF4B3, 0xF4B3, 0xF4B3, 0xF4B3, 0xF4B3, 0xF4B3, 0xF4B3, 0xF4B3, 0xF4B3, 0xF4B3, 0xF4B3, 0xF4B3, 0xF4B3, 0xF4B3, 0xF4B3, 0xF4B3, 0xF4B3, 0xF4B3, 0xF4B3, 0xF4B3, 0xF4B3,
    0xF4B3, 0xF4B3, 0xF4B3, 0xF4B3, 0xF4B3, 0xF4B3, 0xF4B3, 0xF4B3, 0xF4B3, 0xF4B3, 0xF4B3, 0xF4B3, 0xF4B3, 0xF4B3, 0xF4B3, 0xF4B3, 0xF4B3, 0xF4B3, 0xF4B3, 0xF4B3, 0xF4B3, 0xF4B3, 0xF4B3, 0xF4B3, 0xF4B3, 0xF4B3, 0xF4B3, 0xF4B3, 0xF4B3, 0xF4B3, 0xF4B3, 0xF4B3, 0xF4B3, 0xF4B3, 0xF4B3, 0xF4B3, 0xF4B3, 0xF4B3, 0xF4B3, 0xF4B3, 0xF4B3, 0xF4B3, 0xF4B3, 0xF4B3, 0xF4B3, 0xF4B3, 0xF4B3, 0xF4B3,
    0xF4B3, 0xF4B3, 0xF4B3, 0xF4B3, 0xF4B3, 0xF4B3, 0xF4B3, 0xF4B3, 0xF4B3, 0xF4B3, 0xF4B3, 0xF4B3, 0xF4B3, 0xF4B3, 0xF4B3, 0xF4B3, 0xF4B3, 0xF4B3, 0xF4B3, 0xF4B3, 0xF4B3, 0xF4B3, 0xF4B3, 0xF4B3, 0xF4B3, 0xF4B3, 0xF4B3, 0xF4B3, 0xF4B3, 0xF4B3, 0xF4B3, 0xF4B3, 0xF4B3, 0xF4B3, 0xF4B3, 0xF4B3, 0xF4B3, 0xF4B3, 0xF4B3, 0xF4B3, 0xF4B3, 0xF4B3, 0xF4B3, 0xF4B3, 0xF4B3, 0xF4B3, 0xF4B3, 0xF4B3,
    0xF4B3, 0xF4B3, 0xF4B3, 0xF4B3, 0xF4B3, 0xF4B3, 0xF4B3, 0xF4B3, 0xF4B3, 0xF4B3, 0xF4B3, 0xF4B3, 0xF4B3, 0xF4B3, 0xF4B3, 0xF4B3, 0xF4B3, 0xF4B3, 0xF4B3, 0xF4B3, 0xF4B3, 0xF4B3, 0xF4B3, 0xF4B3, 0xF4B3, 0xF4B3, 0xF4B3, 0xF4B3, 0xF4B3, 0xF4B3, 0xF4B3, 0xF4B3, 0xF4B3, 0xF4B3, 0xF4B3, 0xF4B3, 0xF4B3, 0xF4B3, 0xF4B3, 0xF4B3, 0xF4B3, 0xF4B3, 0xF4B3, 0xF4B3, 0xF4B3, 0xF4B3, 0xF4B3, 0xF4B3,
    0xF4B3, 0xF4B3, 0xF4B3, 0xF4B3, 0xF4B3, 0xF4B3, 0xF4B3, 0xF4B3, 0xED35, 0xED35, 0xED35, 0xED35, 0xF4B3, 0xF4B3, 0xF4B3, 0xF4B3, 0xED35, 0xED35, 0xED35, 0xED35, 0xF4B3, 0xF4B3, 0xF4B3, 0xF4B3, 0xF4B3, 0xF4B3, 0xF4B3, 0xF4B3, 0xF4B3, 0xF4B3, 0xF4B3, 0xF4B3, 0xF4B3, 0xF4B3, 0xF4B3, 0xF4B3, 0xF4B3, 0xF4B3, 0xF4B3, 0xF4B3, 0xF4B3, 0xF4B3, 0xF4B3, 0xF4B3, 0xF4B3, 0xF4B3, 0xF4B3, 0xF4B3,
    0xF4B3, 0xF4B3, 0xF4B3, 0xF4B3, 0xF4B3, 0xF4B3, 0xF4B3, 0xF4B3, 0xED35, 0xED35, 0xED35, 0xED35, 0xF4B3, 0xF4B3, 0xF4B3, 0xF4B3, 0xED35, 0xED35, 0xED35, 0xED35, 0xF4B3, 0xF4B3, 0xF4B3, 0xF4B3, 0xF4B3, 0xF4B3, 0xF4B3, 0xF4B3, 0xF4B3, 0xF4B3, 0xF4B3, 0xF4B3, 0xF4B3, 0xF4B3, 0xF4B3, 0xF4B3, 0xF4B3, 0xF4B3, 0xF4B3, 0xF4B3, 0xF4B3, 0xF4B3, 0xF4B3, 0xF4B3, 0xF4B3, 0xF4B3, 0xF4B3, 0xF4B3,
    0xF4B3, 0xF4B3, 0xF4B3, 0xF4B3, 0xF4B3, 0xF4B3, 0xED35, 0xED35, 0xED35, 0xED35, 0xED35, 0xED35, 0xED35, 0xED35, 0xED35, 0xED35, 0xED35, 0xED35, 0xED35, 0xED35, 0xED35, 0xED35, 0xF4B3, 0xF4B3, 0xF4B3, 0xF4B3, 0xF4B3, 0xF4B3, 0xF4B3, 0xF4B3, 0xF4B3, 0xF4B3, 0xF4B3, 0xF4B3, 0xF4B3, 0xF4B3, 0xF4B3, 0xF4B3, 0xF4B3, 0xF4B3, 0xF4B3, 0xF4B3, 0xF4B3, 0xF4B3, 0xF4B3, 0xF4B3, 0xF4B3, 0xF4B3,
    0xF4B3, 0xF4B3, 0xF4B3, 0xF4B3, 0xF4B3, 0xF4B3, 0xED35, 0xED35, 0xED35, 0xED35, 0xED35, 0xED35, 0xED35, 0xED35, 0xED35, 0xED35, 0xED35, 0xED35, 0xED35, 0xED35, 0xED35, 0xED35, 0xF4B3, 0xF4B3, 0xF4B3, 0xF4B3, 0xF4B3, 0xF4B3, 0xF4B3, 0xF4B3, 0xF4B3, 0xF4B3, 0xF4B3, 0xF4B3, 0xF4B3, 0xF4B3, 0xF4B3, 0xF4B3, 0xF4B3, 0xF4B3, 0xF4B3, 0xF4B3, 0xF4B3, 0xF4B3, 0xF4B3, 0xF4B3, 0xF4B3, 0xF4B3,
    0xF4B3, 0xF4B3, 0xF4B3, 0xF4B3, 0xF4B3, 0xF4B3, 0xED35, 0xED35, 0xED35, 0xED35, 0xED35, 0xED35, 0xED35, 0xED35, 0xED35, 0xED35, 0xED35, 0xED35, 0xED35, 0xED35, 0xED35, 0xED35, 0xF4B3, 0xF4B3, 0xF4B3, 0xF4B3, 0xF4B3, 0xF4B3, 0xF4B3, 0xF4B3, 0xF4B3, 0xF4B3, 0xF4B3, 0xF4B3, 0xF4B3, 0xF4B3, 0xF4B3, 0xF4B3, 0xF4B3, 0xF4B3, 0xF4B3, 0xF4B3, 0xF4B3, 0xF4B3, 0xF4B3, 0xF4B3, 0xF4B3, 0xF4B3,
    0xF4B3, 0xF4B3, 0xF4B3, 0xF4B3, 0xF4B3, 0xF4B3, 0xED35, 0xED35, 0xED35, 0xED35, 0xED35, 0xED35, 0xED35, 0xED35, 0xED35, 0xED35, 0xED35, 0xED35, 0xED35, 0xED35, 0xED35, 0xED35, 0xF4B3, 0xF4B3, 0xF4B3, 0xF4B3, 0xF4B3, 0xF4B3, 0xF4B3, 0xF4B3, 0xF4B3, 0xF4B3, 0xF4B3, 0xF4B3, 0xF4B3, 0xF4B3, 0xF4B3, 0xF4B3, 0xF4B3, 0xF4B3, 0xF4B3, 0xF4B3, 0xF4B3, 0xF4B3, 0xF4B3, 0xF4B3, 0xF4B3, 0xF4B3,
    0xF4B3, 0xF4B3, 0xF4B3, 0xF4B3, 0xF4B3, 0xF4B3, 0xED35, 0xED35, 0xED35, 0xED35, 0xED35, 0xED35, 0xED35, 0xED35, 0xED35, 0xED35, 0xED35, 0xED35, 0xED35, 0xED35, 0xED35, 0xED35, 0xF4B3, 0xF4B3, 0xF4B3, 0xF4B3, 0xF4B3, 0xF4B3, 0xF4B3, 0xF4B3, 0xF4B3, 0xF4B3, 0xF4B3, 0xF4B3, 0xF4B3, 0xF4B3, 0xF4B3, 0xF4B3, 0xF4B3, 0xF4B3, 0xF4B3, 0xF4B3, 0xF4B3, 0xF4B3, 0xF4B3, 0xF4B3, 0xF4B3, 0xF4B3,
    0xF4B3, 0xF4B3, 0xF4B3, 0xF4B3, 0xF4B3, 0xF4B3, 0xED35, 0xED35, 0xED35, 0xED35, 0xED35, 0xED35, 0xED35, 0xED35, 0xED35, 0xED35, 0xED35, 0xED35, 0xED35, 0xED35, 0xED35, 0xED35, 0xF4B3, 0xF4B3, 0xF4B3, 0xF4B3, 0xF4B3, 0xF4B3, 0xF4B3, 0xF4B3, 0xF4B3, 0xF4B3, 0xF4B3, 0xF4B3, 0xF4B3, 0xF4B3, 0xF4B3, 0xF4B3, 0xF4B3, 0xF4B3, 0xF4B3, 0xF4B3, 0xF4B3, 0xF4B3, 0xF4B3, 0xF4B3, 0xF4B3, 0xF4B3,
    0xF4B3, 0xF4B3, 0xF4B3, 0xF4B3, 0xF4B3, 0xF4B3, 0xF4B3, 0xF4B3, 0xED35, 0xED35, 0xED35, 0xED35, 0xED35, 0xED35, 0xED35, 0xED35, 0xED35, 0xED35, 0xED35, 0xED35, 0xF4B3, 0xF4B3, 0xF4B3, 0xF4B3, 0xF4B3, 0xF4B3, 0xF4B3, 0xF4B3, 0xF4B3, 0xF4B3, 0xF4B3, 0xF4B3, 0xF4B3, 0xF4B3, 0xF4B3, 0xF4B3, 0xF4B3, 0xF4B3, 0xF4B3, 0xF4B3, 0xF4B3, 0xF4B3, 0xF4B3, 0xF4B3, 0xF4B3, 0xF4B3, 0xF4B3, 0xF4B3,
    0xF4B3, 0xF4B3, 0xF4B3, 0xF4B3, 0xF4B3, 0xF4B3, 0xF4B3, 0xF4B3, 0xED35, 0xED35, 0xED35, 0xED35, 0xED35, 0xED35, 0xED35, 0xED35, 0xED35, 0xED35, 0xED35, 0xED35, 0xF4B3, 0xF4B3, 0xF4B3, 0xF4B3, 0xF4B3, 0xF4B3, 0xF4B3, 0xF4B3, 0xF4B3, 0xF4B3, 0xF4B3, 0xF4B3, 0xF4B3, 0xF4B3, 0xF4B3, 0xF4B3, 0xF4B3, 0xF4B3, 0xF4B3, 0xF4B3, 0xF4B3, 0xF4B3, 0xF4B3, 0xF4B3, 0xF4B3, 0xF4B3, 0xF4B3, 0xF4B3,
    0xF4B3, 0xF4B3, 0xF4B3, 0xF4B3, 0xF4B3, 0xF4B3, 0xF4B3, 0xF4B3, 0xF4B3, 0xF4B3, 0xED35, 0xED35, 0xED35, 0xED35, 0xED35, 0xED35, 0xED35, 0xED35, 0xED35, 0xED35, 0xF4B3, 0xF4B3, 0xF4B3, 0xF4B3, 0xF4B3, 0xF4B3, 0xF4B3, 0xF4B3, 0xF4B3, 0xF4B3, 0xF4B3, 0xF4B3, 0xF4B3, 0xF4B3, 0xF4B3, 0xF4B3, 0xF4B3, 0xF4B3, 0xF4B3, 0xF4B3, 0xF4B3, 0xF4B3, 0xF4B3, 0xF4B3, 0xF4B3, 0xF4B3, 0xF4B3, 0xF4B3,
    0xF4B3, 0xF4B3, 0xF4B3, 0xF4B3, 0xF4B3, 0xF4B3, 0xF4B3, 0xF4B3, 0xF4B3, 0xF4B3, 0xED35, 0xED35, 0xED35, 0xED35, 0xED35, 0xED35, 0xED35, 0xED35, 0xED35, 0xED35, 0xF4B3, 0xF4B3, 0xF4B3, 0xF4B3, 0xF4B3, 0xF4B3, 0xF4B3, 0xF4B3, 0xF4B3, 0xF4B3, 0xF4B3, 0xF4B3, 0xF4B3, 0xF4B3, 0xF4B3, 0xF4B3, 0xF4B3, 0xF4B3, 0xF4B3, 0xF4B3, 0xF4B3, 0xF4B3, 0xF4B3, 0xF4B3, 0xF4B3, 0xF4B3, 0xF4B3, 0xF4B3,
    0xF4B3, 0xF4B3, 0xF4B3, 0xF4B3, 0xF4B3, 0xF4B3, 0xF4B3, 0xF4B3, 0xF4B3, 0xF4B3, 0xF4B3, 0xF4B3, 0xED35, 0xED35, 0xED35, 0xED35, 0xED35, 0xED35, 0xF4B3, 0xF4B3, 0xF4B3, 0xF4B3, 0xF4B3, 0xF4B3, 0xF4B3, 0xF4B3, 0xF4B3, 0xF4B3, 0xF4B3, 0xF4B3, 0xF4B3, 0xF4B3, 0xF4B3, 0xF4B3, 0xF4B3, 0xF4B3, 0xF4B3, 0xF4B3, 0xF4B3, 0xF4B3, 0xF4B3, 0xF4B3, 0xF4B3, 0xF4B3, 0xF4B3, 0xF4B3, 0xF4B3, 0xF4B3,
    0xF4B3, 0xF4B3, 0xF4B3, 0xF4B3, 0xF4B3, 0xF4B3, 0xF4B3, 0xF4B3, 0xF4B3, 0xF4B3, 0xF4B3, 0xF4B3, 0xED35, 0xED35, 0xED35, 0xED35, 0xED35, 0xED35, 0xF4B3, 0xF4B3, 0xF4B3, 0xF4B3, 0xF4B3, 0xF4B3, 0xF4B3, 0xF4B3, 0xF4B3, 0xF4B3, 0xF4B3, 0xF4B3, 0xF4B3, 0xF4B3, 0xF4B3, 0xF4B3, 0xF4B3, 0xF4B3, 0xF4B3, 0xF4B3, 0xF4B3, 0xF4B3, 0xF4B3, 0xF4B3, 0xF4B3, 0xF4B3, 0xF4B3, 0xF4B3, 0xF4B3, 0xF4B3,
    0xF4B3, 0xF4B3, 0xF4B3, 0xF4B3, 0xF4B3, 0xF4B3, 0xF4B3, 0xF4B3, 0xF4B3, 0xF4B3, 0xF4B3, 0xF4B3, 0xF4B3, 0xF4B3, 0xED35, 0xED35, 0xF4B3, 0xF4B3, 0xF4B3, 0xF4B3, 0xF4B3, 0xF4B3, 0xF4B3, 0xF4B3, 0xF4B3, 0xF4B3, 0xF4B3, 0xF4B3, 0xF4B3, 0xF4B3, 0xF4B3, 0xF4B3, 0xF4B3, 0xF4B3, 0xF4B3, 0xF4B3, 0xF4B3, 0xF4B3, 0xF4B3, 0xF4B3, 0xF4B3, 0xF4B3, 0xF4B3, 0xF4B3, 0xF4B3, 0xF4B3, 0xF4B3, 0xF4B3,
    0xF4B3, 0xF4B3, 0xF4B3, 0xF4B3, 0xF4B3, 0xF4B3, 0xF4B3, 0xF4B3, 0xF4B3, 0xF4B3, 0xF4B3, 0xF4B3, 0xF4B3, 0xF4B3, 0xED35, 0xED35, 0xF4B3, 0xF4B3, 0xF4B3, 0xF4B3, 0xF4B3, 0xF4B3, 0xF4B3, 0xF4B3, 0xF4B3, 0xF4B3, 0xF4B3, 0xF4B3, 0xF4B3, 0xF4B3, 0xF4B3, 0xF4B3, 0xF4B3, 0xF4B3, 0xF4B3, 0xF4B3, 0xF4B3, 0xF4B3, 0xF4B3, 0xF4B3, 0xF4B3, 0xF4B3, 0xF4B3, 0xF4B3, 0xF4B3, 0xF4B3, 0xF4B3, 0xF4B3,
    0xF4B3, 0xF4B3, 0xF4B3, 0xF4B3, 0xF4B3, 0xF4B3, 0xF4B3, 0xF4B3, 0xF4B3, 0xF4B3, 0xF4B3, 0xF4B3, 0xF4B3, 0xF4B3, 0xF4B3, 0xF4B3, 0xF4B3, 0xF4B3, 0xF4B3, 0xF4B3, 0xF4B3, 0xF4B3, 0xF4B3, 0xF4B3, 0xF4B3, 0xF4B3, 0xF4B3, 0xF4B3, 0xF4B3, 0xF4B3, 0xF4B3, 0xF4B3, 0xF4B3, 0xF4B3, 0xF4B3, 0xF4B3, 0xF4B3, 0xF4B3, 0xF4B3, 0xF4B3, 0xF4B3, 0xF4B3, 0xF4B3, 0xF4B3, 0xF4B3, 0xF4B3, 0xF4B3, 0xF4B3,
    0xF4B3, 0xF4B3, 0xF4B3, 0xF4B3, 0xF4B3, 0xF4B3, 0xF4B3, 0xF4B3, 0xF4B3, 0xF4B3, 0xF4B3, 0xF4B3, 0xF4B3, 0xF4B3, 0xF4B3, 0xF4B3, 0xF4B3, 0xF4B3, 0xF4B3, 0xF4B3, 0xF4B3, 0xF4B3, 0xF4B3, 0xF4B3, 0xF4B3, 0xF4B3, 0xF4B3, 0xF4B3, 0xF4B3, 0xF4B3, 0xF4B3, 0xF4B3, 0xF4B3, 0xF4B3, 0xF4B3, 0xF4B3, 0xF4B3, 0xF4B3, 0xF4B3, 0xF4B3, 0xF4B3, 0xF4B3, 0xF4B3, 0xF4B3, 0xF4B3, 0xF4B3, 0xF4B3, 0xF4B3,
    0xF4B3, 0xF4B3, 0xF4B3, 0xF4B3, 0xF4B3, 0xF4B3, 0xF4B3, 0xF4B3, 0xF4B3, 0xF4B3, 0xF4B3, 0xF4B3, 0xF4B3, 0xF4B3, 0xF4B3, 0xF4B3, 0xF4B3, 0xF4B3, 0xF4B3, 0xF4B3, 0xF4B3, 0xF4B3, 0xF4B3, 0xF4B3, 0xF4B3, 0xF4B3, 0xF4B3, 0xF4B3, 0xF4B3, 0xF4B3, 0xF4B3, 0xF4B3, 0xF4B3, 0xF4B3, 0xF4B3, 0xF4B3, 0xF4B3, 0xF4B3, 0xF4B3, 0xF4B3, 0xF4B3, 0xF4B3, 0xF4B3, 0xF4B3, 0xF4B3, 0xF4B3, 0xF4B3, 0xF4B3,
    0xF4B3, 0xF4B3, 0xF4B3, 0xF4B3, 0xF4B3, 0xF4B3, 0xF4B3, 0xF4B3, 0xF4B3, 0xF4B3, 0xF4B3, 0xF4B3, 0xF4B3, 0xF4B3, 0xF4B3, 0xF4B3, 0xF4B3, 0xF4B3, 0xF4B3, 0xF4B3, 0xF4B3, 0xF4B3, 0xF4B3, 0xF4B3, 0xF4B3, 0xF4B3, 0xF4B3, 0xF4B3, 0xF4B3, 0xF4B3, 0xF4B3, 0xF4B3, 0xF4B3, 0xF4B3, 0xF4B3, 0xF4B3, 0xF4B3, 0xF4B3, 0xF4B3, 0xF4B3, 0xF4B3, 0xF4B3, 0xF4B3, 0xF4B3, 0xF4B3, 0xF4B3, 0xF4B3, 0xF4B3,
    0xF4B3, 0xF4B3, 0xF4B3, 0xF4B3, 0xF4B3, 0xF4B3, 0xF4B3, 0xF4B3, 0xF4B3, 0xF4B3, 0xF4B3, 0xF4B3, 0xF4B3, 0xF4B3, 0xF4B3, 0xF4B3, 0xF4B3, 0xF4B3, 0xF4B3, 0xF4B3, 0xF4B3, 0xF4B3, 0xF4B3, 0xF4B3, 0xF4B3, 0xF4B3, 0xF4B3, 0xF4B3, 0xF4B3, 0xF4B3, 0xF4B3, 0xF4B3, 0xF4B3, 0xF4B3, 0xF4B3, 0xF4B3, 0xF4B3, 0xF4B3, 0xF4B3, 0xF4B3, 0xF4B3, 0xF4B3, 0xF4B3, 0xF4B3, 0xF4B3, 0xF4B3, 0xF4B3, 0xF4B3,
    0xF4B3, 0xF4B3, 0xF4B3, 0xF4B3, 0xF4B3, 0xF4B3, 0xF4B3, 0xF4B3, 0xF4B3, 0xF4B3, 0xF4B3, 0xF4B3, 0xF4B3, 0xF4B3, 0xF4B3, 0xF4B3, 0xF4B3, 0xF4B3, 0xF4B3, 0xF4B3, 0xF4B3, 0xF4B3, 0xF4B3, 0xF4B3, 0xF4B3, 0xF4B3, 0xF4B3, 0xF4B3, 0xF4B3, 0xF4B3, 0xF4B3, 0xF4B3, 0xF4B3, 0xF4B3, 0xF4B3, 0xF4B3, 0xF4B3, 0xF4B3, 0xF4B3, 0xF4B3, 0xF4B3, 0xF4B3, 0xF4B3, 0xF4B3, 0xF4B3, 0xF4B3, 0xF4B3, 0xF4B3,
    0xF4B3, 0xF4B3, 0xF4B3, 0xF4B3, 0xF4B3, 0xF4B3, 0xF4B3, 0xF4B3, 0xF4B3, 0xF4B3, 0xF4B3, 0xF4B3, 0xF4B3, 0xF4B3, 0xF4B3, 0xF4B3, 0xF4B3, 0xF4B3, 0xF4B3, 0xF4B3, 0xF4B3, 0xF4B3, 0xF4B3, 0xF4B3, 0xF4B3, 0xF4B3, 0xF4B3, 0xF4B3, 0xF4B3, 0xF4B3, 0xF4B3, 0xF4B3, 0xF4B3, 0xF4B3, 0xF4B3, 0xF4B3, 0xF4B3, 0xF4B3, 0xF4B3, 0xF4B3, 0xF4B3, 0xF4B3, 0xF4B3, 0xF4B3, 0xF4B3, 0xF4B3, 0xF4B3, 0xF4B3,
    0xF4B3, 0xF4B3, 0xF4B3, 0xF4B3, 0xF4B3, 0xF4B3, 0xF4B3, 0xF4B3, 0xF4B3, 0xF4B3, 0xF4B3, 0xF4B3, 0xF4B3, 0xF4B3, 0xF4B3, 0xF4B3, 0xF4B3, 0xF4B3, 0xF4B3, 0xF4B3, 0xF4B3, 0xF4B3, 0xF4B3, 0xF4B3, 0xF4B3, 0xF4B3, 0xF4B3, 0xF4B3, 0xF4B3, 0xF4B3, 0xF4B3, 0xF4B3, 0xF4B3, 0xF4B3, 0xF4B3, 0xF4B3, 0xF4B3, 0xF4B3, 0xF4B3, 0xF4B3, 0xF4B3, 0xF4B3, 0xF4B3, 0xF4B3, 0xF4B3, 0xF4B3, 0xF4B3, 0xF4B3,
    0xF4B3, 0xF4B3, 0xF4B3, 0xF4B3, 0xF4B3, 0xF4B3, 0xF4B3, 0xF4B3, 0xF4B3, 0xF4B3, 0xF4B3, 0xF4B3, 0xF4B3, 0xF4B3, 0xF4B3, 0xF4B3, 0xF4B3, 0xF4B3, 0xF4B3, 0xF4B3, 0xF4B3, 0xF4B3, 0xF4B3, 0xF4B3, 0xF4B3, 0xF4B3, 0xF4B3, 0xF4B3, 0xF4B3, 0xF4B3, 0xF4B3, 0xF4B3, 0xED35, 0xED35, 0xED35, 0xED35, 0xF4B3, 0xF4B3, 0xF4B3, 0xF4B3, 0xED35, 0xED35, 0xED35, 0xED35, 0xF4B3, 0xF4B3, 0xF4B3, 0xF4B3,
    0xF4B3, 0xF4B3, 0xF4B3, 0xF4B3, 0xF4B3, 0xF4B3, 0xF4B3, 0xF4B3, 0xF4B3, 0xF4B3, 0xF4B3, 0xF4B3, 0xF4B3, 0xF4B3, 0xF4B3, 0xF4B3, 0xF4B3, 0xF4B3, 0xF4B3, 0xF4B3, 0xF4B3, 0xF4B3, 0xF4B3, 0xF4B3, 0xF4B3, 0xF4B3, 0xF4B3, 0xF4B3, 0xF4B3, 0xF4B3, 0xF4B3, 0xF4B3, 0xED35, 0xED35, 0xED35, 0xED35, 0xF4B3, 0xF4B3, 0xF4B3, 0xF4B3, 0xED35, 0xED35, 0xED35, 0xED35, 0xF4B3, 0xF4B3, 0xF4B3, 0xF4B3,
    0xF4B3, 0xF4B3, 0xF4B3, 0xF4B3, 0xF4B3, 0xF4B3, 0xF4B3, 0xF4B3, 0xF4B3, 0xF4B3, 0xF4B3, 0xF4B3, 0xF4B3, 0xF4B3, 0xF4B3, 0xF4B3, 0xF4B3, 0xF4B3, 0xF4B3, 0xF4B3, 0xF4B3, 0xF4B3, 0xF4B3, 0xF4B3, 0xF4B3, 0xF4B3, 0xF4B3, 0xF4B3, 0xF4B3, 0xF4B3, 0xED35, 0xED35, 0xED35, 0xED35, 0xED35, 0xED35, 0xED35, 0xED35, 0xED35, 0xED35, 0xED35, 0xED35, 0xED35, 0xED35, 0xED35, 0xED35, 0xF4B3, 0xF4B3,
    0xF4B3, 0xF4B3, 0xF4B3, 0xF4B3, 0xF4B3, 0xF4B3, 0xF4B3, 0xF4B3, 0xF4B3, 0xF4B3, 0xF4B3, 0xF4B3, 0xF4B3, 0xF4B3, 0xF4B3, 0xF4B3, 0xF4B3, 0xF4B3, 0xF4B3, 0xF4B3, 0xF4B3, 0xF4B3, 0xF4B3, 0xF4B3, 0xF4B3, 0xF4B3, 0xF4B3, 0xF4B3, 0xF4B3, 0xF4B3, 0xED35, 0xED35, 0xED35, 0xED35, 0xED35, 0xED35, 0xED35, 0xED35, 0xED35, 0xED35, 0xED35, 0xED35, 0xED35, 0xED35, 0xED35, 0xED35, 0xF4B3, 0xF4B3,
    0xF4B3, 0xF4B3, 0xF4B3, 0xF4B3, 0xF4B3, 0xF4B3, 0xF4B3, 0xF4B3, 0xF4B3, 0xF4B3, 0xF4B3, 0xF4B3, 0xF4B3, 0xF4B3, 0xF4B3, 0xF4B3, 0xF4B3, 0xF4B3, 0xF4B3, 0xF4B3, 0xF4B3, 0xF4B3, 0xF4B3, 0xF4B3, 0xF4B3, 0xF4B3, 0xF4B3, 0xF4B3, 0xF4B3, 0xF4B3, 0xED35, 0xED35, 0xED35, 0xED35, 0xED35, 0xED35, 0xED35, 0xED35, 0xED35, 0xED35, 0xED35, 0xED35, 0xED35, 0xED35, 0xED35, 0xED35, 0xF4B3, 0xF4B3,
    0xF4B3, 0xF4B3, 0xF4B3, 0xF4B3, 0xF4B3, 0xF4B3, 0xF4B3, 0xF4B3, 0xF4B3, 0xF4B3, 0xF4B3, 0xF4B3, 0xF4B3, 0xF4B3, 0xF4B3, 0xF4B3, 0xF4B3, 0xF4B3, 0xF4B3, 0xF4B3, 0xF4B3, 0xF4B3, 0xF4B3, 0xF4B3, 0xF4B3, 0xF4B3, 0xF4B3, 0xF4B3, 0xF4B3, 0xF4B3, 0xED35, 0xED35, 0xED35, 0xED35, 0xED35, 0xED35, 0xED35, 0xED35, 0xED35, 0xED35, 0xED35, 0xED35, 0xED35, 0xED35, 0xED35, 0xED35, 0xF4B3, 0xF4B3,
    0xF4B3, 0xF4B3, 0xF4B3, 0xF4B3, 0xF4B3, 0xF4B3, 0xF4B3, 0xF4B3, 0xF4B3, 0xF4B3, 0xF4B3, 0xF4B3, 0xF4B3, 0xF4B3, 0xF4B3, 0xF4B3, 0xF4B3, 0xF4B3, 0xF4B3, 0xF4B3, 0xF4B3, 0xF4B3, 0xF4B3, 0xF4B3, 0xF4B3, 0xF4B3, 0xF4B3, 0xF4B3, 0xF4B3, 0xF4B3, 0xED35, 0xED35, 0xED35, 0xED35, 0xED35, 0xED35, 0xED35, 0xED35, 0xED35, 0xED35, 0xED35, 0xED35, 0xED35, 0xED35, 0xED35, 0xED35, 0xF4B3, 0xF4B3,
    0xF4B3, 0xF4B3, 0xF4B3, 0xF4B3, 0xF4B3, 0xF4B3, 0xF4B3, 0xF4B3, 0xF4B3, 0xF4B3, 0xF4B3, 0xF4B3, 0xF4B3, 0xF4B3, 0xF4B3, 0xF4B3, 0xF4B3, 0xF4B3, 0xF4B3, 0xF4B3, 0xF4B3, 0xF4B3, 0xF4B3, 0xF4B3, 0xF4B3, 0xF4B3, 0xF4B3, 0xF4B3, 0xF4B3, 0xF4B3, 0xED35, 0xED35, 0xED35, 0xED35, 0xED35, 0xED35, 0xED35, 0xED35, 0xED35, 0xED35, 0xED35, 0xED35, 0xED35, 0xED35, 0xED35, 0xED35, 0xF4B3, 0xF4B3,
    0xF4B3, 0xF4B3, 0xF4B3, 0xF4B3, 0xF4B3, 0xF4B3, 0xF4B3, 0xF4B3, 0xF4B3, 0xF4B3, 0xF4B3, 0xF4B3, 0xF4B3, 0xF4B3, 0xF4B3, 0xF4B3, 0xF4B3, 0xF4B3, 0xF4B3, 0xF4B3, 0xF4B3, 0xF4B3, 0xF4B3, 0xF4B3, 0xF4B3, 0xF4B3, 0xF4B3, 0xF4B3, 0xF4B3, 0xF4B3, 0xF4B3, 0xF4B3, 0xED35, 0xED35, 0xED35, 0xED35, 0xED35, 0xED35, 0xED35, 0xED35, 0xED35, 0xED35, 0xED35, 0xED35, 0xF4B3, 0xF4B3, 0xF4B3, 0xF4B3,
    0xF4B3, 0xF4B3, 0xF4B3, 0xF4B3, 0xF4B3, 0xF4B3, 0xF4B3, 0xF4B3, 0xF4B3, 0xF4B3, 0xF4B3, 0xF4B3, 0xF4B3, 0xF4B3, 0xF4B3, 0xF4B3, 0xF4B3, 0xF4B3, 0xF4B3, 0xF4B3, 0xF4B3, 0xF4B3, 0xF4B3, 0xF4B3, 0xF4B3, 0xF4B3, 0xF4B3, 0xF4B3, 0xF4B3, 0xF4B3, 0xF4B3, 0xF4B3, 0xED35, 0xED35, 0xED35, 0xED35, 0xED35, 0xED35, 0xED35, 0xED35, 0xED35, 0xED35, 0xED35, 0xED35, 0xF4B3, 0xF4B3, 0xF4B3, 0xF4B3,
    0xF4B3, 0xF4B3, 0xF4B3, 0xF4B3, 0xF4B3, 0xF4B3, 0xF4B3, 0xF4B3, 0xF4B3, 0xF4B3, 0xF4B3, 0xF4B3, 0xF4B3, 0xF4B3, 0xF4B3, 0xF4B3, 0xF4B3, 0xF4B3, 0xF4B3, 0xF4B3, 0xF4B3, 0xF4B3, 0xF4B3, 0xF4B3, 0xF4B3, 0xF4B3, 0xF4B3, 0xF4B3, 0xF4B3, 0xF4B3, 0xF4B3, 0xF4B3, 0xF4B3, 0xF4B3, 0xED35, 0xED35, 0xED35, 0xED35, 0xED35, 0xED35, 0xED35, 0xED35, 0xED35, 0xED35, 0xF4B3, 0xF4B3, 0xF4B3, 0xF4B3,
    0xF4B3, 0xF4B3, 0xF4B3, 0xF4B3, 0xF4B3, 0xF4B3, 0xF4B3, 0xF4B3, 0xF4B3, 0xF4B3, 0xF4B3, 0xF4B3, 0xF4B3, 0xF4B3, 0xF4B3, 0xF4B3, 0xF4B3, 0xF4B3, 0xF4B3, 0xF4B3, 0xF4B3, 0xF4B3, 0xF4B3, 0xF4B3, 0xF4B3, 0xF4B3, 0xF4B3, 0xF4B3, 0xF4B3, 0xF4B3, 0xF4B3, 0xF4B3, 0xF4B3, 0xF4B3, 0xED35, 0xED35, 0xED35, 0xED35, 0xED35, 0xED35, 0xED35, 0xED35, 0xED35, 0xED35, 0xF4B3, 0xF4B3, 0xF4B3, 0xF4B3,
    0xF4B3, 0xF4B3, 0xF4B3, 0xF4B3, 0xF4B3, 0xF4B3, 0xF4B3, 0xF4B3, 0xF4B3, 0xF4B3, 0xF4B3, 0xF4B3, 0xF4B3, 0xF4B3, 0xF4B3, 0xF4B3, 0xF4B3, 0xF4B3, 0xF4B3, 0xF4B3, 0xF4B3, 0xF4B3, 0xF4B3, 0xF4B3, 0xF4B3, 0xF4B3, 0xF4B3, 0xF4B3, 0xF4B3, 0xF4B3, 0xF4B3, 0xF4B3, 0xF4B3, 0xF4B3, 0xF4B3, 0xF4B3, 0xED35, 0xED35, 0xED35, 0xED35, 0xED35, 0xED35, 0xF4B3, 0xF4B3, 0xF4B3, 0xF4B3, 0xF4B3, 0xF4B3,
    0xF4B3, 0xF4B3, 0xF4B3, 0xF4B3, 0xF4B3, 0xF4B3, 0xF4B3, 0xF4B3, 0xF4B3, 0xF4B3, 0xF4B3, 0xF4B3, 0xF4B3, 0xF4B3, 0xF4B3, 0xF4B3, 0xF4B3, 0xF4B3, 0xF4B3, 0xF4B3, 0xF4B3, 0xF4B3, 0xF4B3, 0xF4B3, 0xF4B3, 0xF4B3, 0xF4B3, 0xF4B3, 0xF4B3, 0xF4B3, 0xF4B3, 0xF4B3, 0xF4B3, 0xF4B3, 0xF4B3, 0xF4B3, 0xED35, 0xED35, 0xED35, 0xED35, 0xED35, 0xED35, 0xF4B3, 0xF4B3, 0xF4B3, 0xF4B3, 0xF4B3, 0xF4B3,
    0xF4B3, 0xF4B3, 0xF4B3, 0xF4B3, 0xF4B3, 0xF4B3, 0xF4B3, 0xF4B3, 0xF4B3, 0xF4B3, 0xF4B3, 0xF4B3, 0xF4B3, 0xF4B3, 0xF4B3, 0xF4B3, 0xF4B3, 0xF4B3, 0xF4B3, 0xF4B3, 0xF4B3, 0xF4B3, 0xF4B3, 0xF4B3, 0xF4B3, 0xF4B3, 0xF4B3, 0xF4B3, 0xF4B3, 0xF4B3, 0xF4B3, 0xF4B3, 0xF4B3, 0xF4B3, 0xF4B3, 0xF4B3, 0xF4B3, 0xF4B3, 0xED35, 0xED35, 0xF4B3, 0xF4B3, 0xF4B3, 0xF4B3, 0xF4B3, 0xF4B3, 0xF4B3, 0xF4B3,
    0xF4B3, 0xF4B3, 0xF4B3, 0xF4B3, 0xF4B3, 0xF4B3, 0xF4B3, 0xF4B3, 0xF4B3, 0xF4B3, 0xF4B3, 0xF4B3, 0xF4B3, 0xF4B3, 0xF4B3, 0xF4B3, 0xF4B3, 0xF4B3, 0xF4B3, 0xF4B3, 0xF4B3, 0xF4B3, 0xF4B3, 0xF4B3, 0xF4B3, 0xF4B3, 0xF4B3, 0xF4B3, 0xF4B3, 0xF4B3, 0xF4B3, 0xF4B3, 0xF4B3, 0xF4B3, 0xF4B3, 0xF4B3, 0xF4B3, 0xF4B3, 0xED35, 0xED35, 0xF4B3, 0xF4B3, 0xF4B3, 0xF4B3, 0xF4B3, 0xF4B3, 0xF4B3, 0xF4B3,
    0xF4B3, 0xF4B3, 0xF4B3, 0xF4B3, 0xF4B3, 0xF4B3, 0xF4B3, 0xF4B3, 0xF4B3, 0xF4B3, 0xF4B3, 0xF4B3, 0xF4B3, 0xF4B3, 0xF4B3, 0xF4B3, 0xF4B3, 0xF4B3, 0xF4B3, 0xF4B3, 0xF4B3, 0xF4B3, 0xF4B3, 0xF4B3, 0xF4B3, 0xF4B3, 0xF4B3, 0xF4B3, 0xF4B3, 0xF4B3, 0xF4B3, 0xF4B3, 0xF4B3, 0xF4B3, 0xF4B3, 0xF4B3, 0xF4B3, 0xF4B3, 0xF4B3, 0xF4B3, 0xF4B3, 0xF4B3, 0xF4B3, 0xF4B3, 0xF4B3, 0xF4B3, 0xF4B3, 0xF4B3,
    0xF4B3, 0xF4B3, 0xF4B3, 0xF4B3, 0xF4B3, 0xF4B3, 0xF4B3, 0xF4B3, 0xF4B3, 0xF4B3, 0xF4B3, 0xF4B3, 0xF4B3, 0xF4B3, 0xF4B3, 0xF4B3, 0xF4B3, 0xF4B3, 0xF4B3, 0xF4B3, 0xF4B3, 0xF4B3, 0xF4B3, 0xF4B3, 0xF4B3, 0xF4B3, 0xF4B3, 0xF4B3, 0xF4B3, 0xF4B3, 0xF4B3, 0xF4B3, 0xF4B3, 0xF4B3, 0xF4B3, 0xF4B3, 0xF4B3, 0xF4B3, 0xF4B3, 0xF4B3, 0xF4B3, 0xF4B3, 0xF4B3, 0xF4B3, 0xF4B3, 0xF4B3, 0xF4B3, 0xF4B3,
};

static const lv_image_dsc_t bg_tile = {
    .header = { .cf = LV_COLOR_FORMAT_RGB565,
                .w = 48, .h = 48, .stride = 48 * 2 },
    .data_size = sizeof(bg_tile_data),
    .data = (const uint8_t *)bg_tile_data,
};

static const lv_image_dsc_t *const ICONS[16] = {
    &icon_bird,
    &icon_cat,
    &icon_dog,
    &icon_rabbit,
    &icon_bear,
    &icon_fox,
    &icon_heart,
    &icon_star,
    &icon_flower,
    &icon_moon,
    &icon_cake,
    &icon_gift,
    &icon_balloon,
    &icon_ring,
    &icon_leaf,
    &icon_tree,
};

const lv_image_dsc_t *love_pixel_icon(uint8_t index)
{
    if (index >= sizeof(ICONS) / sizeof(ICONS[0])) return ICONS[0];
    return ICONS[index];
}

const lv_image_dsc_t *love_pixel_bg_tile(void)
{
    return &bg_tile;
}

const uint32_t love_pixel_palette[LOVE_PALETTE_COUNT] = {
    0x17202A,  // K
    0xFFFFFF,  // W
    0xF4F4EA,  // w
    0xE43B2F,  // R
    0xF1939C,  // r
    0xF7BFC4,  // L
    0x8A5A33,  // D
    0xF7D9B8,  // S
    0xFFB23E,  // O
    0xFFD928,  // Y
    0x82BE2D,  // G
    0x55951D,  // g
    0x1689E8,  // B
    0xB9F3FF,  // b
    0x7557D9,  // P
    0x9E9E9E,  // e
};
